measured_intensity_1_pulse,-0.4536033830943801
measured_distance,0.3212870639024393
measured_intensity_1_pulse_squared,0.0681509609677253
offset,2.2823389263453846
