0,0,2.759410
1,0,2.774172
2,0,2.766225
3,0,2.774935
4,0,2.792071
5,0,2.788412
6,0,2.794358
7,0,2.796366
8,0,2.797751
9,0,2.804275
10,0,2.803506
11,0,2.813238
12,0,2.815584
13,0,2.813156
14,0,2.816610
15,0,2.811828
16,0,2.830159
17,0,2.832454
18,0,2.834873
19,0,2.840431
20,0,2.836220
21,0,2.843533
22,0,2.842730
23,0,2.841821
24,0,2.852157
25,0,2.848441
26,0,2.846793
27,0,2.848819
28,0,2.854430
29,0,2.856093
30,0,2.858953
31,0,2.860067
32,0,2.865057
33,0,2.875007
34,0,2.875525
35,0,2.876175
36,0,2.881703
37,0,2.875480
38,0,2.875258
39,0,2.879156
40,0,2.883975
41,0,2.879392
42,0,2.880014
43,0,2.884320
44,0,2.879825
45,0,2.887687
46,0,2.878459
47,0,2.882158
48,0,2.885706
49,0,2.889106
50,0,2.884655
51,0,2.891620
52,0,2.894592
53,0,2.895896
54,0,2.890889
55,0,2.892780
56,0,2.899089
57,0,2.897562
58,0,2.896520
59,0,2.898572
60,0,2.896649
61,0,2.898456
62,0,2.892436
63,0,2.894004
64,0,2.899306
65,0,2.896786
66,0,2.894151
67,0,2.902960
68,0,2.903950
69,0,2.897520
70,0,2.898268
71,0,2.902760
72,0,2.901017
73,0,2.905294
74,0,2.905917
75,0,2.898402
76,0,2.898487
77,0,2.906170
78,0,2.904028
79,0,2.903782
80,0,2.899578
81,0,2.895452
82,0,2.900346
83,0,2.907375
84,0,2.906723
85,0,2.901966
86,0,2.906450
87,0,2.901568
88,0,2.908044
89,0,2.904511
90,0,2.906956
91,0,2.907063
92,0,2.905398
93,0,2.907471
94,0,2.907220
95,0,2.901362
96,0,2.899021
97,0,2.902665
98,0,2.903827
99,0,2.903358
100,0,2.912008
101,0,2.895869
102,0,2.908155
103,0,2.905025
104,0,2.903828
105,0,2.912005
106,0,2.906733
107,0,2.914659
108,0,2.907039
109,0,2.909133
110,0,2.912820
111,0,2.908717
112,0,2.890237
113,0,2.895523
114,0,2.896858
115,0,2.898089
116,0,2.895343
117,0,2.898436
118,0,2.895446
119,0,2.898114
120,0,2.896806
121,0,2.893451
122,0,2.893828
123,0,2.897937
124,0,2.898073
125,0,2.892309
126,0,2.886604
127,0,2.884450
128,0,2.880607
129,0,2.889848
130,0,2.889163
131,0,2.894294
132,0,2.883889
133,0,2.881066
134,0,2.881972
135,0,2.878903
136,0,2.883418
137,0,2.872399
138,0,2.884377
139,0,2.878710
140,0,2.882739
141,0,2.882795
142,0,2.882733
143,0,2.878705
144,0,2.907084
145,0,2.898996
146,0,2.906128
147,0,2.907254
148,0,2.910281
149,0,2.905466
150,0,2.910106
151,0,2.916594
152,0,2.913304
153,0,2.911831
154,0,2.914309
155,0,2.906583
156,0,2.893426
157,0,2.896992
158,0,2.895166
159,0,2.894610
160,0,2.904531
161,0,2.905895
162,0,2.905404
163,0,2.902694
164,0,2.907469
165,0,2.904802
166,0,2.903541
167,0,2.906437
168,0,2.907032
169,0,2.903466
170,0,2.913751
171,0,2.914017
172,0,2.890804
173,0,2.890839
174,0,2.889142
175,0,2.888658
176,0,2.901843
177,0,2.907213
178,0,2.900862
179,0,2.900220
180,0,2.905246
181,0,2.904381
182,0,2.901035
183,0,2.907629
184,0,2.904803
185,0,2.907316
186,0,2.909712
187,0,2.907595
188,0,2.894321
189,0,2.884776
190,0,2.888593
191,0,2.892285
192,0,2.893923
193,0,2.891580
194,0,2.892958
195,0,2.894204
196,0,2.895314
197,0,2.903993
198,0,2.896340
199,0,2.900860
200,0,2.905235
201,0,2.902609
202,0,2.906710
203,0,2.912235
204,0,2.889057
205,0,2.888836
206,0,2.884599
207,0,2.876342
208,0,2.883325
209,0,2.882427
210,0,2.882931
211,0,2.877821
212,0,2.885241
213,0,2.879782
214,0,2.874127
215,0,2.877560
216,0,2.879203
217,0,2.881959
218,0,2.877089
219,0,2.881969
220,0,2.855795
221,0,2.857826
222,0,2.859778
223,0,2.859884
224,0,2.853621
225,0,2.854851
226,0,2.850352
227,0,2.851149
228,0,2.847739
229,0,2.848088
230,0,2.844126
231,0,2.849785
232,0,2.833969
233,0,2.848348
234,0,2.835857
235,0,2.841881
236,0,2.821119
237,0,2.809380
238,0,2.812784
239,0,2.807994
240,0,2.795344
241,0,2.789737
242,0,2.795661
243,0,2.788003
244,0,2.778936
245,0,2.782046
246,0,2.772005
247,0,2.762698
248,0,2.758562
249,0,2.756766
250,0,2.759383
251,0,2.755926
252,0,2.727115
253,0,2.714843
254,0,2.715385
255,0,2.692241
0,1,2.760932
1,1,2.776247
2,1,2.777360
3,1,2.786940
4,1,2.787233
5,1,2.789455
6,1,2.799273
7,1,2.800780
8,1,2.803537
9,1,2.810600
10,1,2.816558
11,1,2.809135
12,1,2.812818
13,1,2.812524
14,1,2.827085
15,1,2.822401
16,1,2.832474
17,1,2.834992
18,1,2.842661
19,1,2.840323
20,1,2.846017
21,1,2.850843
22,1,2.840693
23,1,2.848865
24,1,2.856767
25,1,2.853704
26,1,2.849585
27,1,2.855347
28,1,2.857000
29,1,2.867621
30,1,2.857429
31,1,2.866156
32,1,2.871047
33,1,2.877024
34,1,2.873607
35,1,2.874169
36,1,2.891145
37,1,2.887183
38,1,2.880672
39,1,2.880640
40,1,2.881508
41,1,2.886057
42,1,2.877396
43,1,2.885467
44,1,2.877053
45,1,2.880980
46,1,2.880899
47,1,2.883032
48,1,2.886504
49,1,2.889830
50,1,2.892245
51,1,2.899164
52,1,2.890534
53,1,2.893326
54,1,2.895985
55,1,2.898513
56,1,2.895558
57,1,2.897827
58,1,2.896118
59,1,2.898138
60,1,2.900036
61,1,2.897960
62,1,2.891912
63,1,2.897304
64,1,2.898727
65,1,2.903888
66,1,2.901672
67,1,2.908115
68,1,2.909069
69,1,2.913766
70,1,2.910647
71,1,2.903566
72,1,2.907936
73,1,2.908660
74,1,2.908945
75,1,2.906823
76,1,2.903048
77,1,2.906872
78,1,2.906968
79,1,2.910565
80,1,2.907926
81,1,2.907469
82,1,2.907066
83,1,2.907968
84,1,2.907188
85,1,2.910265
86,1,2.905407
87,1,2.905902
88,1,2.912458
89,1,2.908889
90,1,2.907464
91,1,2.913644
92,1,2.905913
93,1,2.911837
94,1,2.907747
95,1,2.909626
96,1,2.900088
97,1,2.903528
98,1,2.904843
99,1,2.904209
100,1,2.909124
101,1,2.908269
102,1,2.905120
103,1,2.900301
104,1,2.908497
105,1,2.912798
106,1,2.911405
107,1,2.919310
108,1,2.915521
109,1,2.909941
110,1,2.913644
111,1,2.909493
112,1,2.898876
113,1,2.900423
114,1,2.901753
115,1,2.904869
116,1,2.894380
117,1,2.895575
118,1,2.894482
119,1,2.900988
120,1,2.890027
121,1,2.894368
122,1,2.898584
123,1,2.902686
124,1,2.895110
125,1,2.891497
126,1,2.891391
127,1,2.887315
128,1,2.889354
129,1,2.887011
130,1,2.888397
131,1,2.887529
132,1,2.884804
133,1,2.885828
134,1,2.875158
135,1,2.879793
136,1,2.880445
137,1,2.888692
138,1,2.885256
139,1,2.887255
140,1,2.883584
141,1,2.883650
142,1,2.887452
143,1,2.883415
144,1,2.904100
145,1,2.915225
146,1,2.907041
147,1,2.904184
148,1,2.903492
149,1,2.910263
150,1,2.907177
151,1,2.909844
152,1,2.904865
153,1,2.916654
154,1,2.911457
155,1,2.919384
156,1,2.898302
157,1,2.898297
158,1,2.888511
159,1,2.895984
160,1,2.909017
161,1,2.910356
162,1,2.906111
163,1,2.903303
164,1,2.906552
165,1,2.907343
166,1,2.908139
167,1,2.911077
168,1,2.907639
169,1,2.914215
170,1,2.910736
171,1,2.914627
172,1,2.891656
173,1,2.897815
174,1,2.889765
175,1,2.893435
176,1,2.908901
177,1,2.906581
178,1,2.901870
179,1,2.912799
180,1,2.904355
181,1,2.905791
182,1,2.900981
183,1,2.899460
184,1,2.902111
185,1,2.916204
186,1,2.918623
187,1,2.913219
188,1,2.894211
189,1,2.892795
190,1,2.890296
191,1,2.884389
192,1,2.893767
193,1,2.899166
194,1,2.892877
195,1,2.898015
196,1,2.895314
197,1,2.896330
198,1,2.897208
199,1,2.901798
200,1,2.900081
201,1,2.908236
202,1,2.908537
203,1,2.908686
204,1,2.893270
205,1,2.889255
206,1,2.886042
207,1,2.881729
208,1,2.888806
209,1,2.885694
210,1,2.888572
211,1,2.879713
212,1,2.887215
213,1,2.881867
214,1,2.889428
215,1,2.879838
216,1,2.881603
217,1,2.888309
218,1,2.881981
219,1,2.884692
220,1,2.866362
221,1,2.860800
222,1,2.859008
223,1,2.859267
224,1,2.856981
225,1,2.858335
226,1,2.855650
227,1,2.854941
228,1,2.843966
229,1,2.848316
230,1,2.846778
231,1,2.848392
232,1,2.842421
233,1,2.843818
234,1,2.844661
235,1,2.841563
236,1,2.822598
237,1,2.818813
238,1,2.809201
239,1,2.812490
240,1,2.799902
241,1,2.802544
242,1,2.785279
243,1,2.791076
244,1,2.784479
245,1,2.789520
246,1,2.777116
247,1,2.770770
248,1,2.769056
249,1,2.768621
250,1,2.762832
251,1,2.765285
252,1,2.730871
253,1,2.732686
254,1,2.708707
255,1,2.712912
0,2,2.774518
1,2,2.779593
2,2,2.790433
3,2,2.797426
4,2,2.799777
5,2,2.799479
6,2,2.799772
7,2,2.814175
8,2,2.811341
9,2,2.811993
10,2,2.816239
11,2,2.814019
12,2,2.815967
13,2,2.817027
14,2,2.818318
15,2,2.822698
16,2,2.840714
17,2,2.838816
18,2,2.848104
19,2,2.850038
20,2,2.843372
21,2,2.856429
22,2,2.853104
23,2,2.851808
24,2,2.858091
25,2,2.860259
26,2,2.855992
27,2,2.856331
28,2,2.859339
29,2,2.858267
30,2,2.861931
31,2,2.856610
32,2,2.876817
33,2,2.877370
34,2,2.883032
35,2,2.879654
36,2,2.881111
37,2,2.884785
38,2,2.885878
39,2,2.878065
40,2,2.886543
41,2,2.887147
42,2,2.882284
43,2,2.881644
44,2,2.881791
45,2,2.885635
46,2,2.881622
47,2,2.881313
48,2,2.890164
49,2,2.893443
50,2,2.892727
51,2,2.891873
52,2,2.894736
53,2,2.893612
54,2,2.892356
55,2,2.898677
56,2,2.897165
57,2,2.899380
58,2,2.897618
59,2,2.895734
60,2,2.901436
61,2,2.907019
62,2,2.897073
63,2,2.902422
64,2,2.911509
65,2,2.908925
66,2,2.906227
67,2,2.907271
68,2,2.908205
69,2,2.905176
70,2,2.905891
71,2,2.908001
72,2,2.904976
73,2,2.905357
74,2,2.905632
75,2,2.905802
76,2,2.905867
77,2,2.907350
78,2,2.907433
79,2,2.907175
80,2,2.910665
81,2,2.907885
82,2,2.911329
83,2,2.910647
84,2,2.907559
85,2,2.910530
86,2,2.905779
87,2,2.910090
88,2,2.908889
89,2,2.907620
90,2,2.915478
91,2,2.910104
92,2,2.913900
93,2,2.916012
94,2,2.906459
95,2,2.913748
96,2,2.902956
97,2,2.908209
98,2,2.911544
99,2,2.912537
100,2,2.917423
101,2,2.908883
102,2,2.913521
103,2,2.912469
104,2,2.912939
105,2,2.917216
106,2,2.915849
107,2,2.916027
108,2,2.919927
109,2,2.910520
110,2,2.914209
111,2,2.913894
112,2,2.903661
113,2,2.908964
114,2,2.910231
115,2,2.903694
116,2,2.897040
117,2,2.896321
118,2,2.897140
119,2,2.893990
120,2,2.898438
121,2,2.900834
122,2,2.899262
123,2,2.903354
124,2,2.901553
125,2,2.897981
126,2,2.894023
127,2,2.897655
128,2,2.890162
129,2,2.895500
130,2,2.889163
131,2,2.892074
132,2,2.893195
133,2,2.890346
134,2,2.883526
135,2,2.888148
136,2,2.884957
137,2,2.885492
138,2,2.885912
139,2,2.884013
140,2,2.884203
141,2,2.888130
142,2,2.888092
143,2,2.887932
144,2,2.904738
145,2,2.912034
146,2,2.911576
147,2,2.908700
148,2,2.908031
149,2,2.910977
150,2,2.911724
151,2,2.910569
152,2,2.909470
153,2,2.909899
154,2,2.912226
155,2,2.904728
156,2,2.910653
157,2,2.909014
158,2,2.901190
159,2,2.895173
160,2,2.917171
161,2,2.909153
162,2,2.910372
163,2,2.915338
164,2,2.910816
165,2,2.911713
166,2,2.903230
167,2,2.907625
168,2,2.913981
169,2,2.912895
170,2,2.907284
171,2,2.905613
172,2,2.909993
173,2,2.910044
174,2,2.890451
175,2,2.894511
176,2,2.903867
177,2,2.911189
178,2,2.906498
179,2,2.906276
180,2,2.907482
181,2,2.904726
182,2,2.909565
183,2,2.908513
184,2,2.899185
185,2,2.907927
186,2,2.910372
187,2,2.910774
188,2,2.901427
189,2,2.897740
190,2,2.899712
191,2,2.890004
192,2,2.895583
193,2,2.901036
194,2,2.898657
195,2,2.900002
196,2,2.893510
197,2,2.902295
198,2,2.903240
199,2,2.904046
200,2,2.900859
201,2,2.909088
202,2,2.909464
203,2,2.905840
204,2,2.902063
205,2,2.901984
206,2,2.882482
207,2,2.882083
208,2,2.884021
209,2,2.883317
210,2,2.890147
211,2,2.881388
212,2,2.884006
213,2,2.887583
214,2,2.887514
215,2,2.881891
216,2,2.879922
217,2,2.890577
218,2,2.880521
219,2,2.879473
220,2,2.872836
221,2,2.875090
222,2,2.860324
223,2,2.862254
224,2,2.863943
225,2,2.860035
226,2,2.859009
227,2,2.858470
228,2,2.853798
229,2,2.855980
230,2,2.854629
231,2,2.847105
232,2,2.842884
233,2,2.850285
234,2,2.843903
235,2,2.840789
236,2,2.833760
237,2,2.830098
238,2,2.814670
239,2,2.812685
240,2,2.809659
241,2,2.795473
242,2,2.795507
243,2,2.799892
244,2,2.791366
245,2,2.795001
246,2,2.780644
247,2,2.776814
248,2,2.769335
249,2,2.771358
250,2,2.759917
251,2,2.749426
252,2,2.744009
253,2,2.740675
254,2,2.722631
255,2,2.721617
0,3,2.772401
1,3,2.781059
2,3,2.783965
3,3,2.798358
4,3,2.800501
5,3,2.799971
6,3,2.803875
7,3,2.814211
8,3,2.811202
9,3,2.823167
10,3,2.821024
11,3,2.819234
12,3,2.820367
13,3,2.823639
14,3,2.826216
15,3,2.832827
16,3,2.846356
17,3,2.842377
18,3,2.850036
19,3,2.845599
20,3,2.846464
21,3,2.844011
22,3,2.852081
23,3,2.856932
24,3,2.856825
25,3,2.855022
26,3,2.856891
27,3,2.858580
28,3,2.853748
29,3,2.874357
30,3,2.856143
31,3,2.869964
32,3,2.882372
33,3,2.875138
34,3,2.880688
35,3,2.877225
36,3,2.878576
37,3,2.878330
38,3,2.882145
39,3,2.886847
40,3,2.879822
41,3,2.884188
42,3,2.882198
43,3,2.890124
44,3,2.882483
45,3,2.890101
46,3,2.881329
47,3,2.892528
48,3,2.892024
49,3,2.891379
50,3,2.889173
51,3,2.892105
52,3,2.894903
53,3,2.893044
54,3,2.899455
55,3,2.901885
56,3,2.900337
57,3,2.894811
58,3,2.900722
59,3,2.894954
60,3,2.896772
61,3,2.898473
62,3,2.896204
63,3,2.897674
64,3,2.906736
65,3,2.907979
66,3,2.909112
67,3,2.911589
68,3,2.908652
69,3,2.901755
70,3,2.917866
71,3,2.911088
72,3,2.911558
73,3,2.908071
74,3,2.909807
75,3,2.906116
76,3,2.910026
77,3,2.909980
78,3,2.907681
79,3,2.903565
80,3,2.910906
81,3,2.914292
82,3,2.907521
83,3,2.910839
84,3,2.913908
85,3,2.910685
86,3,2.917410
87,3,2.916390
88,3,2.909012
89,3,2.911566
90,3,2.907862
91,3,2.914055
92,3,2.908584
93,3,2.908416
94,3,2.910395
95,3,2.917723
96,3,2.911107
97,3,2.912475
98,3,2.911973
99,3,2.916945
100,3,2.912374
101,3,2.916983
102,3,2.917742
103,3,2.916711
104,3,2.913308
105,3,2.915979
106,3,2.916219
107,3,2.920230
108,3,2.914817
109,3,2.926289
110,3,2.918405
111,3,2.921982
112,3,2.902437
113,3,2.896069
114,3,2.899240
115,3,2.900387
116,3,2.895940
117,3,2.904563
118,3,2.907281
119,3,2.913749
120,3,2.902765
121,3,2.908998
122,3,2.903567
123,3,2.903801
124,3,2.900067
125,3,2.898464
126,3,2.898358
127,3,2.898141
128,3,2.894598
129,3,2.896062
130,3,2.893558
131,3,2.892562
132,3,2.889806
133,3,2.886951
134,3,2.891685
135,3,2.888587
136,3,2.885386
137,3,2.882071
138,3,2.886341
139,3,2.886652
140,3,2.888452
141,3,2.888536
142,3,2.888509
143,3,2.892226
144,3,2.908960
145,3,2.904767
146,3,2.912036
147,3,2.903697
148,3,2.912347
149,3,2.911468
150,3,2.914462
151,3,2.914924
152,3,2.909999
153,3,2.910412
154,3,2.916626
155,3,2.915237
156,3,2.899921
157,3,2.898056
158,3,2.901781
159,3,2.895804
160,3,2.907734
161,3,2.903640
162,3,2.904786
163,3,2.902411
164,3,2.907261
165,3,2.913934
166,3,2.907285
167,3,2.907965
168,3,2.907017
169,3,2.911167
170,3,2.913456
171,3,2.914125
172,3,2.898875
173,3,2.898681
174,3,2.893258
175,3,2.896949
176,3,2.904387
177,3,2.907868
178,3,2.905553
179,3,2.912661
180,3,2.904250
181,3,2.911141
182,3,2.904876
183,3,2.911552
184,3,2.906558
185,3,2.908691
186,3,2.911159
187,3,2.905806
188,3,2.896485
189,3,2.889421
190,3,2.891424
191,3,2.895232
192,3,2.902772
193,3,2.896702
194,3,2.898213
195,3,2.899596
196,3,2.896996
197,3,2.905823
198,3,2.902958
199,3,2.899956
200,3,2.900668
201,3,2.905092
202,3,2.909372
203,3,2.902797
204,3,2.891394
205,3,2.895249
206,3,2.892711
207,3,2.896253
208,3,2.880369
209,3,2.879730
210,3,2.883807
211,3,2.886705
212,3,2.881720
213,3,2.884259
214,3,2.885382
215,3,2.891430
216,3,2.885724
217,3,2.887522
218,3,2.890393
219,3,2.889436
220,3,2.871373
221,3,2.869881
222,3,2.866813
223,3,2.872705
224,3,2.862954
225,3,2.855348
226,3,2.852835
227,3,2.854038
228,3,2.853390
229,3,2.850316
230,3,2.850654
231,3,2.850987
232,3,2.849258
233,3,2.850634
234,3,2.844461
235,3,2.841484
236,3,2.830826
237,3,2.825774
238,3,2.819832
239,3,2.814197
240,3,2.798273
241,3,2.805127
242,3,2.799979
243,3,2.802316
244,3,2.795051
245,3,2.790237
246,3,2.786066
247,3,2.774858
248,3,2.779179
249,3,2.773786
250,3,2.774235
251,3,2.756353
252,3,2.747374
253,3,2.732900
254,3,2.738294
255,3,2.710684
0,4,2.783059
1,4,2.793807
2,4,2.800610
3,4,2.799028
4,4,2.802445
5,4,2.807920
6,4,2.816906
7,4,2.821717
8,4,2.823845
9,4,2.826410
10,4,2.820227
11,4,2.823536
12,4,2.823057
13,4,2.831477
14,4,2.824715
15,4,2.824920
16,4,2.853666
17,4,2.851974
18,4,2.849343
19,4,2.856324
20,4,2.846292
21,4,2.854470
22,4,2.853141
23,4,2.855585
24,4,2.859181
25,4,2.857263
26,4,2.859025
27,4,2.856754
28,4,2.859496
29,4,2.859350
30,4,2.861700
31,4,2.867695
32,4,2.880012
33,4,2.880404
34,4,2.880867
35,4,2.882299
36,4,2.879694
37,4,2.882194
38,4,2.879268
39,4,2.876171
40,4,2.884465
41,4,2.883959
42,4,2.888104
43,4,2.886857
44,4,2.886841
45,4,2.881987
46,4,2.881698
47,4,2.892823
48,4,2.899953
49,4,2.895386
50,4,2.893813
51,4,2.896703
52,4,2.899460
53,4,2.896842
54,4,2.895488
55,4,2.897860
56,4,2.900109
57,4,2.890676
58,4,2.896534
59,4,2.901733
60,4,2.899668
61,4,2.898894
62,4,2.900453
63,4,2.894194
64,4,2.914791
65,4,2.912161
66,4,2.909421
67,4,2.918130
68,4,2.911320
69,4,2.916320
70,4,2.913132
71,4,2.915123
72,4,2.911728
73,4,2.912083
74,4,2.912334
75,4,2.912481
76,4,2.906268
77,4,2.906215
78,4,2.909914
79,4,2.905995
80,4,2.910935
81,4,2.914318
82,4,2.906042
83,4,2.914548
84,4,2.910036
85,4,2.916858
86,4,2.913504
87,4,2.912424
88,4,2.911285
89,4,2.915335
90,4,2.910088
91,4,2.913948
92,4,2.904626
93,4,2.908279
94,4,2.906471
95,4,2.917638
96,4,2.911538
97,4,2.920381
98,4,2.912189
99,4,2.913279
100,4,2.916431
101,4,2.917164
102,4,2.912509
103,4,2.916887
104,4,2.917317
105,4,2.923860
106,4,2.924082
107,4,2.920367
108,4,2.914980
109,4,2.911046
110,4,2.914682
111,4,2.922099
112,4,2.904736
113,4,2.906073
114,4,2.907296
115,4,2.898774
116,4,2.902056
117,4,2.904871
118,4,2.905648
119,4,2.915956
120,4,2.906878
121,4,2.913102
122,4,2.907658
123,4,2.913665
124,4,2.902578
125,4,2.898731
126,4,2.902479
127,4,2.904190
128,4,2.898816
129,4,2.904111
130,4,2.897736
131,4,2.891235
132,4,2.890055
133,4,2.891047
134,4,2.884206
135,4,2.881106
136,4,2.885601
137,4,2.889994
138,4,2.886561
139,4,2.886872
140,4,2.892490
141,4,2.892582
142,4,2.892565
143,4,2.892438
144,4,2.913018
145,4,2.916550
146,4,2.916053
147,4,2.911671
148,4,2.920301
149,4,2.911744
150,4,2.907055
151,4,2.907505
152,4,2.906458
153,4,2.909166
154,4,2.913103
155,4,2.911744
156,4,2.904122
157,4,2.906146
158,4,2.906009
159,4,2.904230
160,4,2.915426
161,4,2.905571
162,4,2.916394
163,4,2.917907
164,4,2.911101
165,4,2.914333
166,4,2.907409
167,4,2.906597
168,4,2.908947
169,4,2.913267
170,4,2.908297
171,4,2.914345
172,4,2.898872
173,4,2.897446
174,4,2.895470
175,4,2.899169
176,4,2.910930
177,4,2.908332
178,4,2.905927
179,4,2.909195
180,4,2.910900
181,4,2.910105
182,4,2.905350
183,4,2.908192
184,4,2.914776
185,4,2.908244
186,4,2.906902
187,4,2.904953
188,4,2.891807
189,4,2.895882
190,4,2.895987
191,4,2.892120
192,4,2.903544
193,4,2.905213
194,4,2.899053
195,4,2.899036
196,4,2.900329
197,4,2.909894
198,4,2.899387
199,4,2.900305
200,4,2.901086
201,4,2.905581
202,4,2.906081
203,4,2.915575
204,4,2.892667
205,4,2.896578
206,4,2.893537
207,4,2.889459
208,4,2.885221
209,4,2.892378
210,4,2.883957
211,4,2.891817
212,4,2.886932
213,4,2.891012
214,4,2.881914
215,4,2.889198
216,4,2.887457
217,4,2.885519
218,4,2.887230
219,4,2.887618
220,4,2.873535
221,4,2.866938
222,4,2.869217
223,4,2.871362
224,4,2.865579
225,4,2.861977
226,4,2.858122
227,4,2.860916
228,4,2.860434
229,4,2.853646
230,4,2.857978
231,4,2.854605
232,4,2.853067
233,4,2.856555
234,4,2.848595
235,4,2.838436
236,4,2.831457
237,4,2.822735
238,4,2.827038
239,4,2.826962
240,4,2.807438
241,4,2.809086
242,4,2.801883
243,4,2.806725
244,4,2.793529
245,4,2.806692
246,4,2.783506
247,4,2.789600
248,4,2.773319
249,4,2.789056
250,4,2.768978
251,4,2.772270
252,4,2.754262
253,4,2.745120
254,4,2.734340
255,4,2.724146
0,5,2.799616
1,5,2.794729
2,5,2.805084
3,5,2.808596
4,5,2.810340
5,5,2.813210
6,5,2.820501
7,5,2.822712
8,5,2.819365
9,5,2.830850
10,5,2.824479
11,5,2.826161
12,5,2.830798
13,5,2.833798
14,5,2.828267
15,5,2.828313
16,5,2.851633
17,5,2.847361
18,5,2.850590
19,5,2.857726
20,5,2.860530
21,5,2.856988
22,5,2.854165
23,5,2.857862
24,5,2.852178
25,5,2.854065
26,5,2.859583
27,5,2.866270
28,5,2.861178
29,5,2.860966
30,5,2.863195
31,5,2.867882
32,5,2.881301
33,5,2.881615
34,5,2.885847
35,5,2.883322
36,5,2.880617
37,5,2.879220
38,5,2.883904
39,5,2.884568
40,5,2.884129
41,5,2.888348
42,5,2.880851
43,5,2.883893
44,5,2.878616
45,5,2.886104
46,5,2.885740
47,5,2.889087
48,5,2.895397
49,5,2.886932
50,5,2.889890
51,5,2.900421
52,5,2.895411
53,5,2.893479
54,5,2.895941
55,5,2.898279
56,5,2.892788
57,5,2.894882
58,5,2.900710
59,5,2.894862
60,5,2.900456
61,5,2.902082
62,5,2.899743
63,5,2.897292
64,5,2.913994
65,5,2.907469
66,5,2.912394
67,5,2.918598
68,5,2.915606
69,5,2.916362
70,5,2.913159
71,5,2.917558
72,5,2.906442
73,5,2.912036
74,5,2.908424
75,5,2.908563
76,5,2.908600
77,5,2.902244
78,5,2.905937
79,5,2.905676
80,5,2.905483
81,5,2.914139
82,5,2.909715
83,5,2.916748
84,5,2.917415
85,5,2.920401
86,5,2.923358
87,5,2.916021
88,5,2.914844
89,5,2.911171
90,5,2.909798
91,5,2.909780
92,5,2.912048
93,5,2.910360
94,5,2.906198
95,5,2.911940
96,5,2.911559
97,5,2.912671
98,5,2.912358
99,5,2.913261
100,5,2.920281
101,5,2.917140
102,5,2.920205
103,5,2.928415
104,5,2.921120
105,5,2.916123
106,5,2.927885
107,5,2.920289
108,5,2.922640
109,5,2.922544
110,5,2.918500
111,5,2.916637
112,5,2.904921
113,5,2.912014
114,5,2.911271
115,5,2.910437
116,5,2.907963
117,5,2.904982
118,5,2.911512
119,5,2.906386
120,5,2.908857
121,5,2.911219
122,5,2.911546
123,5,2.907912
124,5,2.904566
125,5,2.898791
126,5,2.902538
127,5,2.902326
128,5,2.902822
129,5,2.900390
130,5,2.897851
131,5,2.891341
132,5,2.893949
133,5,2.887216
134,5,2.891931
135,5,2.892682
136,5,2.889471
137,5,2.890004
138,5,2.890422
139,5,2.886885
140,5,2.888616
141,5,2.892569
142,5,2.892561
143,5,2.888593
144,5,2.911499
145,5,2.920358
146,5,2.912239
147,5,2.915583
148,5,2.916379
149,5,2.915663
150,5,2.910998
151,5,2.911435
152,5,2.906562
153,5,2.913148
154,5,2.909372
155,5,2.911894
156,5,2.911966
157,5,2.918143
158,5,2.917733
159,5,2.915987
160,5,2.911834
161,5,2.913081
162,5,2.908928
163,5,2.911930
164,5,2.909052
165,5,2.917995
166,5,2.911054
167,5,2.910265
168,5,2.908908
169,5,2.913707
170,5,2.913892
171,5,2.912223
172,5,2.910938
173,5,2.912924
174,5,2.909028
175,5,2.907451
176,5,2.910772
177,5,2.910409
178,5,2.909942
179,5,2.907948
180,5,2.907276
181,5,2.910350
182,5,2.905612
183,5,2.907056
184,5,2.909810
185,5,2.908602
186,5,2.911136
187,5,2.909705
188,5,2.912014
189,5,2.905096
190,5,2.903324
191,5,2.905287
192,5,2.899425
193,5,2.905002
194,5,2.902750
195,5,2.900375
196,5,2.901726
197,5,2.906801
198,5,2.900189
199,5,2.897296
200,5,2.898122
201,5,2.902663
202,5,2.903211
203,5,2.912140
204,5,2.900867
205,5,2.908710
206,5,2.904843
207,5,2.904675
208,5,2.882174
209,5,2.889420
210,5,2.884943
211,5,2.891857
212,5,2.888444
213,5,2.888383
214,5,2.887095
215,5,2.881769
216,5,2.885127
217,5,2.891008
218,5,2.885132
219,5,2.893287
220,5,2.879330
221,5,2.888274
222,5,2.879100
223,5,2.881348
224,5,2.866535
225,5,2.860665
226,5,2.860815
227,5,2.859846
228,5,2.863380
229,5,2.858936
230,5,2.852049
231,5,2.852384
232,5,2.852760
233,5,2.856878
234,5,2.848604
235,5,2.842505
236,5,2.838050
237,5,2.832789
238,5,2.831648
239,5,2.834099
240,5,2.816300
241,5,2.818154
242,5,2.813532
243,5,2.812390
244,5,2.805584
245,5,2.793581
246,5,2.797614
247,5,2.790897
248,5,2.776420
249,5,2.787001
250,5,2.772681
251,5,2.763118
252,5,2.770108
253,5,2.755825
254,5,2.745456
255,5,2.747134
0,6,2.796641
1,6,2.800670
2,6,2.806783
3,6,2.816441
4,6,2.810289
5,6,2.816798
6,6,2.821410
7,6,2.825880
8,6,2.823762
9,6,2.833630
10,6,2.823229
11,6,2.831841
12,6,2.833054
13,6,2.829587
14,6,2.839269
15,6,2.833952
16,6,2.852901
17,6,2.854063
18,6,2.851952
19,6,2.856450
20,6,2.859124
21,6,2.857938
22,6,2.860220
23,6,2.863770
24,6,2.852784
25,6,2.863607
26,6,2.857460
27,6,2.864017
28,6,2.863912
29,6,2.862376
30,6,2.860634
31,6,2.853672
32,6,2.881066
33,6,2.877665
34,6,2.879073
35,6,2.880300
36,6,2.884177
37,6,2.885083
38,6,2.884501
39,6,2.884128
40,6,2.884567
41,6,2.884848
42,6,2.880250
43,6,2.887956
44,6,2.887807
45,6,2.886191
46,6,2.884975
47,6,2.888274
48,6,2.899141
49,6,2.894462
50,6,2.896661
51,6,2.895592
52,6,2.894395
53,6,2.904629
54,6,2.895475
55,6,2.897757
56,6,2.899343
57,6,2.897552
58,6,2.895642
59,6,2.897469
60,6,2.899181
61,6,2.896927
62,6,2.890708
63,6,2.897281
64,6,2.913961
65,6,2.907416
66,6,2.916175
67,6,2.917121
68,6,2.917962
69,6,2.918698
70,6,2.912986
71,6,2.913518
72,6,2.910095
73,6,2.918129
74,6,2.902944
75,6,2.908297
76,6,2.900620
77,6,2.904402
78,6,2.901761
79,6,2.905348
80,6,2.908835
81,6,2.908371
82,6,2.913187
83,6,2.916367
84,6,2.911741
85,6,2.916131
86,6,2.915166
87,6,2.923222
88,6,2.906686
89,6,2.916971
90,6,2.913172
91,6,2.911704
92,6,2.907718
93,6,2.909859
94,6,2.905669
95,6,2.911497
96,6,2.911380
97,6,2.911016
98,6,2.916016
99,6,2.919294
100,6,2.916226
101,6,2.920768
102,6,2.919995
103,6,2.924332
104,6,2.924723
105,6,2.931302
106,6,2.919930
107,6,2.920023
108,6,2.918551
109,6,2.926136
110,6,2.922078
111,6,2.920299
112,6,2.910680
113,6,2.910046
114,6,2.915062
115,6,2.912265
116,6,2.915579
117,6,2.904878
118,6,2.905615
119,6,2.908183
120,6,2.914488
121,6,2.909129
122,6,2.909450
123,6,2.898102
124,6,2.902500
125,6,2.908281
126,6,2.898544
127,6,2.902186
128,6,2.898920
129,6,2.900320
130,6,2.901616
131,6,2.902786
132,6,2.897658
133,6,2.902462
134,6,2.891762
135,6,2.892499
136,6,2.893131
137,6,2.889813
138,6,2.878676
139,6,2.871291
140,6,2.896102
141,6,2.892355
142,6,2.896210
143,6,2.888400
144,6,2.903587
145,6,2.908617
146,6,2.912075
147,6,2.907643
148,6,2.916221
149,6,2.911674
150,6,2.910885
151,6,2.907458
152,6,2.910315
153,6,2.916928
154,6,2.913143
155,6,2.915693
156,6,2.918144
157,6,2.914257
158,6,2.908528
159,6,2.912129
160,6,2.911460
161,6,2.912727
162,6,2.908608
163,6,2.905759
164,6,2.914922
165,6,2.911933
166,6,2.907423
167,6,2.913873
168,6,2.906588
169,6,2.913338
170,6,2.911773
171,6,2.916406
172,6,2.912720
173,6,2.908933
174,6,2.899544
175,6,2.899396
176,6,2.908779
177,6,2.908427
178,6,2.908509
179,6,2.911809
180,6,2.911151
181,6,2.909002
182,6,2.904285
183,6,2.911019
184,6,2.898382
185,6,2.908753
186,6,2.906079
187,6,2.908527
188,6,2.907010
189,6,2.897674
190,6,2.903635
191,6,2.897922
192,6,2.895944
193,6,2.900182
194,6,2.894113
195,6,2.899479
196,6,2.900868
197,6,2.909836
198,6,2.899411
199,6,2.900414
200,6,2.902018
201,6,2.910480
202,6,2.907246
203,6,2.907725
204,6,2.904208
205,6,2.904398
206,6,2.901459
207,6,2.905226
208,6,2.881869
209,6,2.877616
210,6,2.881884
211,6,2.886407
212,6,2.885540
213,6,2.896059
214,6,2.892076
215,6,2.890707
216,6,2.889153
217,6,2.892437
218,6,2.891907
219,6,2.885949
220,6,2.884909
221,6,2.882422
222,6,2.879717
223,6,2.878166
224,6,2.864879
225,6,2.862976
226,6,2.859422
227,6,2.871028
228,6,2.862233
229,6,2.861806
230,6,2.855055
231,6,2.854118
232,6,2.852199
233,6,2.854578
234,6,2.854634
235,6,2.846305
236,6,2.845870
237,6,2.835499
238,6,2.828268
239,6,2.828801
240,6,2.811858
241,6,2.815364
242,6,2.811000
243,6,2.808568
244,6,2.804888
245,6,2.797926
246,6,2.802194
247,6,2.789571
248,6,2.789227
249,6,2.782319
250,6,2.782204
251,6,2.776780
252,6,2.760919
253,6,2.747642
254,6,2.746238
255,6,2.742812
0,7,2.802510
1,7,2.801046
2,7,2.812199
3,7,2.824046
4,7,2.819086
5,7,2.821528
6,7,2.824524
7,7,2.830191
8,7,2.834232
9,7,2.833702
10,7,2.834681
11,7,2.837926
12,7,2.840309
13,7,2.836681
14,7,2.835353
15,7,2.840737
16,7,2.863395
17,7,2.855356
18,7,2.854463
19,7,2.866503
20,7,2.860032
21,7,2.863891
22,7,2.866055
23,7,2.864301
24,7,2.862249
25,7,2.865232
26,7,2.862834
27,7,2.860258
28,7,2.861388
29,7,2.859732
30,7,2.860551
31,7,2.870088
32,7,2.884727
33,7,2.882363
34,7,2.879815
35,7,2.887615
36,7,2.884745
37,7,2.881704
38,7,2.883959
39,7,2.884473
40,7,2.888679
41,7,2.884145
42,7,2.884216
43,7,2.887991
44,7,2.886957
45,7,2.890466
46,7,2.886128
47,7,2.889358
48,7,2.901995
49,7,2.897272
50,7,2.892418
51,7,2.898993
52,7,2.897095
53,7,2.899586
54,7,2.898101
55,7,2.900347
56,7,2.896695
57,7,2.901934
58,7,2.895598
59,7,2.893544
60,7,2.902934
61,7,2.892949
62,7,2.894412
63,7,2.895765
64,7,2.916273
65,7,2.917410
66,7,2.914588
67,7,2.924541
68,7,2.917659
69,7,2.914527
70,7,2.915145
71,7,2.915660
72,7,2.913554
73,7,2.910018
74,7,2.914087
75,7,2.906497
76,7,2.904005
77,7,2.907780
78,7,2.896044
79,7,2.903473
80,7,2.912162
81,7,2.911694
82,7,2.914980
83,7,2.919536
84,7,2.914925
85,7,2.923225
86,7,2.918409
87,7,2.917346
88,7,2.917570
89,7,2.916315
90,7,2.912501
91,7,2.911054
92,7,2.910872
93,7,2.897657
94,7,2.912718
95,7,2.907013
96,7,2.914861
97,7,2.914677
98,7,2.915628
99,7,2.922773
100,7,2.927388
101,7,2.924203
102,7,2.915738
103,7,2.927761
104,7,2.926707
105,7,2.926985
106,7,2.923340
107,7,2.925836
108,7,2.921966
109,7,2.918003
110,7,2.921609
111,7,2.923708
112,7,2.916242
113,7,2.913641
114,7,2.916712
115,7,2.910520
116,7,2.911455
117,7,2.908431
118,7,2.911082
119,7,2.913628
120,7,2.917997
121,7,2.910704
122,7,2.911013
123,7,2.909767
124,7,2.909870
125,7,2.909870
126,7,2.903986
127,7,2.905705
128,7,2.898675
129,7,2.900056
130,7,2.901331
131,7,2.910198
132,7,2.903547
133,7,2.905955
134,7,2.875974
135,7,2.884416
136,7,2.892754
137,7,2.889428
138,7,2.870588
139,7,2.874761
140,7,2.878831
141,7,2.884243
142,7,2.888106
143,7,2.891866
144,7,2.907082
145,7,2.912091
146,7,2.907791
147,7,2.911159
148,7,2.910580
149,7,2.911342
150,7,2.910438
151,7,2.905708
152,7,2.929284
153,7,2.920510
154,7,2.916719
155,7,2.915443
156,7,2.914069
157,7,2.914026
158,7,2.912457
159,7,2.908074
160,7,2.912823
161,7,2.912144
162,7,2.908042
163,7,2.905244
164,7,2.908581
165,7,2.909429
166,7,2.908793
167,7,2.909449
168,7,2.931743
169,7,2.924502
170,7,2.911383
171,7,2.919716
172,7,2.906388
173,7,2.903150
174,7,2.903112
175,7,2.906826
176,7,2.901372
177,7,2.904889
178,7,2.904451
179,7,2.907763
180,7,2.901914
181,7,2.910803
182,7,2.908028
183,7,2.907075
184,7,2.927786
185,7,2.920843
186,7,2.909938
187,7,2.904704
188,7,2.903211
189,7,2.900267
190,7,2.898551
191,7,2.896721
192,7,2.894775
193,7,2.900416
194,7,2.898233
195,7,2.895928
196,7,2.905059
197,7,2.902506
198,7,2.904357
199,7,2.900235
200,7,2.928140
201,7,2.917383
202,7,2.910343
203,7,2.910869
204,7,2.908213
205,7,2.900773
206,7,2.900891
207,7,2.897008
208,7,2.887507
209,7,2.887195
210,7,2.890576
211,7,2.886089
212,7,2.886298
213,7,2.881503
214,7,2.891944
215,7,2.880184
216,7,2.913411
217,7,2.904070
218,7,2.889361
219,7,2.889298
220,7,2.889033
221,7,2.880210
222,7,2.881486
223,7,2.878689
224,7,2.870708
225,7,2.867497
226,7,2.861655
227,7,2.861853
228,7,2.855632
229,7,2.856733
230,7,2.850114
231,7,2.857054
232,7,2.873124
233,7,2.869362
234,7,2.850306
235,7,2.848449
236,7,2.838012
237,7,2.835558
238,7,2.834766
239,7,2.833077
240,7,2.820176
241,7,2.820238
242,7,2.808168
243,7,2.813652
244,7,2.804912
245,7,2.803471
246,7,2.792564
247,7,2.790303
248,7,2.807087
249,7,2.798934
250,7,2.781366
251,7,2.780085
252,7,2.759133
253,7,2.759297
254,7,2.756664
255,7,2.739684
0,8,2.806697
1,8,2.814095
2,8,2.815954
3,8,2.822707
4,8,2.830100
5,8,2.828487
6,8,2.838147
7,8,2.832900
8,8,2.838115
9,8,2.839220
10,8,2.836854
11,8,2.837426
12,8,2.846005
13,8,2.842226
14,8,2.842082
15,8,2.843432
16,8,2.864653
17,8,2.873182
18,8,2.868304
19,8,2.869659
20,8,2.865917
21,8,2.868170
22,8,2.863970
23,8,2.864575
24,8,2.863800
25,8,2.857631
26,8,2.868004
27,8,2.860233
28,8,2.862517
29,8,2.859558
30,8,2.869180
31,8,2.865923
32,8,2.885488
33,8,2.886872
34,8,2.887036
35,8,2.891948
36,8,2.887995
37,8,2.884891
38,8,2.884214
39,8,2.887581
40,8,2.887877
41,8,2.888019
42,8,2.883318
43,8,2.879335
44,8,2.886765
45,8,2.886349
46,8,2.888896
47,8,2.888227
48,8,2.902835
49,8,2.901213
50,8,2.900171
51,8,2.902854
52,8,2.890000
53,8,2.900140
54,8,2.894159
55,8,2.896372
56,8,2.898467
57,8,2.896593
58,8,2.902310
59,8,2.900207
60,8,2.897515
61,8,2.899060
62,8,2.896644
63,8,2.899254
64,8,2.923594
65,8,2.924711
66,8,2.921870
67,8,2.922777
68,8,2.915876
69,8,2.914019
70,8,2.918474
71,8,2.918976
72,8,2.915525
73,8,2.911973
74,8,2.909629
75,8,2.905883
76,8,2.909744
77,8,2.903263
78,8,2.895373
79,8,2.902797
80,8,2.915299
81,8,2.918680
82,8,2.921964
83,8,2.922630
84,8,2.918019
85,8,2.913310
86,8,2.925259
87,8,2.912655
88,8,2.916715
89,8,2.919342
90,8,2.911644
91,8,2.906349
92,8,2.908660
93,8,2.908389
94,8,2.910507
95,8,2.910050
96,8,2.914481
97,8,2.921831
98,8,2.918906
99,8,2.922211
100,8,2.926804
101,8,2.926066
102,8,2.922851
103,8,2.927150
104,8,2.926113
105,8,2.930226
106,8,2.926542
107,8,2.921372
108,8,2.925193
109,8,2.921215
110,8,2.924851
111,8,2.919222
112,8,2.919686
113,8,2.913212
114,8,2.910467
115,8,2.913927
116,8,2.914832
117,8,2.904089
118,8,2.906716
119,8,2.915032
120,8,2.921318
121,8,2.910158
122,8,2.914314
123,8,2.915027
124,8,2.911272
125,8,2.909343
126,8,2.905387
127,8,2.901328
128,8,2.905943
129,8,2.911156
130,8,2.912414
131,8,2.902009
132,8,2.906894
133,8,2.909260
134,8,2.906245
135,8,2.883851
136,8,2.872924
137,8,2.881157
138,8,2.877724
139,8,2.874195
140,8,2.882119
141,8,2.891354
142,8,2.891373
143,8,2.891291
144,8,2.910385
145,8,2.915323
146,8,2.911098
147,8,2.906780
148,8,2.913927
149,8,2.914556
150,8,2.933059
151,8,2.928352
152,8,2.913387
153,8,2.931608
154,8,2.918711
155,8,2.907296
156,8,2.909803
157,8,2.917457
158,8,2.912064
159,8,2.911815
160,8,2.910149
161,8,2.910010
162,8,2.911146
163,8,2.906970
164,8,2.907915
165,8,2.916469
166,8,2.931280
167,8,2.927961
168,8,2.904043
169,8,2.927612
170,8,2.926625
171,8,2.911475
172,8,2.911638
173,8,2.914221
174,8,2.902633
175,8,2.906357
176,8,2.908654
177,8,2.908329
178,8,2.911756
179,8,2.902202
180,8,2.913136
181,8,2.908555
182,8,2.929523
183,8,2.928591
184,8,2.904437
185,8,2.918705
186,8,2.917454
187,8,2.899374
188,8,2.901761
189,8,2.900184
190,8,2.898496
191,8,2.900547
192,8,2.894777
193,8,2.899145
194,8,2.896995
195,8,2.902431
196,8,2.896812
197,8,2.898171
198,8,2.922521
199,8,2.923627
200,8,2.901487
201,8,2.921596
202,8,2.915352
203,8,2.904390
204,8,2.900996
205,8,2.909018
206,8,2.897631
207,8,2.902374
208,8,2.886862
209,8,2.886607
210,8,2.890987
211,8,2.886589
212,8,2.893586
213,8,2.885003
214,8,2.911971
215,8,2.914629
216,8,2.886284
217,8,2.916681
218,8,2.897015
219,8,2.883547
220,8,2.886519
221,8,2.880388
222,8,2.883045
223,8,2.876524
224,8,2.871111
225,8,2.861690
226,8,2.858382
227,8,2.864011
228,8,2.860254
229,8,2.859135
230,8,2.878025
231,8,2.871309
232,8,2.851166
233,8,2.868489
234,8,2.863226
235,8,2.847915
236,8,2.838224
237,8,2.846910
238,8,2.834730
239,8,2.831846
240,8,2.824361
241,8,2.816953
242,8,2.811357
243,8,2.805480
244,8,2.809962
245,8,2.807295
246,8,2.822541
247,8,2.815325
248,8,2.796213
249,8,2.802480
250,8,2.794145
251,8,2.773871
252,8,2.774850
253,8,2.765250
254,8,2.760554
255,8,2.750083
0,9,2.811979
1,9,2.813955
2,9,2.816948
3,9,2.822163
4,9,2.834501
5,9,2.831377
6,9,2.836993
7,9,2.840555
8,9,2.840440
9,9,2.837522
10,9,2.840121
11,9,2.835393
12,9,2.839432
13,9,2.837307
14,9,2.839595
15,9,2.842955
16,9,2.863157
17,9,2.873788
18,9,2.857548
19,9,2.867774
20,9,2.875440
21,9,2.869871
22,9,2.866735
23,9,2.877614
24,9,2.863822
25,9,2.858876
26,9,2.858915
27,9,2.861287
28,9,2.858404
29,9,2.864257
30,9,2.866062
31,9,2.866573
32,9,2.886063
33,9,2.894002
34,9,2.887433
35,9,2.883547
36,9,2.888224
37,9,2.892736
38,9,2.888462
39,9,2.887595
40,9,2.887809
41,9,2.879318
42,9,2.879257
43,9,2.886757
44,9,2.885628
45,9,2.885164
46,9,2.880710
47,9,2.886963
48,9,2.897675
49,9,2.908257
50,9,2.903300
51,9,2.897583
52,9,2.907808
53,9,2.902501
54,9,2.897073
55,9,2.898674
56,9,2.900736
57,9,2.894978
58,9,2.900664
59,9,2.892073
60,9,2.901391
61,9,2.894737
62,9,2.900003
63,9,2.897455
64,9,2.917918
65,9,2.919013
66,9,2.909702
67,9,2.914444
68,9,2.919084
69,9,2.919770
70,9,2.908797
71,9,2.917970
72,9,2.918375
73,9,2.907122
74,9,2.903476
75,9,2.904863
76,9,2.901026
77,9,2.904796
78,9,2.898197
79,9,2.897925
80,9,2.912967
81,9,2.921502
82,9,2.909387
83,9,2.916438
84,9,2.920846
85,9,2.920073
86,9,2.916577
87,9,2.907827
88,9,2.914391
89,9,2.910621
90,9,2.909290
91,9,2.909191
92,9,2.915375
93,9,2.911239
94,9,2.905673
95,9,2.908970
96,9,2.912393
97,9,2.921097
98,9,2.910442
99,9,2.917614
100,9,2.926038
101,9,2.925314
102,9,2.925929
103,9,2.934062
104,9,2.925336
105,9,2.925580
106,9,2.921878
107,9,2.924430
108,9,2.920531
109,9,2.924245
110,9,2.911087
111,9,2.918469
112,9,2.911386
113,9,2.912578
114,9,2.917522
115,9,2.917134
116,9,2.912245
117,9,2.911121
118,9,2.919515
119,9,2.912399
120,9,2.916743
121,9,2.913287
122,9,2.916054
123,9,2.914321
124,9,2.916344
125,9,2.908634
126,9,2.912383
127,9,2.908327
128,9,2.909172
129,9,2.918219
130,9,2.907902
131,9,2.909030
132,9,2.906219
133,9,2.907143
134,9,2.878528
135,9,2.883113
136,9,2.883733
137,9,2.888107
138,9,2.876971
139,9,2.881151
140,9,2.877522
141,9,2.886725
142,9,2.879046
143,9,2.878975
144,9,2.913470
145,9,2.909355
146,9,2.910368
147,9,2.913774
148,9,2.920843
149,9,2.913853
150,9,2.909262
151,9,2.908430
152,9,2.920422
153,9,2.930962
154,9,2.933506
155,9,2.910523
156,9,2.913057
157,9,2.909145
158,9,2.911487
159,9,2.913730
160,9,2.913087
161,9,2.916806
162,9,2.917924
163,9,2.906060
164,9,2.910843
165,9,2.914207
166,9,2.914949
167,9,2.918129
168,9,2.910977
169,9,2.926844
170,9,2.925896
171,9,2.906716
172,9,2.909419
173,9,2.917186
174,9,2.905590
175,9,2.908010
176,9,2.911633
177,9,2.915156
178,9,2.913435
179,9,2.912910
180,9,2.904578
181,9,2.910267
182,9,2.909439
183,9,2.908509
184,9,2.907473
185,9,2.920873
186,9,2.919647
187,9,2.899049
188,9,2.897607
189,9,2.899909
190,9,2.896971
191,9,2.899052
192,9,2.897166
193,9,2.899018
194,9,2.896901
195,9,2.906816
196,9,2.900627
197,9,2.904603
198,9,2.898170
199,9,2.903169
200,9,2.900335
201,9,2.921202
202,9,2.921980
203,9,2.903359
204,9,2.903865
205,9,2.905034
206,9,2.905282
207,9,2.905384
208,9,2.886073
209,9,2.890626
210,9,2.890300
211,9,2.889815
212,9,2.890143
213,9,2.889359
214,9,2.892258
215,9,2.888335
216,9,2.887061
217,9,2.906154
218,9,2.909511
219,9,2.884596
220,9,2.882603
221,9,2.885499
222,9,2.879280
223,9,2.878005
224,9,2.868837
225,9,2.863376
226,9,2.864059
227,9,2.860653
228,9,2.858488
229,9,2.862334
230,9,2.864948
231,9,2.860613
232,9,2.853799
233,9,2.875922
234,9,2.866146
235,9,2.847132
236,9,2.841487
237,9,2.841256
238,9,2.844062
239,9,2.835616
240,9,2.821030
241,9,2.819737
242,9,2.815692
243,9,2.811654
244,9,2.817194
245,9,2.816117
246,9,2.807100
247,9,2.800110
248,9,2.794191
249,9,2.807030
250,9,2.802801
251,9,2.776509
252,9,2.772515
253,9,2.768495
254,9,2.758772
255,9,2.745464
0,10,2.813186
1,10,2.818891
2,10,2.820212
3,10,2.826539
4,10,2.835141
5,10,2.835335
6,10,2.840761
7,10,2.840800
8,10,2.847689
9,10,2.840747
10,10,2.840014
11,10,2.849844
12,10,2.842170
13,10,2.844590
14,10,2.842036
15,10,2.845256
16,10,2.865290
17,10,2.866850
18,10,2.861759
19,10,2.865676
20,10,2.879460
21,10,2.870139
22,10,2.864295
23,10,2.871187
24,10,2.868849
25,10,2.867630
26,10,2.863749
27,10,2.866002
28,10,2.863028
29,10,2.868769
30,10,2.873205
31,10,2.870894
32,10,2.889251
33,10,2.894318
34,10,2.882795
35,10,2.887547
36,10,2.895986
37,10,2.895630
38,10,2.892216
39,10,2.887767
40,10,2.887925
41,10,2.886728
42,10,2.885780
43,10,2.889377
44,10,2.888980
45,10,2.891554
46,10,2.887053
47,10,2.886273
48,10,2.900091
49,10,2.902926
50,10,2.897929
51,10,2.896661
52,10,2.902373
53,10,2.904735
54,10,2.904336
55,10,2.902611
56,10,2.900242
57,10,2.894453
58,10,2.896259
59,10,2.897953
60,10,2.895685
61,10,2.896719
62,10,2.894253
63,10,2.896757
64,10,2.913347
65,10,2.918274
66,10,2.907686
67,10,2.912408
68,10,2.917029
69,10,2.918620
70,10,2.915354
71,10,2.911988
72,10,2.912377
73,10,2.910058
74,10,2.910254
75,10,2.906500
76,10,2.900047
77,10,2.903810
78,10,2.903623
79,10,2.896893
80,10,2.915783
81,10,2.923018
82,10,2.919867
83,10,2.911506
84,10,2.918459
85,10,2.918889
86,10,2.917950
87,10,2.918199
88,10,2.917074
89,10,2.909436
90,10,2.915829
91,10,2.915715
92,10,2.902655
93,10,2.910064
94,10,2.908298
95,10,2.903950
96,10,2.919211
97,10,2.920185
98,10,2.915902
99,10,2.916692
100,10,2.925095
101,10,2.924385
102,10,2.928753
103,10,2.925386
104,10,2.924382
105,10,2.924608
106,10,2.924744
107,10,2.927314
108,10,2.923415
109,10,2.923245
110,10,2.917813
111,10,2.921330
112,10,2.910591
113,10,2.915619
114,10,2.914767
115,10,2.912471
116,10,2.905640
117,10,2.910257
118,10,2.918641
119,10,2.919222
120,10,2.908145
121,10,2.918161
122,10,2.907472
123,10,2.917293
124,10,2.919311
125,10,2.911600
126,10,2.903791
127,10,2.911295
128,10,2.912221
129,10,2.913546
130,10,2.903210
131,10,2.904331
132,10,2.893792
133,10,2.902417
134,10,2.896880
135,10,2.905305
136,10,2.886661
137,10,2.883329
138,10,2.883753
139,10,2.887927
140,10,2.884303
141,10,2.881920
142,10,2.889660
143,10,2.885744
144,10,2.916413
145,10,2.908463
146,10,2.917164
147,10,2.912804
148,10,2.912270
149,10,2.916825
150,10,2.908402
151,10,2.907592
152,10,2.915720
153,10,2.906845
154,10,2.913446
155,10,2.913571
156,10,2.916131
157,10,2.914743
158,10,2.906876
159,10,2.909148
160,10,2.908132
161,10,2.911894
162,10,2.909119
163,10,2.908831
164,10,2.917451
165,10,2.913129
166,10,2.917709
167,10,2.909352
168,10,2.909894
169,10,2.912912
170,10,2.909413
171,10,2.912248
172,10,2.912413
173,10,2.908629
174,10,2.911185
175,10,2.911064
176,10,2.910845
177,10,2.905412
178,10,2.912705
179,10,2.904487
180,10,2.906470
181,10,2.909614
182,10,2.912656
183,10,2.906635
184,10,2.909475
185,10,2.900652
186,10,2.907136
187,10,2.897288
188,10,2.903578
189,10,2.902054
190,10,2.900420
191,10,2.906382
192,10,2.900672
193,10,2.897457
194,10,2.899225
195,10,2.897606
196,10,2.903011
197,10,2.900591
198,10,2.905753
199,10,2.903086
200,10,2.908679
201,10,2.901925
202,10,2.905357
203,10,2.909899
204,10,2.903513
205,10,2.903951
206,10,2.896543
207,10,2.904403
208,10,2.886005
209,10,2.885888
210,10,2.885618
211,10,2.889978
212,10,2.893273
213,10,2.888699
214,10,2.896528
215,10,2.889044
216,10,2.891695
217,10,2.887555
218,10,2.889875
219,10,2.889306
220,10,2.883573
221,10,2.889200
222,10,2.880461
223,10,2.878006
224,10,2.866360
225,10,2.867365
226,10,2.869527
227,10,2.870113
228,10,2.860358
229,10,2.868206
230,10,2.867060
231,10,2.862883
232,10,2.863907
233,10,2.859231
234,10,2.848268
235,10,2.852066
236,10,2.848355
237,10,2.846436
238,10,2.838385
239,10,2.839124
240,10,2.828608
241,10,2.831348
242,10,2.820158
243,10,2.823659
244,10,2.817843
245,10,2.801738
246,10,2.804339
247,10,2.801428
248,10,2.795694
249,10,2.793436
250,10,2.793315
251,10,2.782396
252,10,2.775153
253,10,2.773834
254,10,2.765262
255,10,2.760592
0,11,2.816675
1,11,2.811905
2,11,2.817116
3,11,2.829380
4,11,2.835220
5,11,2.835677
6,11,2.835319
7,11,2.848013
8,11,2.845046
9,11,2.846346
10,11,2.842862
11,11,2.850711
12,11,2.847305
13,11,2.843127
14,11,2.846449
15,11,2.851188
16,11,2.864427
17,11,2.864816
18,11,2.859601
19,11,2.861917
20,11,2.871985
21,11,2.873933
22,11,2.869361
23,11,2.886370
24,11,2.869830
25,11,2.866053
26,11,2.872246
27,11,2.869347
28,11,2.867466
29,11,2.871975
30,11,2.873598
31,11,2.872787
32,11,2.885638
33,11,2.885741
34,11,2.886716
35,11,2.886561
36,11,2.898791
37,11,2.899302
38,11,2.887212
39,11,2.902851
40,11,2.898235
41,11,2.890485
42,11,2.890296
43,11,2.889193
44,11,2.884896
45,11,2.888167
46,11,2.890596
47,11,2.897478
48,11,2.900379
49,11,2.898650
50,11,2.893615
51,11,2.900015
52,11,2.902442
53,11,2.904177
54,11,2.898681
55,11,2.912334
56,11,2.895051
57,11,2.900271
58,11,2.898194
59,11,2.892154
60,11,2.898755
61,11,2.895921
62,11,2.897285
63,11,2.894691
64,11,2.918962
65,11,2.912309
66,11,2.914458
67,11,2.911457
68,11,2.919595
69,11,2.920262
70,11,2.918185
71,11,2.930217
72,11,2.919034
73,11,2.911607
74,11,2.909152
75,11,2.913094
76,11,2.905382
77,11,2.902649
78,11,2.902456
79,11,2.902016
80,11,2.914437
81,11,2.906272
82,11,2.909570
83,11,2.914015
84,11,2.917128
85,11,2.917540
86,11,2.916616
87,11,2.932259
88,11,2.915738
89,11,2.914533
90,11,2.910642
91,11,2.913072
92,11,2.908986
93,11,2.911243
94,11,2.906975
95,11,2.906469
96,11,2.914298
97,11,2.911397
98,11,2.914829
99,11,2.915598
100,11,2.922697
101,11,2.927137
102,11,2.919927
103,11,2.938308
104,11,2.923256
105,11,2.923466
106,11,2.926144
107,11,2.918468
108,11,2.918406
109,11,2.918254
110,11,2.920564
111,11,2.920230
112,11,2.919274
113,11,2.918486
114,11,2.931102
115,11,2.907619
116,11,2.904628
117,11,2.913085
118,11,2.906047
119,11,2.912387
120,11,2.910934
121,11,2.915157
122,11,2.914129
123,11,2.914313
124,11,2.914400
125,11,2.918246
126,11,2.910437
127,11,2.902533
128,11,2.907390
129,11,2.908699
130,11,2.898345
131,11,2.903311
132,11,2.900455
133,11,2.909076
134,11,2.891944
135,11,2.884944
136,11,2.893269
137,11,2.886078
138,11,2.882652
139,11,2.886829
140,11,2.879357
141,11,2.884650
142,11,2.888545
143,11,2.884639
144,11,2.915298
145,11,2.915055
146,11,2.912168
147,11,2.911744
148,11,2.918935
149,11,2.914476
150,11,2.911222
151,11,2.914286
152,11,2.909397
153,11,2.917408
154,11,2.920180
155,11,2.915153
156,11,2.911325
157,11,2.913816
158,11,2.909796
159,11,2.914023
160,11,2.910715
161,11,2.910639
162,11,2.914326
163,11,2.907631
164,11,2.914991
165,11,2.919588
166,11,2.911341
167,11,2.908113
168,11,2.908643
169,11,2.907831
170,11,2.908175
171,11,2.907180
172,11,2.907337
173,11,2.910011
174,11,2.898422
175,11,2.909853
176,11,2.908395
177,11,2.908342
178,11,2.907943
179,11,2.906215
180,11,2.909474
181,11,2.908781
182,11,2.910614
183,11,2.909722
184,11,2.901022
185,11,2.903778
186,11,2.901356
187,11,2.907758
188,11,2.906794
189,11,2.897589
190,11,2.898617
191,11,2.908460
192,11,2.895075
193,11,2.900841
194,11,2.902641
195,11,2.904896
196,11,2.901416
197,11,2.899031
198,11,2.908084
199,11,2.902252
200,11,2.899519
201,11,2.904366
202,11,2.901377
203,11,2.906695
204,11,2.903464
205,11,2.903950
206,11,2.900444
207,11,2.901470
208,11,2.889997
209,11,2.886083
210,11,2.890614
211,11,2.894127
212,11,2.897483
213,11,2.893939
214,11,2.889293
215,11,2.888331
216,11,2.895950
217,11,2.890818
218,11,2.886608
219,11,2.888847
220,11,2.883191
221,11,2.886240
222,11,2.880224
223,11,2.879113
224,11,2.865011
225,11,2.872522
226,11,2.861876
227,11,2.871659
228,11,2.864442
229,11,2.866157
230,11,2.854638
231,11,2.861080
232,11,2.860648
233,11,2.853869
234,11,2.852930
235,11,2.853422
236,11,2.849367
237,11,2.849401
238,11,2.841508
239,11,2.839184
240,11,2.828221
241,11,2.825267
242,11,2.820174
243,11,2.822525
244,11,2.812169
245,11,2.817770
246,11,2.811521
247,11,2.811622
248,11,2.800847
249,11,2.801304
250,11,2.787263
251,11,2.784463
252,11,2.779944
253,11,2.768345
254,11,2.768199
255,11,2.762408
0,12,2.821183
1,12,2.822659
2,12,2.821228
3,12,2.834916
4,12,2.837660
5,12,2.835333
6,12,2.840451
7,12,2.857616
8,12,2.846779
9,12,2.843412
10,12,2.841622
11,12,2.844268
12,12,2.847902
13,12,2.852999
14,12,2.844625
15,12,2.850282
16,12,2.866192
17,12,2.868776
18,12,2.864943
19,12,2.865966
20,12,2.868000
21,12,2.871231
22,12,2.872911
23,12,2.887286
24,12,2.868201
25,12,2.870629
26,12,2.871659
27,12,2.869863
28,12,2.870593
29,12,2.876150
30,12,2.876593
31,12,2.874109
32,12,2.884682
33,12,2.885733
34,12,2.881792
35,12,2.894096
36,12,2.897612
37,12,2.890359
38,12,2.902216
39,12,2.909221
40,12,2.897687
41,12,2.892910
42,12,2.892671
43,12,2.892293
44,12,2.891040
45,12,2.890414
46,12,2.889656
47,12,2.895797
48,12,2.902509
49,12,2.905243
50,12,2.903383
51,12,2.898188
52,12,2.908284
53,12,2.906141
54,12,2.904465
55,12,2.921938
56,12,2.904624
57,12,2.903277
58,12,2.905025
59,12,2.895106
60,12,2.896639
61,12,2.897641
62,12,2.898979
63,12,2.897528
64,12,2.914073
65,12,2.918958
66,12,2.912184
67,12,2.916540
68,12,2.914611
69,12,2.919116
70,12,2.915817
71,12,2.935537
72,12,2.913964
73,12,2.910377
74,12,2.902623
75,12,2.911609
76,12,2.911608
77,12,2.907659
78,12,2.904813
79,12,2.900680
80,12,2.919569
81,12,2.916452
82,12,2.912041
83,12,2.912598
84,12,2.911856
85,12,2.918725
86,12,2.915162
87,12,2.925701
88,12,2.914253
89,12,2.916902
90,12,2.912982
91,12,2.907739
92,12,2.911345
93,12,2.905916
94,12,2.909342
95,12,2.907576
96,12,2.916923
97,12,2.914000
98,12,2.913590
99,12,2.918190
100,12,2.921449
101,12,2.922016
102,12,2.918640
103,12,2.940888
104,12,2.925775
105,12,2.929836
106,12,2.920998
107,12,2.917159
108,12,2.920936
109,12,2.920770
110,12,2.919247
111,12,2.915048
112,12,2.916210
113,12,2.932743
114,12,2.930564
115,12,2.912231
116,12,2.918846
117,12,2.908040
118,12,2.912538
119,12,2.913090
120,12,2.911622
121,12,2.904936
122,12,2.916765
123,12,2.913090
124,12,2.918954
125,12,2.920872
126,12,2.899579
127,12,2.905162
128,12,2.902393
129,12,2.903683
130,12,2.901016
131,12,2.902122
132,12,2.899261
133,12,2.900156
134,12,2.897104
135,12,2.899102
136,12,2.888153
137,12,2.892520
138,12,2.885236
139,12,2.889422
140,12,2.881950
141,12,2.882091
142,12,2.883410
143,12,2.883365
144,12,2.910197
145,12,2.913823
146,12,2.914774
147,12,2.914368
148,12,2.906167
149,12,2.909433
150,12,2.917604
151,12,2.916822
152,12,2.915948
153,12,2.916244
154,12,2.915187
155,12,2.914037
156,12,2.914054
157,12,2.912719
158,12,2.912547
159,12,2.911023
160,12,2.911893
161,12,2.913074
162,12,2.912924
163,12,2.913920
164,12,2.909739
165,12,2.906699
166,12,2.910044
167,12,2.914525
168,12,2.913839
169,12,2.910430
170,12,2.905710
171,12,2.909823
172,12,2.909988
173,12,2.904996
174,12,2.904974
175,12,2.907503
176,12,2.907294
177,12,2.910841
178,12,2.905384
179,12,2.908740
180,12,2.911998
181,12,2.902401
182,12,2.913507
183,12,2.904927
184,12,2.906610
185,12,2.905536
186,12,2.904358
187,12,2.903077
188,12,2.900500
189,12,2.903317
190,12,2.901737
191,12,2.896195
192,12,2.898249
193,12,2.899006
194,12,2.900838
195,12,2.903116
196,12,2.900884
197,12,2.906240
198,12,2.899917
199,12,2.908338
200,12,2.905645
201,12,2.902826
202,12,2.899881
203,12,2.909083
204,12,2.902044
205,12,2.898724
206,12,2.899903
207,12,2.896330
208,12,2.884909
209,12,2.885752
210,12,2.893326
211,12,2.889190
212,12,2.893530
213,12,2.892960
214,12,2.892229
215,12,2.896188
216,12,2.891298
217,12,2.891143
218,12,2.889784
219,12,2.888244
220,12,2.883808
221,12,2.881922
222,12,2.877191
223,12,2.874941
224,12,2.867256
225,12,2.864626
226,12,2.870818
227,12,2.863930
228,12,2.862070
229,12,2.866312
230,12,2.864086
231,12,2.864021
232,12,2.862638
233,12,2.862096
234,12,2.851366
235,12,2.854163
236,12,2.846846
237,12,2.848274
238,12,2.838712
239,12,2.846116
240,12,2.824392
241,12,2.824840
242,12,2.823779
243,12,2.824223
244,12,2.822586
245,12,2.814257
246,12,2.813648
247,12,2.811102
248,12,2.804396
249,12,2.803914
250,12,2.796498
251,12,2.788737
252,12,2.783100
253,12,2.778391
254,12,2.769440
255,12,2.772998
0,13,2.821870
1,13,2.836001
2,13,2.835418
3,13,2.837356
4,13,2.839018
5,13,2.838590
6,13,2.842339
7,13,2.847037
8,13,2.845660
9,13,2.840954
10,13,2.844914
11,13,2.844804
12,13,2.850023
13,13,2.852143
14,13,2.849131
15,13,2.848142
16,13,2.873937
17,13,2.870210
18,13,2.875199
19,13,2.865762
20,13,2.869091
21,13,2.874708
22,13,2.881471
23,13,2.871338
24,13,2.865007
25,13,2.869967
26,13,2.864403
27,13,2.872912
28,13,2.870845
29,13,2.871360
30,13,2.876660
31,13,2.876900
32,13,2.896160
33,13,2.888433
34,13,2.896957
35,13,2.896686
36,13,2.893357
37,13,2.892846
38,13,2.896941
39,13,2.896200
40,13,2.892319
41,13,2.892149
42,13,2.891069
43,13,2.890644
44,13,2.889356
45,13,2.892538
46,13,2.895590
47,13,2.893995
48,13,2.904519
49,13,2.907214
50,13,2.901473
51,13,2.907800
52,13,2.898597
53,13,2.905265
54,13,2.907409
55,13,2.905588
56,13,2.903655
57,13,2.901130
58,13,2.895144
59,13,2.904461
60,13,2.903250
61,13,2.900384
62,13,2.897847
63,13,2.895207
64,13,2.919435
65,13,2.917735
66,13,2.918312
67,13,2.919142
68,13,2.919873
69,13,2.912801
70,13,2.918342
71,13,2.926231
72,13,2.911182
73,13,2.908754
74,13,2.908929
75,13,2.912862
76,13,2.902454
77,13,2.913908
78,13,2.906004
79,13,2.906884
80,13,2.917936
81,13,2.917476
82,13,2.921956
83,13,2.921314
84,13,2.925617
85,13,2.917088
86,13,2.913508
87,13,2.912502
88,13,2.908745
89,13,2.907556
90,13,2.907474
91,13,2.913807
92,13,2.909694
93,13,2.904283
94,13,2.907697
95,13,2.909805
96,13,2.919387
97,13,2.926782
98,13,2.916041
99,13,2.924473
100,13,2.923890
101,13,2.924438
102,13,2.928750
103,13,2.924042
104,13,2.916617
105,13,2.924514
106,13,2.915681
107,13,2.915695
108,13,2.915619
109,13,2.918072
110,13,2.917818
111,13,2.921261
112,13,2.911056
113,13,2.912160
114,13,2.917703
115,13,2.912826
116,13,2.913649
117,13,2.904747
118,13,2.911162
119,13,2.915558
120,13,2.912155
121,13,2.915120
122,13,2.915386
123,13,2.915560
124,13,2.915641
125,13,2.921409
126,13,2.911675
127,13,2.903775
128,13,2.897228
129,13,2.894650
130,13,2.899671
131,13,2.900753
132,13,2.901740
133,13,2.894926
134,13,2.895724
135,13,2.901530
136,13,2.898286
137,13,2.898801
138,13,2.899224
139,13,2.891849
140,13,2.884381
141,13,2.880672
142,13,2.885820
143,13,2.889635
144,13,2.904931
145,13,2.916236
146,13,2.908217
147,13,2.912902
148,13,2.912410
149,13,2.911829
150,13,2.920094
151,13,2.915481
152,13,2.918481
153,13,2.914915
154,13,2.917735
155,13,2.916609
156,13,2.912767
157,13,2.907604
158,13,2.913906
159,13,2.905930
160,13,2.910332
161,13,2.915350
162,13,2.911363
163,13,2.908493
164,13,2.915887
165,13,2.908981
166,13,2.912345
167,13,2.916815
168,13,2.912296
169,13,2.912730
170,13,2.908032
171,13,2.908284
172,13,2.911111
173,13,2.907325
174,13,2.909970
175,13,2.909852
176,13,2.902172
177,13,2.908408
178,13,2.908022
179,13,2.911392
180,13,2.909642
181,13,2.916673
182,13,2.908194
183,13,2.902301
184,13,2.905184
185,13,2.908345
186,13,2.902171
187,13,2.900914
188,13,2.895700
189,13,2.898087
190,13,2.896977
191,13,2.901861
192,13,2.896239
193,13,2.905918
194,13,2.900075
195,13,2.898522
196,13,2.902871
197,13,2.904408
198,13,2.905828
199,13,2.907755
200,13,2.905100
201,13,2.902322
202,13,2.903270
203,13,2.899787
204,13,2.900499
205,13,2.897225
206,13,2.898439
207,13,2.894915
208,13,2.887397
209,13,2.884427
210,13,2.892055
211,13,2.887975
212,13,2.892358
213,13,2.887996
214,13,2.888285
215,13,2.895186
216,13,2.890361
217,13,2.882553
218,13,2.881264
219,13,2.884744
220,13,2.886976
221,13,2.886320
222,13,2.876645
223,13,2.875691
224,13,2.859125
225,13,2.861713
226,13,2.862845
227,13,2.865102
228,13,2.858119
229,13,2.867731
230,13,2.860315
231,13,2.861851
232,13,2.862885
233,13,2.867885
234,13,2.855672
235,13,2.856400
236,13,2.847520
237,13,2.847802
238,13,2.849098
239,13,2.843258
240,13,2.827430
241,13,2.826779
242,13,2.827740
243,13,2.820089
244,13,2.816527
245,13,2.822459
246,13,2.820406
247,13,2.815481
248,13,2.802780
249,13,2.807474
250,13,2.801574
251,13,2.791483
252,13,2.787397
253,13,2.782946
254,13,2.772764
255,13,2.767464
0,14,2.817005
1,14,2.827081
2,14,2.829162
3,14,2.833067
4,14,2.837223
5,14,2.842297
6,14,2.843267
7,14,2.845884
8,14,2.841318
9,14,2.845391
10,14,2.850990
11,14,2.846882
12,14,2.845277
13,14,2.853939
14,14,2.845343
15,14,2.851971
16,14,2.871468
17,14,2.861159
18,14,2.868641
19,14,2.859092
20,14,2.872499
21,14,2.875503
22,14,2.877010
23,14,2.874645
24,14,2.868124
25,14,2.878058
26,14,2.871230
27,14,2.871973
28,14,2.873685
29,14,2.874143
30,14,2.879373
31,14,2.887267
32,14,2.887221
33,14,2.887151
34,14,2.887908
35,14,2.887590
36,14,2.895762
37,14,2.899928
38,14,2.895396
39,14,2.895437
40,14,2.894535
41,14,2.894315
42,14,2.893199
43,14,2.888874
44,14,2.888269
45,14,2.890691
46,14,2.893700
47,14,2.892730
48,14,2.898706
49,14,2.902464
50,14,2.904403
51,14,2.899136
52,14,2.901457
53,14,2.907516
54,14,2.901379
55,14,2.911085
56,14,2.901416
57,14,2.898870
58,14,2.897816
59,14,2.895550
60,14,2.900884
61,14,2.894148
62,14,2.899292
63,14,2.897743
64,14,2.918098
65,14,2.914891
66,14,2.915799
67,14,2.917728
68,14,2.922296
69,14,2.919061
70,14,2.919314
71,14,2.917030
72,14,2.913527
73,14,2.913781
74,14,2.911221
75,14,2.907438
76,14,2.903383
77,14,2.904420
78,14,2.900376
79,14,2.903945
80,14,2.912421
81,14,2.911956
82,14,2.916402
83,14,2.915756
84,14,2.923815
85,14,2.915298
86,14,2.922099
87,14,2.914562
88,14,2.913476
89,14,2.909615
90,14,2.908347
91,14,2.912016
92,14,2.910564
93,14,2.910203
94,14,2.909752
95,14,2.908026
96,14,2.910134
97,14,2.921390
98,14,2.918334
99,14,2.919041
100,14,2.918468
101,14,2.922850
102,14,2.918243
103,14,2.926301
104,14,2.918859
105,14,2.922887
106,14,2.917923
107,14,2.921774
108,14,2.921685
109,14,2.920301
110,14,2.916182
111,14,2.919672
112,14,2.917300
113,14,2.918372
114,14,2.916227
115,14,2.911336
116,14,2.912147
117,14,2.905160
118,14,2.909628
119,14,2.908236
120,14,2.908672
121,14,2.905883
122,14,2.909993
123,14,2.910164
124,14,2.917948
125,14,2.917937
126,14,2.902423
127,14,2.898378
128,14,2.895757
129,14,2.897016
130,14,2.902038
131,14,2.903096
132,14,2.892518
133,14,2.893405
134,14,2.898038
135,14,2.903811
136,14,2.900556
137,14,2.904925
138,14,2.893784
139,14,2.886412
140,14,2.886654
141,14,2.890656
142,14,2.888073
143,14,2.891896
144,14,2.914895
145,14,2.918537
146,14,2.906682
147,14,2.915207
148,14,2.914733
149,14,2.914171
150,14,2.914720
151,14,2.913980
152,14,2.920855
153,14,2.912228
154,14,2.920122
155,14,2.911315
156,14,2.915172
157,14,2.913887
158,14,2.912510
159,14,2.912235
160,14,2.908616
161,14,2.909766
162,14,2.913501
163,14,2.909441
164,14,2.910322
165,14,2.909940
166,14,2.918345
167,14,2.917786
168,14,2.914452
169,14,2.913715
170,14,2.906347
171,14,2.914297
172,14,2.913467
173,14,2.913543
174,14,2.908521
175,14,2.912267
176,14,2.903210
177,14,2.902916
178,14,2.910233
179,14,2.904752
180,14,2.904468
181,14,2.911514
182,14,2.913470
183,14,2.908765
184,14,2.911667
185,14,2.901772
186,14,2.901010
187,14,2.899775
188,14,2.898437
189,14,2.895861
190,14,2.902021
191,14,2.896988
192,14,2.902952
193,14,2.896116
194,14,2.901862
195,14,2.900333
196,14,2.905872
197,14,2.899738
198,14,2.903914
199,14,2.905868
200,14,2.910957
201,14,2.904365
202,14,2.906029
203,14,2.903061
204,14,2.896111
205,14,2.896735
206,14,2.894131
207,14,2.893375
208,14,2.886708
209,14,2.890681
210,14,2.890656
211,14,2.887502
212,14,2.894910
213,14,2.890606
214,14,2.887089
215,14,2.894052
216,14,2.890287
217,14,2.889239
218,14,2.881362
219,14,2.883848
220,14,2.882300
221,14,2.877850
222,14,2.879811
223,14,2.878920
224,14,2.866263
225,14,2.868918
226,14,2.862432
227,14,2.864760
228,14,2.861724
229,14,2.863707
230,14,2.873234
231,14,2.869568
232,14,2.855603
233,14,2.860358
234,14,2.853703
235,14,2.864493
236,14,2.853562
237,14,2.857840
238,14,2.848588
239,14,2.853602
240,14,2.828366
241,14,2.835537
242,14,2.827059
243,14,2.820168
244,14,2.820069
245,14,2.818486
246,14,2.814437
247,14,2.816092
248,14,2.814848
249,14,2.805817
250,14,2.798792
251,14,2.795289
252,14,2.796569
253,14,2.789696
254,14,2.781203
255,14,2.776176
0,15,2.818557
1,15,2.826821
2,15,2.827550
3,15,2.833021
4,15,2.838227
5,15,2.841283
6,15,2.844798
7,15,2.849218
8,15,2.851362
9,15,2.847578
10,15,2.847431
11,15,2.855330
12,15,2.847030
13,15,2.850091
14,15,2.854508
15,15,2.853305
16,15,2.866228
17,15,2.869960
18,15,2.868205
19,15,2.866285
20,15,2.869386
21,15,2.874826
22,15,2.876428
23,15,2.873838
24,15,2.874958
25,15,2.873253
26,15,2.874070
27,15,2.868158
28,15,2.876393
29,15,2.877850
30,15,2.878106
31,15,2.883094
32,15,2.890795
33,15,2.882840
34,15,2.890292
35,15,2.890830
36,15,2.894191
37,15,2.902155
38,15,2.905287
39,15,2.901424
40,15,2.896631
41,15,2.888656
42,15,2.892102
43,15,2.890840
44,15,2.895117
45,15,2.893656
46,15,2.896623
47,15,2.895613
48,15,2.897709
49,15,2.908034
50,15,2.906681
51,15,2.900790
52,15,2.906930
53,15,2.909103
54,15,2.906796
55,15,2.909845
56,15,2.904000
57,15,2.905289
58,15,2.899248
59,15,2.896954
60,15,2.897993
61,15,2.896595
62,15,2.897864
63,15,2.902886
64,15,2.911306
65,15,2.905678
66,15,2.914273
67,15,2.911212
68,15,2.919321
69,15,2.921034
70,15,2.917703
71,15,2.918131
72,15,2.923419
73,15,2.915738
74,15,2.912049
75,15,2.905523
76,15,2.909357
77,15,2.905394
78,15,2.902453
79,15,2.909736
80,15,2.910486
81,15,2.910030
82,15,2.905629
83,15,2.909969
84,15,2.913094
85,15,2.921112
86,15,2.916352
87,15,2.920326
88,15,2.919254
89,15,2.911526
90,15,2.902567
91,15,2.913928
92,15,2.908640
93,15,2.908267
94,15,2.906648
95,15,2.909949
96,15,2.919991
97,15,2.915845
98,15,2.920474
99,15,2.919999
100,15,2.920598
101,15,2.928814
102,15,2.924219
103,15,2.920701
104,15,2.924801
105,15,2.916086
106,15,2.916158
107,15,2.916142
108,15,2.923744
109,15,2.910819
110,15,2.914392
111,15,2.917904
112,15,2.915685
113,15,2.920593
114,15,2.916521
115,15,2.917398
116,15,2.910491
117,15,2.903481
118,15,2.904088
119,15,2.908458
120,15,2.911563
121,15,2.908050
122,15,2.904450
123,15,2.904616
124,15,2.904691
125,15,2.898899
126,15,2.900724
127,15,2.898607
128,15,2.890280
129,15,2.891522
130,15,2.904233
131,15,2.901431
132,15,2.898538
133,15,2.899421
134,15,2.896346
135,15,2.900887
136,15,2.902682
137,15,2.895485
138,15,2.888198
139,15,2.884676
140,15,2.884923
141,15,2.885076
142,15,2.882468
143,15,2.886299
144,15,2.913158
145,15,2.909124
146,15,2.904991
147,15,2.909651
148,15,2.909196
149,15,2.912505
150,15,2.915726
151,15,2.916177
152,15,2.911515
153,15,2.914468
154,15,2.910796
155,15,2.913571
156,15,2.908548
157,15,2.908456
158,15,2.907104
159,15,2.914532
160,15,2.910602
161,15,2.906734
162,15,2.911635
163,15,2.907592
164,15,2.916166
165,15,2.908095
166,15,2.916489
167,15,2.912096
168,15,2.912605
169,15,2.912014
170,15,2.908505
171,15,2.911480
172,15,2.907790
173,15,2.910587
174,15,2.906715
175,15,2.914309
176,15,2.909130
177,15,2.905223
178,15,2.899876
179,15,2.907114
180,15,2.902699
181,15,2.904778
182,15,2.907878
183,15,2.907361
184,15,2.901464
185,15,2.904288
186,15,2.899306
187,15,2.900818
188,15,2.899902
189,15,2.898486
190,15,2.904671
191,15,2.901938
192,15,2.896835
193,15,2.902720
194,15,2.900790
195,15,2.897643
196,15,2.907601
197,15,2.905354
198,15,2.906844
199,15,2.901117
200,15,2.898538
201,15,2.902438
202,15,2.900279
203,15,2.897352
204,15,2.894297
205,15,2.895690
206,15,2.888544
207,15,2.896674
208,15,2.886191
209,15,2.886362
210,15,2.886390
211,15,2.890982
212,15,2.889630
213,15,2.886288
214,15,2.889617
215,15,2.888936
216,15,2.881366
217,15,2.888089
218,15,2.884117
219,15,2.882819
220,15,2.882431
221,15,2.880802
222,15,2.883985
223,15,2.875431
224,15,2.866761
225,15,2.868276
226,15,2.866999
227,15,2.860422
228,15,2.862668
229,15,2.859536
230,15,2.861434
231,15,2.865576
232,15,2.867104
233,15,2.856899
234,15,2.861522
235,15,2.858623
236,15,2.853887
237,15,2.854410
238,15,2.854729
239,15,2.845352
240,15,2.834819
241,15,2.834445
242,15,2.831910
243,15,2.823308
244,15,2.822162
245,15,2.816014
246,15,2.822000
247,15,2.816150
248,15,2.811587
249,15,2.808943
250,15,2.807219
251,15,2.805319
252,15,2.793939
253,15,2.793769
254,15,2.782935
255,15,2.783094
0,16,2.797880
1,16,2.807620
2,16,2.805524
3,16,2.816749
4,16,2.816802
5,16,2.813880
6,16,2.818421
7,16,2.820702
8,16,2.824737
9,16,2.827450
10,16,2.821188
11,16,2.828402
12,16,2.827712
13,16,2.828390
14,16,2.826195
15,16,2.828762
16,16,2.840305
17,16,2.838638
18,16,2.836805
19,16,2.847708
20,16,2.849378
21,16,2.851095
22,16,2.848583
23,16,2.849780
24,16,2.844309
25,16,2.852906
26,16,2.854783
27,16,2.859236
28,16,2.856920
29,16,2.857245
30,16,2.853596
31,16,2.862372
32,16,2.866171
33,16,2.866939
34,16,2.862787
35,16,2.867119
36,16,2.874290
37,16,2.870640
38,16,2.866843
39,16,2.869817
40,16,2.869613
41,16,2.880080
42,16,2.883480
43,16,2.882184
44,16,2.881490
45,16,2.876144
46,16,2.875217
47,16,2.874167
48,16,2.880088
49,16,2.882669
50,16,2.885134
51,16,2.883070
52,16,2.886377
53,16,2.887994
54,16,2.882337
55,16,2.884276
56,16,2.893340
57,16,2.887376
58,16,2.890071
59,16,2.891605
60,16,2.892628
61,16,2.890122
62,16,2.887514
63,16,2.893214
64,16,2.890426
65,16,2.883686
66,16,2.892261
67,16,2.897655
68,16,2.894497
69,16,2.895096
70,16,2.888969
71,16,2.892994
72,16,2.889476
73,16,2.902355
74,16,2.898655
75,16,2.898715
76,16,2.895746
77,16,2.895641
78,16,2.891591
79,16,2.892395
80,16,2.892019
81,16,2.896402
82,16,2.899716
83,16,2.900185
84,16,2.899468
85,16,2.899764
86,16,2.895016
87,16,2.901734
88,16,2.901770
89,16,2.905587
90,16,2.900495
91,16,2.904137
92,16,2.896939
93,16,2.898480
94,16,2.900731
95,16,2.896316
96,16,2.893895
97,16,2.902445
98,16,2.899347
99,16,2.898882
100,16,2.899462
101,16,2.903731
102,16,2.895309
103,16,2.899494
104,16,2.899740
105,16,2.906463
106,16,2.898829
107,16,2.902666
108,16,2.898710
109,16,2.897374
110,16,2.908655
111,16,2.900578
112,16,2.894654
113,16,2.898375
114,16,2.895476
115,16,2.888634
116,16,2.893262
117,16,2.890095
118,16,2.898399
119,16,2.898908
120,16,2.896249
121,16,2.902363
122,16,2.894905
123,16,2.895065
124,16,2.895138
125,16,2.891271
126,16,2.891170
127,16,2.889055
128,16,2.880797
129,16,2.882025
130,16,2.883160
131,16,2.876499
132,16,2.873601
133,16,2.866760
134,16,2.867535
135,16,2.868221
136,16,2.866124
137,16,2.870485
138,16,2.878611
139,16,2.875091
140,16,2.879189
141,16,2.887053
142,16,2.875566
143,16,2.876700
144,16,2.899715
145,16,2.895670
146,16,2.895392
147,16,2.900026
148,16,2.899574
149,16,2.899034
150,16,2.898406
151,16,2.898834
152,16,2.898030
153,16,2.900990
154,16,2.908855
155,16,2.904116
156,16,2.883706
157,16,2.891315
158,16,2.886135
159,16,2.880863
160,16,2.904735
161,16,2.893176
162,16,2.898064
163,16,2.897890
164,16,2.898746
165,16,2.894545
166,16,2.899076
167,16,2.902500
168,16,2.898053
169,16,2.906186
170,16,2.906522
171,16,2.909518
172,16,2.886557
173,16,2.885523
174,16,2.889353
175,16,2.884495
176,16,2.892011
177,16,2.894485
178,16,2.901816
179,16,2.893642
180,16,2.892271
181,16,2.899337
182,16,2.898600
183,16,2.892828
184,16,2.899606
185,16,2.895086
186,16,2.896746
187,16,2.903245
188,16,2.882674
189,16,2.884457
190,16,2.879110
191,16,2.881364
192,16,2.891219
193,16,2.888817
194,16,2.886917
195,16,2.888761
196,16,2.891034
197,16,2.888820
198,16,2.893118
199,16,2.898380
200,16,2.896433
201,16,2.897624
202,16,2.902547
203,16,2.892607
204,16,2.876956
205,16,2.878381
206,16,2.871280
207,16,2.875603
208,16,2.872862
209,16,2.873083
210,16,2.877015
211,16,2.877795
212,16,2.873755
213,16,2.885867
214,16,2.877697
215,16,2.881868
216,16,2.881114
217,16,2.877332
218,16,2.883982
219,16,2.882754
220,16,2.867010
221,16,2.861604
222,16,2.860993
223,16,2.859097
224,16,2.862047
225,16,2.855937
226,16,2.854727
227,16,2.857224
228,16,2.858260
229,16,2.848866
230,16,2.849489
231,16,2.851301
232,16,2.855340
233,16,2.852925
234,16,2.854185
235,16,2.854821
236,16,2.832559
237,16,2.827706
238,16,2.828125
239,16,2.828336
240,16,2.830389
241,16,2.826268
242,16,2.823080
243,16,2.824256
244,16,2.819381
245,16,2.810399
246,16,2.810597
247,16,2.809918
248,16,2.811628
249,16,2.803038
250,16,2.804090
251,16,2.800974
252,16,2.787186
253,16,2.773120
254,16,2.776620
255,16,2.764340
0,17,2.799067
1,17,2.806927
2,17,2.812349
3,17,2.812556
4,17,2.817467
5,17,2.824025
6,17,2.824552
7,17,2.816058
8,17,2.823844
9,17,2.829266
10,17,2.821175
11,17,2.828294
12,17,2.829086
13,17,2.830863
14,17,2.825820
15,17,2.829762
16,17,2.835891
17,17,2.841852
18,17,2.845147
19,17,2.846900
20,17,2.847449
21,17,2.850153
22,17,2.847576
23,17,2.849898
24,17,2.854717
25,17,2.856677
26,17,2.853497
27,17,2.854041
28,17,2.859360
29,17,2.851927
30,17,2.856926
31,17,2.860792
32,17,2.865486
33,17,2.869104
34,17,2.873507
35,17,2.869182
36,17,2.873307
37,17,2.872607
38,17,2.872612
39,17,2.863989
40,17,2.879148
41,17,2.878021
42,17,2.877522
43,17,2.880046
44,17,2.883162
45,17,2.874593
46,17,2.872965
47,17,2.871876
48,17,2.885474
49,17,2.881341
50,17,2.883771
51,17,2.885536
52,17,2.883904
53,17,2.885498
54,17,2.883663
55,17,2.881719
56,17,2.887941
57,17,2.889657
58,17,2.895121
59,17,2.892359
60,17,2.889928
61,17,2.892287
62,17,2.881582
63,17,2.890428
64,17,2.891471
65,17,2.896986
66,17,2.897852
67,17,2.898623
68,17,2.896491
69,17,2.892957
70,17,2.889610
71,17,2.894925
72,17,2.891394
73,17,2.899122
74,17,2.896477
75,17,2.900394
76,17,2.888809
77,17,2.889752
78,17,2.897116
79,17,2.901753
80,17,2.889826
81,17,2.889367
82,17,2.897597
83,17,2.893041
84,17,2.901113
85,17,2.900315
86,17,2.896656
87,17,2.891828
88,17,2.891849
89,17,2.898402
90,17,2.898282
91,17,2.896965
92,17,2.896654
93,17,2.900109
94,17,2.898524
95,17,2.901804
96,17,2.895781
97,17,2.896604
98,17,2.901076
99,17,2.900634
100,17,2.905063
101,17,2.901699
102,17,2.897140
103,17,2.901309
104,17,2.901538
105,17,2.900568
106,17,2.900625
107,17,2.904448
108,17,2.899360
109,17,2.903010
110,17,2.898867
111,17,2.902371
112,17,2.894650
113,17,2.900329
114,17,2.897401
115,17,2.905958
116,17,2.891310
117,17,2.891975
118,17,2.892564
119,17,2.896919
120,17,2.896201
121,17,2.894604
122,17,2.892921
123,17,2.900780
124,17,2.895072
125,17,2.896983
126,17,2.891103
127,17,2.898622
128,17,2.878876
129,17,2.883941
130,17,2.877353
131,17,2.878392
132,17,2.875488
133,17,2.872481
134,17,2.869401
135,17,2.873937
136,17,2.871801
137,17,2.880016
138,17,2.884291
139,17,2.880768
140,17,2.884870
141,17,2.881180
142,17,2.877403
143,17,2.878516
144,17,2.897687
145,17,2.901374
146,17,2.897260
147,17,2.896912
148,17,2.897595
149,17,2.904779
150,17,2.900318
151,17,2.896884
152,17,2.903806
153,17,2.902935
154,17,2.903088
155,17,2.905892
156,17,2.893196
157,17,2.893080
158,17,2.888135
159,17,2.882888
160,17,2.902579
161,17,2.894887
162,17,2.899763
163,17,2.899604
164,17,2.895506
165,17,2.896265
166,17,2.895923
167,17,2.900372
168,17,2.892090
169,17,2.907921
170,17,2.907171
171,17,2.911266
172,17,2.887224
173,17,2.891315
174,17,2.890229
175,17,2.890127
176,17,2.893786
177,17,2.896285
178,17,2.892304
179,17,2.894636
180,17,2.897944
181,17,2.893451
182,17,2.891654
183,17,2.891148
184,17,2.894091
185,17,2.903584
186,17,2.902482
187,17,2.901663
188,17,2.883910
189,17,2.878673
190,17,2.881039
191,17,2.874988
192,17,2.892576
193,17,2.886942
194,17,2.885551
195,17,2.886369
196,17,2.888134
197,17,2.890337
198,17,2.891896
199,17,2.889487
200,17,2.890364
201,17,2.895446
202,17,2.896554
203,17,2.898203
204,17,2.875968
205,17,2.888983
206,17,2.874220
207,17,2.877533
208,17,2.878680
209,17,2.875097
210,17,2.879887
211,17,2.879899
212,17,2.875913
213,17,2.876508
214,17,2.876101
215,17,2.876464
216,17,2.877697
217,17,2.887448
218,17,2.884530
219,17,2.882468
220,17,2.869604
221,17,2.865349
222,17,2.863715
223,17,2.863032
224,17,2.864905
225,17,2.860074
226,17,2.857730
227,17,2.860295
228,17,2.846008
229,17,2.855949
230,17,2.850324
231,17,2.850849
232,17,2.844867
233,17,2.856508
234,17,2.861706
235,17,2.857466
236,17,2.832551
237,17,2.829452
238,17,2.832185
239,17,2.832498
240,17,2.832600
241,17,2.830669
242,17,2.826432
243,17,2.819249
244,17,2.816428
245,17,2.811424
246,17,2.817722
247,17,2.810053
248,17,2.808045
249,17,2.814625
250,17,2.804333
251,17,2.802896
252,17,2.780350
253,17,2.777928
254,17,2.785531
255,17,2.770819
0,18,2.808831
1,18,2.806691
2,18,2.815843
3,18,2.824737
4,18,2.816030
5,18,2.827168
6,18,2.827588
7,18,2.833401
8,18,2.829480
9,18,2.829202
10,18,2.828719
11,18,2.832434
12,18,2.827673
13,18,2.834284
14,18,2.830629
15,18,2.832996
16,18,2.842898
17,18,2.846293
18,18,2.848131
19,18,2.844931
20,18,2.851580
21,18,2.852934
22,18,2.855345
23,18,2.860239
24,18,2.853439
25,18,2.859176
26,18,2.863645
27,18,2.853632
28,18,2.857826
29,18,2.858046
30,18,2.859128
31,18,2.859092
32,18,2.871432
33,18,2.878857
34,18,2.871644
35,18,2.871130
36,18,2.871348
37,18,2.882167
38,18,2.874415
39,18,2.881166
40,18,2.877013
41,18,2.875851
42,18,2.879160
43,18,2.873945
44,18,2.873166
45,18,2.876115
46,18,2.879315
47,18,2.878187
48,18,2.887906
49,18,2.890415
50,18,2.888398
51,18,2.886845
52,18,2.885180
53,18,2.891610
54,18,2.889745
55,18,2.887299
56,18,2.885239
57,18,2.890779
58,18,2.892947
59,18,2.894447
60,18,2.888141
61,18,2.885208
62,18,2.891291
63,18,2.888558
64,18,2.896953
65,18,2.894042
66,18,2.899759
67,18,2.900513
68,18,2.897046
69,18,2.898650
70,18,2.891435
71,18,2.895455
72,18,2.889097
73,18,2.900888
74,18,2.893323
75,18,2.894232
76,18,2.894209
77,18,2.890243
78,18,2.894933
79,18,2.894643
80,18,2.899055
81,18,2.902457
82,18,2.899110
83,18,2.902336
84,18,2.898768
85,18,2.897981
86,18,2.902012
87,18,2.897195
88,18,2.897202
89,18,2.896062
90,18,2.895931
91,18,2.894628
92,18,2.898158
93,18,2.892823
94,18,2.900032
95,18,2.891743
96,18,2.901378
97,18,2.905906
98,18,2.901706
99,18,2.906203
100,18,2.902907
101,18,2.910003
102,18,2.902682
103,18,2.902982
104,18,2.905962
105,18,2.906090
106,18,2.906131
107,18,2.902248
108,18,2.901042
109,18,2.908546
110,18,2.904405
111,18,2.907877
112,18,2.902228
113,18,2.902124
114,18,2.899184
115,18,2.900024
116,18,2.893059
117,18,2.897567
118,18,2.896221
119,18,2.897535
120,18,2.897938
121,18,2.902115
122,18,2.898497
123,18,2.898651
124,18,2.898718
125,18,2.890997
126,18,2.894749
127,18,2.890711
128,18,2.884515
129,18,2.885714
130,18,2.879127
131,18,2.880142
132,18,2.873365
133,18,2.878075
134,18,2.871125
135,18,2.879513
136,18,2.880099
137,18,2.877848
138,18,2.885977
139,18,2.890162
140,18,2.882705
141,18,2.886725
142,18,2.882953
143,18,2.880192
144,18,2.899371
145,18,2.903048
146,18,2.898936
147,18,2.898590
148,18,2.899249
149,18,2.898731
150,18,2.898234
151,18,2.897557
152,18,2.897881
153,18,2.908589
154,18,2.896092
155,18,2.900004
156,18,2.895036
157,18,2.897684
158,18,2.885916
159,18,2.888622
160,18,2.896431
161,18,2.900312
162,18,2.896402
163,18,2.897326
164,18,2.897097
165,18,2.897846
166,18,2.897518
167,18,2.894253
168,18,2.893695
169,18,2.905665
170,18,2.897229
171,18,2.901318
172,18,2.896718
173,18,2.896791
174,18,2.888021
175,18,2.884063
176,18,2.890740
177,18,2.898175
178,18,2.896770
179,18,2.896318
180,18,2.895772
181,18,2.902086
182,18,2.897518
183,18,2.892854
184,18,2.890913
185,18,2.897964
186,18,2.896882
187,18,2.894668
188,18,2.893783
189,18,2.888569
190,18,2.878369
191,18,2.876806
192,18,2.891007
193,18,2.893106
194,18,2.886363
195,18,2.892609
196,18,2.890551
197,18,2.892236
198,18,2.893339
199,18,2.890965
200,18,2.896181
201,18,2.894189
202,18,2.887630
203,18,2.892129
204,18,2.885347
205,18,2.889998
206,18,2.875968
207,18,2.880383
208,18,2.881565
209,18,2.878030
210,18,2.877970
211,18,2.885738
212,18,2.877952
213,18,2.878589
214,18,2.878238
215,18,2.878645
216,18,2.878011
217,18,2.882030
218,18,2.877249
219,18,2.873311
220,18,2.875926
221,18,2.875577
222,18,2.866309
223,18,2.865684
224,18,2.863780
225,18,2.862864
226,18,2.860601
227,18,2.855525
228,18,2.854157
229,18,2.851336
230,18,2.857342
231,18,2.854110
232,18,2.852058
233,18,2.853693
234,18,2.842112
235,18,2.843363
236,18,2.842865
237,18,2.844798
238,18,2.833892
239,18,2.828798
240,18,2.829003
241,18,2.832847
242,18,2.815372
243,18,2.822574
244,18,2.821836
245,18,2.819984
246,18,2.814850
247,18,2.805601
248,18,2.811492
249,18,2.811027
250,18,2.804728
251,18,2.803133
252,18,2.793801
253,18,2.790350
254,18,2.782707
255,18,2.778562
0,19,2.809669
1,19,2.818958
2,19,2.818411
3,19,2.822227
4,19,2.823004
5,19,2.831249
6,19,2.833344
7,19,2.829536
8,19,2.833219
9,19,2.827958
10,19,2.828993
11,19,2.835890
12,19,2.831040
13,19,2.835200
14,19,2.829953
15,19,2.828387
16,19,2.847294
17,19,2.849217
18,19,2.849975
19,19,2.849013
20,19,2.858152
21,19,2.851734
22,19,2.857917
23,19,2.855044
24,19,2.853160
25,19,2.857700
26,19,2.858260
27,19,2.855884
28,19,2.860025
29,19,2.865036
30,19,2.865066
31,19,2.862067
32,19,2.873409
33,19,2.869231
34,19,2.881226
35,19,2.872964
36,19,2.869276
37,19,2.876203
38,19,2.879960
39,19,2.875116
40,19,2.878622
41,19,2.873573
42,19,2.880690
43,19,2.880278
44,19,2.879457
45,19,2.877873
46,19,2.884533
47,19,2.879515
48,19,2.889206
49,19,2.891680
50,19,2.889637
51,19,2.889034
52,19,2.886822
53,19,2.885034
54,19,2.894697
55,19,2.892230
56,19,2.887273
57,19,2.888934
58,19,2.890076
59,19,2.899256
60,19,2.893526
61,19,2.890966
62,19,2.888307
63,19,2.889063
64,19,2.894925
65,19,2.899701
66,19,2.900232
67,19,2.894272
68,19,2.891078
69,19,2.891643
70,19,2.900583
71,19,2.897129
72,19,2.889731
73,19,2.894608
74,19,2.894752
75,19,2.894806
76,19,2.895781
77,19,2.891664
78,19,2.892480
79,19,2.896050
80,19,2.895677
81,19,2.900002
82,19,2.899469
83,19,2.899873
84,19,2.899166
85,19,2.895513
86,19,2.902352
87,19,2.902429
88,19,2.901387
89,19,2.897441
90,19,2.893446
91,19,2.896009
92,19,2.895674
93,19,2.894207
94,19,2.901405
95,19,2.899757
96,19,2.902845
97,19,2.907495
98,19,2.907155
99,19,2.903927
100,19,2.904467
101,19,2.903866
102,19,2.908087
103,19,2.908329
104,19,2.895923
105,19,2.899903
106,19,2.903797
107,19,2.907606
108,19,2.902561
109,19,2.902346
110,19,2.902046
111,19,2.905548
112,19,2.895090
113,19,2.899928
114,19,2.893123
115,19,2.897791
116,19,2.898522
117,19,2.899169
118,19,2.903585
119,19,2.902993
120,19,2.903397
121,19,2.899857
122,19,2.900088
123,19,2.896383
124,19,2.898375
125,19,2.896431
126,19,2.890552
127,19,2.888442
128,19,2.890018
129,19,2.891203
130,19,2.896157
131,19,2.877902
132,19,2.878826
133,19,2.879664
134,19,2.872712
135,19,2.873382
136,19,2.881683
137,19,2.887110
138,19,2.887527
139,19,2.891714
140,19,2.880407
141,19,2.892133
142,19,2.880661
143,19,2.888370
144,19,2.897063
145,19,2.896915
146,19,2.892819
147,19,2.900196
148,19,2.893139
149,19,2.904198
150,19,2.903612
151,19,2.899087
152,19,2.899390
153,19,2.906398
154,19,2.901627
155,19,2.901681
156,19,2.892883
157,19,2.887848
158,19,2.887636
159,19,2.890129
160,19,2.896807
161,19,2.894043
162,19,2.894000
163,19,2.891061
164,19,2.894700
165,19,2.899292
166,19,2.898979
167,19,2.898524
168,19,2.899018
169,19,2.898392
170,19,2.902564
171,19,2.901905
172,19,2.886652
173,19,2.885696
174,19,2.885678
175,19,2.888594
176,19,2.892266
177,19,2.888140
178,19,2.894465
179,19,2.890410
180,19,2.888864
181,19,2.899802
182,19,2.887530
183,19,2.889872
184,19,2.892839
185,19,2.903416
186,19,2.897830
187,19,2.892820
188,19,2.880006
189,19,2.877644
190,19,2.876608
191,19,2.882775
192,19,2.887833
193,19,2.886556
194,19,2.884725
195,19,2.890493
196,19,2.887958
197,19,2.889675
198,19,2.891831
199,19,2.893344
200,19,2.893736
201,19,2.895623
202,19,2.900661
203,19,2.897873
204,19,2.884066
205,19,2.880045
206,19,2.885312
207,19,2.878213
208,19,2.871723
209,19,2.875941
210,19,2.872317
211,19,2.873212
212,19,2.873185
213,19,2.880554
214,19,2.876405
215,19,2.873003
216,19,2.876280
217,19,2.880346
218,19,2.879479
219,19,2.875591
220,19,2.866713
221,19,2.870270
222,19,2.868778
223,19,2.864357
224,19,2.863659
225,19,2.857819
226,19,2.856828
227,19,2.854477
228,19,2.853176
229,19,2.854295
230,19,2.848813
231,19,2.854735
232,19,2.851404
233,19,2.856971
234,19,2.849345
235,19,2.846828
236,19,2.836426
237,19,2.835814
238,19,2.829920
239,19,2.830469
240,19,2.829104
241,19,2.825347
242,19,2.825225
243,19,2.826877
244,19,2.818548
245,19,2.821538
246,19,2.818413
247,19,2.818100
248,19,2.812566
249,19,2.826020
250,19,2.813823
251,19,2.803518
252,19,2.789051
253,19,2.798521
254,19,2.780887
255,19,2.784622
0,20,2.814195
1,20,2.820475
2,20,2.825478
3,20,2.826380
4,20,2.827042
5,20,2.833128
6,20,2.833286
7,20,2.836066
8,20,2.831948
9,20,2.836957
10,20,2.836250
11,20,2.835352
12,20,2.835770
13,20,2.830617
14,20,2.832995
15,20,2.836593
16,20,2.853025
17,20,2.847172
18,20,2.846304
19,20,2.851671
20,20,2.849186
21,20,2.859309
22,20,2.852659
23,20,2.857432
24,20,2.859326
25,20,2.859957
26,20,2.861513
27,20,2.861870
28,20,2.854402
29,20,2.863201
30,20,2.859330
31,20,2.856271
32,20,2.875273
33,20,2.874904
34,20,2.879138
35,20,2.874688
36,20,2.874801
37,20,2.877836
38,20,2.877691
39,20,2.880516
40,20,2.881083
41,20,2.879854
42,20,2.875369
43,20,2.881649
44,20,2.880787
45,20,2.879174
46,20,2.878089
47,20,2.876293
48,20,2.891364
49,20,2.886097
50,20,2.884031
51,20,2.893971
52,20,2.887882
53,20,2.889916
54,20,2.888479
55,20,2.886467
56,20,2.892056
57,20,2.889411
58,20,2.891924
59,20,2.885274
60,20,2.890493
61,20,2.895615
62,20,2.889699
63,20,2.890792
64,20,2.895641
65,20,2.900090
66,20,2.898034
67,20,2.894914
68,20,2.891438
69,20,2.900683
70,20,2.893450
71,20,2.894591
72,20,2.894900
73,20,2.891266
74,20,2.892199
75,20,2.892256
76,20,2.892224
77,20,2.896946
78,20,2.888909
79,20,2.893474
80,20,2.904666
81,20,2.901355
82,20,2.896893
83,20,2.901132
84,20,2.896581
85,20,2.904505
86,20,2.895911
87,20,2.903680
88,20,2.894943
89,20,2.898690
90,20,2.901374
91,20,2.901112
92,20,2.899745
93,20,2.899312
94,20,2.894941
95,20,2.897162
96,20,2.908173
97,20,2.908950
98,20,2.900911
99,20,2.905371
100,20,2.909745
101,20,2.909086
102,20,2.905599
103,20,2.909733
104,20,2.901191
105,20,2.909008
106,20,2.912888
107,20,2.905125
108,20,2.896269
109,20,2.903761
110,20,2.903463
111,20,2.903080
112,20,2.900478
113,20,2.901450
114,20,2.898486
115,20,2.903143
116,20,2.898072
117,20,2.900637
118,20,2.897340
119,20,2.900619
120,20,2.902936
121,20,2.905166
122,20,2.901541
123,20,2.901687
124,20,2.901750
125,20,2.901732
126,20,2.901632
127,20,2.897598
128,20,2.887678
129,20,2.892704
130,20,2.886082
131,20,2.883233
132,20,2.876446
133,20,2.877281
134,20,2.870325
135,20,2.878687
136,20,2.883124
137,20,2.884673
138,20,2.888944
139,20,2.893133
140,20,2.893383
141,20,2.885850
142,20,2.885941
143,20,2.889802
144,20,2.898478
145,20,2.898321
146,20,2.894227
147,20,2.901606
148,20,2.898453
149,20,2.901824
150,20,2.897403
151,20,2.889044
152,20,2.897046
153,20,2.903927
154,20,2.899163
155,20,2.907076
156,20,2.890594
157,20,2.893287
158,20,2.893072
159,20,2.891736
160,20,2.901977
161,20,2.899201
162,20,2.899172
163,20,2.899059
164,20,2.899878
165,20,2.899595
166,20,2.896455
167,20,2.892164
168,20,2.900356
169,20,2.903602
170,20,2.900183
171,20,2.895566
172,20,2.884161
173,20,2.887078
174,20,2.883380
175,20,2.889991
176,20,2.901365
177,20,2.896243
178,20,2.896113
179,20,2.890828
180,20,2.894154
181,20,2.901239
182,20,2.892121
183,20,2.891333
184,20,2.894303
185,20,2.888820
186,20,2.891617
187,20,2.897184
188,20,2.880904
189,20,2.879574
190,20,2.881012
191,20,2.879909
192,20,2.893707
193,20,2.891990
194,20,2.889661
195,20,2.895459
196,20,2.889592
197,20,2.895700
198,20,2.888651
199,20,2.890738
200,20,2.896024
201,20,2.897343
202,20,2.898175
203,20,2.899279
204,20,2.885502
205,20,2.886382
206,20,2.883974
207,20,2.888477
208,20,2.876454
209,20,2.881447
210,20,2.881724
211,20,2.886509
212,20,2.878827
213,20,2.879544
214,20,2.871598
215,20,2.872091
216,20,2.878286
217,20,2.874691
218,20,2.881591
219,20,2.877752
220,20,2.868939
221,20,2.868695
222,20,2.867272
223,20,2.862906
224,20,2.869971
225,20,2.860354
226,20,2.859424
227,20,2.861006
228,20,2.859770
229,20,2.858390
230,20,2.851711
231,20,2.849999
232,20,2.854468
233,20,2.856258
234,20,2.850177
235,20,2.846299
236,20,2.835982
237,20,2.833188
238,20,2.836315
239,20,2.833103
240,20,2.830741
241,20,2.833104
242,20,2.825382
243,20,2.828998
244,20,2.822806
245,20,2.822060
246,20,2.809512
247,20,2.810086
248,20,2.816235
249,20,2.819353
250,20,2.817250
251,20,2.804876
252,20,2.790561
253,20,2.791343
254,20,2.787946
255,20,2.778929
0,21,2.823426
1,21,2.813151
2,21,2.825739
3,21,2.822673
4,21,2.825046
5,21,2.835881
6,21,2.828234
7,21,2.831931
8,21,2.833211
9,21,2.832607
10,21,2.831810
11,21,2.830824
12,21,2.834988
13,21,2.833606
14,21,2.831078
15,21,2.834584
16,21,2.848080
17,21,2.846008
18,21,2.848905
19,21,2.854205
20,21,2.855507
21,21,2.865550
22,21,2.858839
23,21,2.855847
24,21,2.857667
25,21,2.862096
26,21,2.859730
27,21,2.867741
28,21,2.860222
29,21,2.861253
30,21,2.857334
31,21,2.865774
32,21,2.877026
33,21,2.873625
34,21,2.876941
35,21,2.876303
36,21,2.884070
37,21,2.879362
38,21,2.872403
39,21,2.879046
40,21,2.878607
41,21,2.877344
42,21,2.876669
43,21,2.882918
44,21,2.882016
45,21,2.880373
46,21,2.884041
47,21,2.878365
48,21,2.888589
49,21,2.886591
50,21,2.892755
51,21,2.894440
52,21,2.889785
53,21,2.891789
54,21,2.889369
55,21,2.895034
56,21,2.889543
57,21,2.883463
58,21,2.884987
59,21,2.889877
60,21,2.892163
61,21,2.885346
62,21,2.894218
63,21,2.887583
64,21,2.896898
65,21,2.897797
66,21,2.898316
67,21,2.896143
68,21,2.896782
69,21,2.900937
70,21,2.894658
71,21,2.895041
72,21,2.896090
73,21,2.892458
74,21,2.896442
75,21,2.893595
76,21,2.893405
77,21,2.890401
78,21,2.894052
79,21,2.894624
80,21,2.901970
81,21,2.901522
82,21,2.894189
83,21,2.897436
84,21,2.905428
85,21,2.900797
86,21,2.897049
87,21,2.900951
88,21,2.888372
89,21,2.899811
90,21,2.898657
91,21,2.894530
92,21,2.897028
93,21,2.896584
94,21,2.896055
95,21,2.902251
96,21,2.909516
97,21,2.909274
98,21,2.906095
99,21,2.906683
100,21,2.906105
101,21,2.914245
102,21,2.903036
103,21,2.911007
104,21,2.902475
105,21,2.902561
106,21,2.898735
107,21,2.901519
108,21,2.901377
109,21,2.905004
110,21,2.904694
111,21,2.904342
112,21,2.905750
113,21,2.902841
114,21,2.903718
115,21,2.900645
116,21,2.905209
117,21,2.898122
118,21,2.898670
119,21,2.909666
120,21,2.910051
121,21,2.908424
122,21,2.902868
123,21,2.904935
124,21,2.891512
125,21,2.903050
126,21,2.899099
127,21,2.895066
128,21,2.885209
129,21,2.890221
130,21,2.891288
131,21,2.880728
132,21,2.877789
133,21,2.874753
134,21,2.883207
135,21,2.883861
136,21,2.880591
137,21,2.889812
138,21,2.890232
139,21,2.890565
140,21,2.894675
141,21,2.890996
142,21,2.887238
143,21,2.887253
144,21,2.895909
145,21,2.895777
146,21,2.899404
147,21,2.899094
148,21,2.902552
149,21,2.903085
150,21,2.898668
151,21,2.898133
152,21,2.898423
153,21,2.905324
154,21,2.892874
155,21,2.903455
156,21,2.899730
157,21,2.902446
158,21,2.905074
159,21,2.904769
160,21,2.907035
161,21,2.904231
162,21,2.896510
163,21,2.904117
164,21,2.897221
165,21,2.896954
166,21,2.897655
167,21,2.893382
168,21,2.890008
169,21,2.897124
170,21,2.898495
171,21,2.902584
172,21,2.895975
173,21,2.899891
174,21,2.899062
175,21,2.895112
176,21,2.898778
177,21,2.897746
178,21,2.897397
179,21,2.892136
180,21,2.895717
181,21,2.894146
182,21,2.893452
183,21,2.888813
184,21,2.891135
185,21,2.894031
186,21,2.892016
187,21,2.891229
188,21,2.893855
189,21,2.895422
190,21,2.890553
191,21,2.892901
192,21,2.890770
193,21,2.892934
194,21,2.891142
195,21,2.893582
196,21,2.890637
197,21,2.896768
198,21,2.894586
199,21,2.892294
200,21,2.893351
201,21,2.894706
202,21,2.904254
203,21,2.897690
204,21,2.893897
205,21,2.891607
206,21,2.896257
207,21,2.897629
208,21,2.871224
209,21,2.880104
210,21,2.879463
211,21,2.880433
212,21,2.880506
213,21,2.885116
214,21,2.877222
215,21,2.877757
216,21,2.873445
217,21,2.877601
218,21,2.879735
219,21,2.879796
220,21,2.874900
221,21,2.874707
222,21,2.882101
223,21,2.876746
224,21,2.868456
225,21,2.866618
226,21,2.861895
227,21,2.859704
228,21,2.862385
229,21,2.861071
230,21,2.854478
231,21,2.856690
232,21,2.845839
233,21,2.859264
234,21,2.853260
235,21,2.849484
236,21,2.846956
237,21,2.840397
238,21,2.843635
239,21,2.844368
240,21,2.829493
241,21,2.831974
242,21,2.829239
243,21,2.832962
244,21,2.823055
245,21,2.830128
246,21,2.821551
247,21,2.828138
248,21,2.809291
249,21,2.811449
250,21,2.813331
251,21,2.816004
252,21,2.803449
253,21,2.804384
254,21,2.805000
255,21,2.793724
0,22,2.819920
1,22,2.821082
2,22,2.824859
3,22,2.827381
4,22,2.831631
5,22,2.831805
6,22,2.831761
7,22,2.837020
8,22,2.836521
9,22,2.835825
10,22,2.831086
11,22,2.835362
12,22,2.836971
13,22,2.843216
14,22,2.839119
15,22,2.833439
16,22,2.850715
17,22,2.852425
18,22,2.855236
19,22,2.856617
20,22,2.854001
21,22,2.863966
22,22,2.857195
23,22,2.859099
24,22,2.859746
25,22,2.864119
26,22,2.857833
27,22,2.861940
28,22,2.858224
29,22,2.863046
30,22,2.862934
31,22,2.863610
32,22,2.874818
33,22,2.875215
34,22,2.878490
35,22,2.886438
36,22,2.882595
37,22,2.877850
38,22,2.881462
39,22,2.880364
40,22,2.879881
41,22,2.878585
42,22,2.877868
43,22,2.880233
44,22,2.884061
45,22,2.890095
46,22,2.877377
47,22,2.879381
48,22,2.893422
49,22,2.887546
50,22,2.886889
51,22,2.892404
52,22,2.886779
53,22,2.892131
54,22,2.887230
55,22,2.888572
56,22,2.882565
57,22,2.891869
58,22,2.882333
59,22,2.887604
60,22,2.888557
61,22,2.889796
62,22,2.891864
63,22,2.888739
64,22,2.901269
65,22,2.895074
66,22,2.895877
67,22,2.900441
68,22,2.901740
69,22,2.890728
70,22,2.891184
71,22,2.896127
72,22,2.894495
73,22,2.893527
74,22,2.891734
75,22,2.893706
76,22,2.898315
77,22,2.894350
78,22,2.891242
79,22,2.894811
80,22,2.906856
81,22,2.894856
82,22,2.899133
83,22,2.902322
84,22,2.894888
85,22,2.897971
86,22,2.894211
87,22,2.893284
88,22,2.897088
89,22,2.899842
90,22,2.891962
91,22,2.899381
92,22,2.894186
93,22,2.901436
94,22,2.896162
95,22,2.895551
96,22,2.906880
97,22,2.902790
98,22,2.903445
99,22,2.907779
100,22,2.907301
101,22,2.903865
102,22,2.908051
103,22,2.907282
104,22,2.903609
105,22,2.907558
106,22,2.903718
107,22,2.902660
108,22,2.898684
109,22,2.902312
110,22,2.902004
111,22,2.901619
112,22,2.903172
113,22,2.907957
114,22,2.903029
115,22,2.911505
116,22,2.906429
117,22,2.899334
118,22,2.898869
119,22,2.899322
120,22,2.905481
121,22,2.903849
122,22,2.907918
123,22,2.898425
124,22,2.898484
125,22,2.896537
126,22,2.900291
127,22,2.898187
128,22,2.894170
129,22,2.887611
130,22,2.890604
131,22,2.885801
132,22,2.890548
133,22,2.891376
134,22,2.880550
135,22,2.885055
136,22,2.874079
137,22,2.882278
138,22,2.875982
139,22,2.876317
140,22,2.884282
141,22,2.888312
142,22,2.888410
143,22,2.892283
144,22,2.893215
145,22,2.900782
146,22,2.896704
147,22,2.900249
148,22,2.896075
149,22,2.900453
150,22,2.899907
151,22,2.899276
152,22,2.898561
153,22,2.898886
154,22,2.901867
155,22,2.904763
156,22,2.900852
157,22,2.896064
158,22,2.894861
159,22,2.898408
160,22,2.900394
161,22,2.896610
162,22,2.901429
163,22,2.897492
164,22,2.898292
165,22,2.898041
166,22,2.897768
167,22,2.894474
168,22,2.890134
169,22,2.905933
170,22,2.901540
171,22,2.901771
172,22,2.900960
173,22,2.897322
174,22,2.888650
175,22,2.892403
176,22,2.883754
177,22,2.895053
178,22,2.889902
179,22,2.885613
180,22,2.892097
181,22,2.887643
182,22,2.890804
183,22,2.893224
184,22,2.888512
185,22,2.890792
186,22,2.889762
187,22,2.888637
188,22,2.890696
189,22,2.885544
190,22,2.884146
191,22,2.882124
192,22,2.888251
193,22,2.890868
194,22,2.888165
195,22,2.886298
196,22,2.888671
197,22,2.894316
198,22,2.891735
199,22,2.897182
200,22,2.894812
201,22,2.896760
202,22,2.897097
203,22,2.902723
204,22,2.896078
205,22,2.889963
206,22,2.893714
207,22,2.887412
208,22,2.876462
209,22,2.877671
210,22,2.870336
211,22,2.875194
212,22,2.882078
213,22,2.879021
214,22,2.878885
215,22,2.879461
216,22,2.871351
217,22,2.879404
218,22,2.878719
219,22,2.886533
220,22,2.877848
221,22,2.872897
222,22,2.872637
223,22,2.875056
224,22,2.859116
225,22,2.853498
226,22,2.856539
227,22,2.862131
228,22,2.857170
229,22,2.859773
230,22,2.859044
231,22,2.855546
232,22,2.849969
233,22,2.854432
234,22,2.852358
235,22,2.848681
236,22,2.846236
237,22,2.839760
238,22,2.839256
239,22,2.836227
240,22,2.821446
241,22,2.821877
242,22,2.820379
243,22,2.824201
244,22,2.821118
245,22,2.822630
246,22,2.823800
247,22,2.820875
248,22,2.815771
249,22,2.816029
250,22,2.814193
251,22,2.808222
252,22,2.805814
253,22,2.796919
254,22,2.794901
255,22,2.795346
0,23,2.826844
1,23,2.816333
2,23,2.826706
3,23,2.831077
4,23,2.831368
5,23,2.831438
6,23,2.827442
7,23,2.836433
8,23,2.839694
9,23,2.830259
10,23,2.838507
11,23,2.833463
12,23,2.832096
13,23,2.838262
14,23,2.834069
15,23,2.832168
16,23,2.857078
17,23,2.852278
18,23,2.849886
19,23,2.862761
20,23,2.861255
21,23,2.866117
22,23,2.866993
23,23,2.864971
24,23,2.861710
25,23,2.866030
26,23,2.867383
27,23,2.859881
28,23,2.859969
29,23,2.860877
30,23,2.856867
31,23,2.857486
32,23,2.880209
33,23,2.872908
34,23,2.876981
35,23,2.887823
36,23,2.880078
37,23,2.886855
38,23,2.886567
39,23,2.877729
40,23,2.884907
41,23,2.883579
42,23,2.875355
43,23,2.878347
44,23,2.876746
45,23,2.883372
46,23,2.873886
47,23,2.884152
48,23,2.890800
49,23,2.893155
50,23,2.891032
51,23,2.900894
52,23,2.895651
53,23,2.889907
54,23,2.895619
55,23,2.889234
56,23,2.891804
57,23,2.889120
58,23,2.890611
59,23,2.887775
60,23,2.886135
61,23,2.883154
62,23,2.888145
63,23,2.890092
64,23,2.902301
65,23,2.903176
66,23,2.896885
67,23,2.901447
68,23,2.898212
69,23,2.895565
70,23,2.892168
71,23,2.893447
72,23,2.893535
73,23,2.889889
74,23,2.894611
75,23,2.886954
76,23,2.883982
77,23,2.887585
78,23,2.892165
79,23,2.895739
80,23,2.900064
81,23,2.899628
82,23,2.899106
83,23,2.903235
84,23,2.899638
85,23,2.902730
86,23,2.898966
87,23,2.898040
88,23,2.897977
89,23,2.904595
90,23,2.896704
91,23,2.891605
92,23,2.891222
93,23,2.890756
94,23,2.893202
95,23,2.892580
96,23,2.907971
97,23,2.903886
98,23,2.904423
99,23,2.912696
100,23,2.908371
101,23,2.901066
102,23,2.912895
103,23,2.908331
104,23,2.908496
105,23,2.904725
106,23,2.908583
107,23,2.903696
108,23,2.899690
109,23,2.899453
110,23,2.903045
111,23,2.901664
112,23,2.904322
113,23,2.901390
114,23,2.902230
115,23,2.902990
116,23,2.909451
117,23,2.900421
118,23,2.899973
119,23,2.908125
120,23,2.908493
121,23,2.903003
122,23,2.903215
123,23,2.903350
124,23,2.897627
125,23,2.901459
126,23,2.905213
127,23,2.901184
128,23,2.887593
129,23,2.888729
130,23,2.889779
131,23,2.890750
132,23,2.883934
133,23,2.892450
134,23,2.870064
135,23,2.866862
136,23,2.878993
137,23,2.887192
138,23,2.869316
139,23,2.881210
140,23,2.873763
141,23,2.873944
142,23,2.889458
143,23,2.885630
144,23,2.893284
145,23,2.901811
146,23,2.901631
147,23,2.897486
148,23,2.893257
149,23,2.901467
150,23,2.901021
151,23,2.896555
152,23,2.926681
153,23,2.911450
154,23,2.899176
155,23,2.898240
156,23,2.894325
157,23,2.900923
158,23,2.899933
159,23,2.895773
160,23,2.897483
161,23,2.893712
162,23,2.898519
163,23,2.894596
164,23,2.898296
165,23,2.895152
166,23,2.898745
167,23,2.891592
168,23,2.914238
169,23,2.910866
170,23,2.898684
171,23,2.898910
172,23,2.894266
173,23,2.893541
174,23,2.889674
175,23,2.893424
176,23,2.896352
177,23,2.892237
178,23,2.890963
179,23,2.894611
180,23,2.889324
181,23,2.888724
182,23,2.887387
183,23,2.886622
184,23,2.905332
185,23,2.903479
186,23,2.890896
187,23,2.889203
188,23,2.888006
189,23,2.886713
190,23,2.884797
191,23,2.881399
192,23,2.886030
193,23,2.883460
194,23,2.889412
195,23,2.888025
196,23,2.892871
197,23,2.887473
198,23,2.893041
199,23,2.895183
200,23,2.911195
201,23,2.913169
202,23,2.902921
203,23,2.900264
204,23,2.893344
205,23,2.894323
206,23,2.888137
207,23,2.888894
208,23,2.877745
209,23,2.874416
210,23,2.879403
211,23,2.879686
212,23,2.876763
213,23,2.880649
214,23,2.872735
215,23,2.873351
216,23,2.899971
217,23,2.892656
218,23,2.884323
219,23,2.884478
220,23,2.875854
221,23,2.879615
222,23,2.878393
223,23,2.877103
224,23,2.861217
225,23,2.859524
226,23,2.858770
227,23,2.860585
228,23,2.855685
229,23,2.854499
230,23,2.851927
231,23,2.850424
232,23,2.875740
233,23,2.872588
234,23,2.855178
235,23,2.856868
236,23,2.845381
237,23,2.846694
238,23,2.836271
239,23,2.847211
240,23,2.828669
241,23,2.825342
242,23,2.827819
243,23,2.824038
244,23,2.820041
245,23,2.823526
246,23,2.817184
247,23,2.817308
248,23,2.843148
249,23,2.828151
250,23,2.816814
251,23,2.809054
252,23,2.806787
253,23,2.800371
254,23,2.798991
255,23,2.791883
0,24,2.823055
1,24,2.831690
2,24,2.826513
3,24,2.830776
4,24,2.838668
5,24,2.834784
6,24,2.835266
7,24,2.838635
8,24,2.830250
9,24,2.837084
10,24,2.833666
11,24,2.832393
12,24,2.834799
13,24,2.833182
14,24,2.836601
15,24,2.838479
16,24,2.851761
17,24,2.862287
18,24,2.859829
19,24,2.864935
20,24,2.863351
21,24,2.864301
22,24,2.865118
23,24,2.866878
24,24,2.863563
25,24,2.863978
26,24,2.857560
27,24,2.857714
28,24,2.857754
29,24,2.862455
30,24,2.862252
31,24,2.859844
32,24,2.878672
33,24,2.881987
34,24,2.886009
35,24,2.889106
36,24,2.885166
37,24,2.884201
38,24,2.883143
39,24,2.882700
40,24,2.882322
41,24,2.889352
42,24,2.884054
43,24,2.883153
44,24,2.877671
45,24,2.884259
46,24,2.879475
47,24,2.878148
48,24,2.887727
49,24,2.897755
50,24,2.900337
51,24,2.894757
52,24,2.888596
53,24,2.894381
54,24,2.899620
55,24,2.890685
56,24,2.891917
57,24,2.889628
58,24,2.887735
59,24,2.885268
60,24,2.886203
61,24,2.892147
62,24,2.889411
63,24,2.893977
64,24,2.903513
65,24,2.904086
66,24,2.904867
67,24,2.898481
68,24,2.899098
69,24,2.903479
70,24,2.900740
71,24,2.893402
72,24,2.890531
73,24,2.894592
74,24,2.894713
75,24,2.891643
76,24,2.887755
77,24,2.888533
78,24,2.888217
79,24,2.888843
80,24,2.903894
81,24,2.908135
82,24,2.915325
83,24,2.904076
84,24,2.911065
85,24,2.907370
86,24,2.902678
87,24,2.894972
88,24,2.898749
89,24,2.897670
90,24,2.897475
91,24,2.896240
92,24,2.891993
93,24,2.899307
94,24,2.890123
95,24,2.893344
96,24,2.908011
97,24,2.912456
98,24,2.913089
99,24,2.916559
100,24,2.913101
101,24,2.909647
102,24,2.909962
103,24,2.909259
104,24,2.913242
105,24,2.909471
106,24,2.908530
107,24,2.904594
108,24,2.900608
109,24,2.900373
110,24,2.900054
111,24,2.898729
112,24,2.901497
113,24,2.898539
114,24,2.903222
115,24,2.907827
116,24,2.904636
117,24,2.901379
118,24,2.904801
119,24,2.905242
120,24,2.909452
121,24,2.898180
122,24,2.894537
123,24,2.902375
124,24,2.898577
125,24,2.898555
126,24,2.898457
127,24,2.902134
128,24,2.896308
129,24,2.901283
130,24,2.890776
131,24,2.895578
132,24,2.884905
133,24,2.893417
134,24,2.890292
135,24,2.875529
136,24,2.876090
137,24,2.880436
138,24,2.874094
139,24,2.870578
140,24,2.874686
141,24,2.886428
142,24,2.894240
143,24,2.886564
144,24,2.898075
145,24,2.898897
146,24,2.902542
147,24,2.898399
148,24,2.898093
149,24,2.897651
150,24,2.925035
151,24,2.928279
152,24,2.900739
153,24,2.920179
154,24,2.907774
155,24,2.891432
156,24,2.894444
157,24,2.894294
158,24,2.900827
159,24,2.899783
160,24,2.894453
161,24,2.894548
162,24,2.899340
163,24,2.899287
164,24,2.903002
165,24,2.895997
166,24,2.922720
167,24,2.919413
168,24,2.895842
169,24,2.910811
170,24,2.907266
171,24,2.895018
172,24,2.895292
173,24,2.898302
174,24,2.898284
175,24,2.897447
176,24,2.889566
177,24,2.896104
178,24,2.892118
179,24,2.890793
180,24,2.882578
181,24,2.889040
182,24,2.915338
183,24,2.914576
184,24,2.882300
185,24,2.904489
186,24,2.906748
187,24,2.890240
188,24,2.885196
189,24,2.883383
190,24,2.885870
191,24,2.884807
192,24,2.890072
193,24,2.892712
194,24,2.894838
195,24,2.892114
196,24,2.886809
197,24,2.892497
198,24,2.913105
199,24,2.918598
200,24,2.889851
201,24,2.909658
202,24,2.907711
203,24,2.893532
204,24,2.891409
205,24,2.896280
206,24,2.889227
207,24,2.893877
208,24,2.875975
209,24,2.888101
210,24,2.880663
211,24,2.877140
212,24,2.878105
213,24,2.882040
214,24,2.902060
215,24,2.898032
216,24,2.878398
217,24,2.893364
218,24,2.893672
219,24,2.874608
220,24,2.877603
221,24,2.877559
222,24,2.872548
223,24,2.872248
224,24,2.860269
225,24,2.857728
226,24,2.857031
227,24,2.862774
228,24,2.861787
229,24,2.856811
230,24,2.877438
231,24,2.876001
232,24,2.855152
233,24,2.875207
234,24,2.869429
235,24,2.855784
236,24,2.848248
237,24,2.841937
238,24,2.843156
239,24,2.838794
240,24,2.828047
241,24,2.824813
242,24,2.827411
243,24,2.816025
244,24,2.827542
245,24,2.815723
246,24,2.844194
247,24,2.843423
248,24,2.811587
249,24,2.833437
250,24,2.826979
251,24,2.817425
252,24,2.799885
253,24,2.805171
254,24,2.800123
255,24,2.797023
0,25,2.822970
1,25,2.825645
2,25,2.825254
3,25,2.821709
4,25,2.837206
5,25,2.833226
6,25,2.834524
7,25,2.837801
8,25,2.840884
9,25,2.832220
10,25,2.836404
11,25,2.835050
12,25,2.841230
13,25,2.840898
14,25,2.835157
15,25,2.829260
16,25,2.854031
17,25,2.860620
18,25,2.854245
19,25,2.855435
20,25,2.873039
21,25,2.866224
22,25,2.863132
23,25,2.864822
24,25,2.861453
25,25,2.861816
26,25,2.855335
27,25,2.855440
28,25,2.855433
29,25,2.863928
30,25,2.856839
31,25,2.868044
32,25,2.876132
33,25,2.879407
34,25,2.875672
35,25,2.878731
36,25,2.885548
37,25,2.885301
38,25,2.873508
39,25,2.884580
40,25,2.883292
41,25,2.878723
42,25,2.881099
43,25,2.875687
44,25,2.879358
45,25,2.881473
46,25,2.880223
47,25,2.882164
48,25,2.892269
49,25,2.894897
50,25,2.889392
51,25,2.891002
52,25,2.896862
53,25,2.891464
54,25,2.889431
55,25,2.886874
56,25,2.893221
57,25,2.886661
58,25,2.888119
59,25,2.885264
60,25,2.883553
61,25,2.888260
62,25,2.893223
63,25,2.887399
64,25,2.903446
65,25,2.897456
66,25,2.897954
67,25,2.894789
68,25,2.903722
69,25,2.900396
70,25,2.896982
71,25,2.890301
72,25,2.894433
73,25,2.893402
74,25,2.887745
75,25,2.888658
76,25,2.888479
77,25,2.893091
78,25,2.892783
79,25,2.889538
80,25,2.904594
81,25,2.908822
82,25,2.900607
83,25,2.900900
84,25,2.907899
85,25,2.904189
86,25,2.899505
87,25,2.903346
88,25,2.898508
89,25,2.894518
90,25,2.894278
91,25,2.893053
92,25,2.896500
93,25,2.887486
94,25,2.890780
95,25,2.897844
96,25,2.908764
97,25,2.909462
98,25,2.906225
99,25,2.905765
100,25,2.913935
101,25,2.910464
102,25,2.909851
103,25,2.913890
104,25,2.910187
105,25,2.906401
106,25,2.905478
107,25,2.901542
108,25,2.901376
109,25,2.904982
110,25,2.900860
111,25,2.895678
112,25,2.906244
113,25,2.907143
114,25,2.900244
115,25,2.900987
116,25,2.905494
117,25,2.905156
118,25,2.901806
119,25,2.906094
120,25,2.902594
121,25,2.899023
122,25,2.899226
123,25,2.899356
124,25,2.907115
125,25,2.907092
126,25,2.899289
127,25,2.891410
128,25,2.897198
129,25,2.898311
130,25,2.887785
131,25,2.892582
132,25,2.889611
133,25,2.894267
134,25,2.871862
135,25,2.872509
136,25,2.873069
137,25,2.873562
138,25,2.873970
139,25,2.875235
140,25,2.875493
141,25,2.875679
142,25,2.875788
143,25,2.875822
144,25,2.898897
145,25,2.895839
146,25,2.899525
147,25,2.903103
148,25,2.898892
149,25,2.902305
150,25,2.898940
151,25,2.906055
152,25,2.901528
153,25,2.920166
154,25,2.920255
155,25,2.896227
156,25,2.895231
157,25,2.895251
158,25,2.897953
159,25,2.896715
160,25,2.899011
161,25,2.899120
162,25,2.895294
163,25,2.896157
164,25,2.896033
165,25,2.900579
166,25,2.896439
167,25,2.896136
168,25,2.892741
169,25,2.911577
170,25,2.915733
171,25,2.891944
172,25,2.896064
173,25,2.895240
174,25,2.891366
175,25,2.894399
176,25,2.890369
177,25,2.896929
178,25,2.892938
179,25,2.891635
180,25,2.887512
181,25,2.897608
182,25,2.889233
183,25,2.884022
184,25,2.887041
185,25,2.904809
186,25,2.903810
187,25,2.883453
188,25,2.881742
189,25,2.888184
190,25,2.887204
191,25,2.888743
192,25,2.887616
193,25,2.888976
194,25,2.891113
195,25,2.893604
196,25,2.894680
197,25,2.893162
198,25,2.891069
199,25,2.885537
200,25,2.897785
201,25,2.907498
202,25,2.908860
203,25,2.894410
204,25,2.887858
205,25,2.889519
206,25,2.890457
207,25,2.887204
208,25,2.876361
209,25,2.873797
210,25,2.878134
211,25,2.879227
212,25,2.874736
213,25,2.875625
214,25,2.876418
215,25,2.880147
216,25,2.876871
217,25,2.888040
218,25,2.895209
219,25,2.871424
220,25,2.871539
221,25,2.875395
222,25,2.870447
223,25,2.874051
224,25,2.857233
225,25,2.864424
226,25,2.862883
227,25,2.857141
228,25,2.860066
229,25,2.855152
230,25,2.852742
231,25,2.859076
232,25,2.849853
233,25,2.869997
234,25,2.864290
235,25,2.850720
236,25,2.850987
237,25,2.844756
238,25,2.842204
239,25,2.841801
240,25,2.831143
241,25,2.835706
242,25,2.828515
243,25,2.823281
244,25,2.827194
245,25,2.827037
246,25,2.828674
247,25,2.824164
248,25,2.815561
249,25,2.841385
250,25,2.834081
251,25,2.816948
252,25,2.811097
253,25,2.808812
254,25,2.807227
255,25,2.798135
0,26,2.821829
1,26,2.828224
2,26,2.828651
3,26,2.828855
4,26,2.836546
5,26,2.837971
6,26,2.837502
7,26,2.836835
8,26,2.835978
9,26,2.834935
10,26,2.835162
11,26,2.833729
12,26,2.832127
13,26,2.835554
14,26,2.833595
15,26,2.835333
16,26,2.860037
17,26,2.858838
18,26,2.860105
19,26,2.857381
20,26,2.871057
21,26,2.871890
22,26,2.864890
23,26,2.866511
24,26,2.859237
25,26,2.863402
26,26,2.860710
27,26,2.860768
28,26,2.861560
29,26,2.858438
30,26,2.862000
31,26,2.857751
32,26,2.877345
33,26,2.876727
34,26,2.872159
35,26,2.879817
36,26,2.883584
37,26,2.887144
38,26,2.889871
39,26,2.880950
40,26,2.880316
41,26,2.882764
42,26,2.886594
43,26,2.885006
44,26,2.880078
45,26,2.889871
46,26,2.877028
47,26,2.879780
48,26,2.893178
49,26,2.895454
50,26,2.893276
51,26,2.896194
52,26,2.893858
53,26,2.895750
54,26,2.893258
55,26,2.888099
56,26,2.893161
57,26,2.883132
58,26,2.885032
59,26,2.886386
60,26,2.887302
61,26,2.889325
62,26,2.886247
63,26,2.887260
64,26,2.900296
65,26,2.904997
66,26,2.898895
67,26,2.903173
68,26,2.903770
69,26,2.901054
70,26,2.897639
71,26,2.898646
72,26,2.895074
73,26,2.887562
74,26,2.892223
75,26,2.896115
76,26,2.892944
77,26,2.888975
78,26,2.889531
79,26,2.889262
80,26,2.905182
81,26,2.908533
82,26,2.897335
83,26,2.904451
84,26,2.908474
85,26,2.907731
86,26,2.903924
87,26,2.903903
88,26,2.899073
89,26,2.895072
90,26,2.893940
91,26,2.897458
92,26,2.897117
93,26,2.891893
94,26,2.891324
95,26,2.894640
96,26,2.909525
97,26,2.910206
98,26,2.910710
99,26,2.910352
100,26,2.914653
101,26,2.911110
102,26,2.910518
103,26,2.910734
104,26,2.903163
105,26,2.910919
106,26,2.906157
107,26,2.902208
108,26,2.902065
109,26,2.897966
110,26,2.896738
111,26,2.892512
112,26,2.903185
113,26,2.911764
114,26,2.908723
115,26,2.905591
116,26,2.898531
117,26,2.905905
118,26,2.902558
119,26,2.902979
120,26,2.891769
121,26,2.895895
122,26,2.899951
123,26,2.900076
124,26,2.896274
125,26,2.900104
126,26,2.892301
127,26,2.895982
128,26,2.897973
129,26,2.895220
130,26,2.884679
131,26,2.885634
132,26,2.886496
133,26,2.883430
134,26,2.884152
135,26,2.880933
136,26,2.869934
137,26,2.874271
138,26,2.870835
139,26,2.879778
140,26,2.876185
141,26,2.872519
142,26,2.872633
143,26,2.880377
144,26,2.895752
145,26,2.895648
146,26,2.900207
147,26,2.903786
148,26,2.899643
149,26,2.903072
150,26,2.903462
151,26,2.902978
152,26,2.902321
153,26,2.897729
154,26,2.897801
155,26,2.900905
156,26,2.899929
157,26,2.899761
158,26,2.891108
159,26,2.893745
160,26,2.895777
161,26,2.895873
162,26,2.895913
163,26,2.896752
164,26,2.900508
165,26,2.900317
166,26,2.897069
167,26,2.900633
168,26,2.901085
169,26,2.900581
170,26,2.892393
171,26,2.900315
172,26,2.895854
173,26,2.903623
174,26,2.895028
175,26,2.895090
176,26,2.897901
177,26,2.886081
178,26,2.892783
179,26,2.888511
180,26,2.891230
181,26,2.894504
182,26,2.889385
183,26,2.892498
184,26,2.887815
185,26,2.890193
186,26,2.885345
187,26,2.891438
188,26,2.890274
189,26,2.893228
190,26,2.891038
191,26,2.893460
192,26,2.887629
193,26,2.889875
194,26,2.896307
195,26,2.893663
196,26,2.892237
197,26,2.894114
198,26,2.887823
199,26,2.893361
200,26,2.895468
201,26,2.892248
202,26,2.890336
203,26,2.891620
204,26,2.893389
205,26,2.885901
206,26,2.883640
207,26,2.888350
208,26,2.878198
209,26,2.874808
210,26,2.879188
211,26,2.876462
212,26,2.880605
213,26,2.881530
214,26,2.876857
215,26,2.877572
216,26,2.877356
217,26,2.874000
218,26,2.874394
219,26,2.873783
220,26,2.876927
221,26,2.876028
222,26,2.875944
223,26,2.875744
224,26,2.866698
225,26,2.862384
226,26,2.857946
227,26,2.859983
228,26,2.858231
229,26,2.861082
230,26,2.858751
231,26,2.861297
232,26,2.852140
233,26,2.856959
234,26,2.859030
235,26,2.853238
236,26,2.853599
237,26,2.847447
238,26,2.848828
239,26,2.844678
240,26,2.830254
241,26,2.831053
242,26,2.827807
243,26,2.822692
244,26,2.826704
245,26,2.830504
246,26,2.820715
247,26,2.820167
248,26,2.819384
249,26,2.822210
250,26,2.820931
251,26,2.817318
252,26,2.815452
253,26,2.809452
254,26,2.807013
255,26,2.801949
0,27,2.821476
1,27,2.823883
2,27,2.828058
3,27,2.832011
4,27,2.831899
5,27,2.837058
6,27,2.832644
7,27,2.847300
8,27,2.834798
9,27,2.833671
10,27,2.837651
11,27,2.836140
12,27,2.830609
13,27,2.828769
14,27,2.835768
15,27,2.837438
16,27,2.858223
17,27,2.860795
18,27,2.858148
19,27,2.859216
20,27,2.864003
21,27,2.865890
22,27,2.858834
23,27,2.878624
24,27,2.864621
25,27,2.861030
26,27,2.861177
27,27,2.862968
28,27,2.855163
29,27,2.854955
30,27,2.859356
31,27,2.858919
32,27,2.882313
33,27,2.873950
34,27,2.877050
35,27,2.881628
36,27,2.888374
37,27,2.887322
38,27,2.883023
39,27,2.901040
40,27,2.888805
41,27,2.884335
42,27,2.878964
43,27,2.885674
44,27,2.883976
45,27,2.883586
46,27,2.885569
47,27,2.888011
48,27,2.889826
49,27,2.896739
50,27,2.886835
51,27,2.896121
52,27,2.901939
53,27,2.892623
54,27,2.894405
55,27,2.899530
56,27,2.890391
57,27,2.887663
58,27,2.881382
59,27,2.887033
60,27,2.884434
61,27,2.892976
62,27,2.887177
63,27,2.895580
64,27,2.896498
65,27,2.901735
66,27,2.898637
67,27,2.896035
68,27,2.904336
69,27,2.904627
70,27,2.898187
71,27,2.910096
72,27,2.891752
73,27,2.891947
74,27,2.896592
75,27,2.888927
76,27,2.889593
77,27,2.893333
78,27,2.890123
79,27,2.889756
80,27,2.897955
81,27,2.897461
82,27,2.901658
83,27,2.897222
84,27,2.905085
85,27,2.900497
86,27,2.904384
87,27,2.907349
88,27,2.895675
89,27,2.903222
90,27,2.898247
91,27,2.901753
92,27,2.892833
93,27,2.896189
94,27,2.895713
95,27,2.890342
96,27,2.906321
97,27,2.910732
98,27,2.906607
99,27,2.910973
100,27,2.915191
101,27,2.915555
102,27,2.907263
103,27,2.922848
104,27,2.911423
105,27,2.907624
106,27,2.902880
107,27,2.906637
108,27,2.902608
109,27,2.898545
110,27,2.901182
111,27,2.896941
112,27,2.903866
113,27,2.908582
114,27,2.902264
115,27,2.906230
116,27,2.903015
117,27,2.898845
118,27,2.895483
119,27,2.895900
120,27,2.888537
121,27,2.900365
122,27,2.900561
123,27,2.896831
124,27,2.896881
125,27,2.900711
126,27,2.889055
127,27,2.888884
128,27,2.890930
129,27,2.892019
130,27,2.885330
131,27,2.890117
132,27,2.887122
133,27,2.887905
134,27,2.865496
135,27,2.869981
136,27,2.874392
137,27,2.874877
138,27,2.871434
139,27,2.876504
140,27,2.880619
141,27,2.873103
142,27,2.877072
143,27,2.869409
144,27,2.896348
145,27,2.900098
146,27,2.896925
147,27,2.900557
148,27,2.904070
149,27,2.899796
150,27,2.904109
151,27,2.899686
152,27,2.902886
153,27,2.902280
154,27,2.898495
155,27,2.897609
156,27,2.896806
157,27,2.899619
158,27,2.899366
159,27,2.894512
160,27,2.895396
161,27,2.900234
162,27,2.896420
163,27,2.900245
164,27,2.893314
165,27,2.893138
166,27,2.897589
167,27,2.893460
168,27,2.893054
169,27,2.893419
170,27,2.896804
171,27,2.897017
172,27,2.892571
173,27,2.896483
174,27,2.891761
175,27,2.891817
176,27,2.894649
177,27,2.898429
178,27,2.889547
179,27,2.892981
180,27,2.891866
181,27,2.895141
182,27,2.890042
183,27,2.897010
184,27,2.891776
185,27,2.890876
186,27,2.885196
187,27,2.888294
188,27,2.890989
189,27,2.889257
190,27,2.887929
191,27,2.886054
192,27,2.892258
193,27,2.894925
194,27,2.892410
195,27,2.894926
196,27,2.896916
197,27,2.894591
198,27,2.884835
199,27,2.894745
200,27,2.891667
201,27,2.889856
202,27,2.891267
203,27,2.892305
204,27,2.889659
205,27,2.891359
206,27,2.889125
207,27,2.889185
208,27,2.879064
209,27,2.879738
210,27,2.877133
211,27,2.876737
212,27,2.877789
213,27,2.877992
214,27,2.878841
215,27,2.874898
216,27,2.874733
217,27,2.875270
218,27,2.870988
219,27,2.882857
220,27,2.871503
221,27,2.869814
222,27,2.873629
223,27,2.873479
224,27,2.864497
225,27,2.864088
226,27,2.862493
227,27,2.873369
228,27,2.861001
229,27,2.861898
230,27,2.856941
231,27,2.855697
232,27,2.856923
233,27,2.855361
234,27,2.853649
235,27,2.850442
236,27,2.852236
237,27,2.838455
238,27,2.847621
239,27,2.843573
240,27,2.836939
241,27,2.833974
242,27,2.829213
243,27,2.829673
244,27,2.829930
245,27,2.826124
246,27,2.824171
247,27,2.823732
248,27,2.819208
249,27,2.818297
250,27,2.820990
251,27,2.825237
252,27,2.811943
253,27,2.817636
254,27,2.811483
255,27,2.798893
0,28,2.817131
1,28,2.821331
2,28,2.823475
3,28,2.822617
4,28,2.830116
5,28,2.831311
6,28,2.834515
7,28,2.849086
8,28,2.832649
9,28,2.831443
10,28,2.835328
11,28,2.829889
12,28,2.828974
13,28,2.830915
14,28,2.833974
15,28,2.831724
16,28,2.860149
17,28,2.857609
18,28,2.859934
19,28,2.857091
20,28,2.861820
21,28,2.867489
22,28,2.864232
23,28,2.876264
24,28,2.862196
25,28,2.866262
26,28,2.863319
27,28,2.864222
28,28,2.856372
29,28,2.859974
30,28,2.860467
31,28,2.863842
32,28,2.882528
33,28,2.878784
34,28,2.874943
35,28,2.881764
36,28,2.885364
37,28,2.884278
38,28,2.887642
39,28,2.902574
40,28,2.881946
41,28,2.884981
42,28,2.883433
43,28,2.878547
44,28,2.881474
45,28,2.883524
46,28,2.882189
47,28,2.880217
48,28,2.898745
49,28,2.896611
50,28,2.891030
51,28,2.893387
52,28,2.894876
53,28,2.892877
54,28,2.890359
55,28,2.912095
56,28,2.894018
57,28,2.891661
58,28,2.889650
59,28,2.890973
60,28,2.888018
61,28,2.889975
62,28,2.886881
63,28,2.888672
64,28,2.897000
65,28,2.905530
66,28,2.899117
67,28,2.895929
68,28,2.900942
69,28,2.905302
70,28,2.897817
71,28,2.914389
72,28,2.895216
73,28,2.888518
74,28,2.896186
75,28,2.889337
76,28,2.893148
77,28,2.893731
78,28,2.889685
79,28,2.893997
80,28,2.901357
81,28,2.901693
82,28,2.901196
83,28,2.905297
84,28,2.909295
85,28,2.900861
86,28,2.904736
87,28,2.911561
88,28,2.903728
89,28,2.898869
90,28,2.894740
91,28,2.898300
92,28,2.893179
93,28,2.896525
94,28,2.892186
95,28,2.894533
96,28,2.906743
97,28,2.907402
98,28,2.907134
99,28,2.907554
100,28,2.911836
101,28,2.911336
102,28,2.911565
103,28,2.927176
104,28,2.908032
105,28,2.907219
106,28,2.907191
107,28,2.899377
108,28,2.906930
109,28,2.902821
110,28,2.901651
111,28,2.901268
112,28,2.904421
113,28,2.902825
114,28,2.902278
115,28,2.910601
116,28,2.902667
117,28,2.899373
118,28,2.896005
119,28,2.900269
120,28,2.892902
121,28,2.897016
122,28,2.897210
123,28,2.897331
124,28,2.893526
125,28,2.901207
126,28,2.885700
127,28,2.889383
128,28,2.887627
129,28,2.888707
130,28,2.885854
131,28,2.886784
132,28,2.879933
133,28,2.888418
134,28,2.889123
135,28,2.882037
136,28,2.874889
137,28,2.879226
138,28,2.875783
139,28,2.876121
140,28,2.869538
141,28,2.877431
142,28,2.877551
143,28,2.869891
144,28,2.900687
145,28,2.892885
146,28,2.897425
147,28,2.904874
148,28,2.896893
149,28,2.908046
150,28,2.903707
151,28,2.900240
152,28,2.911163
153,28,2.895035
154,28,2.898227
155,28,2.902063
156,28,2.897260
157,28,2.900257
158,28,2.900003
159,28,2.894963
160,28,2.895792
161,28,2.896769
162,28,2.892966
163,28,2.892952
164,28,2.889843
165,28,2.893555
166,28,2.893313
167,28,2.893884
168,28,2.897347
169,28,2.893855
170,28,2.897253
171,28,2.897462
172,28,2.893031
173,28,2.892262
174,28,2.896090
175,28,2.895318
176,28,2.891287
177,28,2.894241
178,28,2.897761
179,28,2.896734
180,28,2.888539
181,28,2.890997
182,28,2.898294
183,28,2.892888
184,28,2.900051
185,28,2.890631
186,28,2.893806
187,28,2.888893
188,28,2.887259
189,28,2.886031
190,28,2.888110
191,28,2.886712
192,28,2.885609
193,28,2.887073
194,28,2.885824
195,28,2.887109
196,28,2.885710
197,28,2.891480
198,28,2.889109
199,28,2.890838
200,28,2.892977
201,28,2.885990
202,28,2.895671
203,28,2.889301
204,28,2.887253
205,28,2.888164
206,28,2.889197
207,28,2.883041
208,28,2.879186
209,28,2.880552
210,28,2.881144
211,28,2.882320
212,28,2.878732
213,28,2.878981
214,28,2.883719
215,28,2.879869
216,28,2.876691
217,28,2.888000
218,28,2.879918
219,28,2.876419
220,28,2.871915
221,28,2.875888
222,28,2.875064
223,28,2.873990
224,28,2.862191
225,28,2.857980
226,28,2.868011
227,28,2.863531
228,28,2.855071
229,28,2.856909
230,28,2.862723
231,28,2.861541
232,28,2.855143
233,28,2.853647
234,28,2.855856
235,28,2.852738
236,28,2.850752
237,28,2.852457
238,28,2.844863
239,28,2.846195
240,28,2.831940
241,28,2.825207
242,28,2.832116
243,28,2.828816
244,28,2.828281
245,28,2.824570
246,28,2.822739
247,28,2.826255
248,28,2.825690
249,28,2.821036
250,28,2.819991
251,28,2.812825
252,28,2.811211
253,28,2.814103
254,28,2.808088
255,28,2.803378
0,29,2.819504
1,29,2.825505
2,29,2.825625
3,29,2.829383
4,29,2.829082
5,29,2.836284
6,29,2.840984
7,29,2.836205
8,29,2.831244
9,29,2.826105
10,29,2.833745
11,29,2.832084
12,29,2.834114
13,29,2.830207
14,29,2.832068
15,29,2.841310
16,29,2.861966
17,29,2.859364
18,29,2.861613
19,29,2.862564
20,29,2.863384
21,29,2.867930
22,29,2.861821
23,29,2.862243
24,29,2.862547
25,29,2.860628
26,29,2.856827
27,29,2.864474
28,29,2.861336
29,29,2.857190
30,29,2.860646
31,29,2.860964
32,29,2.888103
33,29,2.883536
34,29,2.883482
35,29,2.886414
36,29,2.885402
37,29,2.884997
38,29,2.888425
39,29,2.891643
40,29,2.882542
41,29,2.884917
42,29,2.884742
43,29,2.879233
44,29,2.881921
45,29,2.880092
46,29,2.886672
47,29,2.885213
48,29,2.898554
49,29,2.900753
50,29,2.899303
51,29,2.897003
52,29,2.891223
53,29,2.901107
54,29,2.895146
55,29,2.896394
56,29,2.894889
57,29,2.892140
58,29,2.893533
59,29,2.883717
60,29,2.892647
61,29,2.885760
62,29,2.887302
63,29,2.892138
64,29,2.905102
65,29,2.909776
66,29,2.902557
67,29,2.900154
68,29,2.904360
69,29,2.897949
70,29,2.898172
71,29,2.903165
72,29,2.899407
73,29,2.892690
74,29,2.892803
75,29,2.897348
76,29,2.893456
77,29,2.894025
78,29,2.893834
79,29,2.894279
80,29,2.897791
81,29,2.909672
82,29,2.909180
83,29,2.905528
84,29,2.904886
85,29,2.904972
86,29,2.896465
87,29,2.907963
88,29,2.900146
89,29,2.895268
90,29,2.894980
91,29,2.894678
92,29,2.893419
93,29,2.892993
94,29,2.895433
95,29,2.898617
96,29,2.911028
97,29,2.907817
98,29,2.911318
99,29,2.911812
100,29,2.912226
101,29,2.911681
102,29,2.915800
103,29,2.912108
104,29,2.908374
105,29,2.907582
106,29,2.903701
107,29,2.907446
108,29,2.899552
109,29,2.910892
110,29,2.902015
111,29,2.905481
112,29,2.908738
113,29,2.905715
114,29,2.910338
115,29,2.903318
116,29,2.899250
117,29,2.895940
118,29,2.892567
119,29,2.889121
120,29,2.897155
121,29,2.897418
122,29,2.897605
123,29,2.897724
124,29,2.897771
125,29,2.901599
126,29,2.897649
127,29,2.885923
128,29,2.880365
129,29,2.881436
130,29,2.886288
131,29,2.887198
132,29,2.891901
133,29,2.884972
134,29,2.874104
135,29,2.886291
136,29,2.882985
137,29,2.883469
138,29,2.887732
139,29,2.872653
140,29,2.869905
141,29,2.877801
142,29,2.870218
143,29,2.874120
144,29,2.901068
145,29,2.897124
146,29,2.893930
147,29,2.893723
148,29,2.897254
149,29,2.900704
150,29,2.904159
151,29,2.904440
152,29,2.899956
153,29,2.899367
154,29,2.898586
155,29,2.890998
156,29,2.897772
157,29,2.892905
158,29,2.896678
159,29,2.899364
160,29,2.899935
161,29,2.896228
162,29,2.897117
163,29,2.889405
164,29,2.897848
165,29,2.893866
166,29,2.897491
167,29,2.901851
168,29,2.897680
169,29,2.897225
170,29,2.893743
171,29,2.896993
172,29,2.897118
173,29,2.900339
174,29,2.896460
175,29,2.895703
176,29,2.895524
177,29,2.894642
178,29,2.898162
179,29,2.893300
180,29,2.892812
181,29,2.891673
182,29,2.898734
183,29,2.893351
184,29,2.892808
185,29,2.883412
186,29,2.894293
187,29,2.888587
188,29,2.891625
189,29,2.889606
190,29,2.888652
191,29,2.887261
192,29,2.893072
193,29,2.895360
194,29,2.885614
195,29,2.895860
196,29,2.886330
197,29,2.891776
198,29,2.885915
199,29,2.892001
200,29,2.892860
201,29,2.894934
202,29,2.888688
203,29,2.885946
204,29,2.891058
205,29,2.885090
206,29,2.885951
207,29,2.886905
208,29,2.876827
209,29,2.877562
210,29,2.874203
211,29,2.875412
212,29,2.879667
213,29,2.876827
214,29,2.880038
215,29,2.884700
216,29,2.881561
217,29,2.877504
218,29,2.873339
219,29,2.876721
220,29,2.880845
221,29,2.873304
222,29,2.876277
223,29,2.876200
224,29,2.859781
225,29,2.858463
226,29,2.865717
227,29,2.861291
228,29,2.863355
229,29,2.858650
230,29,2.865371
231,29,2.866096
232,29,2.864808
233,29,2.855672
234,29,2.860528
235,29,2.851064
236,29,2.856855
237,29,2.850929
238,29,2.847283
239,29,2.848695
240,29,2.830668
241,29,2.831726
242,29,2.822471
243,29,2.834670
244,29,2.831260
245,29,2.827647
246,29,2.825940
247,29,2.821855
248,29,2.821398
249,29,2.820708
250,29,2.817843
251,29,2.816613
252,29,2.811271
253,29,2.813368
254,29,2.811334
255,29,2.799084
0,30,2.814907
1,30,2.824632
2,30,2.824653
3,30,2.832168
4,30,2.831773
5,30,2.827327
6,30,2.835771
7,30,2.830908
8,30,2.833571
9,30,2.832206
10,30,2.830671
11,30,2.834164
12,30,2.832270
13,30,2.830220
14,30,2.831870
15,30,2.835376
16,30,2.863675
17,30,2.857159
18,30,2.854359
19,30,2.856375
20,30,2.860992
21,30,2.869337
22,30,2.867015
23,30,2.863534
24,30,2.856082
25,30,2.860851
26,30,2.857944
27,30,2.857840
28,30,2.861482
29,30,2.862017
30,30,2.865432
31,30,2.865663
32,30,2.877371
33,30,2.880473
34,30,2.879627
35,30,2.879415
36,30,2.886840
37,30,2.885706
38,30,2.892858
39,30,2.887681
40,30,2.875346
41,30,2.882307
42,30,2.880719
43,30,2.879631
44,30,2.881722
45,30,2.888351
46,30,2.879261
47,30,2.888814
48,30,2.891849
49,30,2.897389
50,30,2.887446
51,30,2.893296
52,30,2.899373
53,30,2.897335
54,30,2.902499
55,30,2.897193
56,30,2.890652
57,30,2.892514
58,30,2.890047
59,30,2.891004
60,30,2.889133
61,30,2.889951
62,30,2.887150
63,30,2.892451
64,30,2.901046
65,30,2.898508
66,30,2.899239
67,30,2.892717
68,30,2.904849
69,30,2.905133
70,30,2.898617
71,30,2.898772
72,30,2.892105
73,30,2.895985
74,30,2.896873
75,30,2.896774
76,30,2.897514
77,30,2.889583
78,30,2.897880
79,30,2.901383
80,30,2.905680
81,30,2.905205
82,30,2.905503
83,30,2.905691
84,30,2.901202
85,30,2.905128
86,30,2.908188
87,30,2.908114
88,30,2.892581
89,30,2.891564
90,30,2.895172
91,30,2.897857
92,30,2.893636
93,30,2.900826
94,30,2.895570
95,30,2.902716
96,30,2.907502
97,30,2.911076
98,30,2.903929
99,30,2.912112
100,30,2.912449
101,30,2.915826
102,30,2.916041
103,30,2.904668
104,30,2.904773
105,30,2.907842
106,30,2.903948
107,30,2.907706
108,30,2.903666
109,30,2.902584
110,30,2.906134
111,30,2.905738
112,30,2.901375
113,30,2.909902
114,30,2.902959
115,30,2.903637
116,30,2.895719
117,30,2.896265
118,30,2.896731
119,30,2.893273
120,30,2.893604
121,30,2.893859
122,30,2.894046
123,30,2.898014
124,30,2.898059
125,30,2.898033
126,30,2.878673
127,30,2.886212
128,30,2.884557
129,30,2.881765
130,30,2.886601
131,30,2.887522
132,30,2.884501
133,30,2.889114
134,30,2.882109
135,30,2.882725
136,30,2.883280
137,30,2.887607
138,30,2.857189
139,30,2.872940
140,30,2.866315
141,30,2.866508
142,30,2.870487
143,30,2.866687
144,30,2.897493
145,30,2.897405
146,30,2.893406
147,30,2.901684
148,30,2.897511
149,30,2.897183
150,30,2.900568
151,30,2.897076
152,30,2.900314
153,30,2.895766
154,30,2.895125
155,30,2.895090
156,30,2.894324
157,30,2.897182
158,30,2.892251
159,30,2.899805
160,30,2.892447
161,30,2.892574
162,30,2.893454
163,30,2.897307
164,30,2.897245
165,30,2.894044
166,30,2.901566
167,30,2.902068
168,30,2.897910
169,30,2.901324
170,30,2.897835
171,30,2.893396
172,30,2.897371
173,30,2.892901
174,30,2.895939
175,30,2.895985
176,30,2.887315
177,30,2.891086
178,30,2.897676
179,30,2.893614
180,30,2.888493
181,30,2.888154
182,30,2.894436
183,30,2.890114
184,30,2.896239
185,30,2.891783
186,30,2.890043
187,30,2.889305
188,30,2.892033
189,30,2.890379
190,30,2.889088
191,30,2.894999
192,30,2.885832
193,30,2.887747
194,30,2.889965
195,30,2.888658
196,30,2.886068
197,30,2.884610
198,30,2.886467
199,30,2.891783
200,30,2.893952
201,30,2.890902
202,30,2.885205
203,30,2.886590
204,30,2.883799
205,30,2.881129
206,30,2.882799
207,30,2.880537
208,30,2.876778
209,30,2.874335
210,30,2.878842
211,30,2.875429
212,30,2.876565
213,30,2.884589
214,30,2.877821
215,30,2.881733
216,30,2.881694
217,30,2.878477
218,30,2.874328
219,30,2.874745
220,30,2.874266
221,30,2.869721
222,30,2.873653
223,30,2.869770
224,30,2.864802
225,30,2.863721
226,30,2.859468
227,30,2.857897
228,30,2.864934
229,30,2.860284
230,30,2.862077
231,30,2.867883
232,30,2.862805
233,30,2.857585
234,30,2.850966
235,30,2.849275
236,30,2.851284
237,30,2.859486
238,30,2.849584
239,30,2.854926
240,30,2.836979
241,30,2.831927
242,30,2.828993
243,30,2.829722
244,30,2.830257
245,30,2.832775
246,30,2.829006
247,30,2.828876
248,30,2.824672
249,30,2.824091
250,30,2.817514
251,30,2.812549
252,30,2.818888
253,30,2.813405
254,30,2.807650
255,30,2.810979
0,31,2.817882
1,31,2.821917
2,31,2.827406
3,31,2.827121
4,31,2.834340
5,31,2.837512
6,31,2.836640
7,31,2.840904
8,31,2.839634
9,31,2.830486
10,31,2.836582
11,31,2.828426
12,31,2.834167
13,31,2.839755
14,31,2.829781
15,31,2.838926
16,31,2.857572
17,31,2.858702
18,31,2.859697
19,31,2.861642
20,31,2.866205
21,31,2.866791
22,31,2.863402
23,31,2.868578
24,31,2.869543
25,31,2.865783
26,31,2.861913
27,31,2.862670
28,31,2.862417
29,31,2.862060
30,31,2.867025
31,31,2.862595
32,31,2.877333
33,31,2.877319
34,31,2.880291
35,31,2.880067
36,31,2.883555
37,31,2.890094
38,31,2.888840
39,31,2.888890
40,31,2.887452
41,31,2.882080
42,31,2.881070
43,31,2.883972
44,31,2.882755
45,31,2.880891
46,31,2.886656
47,31,2.889747
48,31,2.891499
49,31,2.893654
50,31,2.895992
51,31,2.889810
52,31,2.899402
53,31,2.897667
54,31,2.899375
55,31,2.900600
56,31,2.898653
57,31,2.896255
58,31,2.889566
59,31,2.887746
60,31,2.896330
61,31,2.890492
62,31,2.891234
63,31,2.891913
64,31,2.897401
65,31,2.897947
66,31,2.899425
67,31,2.892134
68,31,2.893457
69,31,2.901448
70,31,2.902618
71,31,2.902776
72,31,2.899186
73,31,2.892268
74,31,2.896232
75,31,2.896896
76,31,2.893765
77,31,2.897398
78,31,2.894120
79,31,2.893776
80,31,2.901911
81,31,2.909147
82,31,2.905578
83,31,2.897279
84,31,2.905123
85,31,2.905178
86,31,2.904398
87,31,2.908185
88,31,2.903403
89,31,2.899318
90,31,2.895210
91,31,2.901756
92,31,2.897526
93,31,2.900853
94,31,2.891860
95,31,2.895038
96,31,2.915322
97,31,2.911306
98,31,2.915700
99,31,2.904532
100,31,2.911846
101,31,2.912115
102,31,2.916218
103,31,2.912536
104,31,2.911827
105,31,2.907999
106,31,2.907960
107,31,2.903987
108,31,2.899935
109,31,2.902766
110,31,2.906292
111,31,2.909754
112,31,2.901616
113,31,2.906282
114,31,2.907024
115,31,2.906907
116,31,2.903655
117,31,2.896479
118,31,2.896940
119,31,2.893478
120,31,2.889946
121,31,2.894055
122,31,2.894236
123,31,2.890496
124,31,2.890540
125,31,2.882808
126,31,2.882712
127,31,2.894105
128,31,2.880941
129,31,2.885843
130,31,2.886828
131,31,2.883875
132,31,2.880851
133,31,2.889314
134,31,2.874589
135,31,2.879068
136,31,2.887318
137,31,2.887792
138,31,2.868932
139,31,2.873120
140,31,2.865680
141,31,2.862823
142,31,2.862949
143,31,2.863005
144,31,2.897668
145,31,2.893734
146,31,2.905138
147,31,2.898032
148,31,2.897727
149,31,2.897342
150,31,2.900813
151,31,2.896428
152,31,2.896716
153,31,2.899891
154,31,2.899132
155,31,2.894585
156,31,2.898320
157,31,2.893649
158,31,2.892591
159,31,2.899946
160,31,2.892532
161,31,2.896543
162,31,2.893544
163,31,2.897409
164,31,2.889653
165,31,2.894152
166,31,2.893981
167,31,2.901408
168,31,2.897973
169,31,2.893762
170,31,2.894031
171,31,2.897403
172,31,2.896753
173,31,2.893068
174,31,2.896123
175,31,2.896165
176,31,2.891366
177,31,2.891281
178,31,2.894038
179,31,2.893826
180,31,2.896432
181,31,2.891475
182,31,2.894689
183,31,2.893456
184,31,2.892661
185,31,2.892058
186,31,2.886488
187,31,2.893457
188,31,2.895431
189,31,2.890705
190,31,2.884808
191,31,2.887648
192,31,2.887362
193,31,2.888133
194,31,2.883058
195,31,2.892152
196,31,2.890783
197,31,2.888139
198,31,2.890472
199,31,2.892256
200,31,2.885967
201,31,2.888073
202,31,2.885727
203,31,2.890762
204,31,2.884366
205,31,2.889994
206,31,2.883224
207,31,2.884234
208,31,2.874198
209,31,2.874229
210,31,2.875569
211,31,2.884529
212,31,2.877292
213,31,2.881441
214,31,2.877821
215,31,2.878684
216,31,2.879453
217,31,2.878555
218,31,2.879112
219,31,2.875716
220,31,2.875205
221,31,2.874660
222,31,2.870932
223,31,2.873863
224,31,2.866039
225,31,2.869660
226,31,2.863664
227,31,2.859318
228,31,2.870261
229,31,2.864575
230,31,2.863679
231,31,2.858798
232,31,2.856840
233,31,2.858180
234,31,2.852851
235,31,2.858933
236,31,2.857158
237,31,2.850038
238,31,2.851768
239,31,2.853334
240,31,2.833205
241,31,2.830535
242,31,2.827685
243,31,2.836207
244,31,2.829126
245,31,2.827907
246,31,2.828089
247,31,2.824206
248,31,2.820105
249,31,2.821651
250,31,2.817044
251,31,2.819900
252,31,2.814800
253,31,2.813294
254,31,2.809418
255,31,2.803455
0,32,2.796819
1,32,2.800757
2,32,2.808335
3,32,2.805756
4,32,2.809816
5,32,2.809048
6,32,2.811945
7,32,2.814662
8,32,2.814760
9,32,2.813242
10,32,2.815411
11,32,2.821271
12,32,2.820544
13,32,2.818359
14,32,2.819879
15,32,2.817403
16,32,2.823245
17,32,2.829320
18,32,2.826405
19,32,2.831067
20,32,2.832790
21,32,2.833324
22,32,2.833738
23,32,2.834777
24,32,2.835899
25,32,2.832093
26,32,2.839736
27,32,2.839566
28,32,2.836290
29,32,2.840481
30,32,2.836130
31,32,2.840174
32,32,2.851021
33,32,2.854068
34,32,2.850776
35,32,2.857475
36,32,2.856380
37,32,2.848163
38,32,2.851460
39,32,2.853945
40,32,2.853110
41,32,2.859267
42,32,2.866073
43,32,2.857227
44,32,2.855428
45,32,2.861986
46,32,2.856701
47,32,2.858517
48,32,2.856892
49,32,2.866981
50,32,2.864715
51,32,2.866673
52,32,2.868835
53,32,2.862907
54,32,2.861068
55,32,2.858437
56,32,2.859961
57,32,2.865620
58,32,2.859269
59,32,2.867912
60,32,2.857959
61,32,2.862926
62,32,2.856691
63,32,2.865350
64,32,2.862102
65,32,2.855924
66,32,2.860251
67,32,2.861400
68,32,2.858115
69,32,2.859137
70,32,2.859551
71,32,2.860447
72,32,2.868416
73,32,2.869188
74,32,2.869300
75,32,2.869949
76,32,2.869912
77,32,2.866587
78,32,2.862548
79,32,2.859101
80,32,2.866473
81,32,2.866758
82,32,2.867027
83,32,2.866441
84,32,2.862713
85,32,2.862002
86,32,2.858129
87,32,2.865758
88,32,2.864835
89,32,2.860785
90,32,2.855859
91,32,2.863245
92,32,2.866642
93,32,2.861580
94,32,2.864829
95,32,2.864144
96,32,2.872301
97,32,2.876759
98,32,2.869497
99,32,2.873809
100,32,2.873363
101,32,2.869825
102,32,2.862321
103,32,2.866343
104,32,2.869516
105,32,2.873384
106,32,2.869478
107,32,2.869373
108,32,2.873028
109,32,2.879732
110,32,2.875529
111,32,2.871283
112,32,2.867082
113,32,2.875592
114,32,2.864768
115,32,2.853094
116,32,2.861394
117,32,2.861919
118,32,2.858521
119,32,2.862760
120,32,2.855372
121,32,2.859473
122,32,2.855799
123,32,2.863615
124,32,2.859805
125,32,2.852072
126,32,2.851977
127,32,2.851813
128,32,2.854108
129,32,2.855148
130,32,2.846484
131,32,2.849307
132,32,2.842427
133,32,2.839328
134,32,2.836159
135,32,2.840625
136,32,2.833464
137,32,2.841643
138,32,2.845901
139,32,2.850089
140,32,2.842650
141,32,2.851331
142,32,2.851459
143,32,2.851519
144,32,2.870775
145,32,2.866846
146,32,2.866685
147,32,2.867266
148,32,2.866962
149,32,2.874354
150,32,2.873905
151,32,2.869618
152,32,2.881353
153,32,2.869121
154,32,2.872350
155,32,2.879233
156,32,2.852288
157,32,2.859023
158,32,2.858152
159,32,2.857031
160,32,2.869402
161,32,2.869572
162,32,2.861958
163,32,2.866590
164,32,2.862684
165,32,2.866432
166,32,2.863141
167,32,2.866768
168,32,2.871035
169,32,2.870689
170,32,2.870202
171,32,2.870488
172,32,2.846738
173,32,2.846901
174,32,2.849974
175,32,2.849262
176,32,2.864495
177,32,2.863660
178,32,2.859478
179,32,2.862371
180,32,2.858036
181,32,2.860803
182,32,2.860167
183,32,2.862804
184,32,2.865865
185,32,2.860667
186,32,2.871275
187,32,2.869796
188,32,2.849421
189,32,2.847807
190,32,2.846873
191,32,2.844778
192,32,2.859116
193,32,2.857594
194,32,2.859489
195,32,2.865499
196,32,2.859541
197,32,2.861963
198,32,2.863860
199,32,2.861535
200,32,2.867100
201,32,2.869213
202,32,2.866659
203,32,2.868091
204,32,2.853814
205,32,2.847342
206,32,2.845198
207,32,2.853789
208,32,2.850868
209,32,2.848468
210,32,2.856889
211,32,2.853558
212,32,2.850889
213,32,2.855126
214,32,2.843807
215,32,2.848559
216,32,2.848594
217,32,2.849286
218,32,2.849128
219,32,2.852644
220,32,2.841462
221,32,2.834029
222,32,2.832537
223,32,2.828723
224,32,2.832504
225,32,2.831346
226,32,2.827171
227,32,2.829816
228,32,2.835907
229,32,2.831342
230,32,2.830502
231,32,2.825679
232,32,2.827265
233,32,2.829069
234,32,2.831510
235,32,2.826099
236,32,2.807693
237,32,2.809654
238,32,2.815310
239,32,2.807853
240,32,2.800790
241,32,2.802053
242,32,2.795433
243,32,2.796335
244,32,2.795465
245,32,2.795943
246,32,2.788514
247,32,2.792434
248,32,2.794379
249,32,2.790112
250,32,2.793319
251,32,2.788583
252,32,2.771205
253,32,2.760091
254,32,2.766090
255,32,2.760254
0,33,2.799558
1,33,2.803398
2,33,2.807029
3,33,2.810456
4,33,2.811381
5,33,2.818235
6,33,2.817200
7,33,2.816740
8,33,2.815350
9,33,2.822856
10,33,2.821100
11,33,2.823037
12,33,2.820967
13,33,2.827680
14,33,2.825284
15,33,2.822746
16,33,2.828511
17,33,2.829551
18,33,2.835395
19,33,2.836149
20,33,2.832925
21,33,2.829579
22,33,2.830947
23,33,2.831921
24,33,2.832055
25,33,2.840691
26,33,2.836731
27,33,2.840371
28,33,2.844628
29,33,2.841176
30,33,2.840639
31,33,2.836152
32,33,2.847738
33,33,2.851466
34,33,2.854386
35,33,2.857915
36,33,2.856787
37,33,2.856287
38,33,2.851136
39,33,2.854233
40,33,2.856606
41,33,2.856348
42,33,2.854693
43,33,2.852960
44,33,2.852404
45,33,2.854357
46,33,2.860089
47,33,2.859247
48,33,2.853262
49,33,2.862617
50,33,2.869209
51,33,2.863000
52,33,2.868281
53,33,2.863053
54,33,2.860482
55,33,2.854370
56,33,2.856219
57,33,2.861145
58,33,2.867057
59,33,2.864139
60,33,2.861469
61,33,2.866833
62,33,2.856012
63,33,2.861527
64,33,2.869838
65,33,2.867490
66,33,2.867965
67,33,2.868599
68,33,2.861957
69,33,2.858391
70,33,2.867228
71,33,2.859683
72,33,2.864518
73,33,2.868406
74,33,2.865389
75,33,2.861446
76,33,2.865988
77,33,2.870354
78,33,2.866318
79,33,2.866711
80,33,2.866381
81,33,2.862800
82,33,2.866176
83,33,2.862475
84,33,2.866439
85,33,2.861883
86,33,2.861850
87,33,2.861024
88,33,2.868552
89,33,2.860639
90,33,2.859573
91,33,2.863097
92,33,2.858777
93,33,2.865284
94,33,2.864670
95,33,2.864097
96,33,2.864641
97,33,2.868990
98,33,2.869513
99,33,2.877594
100,33,2.873370
101,33,2.869772
102,33,2.862301
103,33,2.870162
104,33,2.865627
105,33,2.865639
106,33,2.873295
107,33,2.869310
108,33,2.876090
109,33,2.871961
110,33,2.871645
111,33,2.871250
112,33,2.870978
113,33,2.867921
114,33,2.864795
115,33,2.868544
116,33,2.857564
117,33,2.858083
118,33,2.854681
119,33,2.862768
120,33,2.855370
121,33,2.847910
122,33,2.851940
123,33,2.855902
124,33,2.852090
125,33,2.852063
126,33,2.853894
127,33,2.859510
128,33,2.854146
129,33,2.859030
130,33,2.848440
131,33,2.849316
132,33,2.850138
133,33,2.843184
134,33,2.840013
135,33,2.844477
136,33,2.841157
137,33,2.849337
138,33,2.842036
139,33,2.842372
140,33,2.842636
141,33,2.851300
142,33,2.847579
143,33,2.847642
144,33,2.866901
145,33,2.866829
146,33,2.866695
147,33,2.874177
148,33,2.870833
149,33,2.874318
150,33,2.870098
151,33,2.873439
152,33,2.873704
153,33,2.884605
154,33,2.880015
155,33,2.883192
156,33,2.863795
157,33,2.859144
158,33,2.854257
159,33,2.857186
160,33,2.869327
161,33,2.865621
162,33,2.869578
163,33,2.870348
164,33,2.862603
165,33,2.870215
166,33,2.859214
167,33,2.859001
168,33,2.854820
169,33,2.870636
170,33,2.870164
171,33,2.866593
172,33,2.850565
173,33,2.853843
174,33,2.846108
175,33,2.849264
176,33,2.864496
177,33,2.863677
178,33,2.859495
179,33,2.862404
180,33,2.861196
181,33,2.864707
182,33,2.859494
183,33,2.862877
184,33,2.861362
185,33,2.868467
186,33,2.874501
187,33,2.869915
188,33,2.845278
189,33,2.847951
190,33,2.847020
191,33,2.848804
192,33,2.863145
193,33,2.860907
194,33,2.859695
195,33,2.857694
196,33,2.863634
197,33,2.858356
198,33,2.863393
199,33,2.857964
200,33,2.867152
201,33,2.868792
202,33,2.874694
203,33,2.875416
204,33,2.850334
205,33,2.859851
206,33,2.848723
207,33,2.842660
208,33,2.855781
209,33,2.852053
210,33,2.849584
211,33,2.854737
212,33,2.850685
213,33,2.855650
214,33,2.848967
215,33,2.848426
216,33,2.845396
217,33,2.853048
218,33,2.857516
219,33,2.853443
220,33,2.834596
221,33,2.834043
222,33,2.830380
223,33,2.833574
224,33,2.832611
225,33,2.832451
226,33,2.832177
227,33,2.830774
228,33,2.833342
229,33,2.836536
230,33,2.828046
231,33,2.826012
232,33,2.821087
233,33,2.830676
234,33,2.828115
235,33,2.822740
236,33,2.809510
237,33,2.815393
238,33,2.808222
239,33,2.809902
240,33,2.802934
241,33,2.804276
242,33,2.797737
243,33,2.789494
244,33,2.790255
245,33,2.790824
246,33,2.783487
247,33,2.789664
248,33,2.793426
249,33,2.792308
250,33,2.787914
251,33,2.790991
252,33,2.768769
253,33,2.767448
254,33,2.765865
255,33,2.756305
0,34,2.802171
1,34,2.805916
2,34,2.809454
3,34,2.816644
4,34,2.812083
5,34,2.820379
6,34,2.823116
7,34,2.821823
8,34,2.821094
9,34,2.823314
10,34,2.818975
11,34,2.820844
12,34,2.822560
13,34,2.824128
14,34,2.825551
15,34,2.827988
16,34,2.837529
17,34,2.838512
18,34,2.835512
19,34,2.837281
20,34,2.834006
21,34,2.838315
22,34,2.839364
23,34,2.844383
24,34,2.832913
25,34,2.836744
26,34,2.840468
27,34,2.834085
28,34,2.837581
29,34,2.833270
30,34,2.837355
31,34,2.840537
32,34,2.855882
33,34,2.855024
34,34,2.858638
35,34,2.857583
36,34,2.857137
37,34,2.860416
38,34,2.859087
39,34,2.854518
40,34,2.857480
41,34,2.859745
42,34,2.854225
43,34,2.853728
44,34,2.855746
45,34,2.853837
46,34,2.853052
47,34,2.858689
48,34,2.864253
49,34,2.867047
50,34,2.868605
51,34,2.858537
52,34,2.861068
53,34,2.866263
54,34,2.868619
55,34,2.869817
56,34,2.863245
57,34,2.865355
58,34,2.870202
59,34,2.867976
60,34,2.861446
61,34,2.866095
62,34,2.863954
63,34,2.860765
64,34,2.869772
65,34,2.870558
66,34,2.864026
67,34,2.864658
68,34,2.869557
69,34,2.870037
70,34,2.867105
71,34,2.867268
72,34,2.864379
73,34,2.868270
74,34,2.872941
75,34,2.861297
76,34,2.865822
77,34,2.861760
78,34,2.866141
79,34,2.865809
80,34,2.869988
81,34,2.866453
82,34,2.873651
83,34,2.869974
84,34,2.861638
85,34,2.865523
86,34,2.861637
87,34,2.864658
88,34,2.864506
89,34,2.864251
90,34,2.863254
91,34,2.862855
92,34,2.866314
93,34,2.865040
94,34,2.860673
95,34,2.863835
96,34,2.868339
97,34,2.872778
98,34,2.877059
99,34,2.872917
100,34,2.869372
101,34,2.873523
102,34,2.869859
103,34,2.865428
104,34,2.873210
105,34,2.869362
106,34,2.873149
107,34,2.873034
108,34,2.872087
109,34,2.875706
110,34,2.875366
111,34,2.874975
112,34,2.870940
113,34,2.867861
114,34,2.871691
115,34,2.864624
116,34,2.849795
117,34,2.854152
118,34,2.858451
119,34,2.858822
120,34,2.859132
121,34,2.855521
122,34,2.859545
123,34,2.863505
124,34,2.855838
125,34,2.855810
126,34,2.851863
127,34,2.859407
128,34,2.854088
129,34,2.847405
130,34,2.848357
131,34,2.849245
132,34,2.851975
133,34,2.850798
134,34,2.847612
135,34,2.848223
136,34,2.841059
137,34,2.849230
138,34,2.849635
139,34,2.849966
140,34,2.842531
141,34,2.850435
142,34,2.843603
143,34,2.847522
144,34,2.874492
145,34,2.866720
146,34,2.874284
147,34,2.866399
148,34,2.874553
149,34,2.866548
150,34,2.869970
151,34,2.873403
152,34,2.865122
153,34,2.880614
154,34,2.868449
155,34,2.871502
156,34,2.866921
157,34,2.866708
158,34,2.858151
159,34,2.853202
160,34,2.865270
161,34,2.869304
162,34,2.865543
163,34,2.866307
164,34,2.866280
165,34,2.866175
166,34,2.862898
167,34,2.858797
168,34,2.858531
169,34,2.870417
170,34,2.866179
171,34,2.857938
172,34,2.858149
173,34,2.861322
174,34,2.857557
175,34,2.852879
176,34,2.859836
177,34,2.863598
178,34,2.862558
179,34,2.862342
180,34,2.861153
181,34,2.856958
182,34,2.859471
183,34,2.855147
184,34,2.857507
185,34,2.860759
186,34,2.863244
187,34,2.854525
188,34,2.856878
189,34,2.851851
190,34,2.846363
191,34,2.848879
192,34,2.854811
193,34,2.865240
194,34,2.855245
195,34,2.857825
196,34,2.859922
197,34,2.857797
198,34,2.860163
199,34,2.861293
200,34,2.859655
201,34,2.869504
202,34,2.866511
203,34,2.864643
204,34,2.865308
205,34,2.863277
206,34,2.841906
207,34,2.849983
208,34,2.855410
209,34,2.853052
210,34,2.856967
211,34,2.854428
212,34,2.855658
213,34,2.855393
214,34,2.852579
215,34,2.849676
216,34,2.849782
217,34,2.849811
218,34,2.850464
219,34,2.846352
220,34,2.838362
221,34,2.842551
222,34,2.830344
223,34,2.834303
224,34,2.829721
225,34,2.833461
226,34,2.828407
227,34,2.828042
228,34,2.831411
229,34,2.825166
230,34,2.824410
231,34,2.827379
232,34,2.830217
233,34,2.827903
234,34,2.821990
235,34,2.820531
236,34,2.822778
237,34,2.819733
238,34,2.806234
239,34,2.807987
240,34,2.804965
241,34,2.804954
242,34,2.806165
243,34,2.799490
244,34,2.796484
245,34,2.797141
246,34,2.792120
247,34,2.788484
248,34,2.791560
249,34,2.791348
250,34,2.783206
251,34,2.784529
252,34,2.787426
253,34,2.774664
254,34,2.765496
255,34,2.763768
0,35,2.806842
1,35,2.808312
2,35,2.815612
3,35,2.815009
4,35,2.810363
5,35,2.817088
6,35,2.821214
7,35,2.819844
8,35,2.818305
9,35,2.825023
10,35,2.827011
11,35,2.821138
12,35,2.824050
13,35,2.829407
14,35,2.823062
15,35,2.820432
16,35,2.834891
17,35,2.843524
18,35,2.832763
19,35,2.833436
20,35,2.833986
21,35,2.827693
22,35,2.836383
23,35,2.836559
24,35,2.840477
25,35,2.841320
26,35,2.837296
27,35,2.837709
28,35,2.842005
29,35,2.837655
30,35,2.837061
31,35,2.837057
32,35,2.856277
33,35,2.855384
34,35,2.854402
35,35,2.854695
36,35,2.853521
37,35,2.856114
38,35,2.855452
39,35,2.858492
40,35,2.856971
41,35,2.851518
42,35,2.862639
43,35,2.860870
44,35,2.855172
45,35,2.854445
46,35,2.860145
47,35,2.858066
48,35,2.860916
49,35,2.866389
50,35,2.864764
51,35,2.862819
52,35,2.860368
53,35,2.854677
54,35,2.867888
55,35,2.865228
56,35,2.859684
57,35,2.868443
58,35,2.866259
59,35,2.859796
60,35,2.861330
61,35,2.869831
62,35,2.863134
63,35,2.864477
64,35,2.865329
65,35,2.866543
66,35,2.870870
67,35,2.868328
68,35,2.864822
69,35,2.869836
70,35,2.870057
71,35,2.867054
72,35,2.867314
73,35,2.871894
74,35,2.864300
75,35,2.868760
76,35,2.865563
77,35,2.865359
78,35,2.865791
79,35,2.865545
80,35,2.862005
81,35,2.865465
82,35,2.865660
83,35,2.873527
84,35,2.865197
85,35,2.861364
86,35,2.864470
87,35,2.864347
88,35,2.868037
89,35,2.867064
90,35,2.859076
91,35,2.862593
92,35,2.861405
93,35,2.860948
94,35,2.864180
95,35,2.862885
96,35,2.872049
97,35,2.872529
98,35,2.869181
99,35,2.868829
100,35,2.865337
101,35,2.873285
102,35,2.873503
103,35,2.869058
104,35,2.861429
105,35,2.869140
106,35,2.869074
107,35,2.868930
108,35,2.871885
109,35,2.875452
110,35,2.871294
111,35,2.874755
112,35,2.870779
113,35,2.863854
114,35,2.867683
115,35,2.860610
116,35,2.861187
117,35,2.861686
118,35,2.865980
119,35,2.870200
120,35,2.862795
121,35,2.863035
122,35,2.855498
123,35,2.859456
124,35,2.851788
125,35,2.851761
126,35,2.855519
127,35,2.855359
128,35,2.861642
129,35,2.854950
130,35,2.852050
131,35,2.852918
132,35,2.849866
133,35,2.846760
134,35,2.847425
135,35,2.844181
136,35,2.852418
137,35,2.845177
138,35,2.845583
139,35,2.853620
140,35,2.853891
141,35,2.850238
142,35,2.851094
143,35,2.851164
144,35,2.862725
145,35,2.858810
146,35,2.862546
147,35,2.873896
148,35,2.866676
149,35,2.877883
150,35,2.869749
151,35,2.865479
152,35,2.864906
153,35,2.876644
154,35,2.872074
155,35,2.867564
156,35,2.862848
157,35,2.866637
158,35,2.857922
159,35,2.857019
160,35,2.868152
161,35,2.865166
162,35,2.861429
163,35,2.865320
164,35,2.862148
165,35,2.865919
166,35,2.865784
167,35,2.862402
168,35,2.858295
169,35,2.865624
170,35,2.865953
171,35,2.857728
172,35,2.850228
173,35,2.853418
174,35,2.852805
175,35,2.852695
176,35,2.855813
177,35,2.859408
178,35,2.862404
179,35,2.854480
180,35,2.853311
181,35,2.859980
182,35,2.859353
183,35,2.854337
184,35,2.857410
185,35,2.863825
186,35,2.859313
187,35,2.857615
188,35,2.845266
189,35,2.843408
190,35,2.842483
191,35,2.848511
192,35,2.854811
193,35,2.852995
194,35,2.847570
195,35,2.854007
196,35,2.855838
197,35,2.857865
198,35,2.855695
199,35,2.865706
200,35,2.859075
201,35,2.872786
202,35,2.870513
203,35,2.867963
204,35,2.850621
205,35,2.848067
206,35,2.845279
207,35,2.843106
208,35,2.847268
209,35,2.852628
210,35,2.850202
211,35,2.854052
212,35,2.847591
213,35,2.856455
214,35,2.852270
215,35,2.849383
216,35,2.850258
217,35,2.854130
218,35,2.846393
219,35,2.846968
220,35,2.832033
221,35,2.834709
222,35,2.831110
223,35,2.831260
224,35,2.826533
225,35,2.825733
226,35,2.823605
227,35,2.829068
228,35,2.827620
229,35,2.822472
230,35,2.821770
231,35,2.823698
232,35,2.826567
233,35,2.829301
234,35,2.823467
235,35,2.820857
236,35,2.811581
237,35,2.813715
238,35,2.811843
239,35,2.805962
240,35,2.797801
241,35,2.799262
242,35,2.804405
243,35,2.793959
244,35,2.797214
245,35,2.794066
246,35,2.786870
247,35,2.790271
248,35,2.790372
249,35,2.794112
250,35,2.788136
251,35,2.787528
252,35,2.778978
253,35,2.770183
254,35,2.772693
255,35,2.765184
0,36,2.808513
1,36,2.804410
2,36,2.812379
3,36,2.813259
4,36,2.812382
5,36,2.822880
6,36,2.817789
7,36,2.816378
8,36,2.827703
9,36,2.822076
10,36,2.824694
11,36,2.822607
12,36,2.824223
13,36,2.823027
14,36,2.820475
15,36,2.817785
16,36,2.838765
17,36,2.839662
18,36,2.837626
19,36,2.838247
20,36,2.834894
21,36,2.835954
22,36,2.837165
23,36,2.837295
24,36,2.837315
25,36,2.833375
26,36,2.838562
27,36,2.834393
28,36,2.833976
29,36,2.837313
30,36,2.834287
31,36,2.837414
32,36,2.855860
33,36,2.858804
34,36,2.851460
35,36,2.858062
36,36,2.856873
37,36,2.856904
38,36,2.855532
39,36,2.854079
40,36,2.853208
41,36,2.852169
42,36,2.858171
43,36,2.853200
44,36,2.859574
45,36,2.849926
46,36,2.852425
47,36,2.858521
48,36,2.864056
49,36,2.862477
50,36,2.864454
51,36,2.865917
52,36,2.856417
53,36,2.877403
54,36,2.867758
55,36,2.868947
56,36,2.866569
57,36,2.864428
58,36,2.869267
59,36,2.867313
60,36,2.860460
61,36,2.862199
62,36,2.862920
63,36,2.864244
64,36,2.865093
65,36,2.862437
66,36,2.866763
67,36,2.864202
68,36,2.860697
69,36,2.865692
70,36,2.873620
71,36,2.866750
72,36,2.867009
73,36,2.867722
74,36,2.863981
75,36,2.864574
76,36,2.860586
77,36,2.865014
78,36,2.864757
79,36,2.865189
80,36,2.869342
81,36,2.868953
82,36,2.869136
83,36,2.868602
84,36,2.872519
85,36,2.868677
86,36,2.867933
87,36,2.867825
88,36,2.867625
89,36,2.866709
90,36,2.862513
91,36,2.866021
92,36,2.860987
93,36,2.864374
94,36,2.859890
95,36,2.862458
96,36,2.875565
97,36,2.876132
98,36,2.872692
99,36,2.872421
100,36,2.872716
101,36,2.872998
102,36,2.865468
103,36,2.868764
104,36,2.872675
105,36,2.868821
106,36,2.868762
107,36,2.867918
108,36,2.867740
109,36,2.871308
110,36,2.870985
111,36,2.866738
112,36,2.866688
113,36,2.867448
114,36,2.863595
115,36,2.860369
116,36,2.857077
117,36,2.861424
118,36,2.865706
119,36,2.862223
120,36,2.862520
121,36,2.862752
122,36,2.859067
123,36,2.863022
124,36,2.851501
125,36,2.855325
126,36,2.855231
127,36,2.855072
128,36,2.857545
129,36,2.862405
130,36,2.855635
131,36,2.841089
132,36,2.845753
133,36,2.842630
134,36,2.847146
135,36,2.847743
136,36,2.852127
137,36,2.856452
138,36,2.849145
139,36,2.849478
140,36,2.853598
141,36,2.849948
142,36,2.850790
143,36,2.850861
144,36,2.870132
145,36,2.862368
146,36,2.866100
147,36,2.869745
148,36,2.873366
149,36,2.881423
150,36,2.865661
151,36,2.869022
152,36,2.876258
153,36,2.880175
154,36,2.875734
155,36,2.871102
156,36,2.862686
157,36,2.858607
158,36,2.861629
159,36,2.864410
160,36,2.867783
161,36,2.864790
162,36,2.864918
163,36,2.868819
164,36,2.865642
165,36,2.865572
166,36,2.853858
167,36,2.858209
168,36,2.861765
169,36,2.861458
170,36,2.861703
171,36,2.865131
172,36,2.853093
173,36,2.849275
174,36,2.852529
175,36,2.852418
176,36,2.859404
177,36,2.858467
178,36,2.862158
179,36,2.864927
180,36,2.864640
181,36,2.855914
182,36,2.851437
183,36,2.857997
184,36,2.861073
185,36,2.855947
186,36,2.859142
187,36,2.861319
188,36,2.845118
189,36,2.847137
190,36,2.846214
191,36,2.848410
192,36,2.858571
193,36,2.856776
194,36,2.851738
195,36,2.853276
196,36,2.859654
197,36,2.861018
198,36,2.851839
199,36,2.857330
200,36,2.870667
201,36,2.872826
202,36,2.866536
203,36,2.864190
204,36,2.850035
205,36,2.855745
206,36,2.845410
207,36,2.846425
208,36,2.855744
209,36,2.848965
210,36,2.857432
211,36,2.854936
212,36,2.855550
213,36,2.852190
214,36,2.845571
215,36,2.842000
216,36,2.849915
217,36,2.850716
218,36,2.843718
219,36,2.842848
220,36,2.831785
221,36,2.832182
222,36,2.830926
223,36,2.834950
224,36,2.838867
225,36,2.831118
226,36,2.829314
227,36,2.829023
228,36,2.824763
229,36,2.835795
230,36,2.821830
231,36,2.821030
232,36,2.827808
233,36,2.826747
234,36,2.828237
235,36,2.822310
236,36,2.816951
237,36,2.811445
238,36,2.812200
239,36,2.810210
240,36,2.799630
241,36,2.805018
242,36,2.802532
243,36,2.798401
244,36,2.795524
245,36,2.800167
246,36,2.788466
247,36,2.792718
248,36,2.798941
249,36,2.795030
250,36,2.790900
251,36,2.786544
252,36,2.778103
253,36,2.779060
254,36,2.777014
255,36,2.763915
0,37,2.814659
1,37,2.806611
2,37,2.813776
3,37,2.820748
4,37,2.818596
5,37,2.820856
6,37,2.823393
7,37,2.821908
8,37,2.816404
9,37,2.818444
10,37,2.818421
11,37,2.823974
12,37,2.821674
13,37,2.819231
14,37,2.824353
15,37,2.826601
16,37,2.839802
17,37,2.836793
18,37,2.833657
19,37,2.838104
20,37,2.839562
21,37,2.836706
22,37,2.836924
23,37,2.837031
24,37,2.834066
25,37,2.830740
26,37,2.834359
27,37,2.837875
28,37,2.842094
29,37,2.834488
30,37,2.837692
31,37,2.840802
32,37,2.856101
33,37,2.855809
34,37,2.854778
35,37,2.857513
36,37,2.861462
37,37,2.856306
38,37,2.854921
39,37,2.854700
40,37,2.849287
41,37,2.851502
42,37,2.846581
43,37,2.853029
44,37,2.855003
45,37,2.855623
46,37,2.852160
47,37,2.850051
48,37,2.867782
49,37,2.858271
50,37,2.864292
51,37,2.865750
52,37,2.871393
53,37,2.869497
54,37,2.863040
55,37,2.869080
56,37,2.866336
57,37,2.867381
58,37,2.861625
59,37,2.866388
60,37,2.864032
61,37,2.865102
62,37,2.866468
63,37,2.859421
64,37,2.868619
65,37,2.861444
66,37,2.866638
67,37,2.863190
68,37,2.868041
69,37,2.872366
70,37,2.869389
71,37,2.865703
72,37,2.862761
73,37,2.866658
74,37,2.859720
75,37,2.867348
76,37,2.864020
77,37,2.864579
78,37,2.860474
79,37,2.864744
80,37,2.872076
81,37,2.868459
82,37,2.868670
83,37,2.868123
84,37,2.864340
85,37,2.867525
86,37,2.867454
87,37,2.863483
88,37,2.858787
89,37,2.862363
90,37,2.862073
91,37,2.864831
92,37,2.864421
93,37,2.863859
94,37,2.859477
95,37,2.861941
96,37,2.871387
97,37,2.868086
98,37,2.875514
99,37,2.872008
100,37,2.872353
101,37,2.876434
102,37,2.868252
103,37,2.872216
104,37,2.868427
105,37,2.868421
106,37,2.864490
107,37,2.867535
108,37,2.863463
109,37,2.867075
110,37,2.870587
111,37,2.870191
112,37,2.866361
113,37,2.866425
114,37,2.867112
115,37,2.867733
116,37,2.872141
117,37,2.864925
118,37,2.861497
119,37,2.865709
120,37,2.860225
121,37,2.866234
122,37,2.862546
123,37,2.862647
124,37,2.862683
125,37,2.854949
126,37,2.862560
127,37,2.858549
128,37,2.861065
129,37,2.858211
130,37,2.859146
131,37,2.848449
132,37,2.849243
133,37,2.846117
134,37,2.846778
135,37,2.847373
136,37,2.851756
137,37,2.848367
138,37,2.848765
139,37,2.852952
140,37,2.849367
141,37,2.849571
142,37,2.845857
143,37,2.850470
144,37,2.873597
145,37,2.869689
146,37,2.869564
147,37,2.877103
148,37,2.869127
149,37,2.873379
150,37,2.869114
151,37,2.868712
152,37,2.864305
153,37,2.879195
154,37,2.879180
155,37,2.878539
156,37,2.869993
157,37,2.869231
158,37,2.872949
159,37,2.868043
160,37,2.871177
161,37,2.872058
162,37,2.864464
163,37,2.864527
164,37,2.860669
165,37,2.868969
166,37,2.861140
167,37,2.857069
168,37,2.857498
169,37,2.864909
170,37,2.864484
171,37,2.864739
172,37,2.864173
173,37,2.868159
174,37,2.863598
175,37,2.862947
176,37,2.862905
177,37,2.861986
178,37,2.857968
179,37,2.856904
180,37,2.852102
181,37,2.855611
182,37,2.854330
183,37,2.850007
184,37,2.856282
185,37,2.851832
186,37,2.854370
187,37,2.861079
188,37,2.859635
189,37,2.858788
190,37,2.853050
191,37,2.855923
192,37,2.850023
193,37,2.856611
194,37,2.858626
195,37,2.856994
196,37,2.851162
197,37,2.861333
198,37,2.854938
199,37,2.857257
200,37,2.859507
201,37,2.864410
202,37,2.870360
203,37,2.871728
204,37,2.869310
205,37,2.867324
206,37,2.860752
207,37,2.865753
208,37,2.855159
209,37,2.860559
210,37,2.857554
211,37,2.854410
212,37,2.855698
213,37,2.852377
214,37,2.848962
215,37,2.846124
216,37,2.843197
217,37,2.846471
218,37,2.847196
219,37,2.843974
220,37,2.843028
221,37,2.843444
222,37,2.843760
223,37,2.839446
224,37,2.827099
225,37,2.830931
226,37,2.826948
227,37,2.826024
228,37,2.824673
229,37,2.828025
230,37,2.823551
231,37,2.814414
232,37,2.820147
233,37,2.822970
234,37,2.825659
235,37,2.823663
236,37,2.824855
237,37,2.823237
238,37,2.821469
239,37,2.819547
240,37,2.805203
241,37,2.801578
242,37,2.799133
243,37,2.800368
244,37,2.797572
245,37,2.798446
246,37,2.792984
247,37,2.789579
248,37,2.793678
249,37,2.797568
250,37,2.801244
251,37,2.795195
252,37,2.786070
253,37,2.789004
254,37,2.780133
255,37,2.782565
0,38,2.807513
1,38,2.808698
2,38,2.811924
3,38,2.814959
4,38,2.817810
5,38,2.817306
6,38,2.812097
7,38,2.823480
8,38,2.814052
9,38,2.823730
10,38,2.810136
11,38,2.820172
12,38,2.822881
13,38,2.824229
14,38,2.821587
15,38,2.818810
16,38,2.835820
17,38,2.837684
18,38,2.842202
19,38,2.835040
20,38,2.839966
21,38,2.836421
22,38,2.837542
23,38,2.841457
24,38,2.833706
25,38,2.834197
26,38,2.830925
27,38,2.845960
28,38,2.842271
29,38,2.837846
30,38,2.841786
31,38,2.841007
32,38,2.863891
33,38,2.859079
34,38,2.858711
35,38,2.858196
36,38,2.860815
37,38,2.855646
38,38,2.855488
39,38,2.853995
40,38,2.852423
41,38,2.851405
42,38,2.850223
43,38,2.852260
44,38,2.854855
45,38,2.853390
46,38,2.855196
47,38,2.853710
48,38,2.859680
49,38,2.858042
50,38,2.863412
51,38,2.861009
52,38,2.859566
53,38,2.860873
54,38,2.866599
55,38,2.868132
56,38,2.862161
57,38,2.867056
58,38,2.865129
59,38,2.866036
60,38,2.863030
61,38,2.864727
62,38,2.861590
63,38,2.862880
64,38,2.871424
65,38,2.864883
66,38,2.865569
67,38,2.866608
68,38,2.866956
69,38,2.864209
70,38,2.868285
71,38,2.865238
72,38,2.869985
73,38,2.866179
74,38,2.862957
75,38,2.866855
76,38,2.871220
77,38,2.863415
78,38,2.867662
79,38,2.868003
80,38,2.871549
81,38,2.864067
82,38,2.863617
83,38,2.867576
84,38,2.867629
85,38,2.870824
86,38,2.866907
87,38,2.870612
88,38,2.869776
89,38,2.869487
90,38,2.861482
91,38,2.860470
92,38,2.859975
93,38,2.863356
94,38,2.869759
95,38,2.869167
96,38,2.874826
97,38,2.867572
98,38,2.875015
99,38,2.871570
100,38,2.867998
101,38,2.875971
102,38,2.867766
103,38,2.867892
104,38,2.864086
105,38,2.871778
106,38,2.871708
107,38,2.878593
108,38,2.866848
109,38,2.870406
110,38,2.870101
111,38,2.865852
112,38,2.869798
113,38,2.866019
114,38,2.870541
115,38,2.867303
116,38,2.867854
117,38,2.864486
118,38,2.864906
119,38,2.865261
120,38,2.865548
121,38,2.865775
122,38,2.865938
123,38,2.858332
124,38,2.854514
125,38,2.854484
126,38,2.858244
127,38,2.854234
128,38,2.856790
129,38,2.853928
130,38,2.854848
131,38,2.855706
132,38,2.852645
133,38,2.857223
134,38,2.846323
135,38,2.850769
136,38,2.851288
137,38,2.855605
138,38,2.836740
139,38,2.833221
140,38,2.848902
141,38,2.849107
142,38,2.853099
143,38,2.849992
144,38,2.861564
145,38,2.869219
146,38,2.865264
147,38,2.861218
148,38,2.864852
149,38,2.865185
150,38,2.872554
151,38,2.868227
152,38,2.863920
153,38,2.874863
154,38,2.874955
155,38,2.870344
156,38,2.865799
157,38,2.868749
158,38,2.860895
159,38,2.867733
160,38,2.859113
161,38,2.859288
162,38,2.867793
163,38,2.863998
164,38,2.856292
165,38,2.868447
166,38,2.860629
167,38,2.864277
168,38,2.856995
169,38,2.864355
170,38,2.864009
171,38,2.856467
172,38,2.859856
173,38,2.855485
174,38,2.859293
175,38,2.858656
176,38,2.854614
177,38,2.853857
178,38,2.853045
179,38,2.856497
180,38,2.855564
181,38,2.858867
182,38,2.857810
183,38,2.861193
184,38,2.855929
185,38,2.862396
186,38,2.857888
187,38,2.856255
188,38,2.855471
189,38,2.850132
190,38,2.856617
191,38,2.851146
192,38,2.845911
193,38,2.859568
194,38,2.850686
195,38,2.852274
196,38,2.858664
197,38,2.857281
198,38,2.858620
199,38,2.860945
200,38,2.858708
201,38,2.868134
202,38,2.865744
203,38,2.860074
204,38,2.872438
205,38,2.855050
206,38,2.856853
207,38,2.857937
208,38,2.847451
209,38,2.848364
210,38,2.845992
211,38,2.850614
212,38,2.851269
213,38,2.852487
214,38,2.849085
215,38,2.845612
216,38,2.838849
217,38,2.851260
218,38,2.846755
219,38,2.851257
220,38,2.844104
221,38,2.843904
222,38,2.835712
223,38,2.835946
224,38,2.827711
225,38,2.831587
226,38,2.830568
227,38,2.834202
228,38,2.821645
229,38,2.825047
230,38,2.819591
231,38,2.818202
232,38,2.813505
233,38,2.824090
234,38,2.833399
235,38,2.820570
236,38,2.822333
237,38,2.820779
238,38,2.819076
239,38,2.812072
240,38,2.793929
241,38,2.791725
242,38,2.797060
243,38,2.798372
244,38,2.798034
245,38,2.798250
246,38,2.795127
247,38,2.795663
248,38,2.792148
249,38,2.798303
250,38,2.794326
251,38,2.797114
252,38,2.792687
253,38,2.784172
254,38,2.786972
255,38,2.775983
0,39,2.813449
1,39,2.812970
2,39,2.816149
3,39,2.828325
4,39,2.819538
5,39,2.825986
6,39,2.825214
7,39,2.819764
8,39,2.821857
9,39,2.825062
10,39,2.826814
11,39,2.821359
12,39,2.822817
13,39,2.820281
14,39,2.821461
15,39,2.819746
16,39,2.840539
17,39,2.837448
18,39,2.838087
19,39,2.846311
20,39,2.840602
21,39,2.840863
22,39,2.837160
23,39,2.837200
24,39,2.842484
25,39,2.838438
26,39,2.841995
27,39,2.837747
28,39,2.830172
29,39,2.841906
30,39,2.837350
31,39,2.841030
32,39,2.859409
33,39,2.855271
34,39,2.854812
35,39,2.861354
36,39,2.860107
37,39,2.860014
38,39,2.858588
39,39,2.853229
40,39,2.856683
41,39,2.851155
42,39,2.853257
43,39,2.844342
44,39,2.854508
45,39,2.849286
46,39,2.847231
47,39,2.856665
48,39,2.859385
49,39,2.860963
50,39,2.859235
51,39,2.868789
52,39,2.862449
53,39,2.864365
54,39,2.862113
55,39,2.871595
56,39,2.864989
57,39,2.863113
58,39,2.864078
59,39,2.865598
60,39,2.866443
61,39,2.864264
62,39,2.861127
63,39,2.862400
64,39,2.867087
65,39,2.864381
66,39,2.861212
67,39,2.873794
68,39,2.866436
69,39,2.875230
70,39,2.867749
71,39,2.864687
72,39,2.864942
73,39,2.873319
74,39,2.865607
75,39,2.866277
76,39,2.862923
77,39,2.862742
78,39,2.859354
79,39,2.866759
80,39,2.870936
81,39,2.867295
82,39,2.866822
83,39,2.874648
84,39,2.866350
85,39,2.866331
86,39,2.870109
87,39,2.869344
88,39,2.869121
89,39,2.868876
90,39,2.867870
91,39,2.867507
92,39,2.859386
93,39,2.866521
94,39,2.861486
95,39,2.864625
96,39,2.870378
97,39,2.870267
98,39,2.870653
99,39,2.874838
100,39,2.867462
101,39,2.879236
102,39,2.867221
103,39,2.878879
104,39,2.867370
105,39,2.871206
106,39,2.870467
107,39,2.870334
108,39,2.866295
109,39,2.866001
110,39,2.865678
111,39,2.865280
112,39,2.865430
113,39,2.869368
114,39,2.866190
115,39,2.866788
116,39,2.867334
117,39,2.863961
118,39,2.864370
119,39,2.868575
120,39,2.868864
121,39,2.861379
122,39,2.865393
123,39,2.861637
124,39,2.865523
125,39,2.865494
126,39,2.861548
127,39,2.860738
128,39,2.855622
129,39,2.853414
130,39,2.858186
131,39,2.857113
132,39,2.859814
133,39,2.868242
134,39,2.838077
135,39,2.838658
136,39,2.846892
137,39,2.847355
138,39,2.836188
139,39,2.832670
140,39,2.836794
141,39,2.836997
142,39,2.848699
143,39,2.853283
144,39,2.861004
145,39,2.860957
146,39,2.868556
147,39,2.864512
148,39,2.868147
149,39,2.864023
150,39,2.868130
151,39,2.863889
152,39,2.886470
153,39,2.885964
154,39,2.870523
155,39,2.877605
156,39,2.861374
157,39,2.868337
158,39,2.867538
159,39,2.867156
160,39,2.862335
161,39,2.858698
162,39,2.859461
163,39,2.863390
164,39,2.859542
165,39,2.855641
166,39,2.860005
167,39,2.855988
168,39,2.874984
169,39,2.879192
170,39,2.863446
171,39,2.866828
172,39,2.859305
173,39,2.862545
174,39,2.862608
175,39,2.858132
176,39,2.857312
177,39,2.857200
178,39,2.856237
179,39,2.848298
180,39,2.851232
181,39,2.853910
182,39,2.857350
183,39,2.856253
184,39,2.882459
185,39,2.869678
186,39,2.861319
187,39,2.859707
188,39,2.851219
189,39,2.849752
190,39,2.852390
191,39,2.850791
192,39,2.853269
193,39,2.851535
194,39,2.850363
195,39,2.855829
196,39,2.850665
197,39,2.848663
198,39,2.854927
199,39,2.856212
200,39,2.885447
201,39,2.879311
202,39,2.861696
203,39,2.863113
204,39,2.861233
205,39,2.862609
206,39,2.852235
207,39,2.857826
208,39,2.846728
209,39,2.840592
210,39,2.853643
211,39,2.846719
212,39,2.851263
213,39,2.851862
214,39,2.845305
215,39,2.848294
216,39,2.865259
217,39,2.862275
218,39,2.851494
219,39,2.846917
220,39,2.839783
221,39,2.844110
222,39,2.836140
223,39,2.839411
224,39,2.831857
225,39,2.823551
226,39,2.831194
227,39,2.826220
228,39,2.829114
229,39,2.820983
230,39,2.816586
231,39,2.823626
232,39,2.844221
233,39,2.839424
234,39,2.826789
235,39,2.825578
236,39,2.822375
237,39,2.820854
238,39,2.823039
239,39,2.817367
240,39,2.795458
241,39,2.799678
242,39,2.789642
243,39,2.794848
244,39,2.796028
245,39,2.792490
246,39,2.793303
247,39,2.792348
248,39,2.808146
249,39,2.808329
250,39,2.799896
251,39,2.795796
252,39,2.791473
253,39,2.785065
254,39,2.787927
255,39,2.771275
0,40,2.810911
1,40,2.822559
2,40,2.825655
3,40,2.820859
4,40,2.815883
5,40,2.818437
6,40,2.822818
7,40,2.825002
8,40,2.819321
9,40,2.828896
10,40,2.822908
11,40,2.821257
12,40,2.816142
13,40,2.817400
14,40,2.822376
15,40,2.823366
16,40,2.840263
17,40,2.845878
18,40,2.842614
19,40,2.850788
20,40,2.840201
21,40,2.840439
22,40,2.841472
23,40,2.845935
24,40,2.838119
25,40,2.837906
26,40,2.837590
27,40,2.838584
28,40,2.834200
29,40,2.837426
30,40,2.837313
31,40,2.837221
32,40,2.855566
33,40,2.862870
34,40,2.869482
35,40,2.861245
36,40,2.864424
37,40,2.859213
38,40,2.857774
39,40,2.849732
40,40,2.855827
41,40,2.857994
42,40,2.856834
43,40,2.851662
44,40,2.850340
45,40,2.852200
46,40,2.850137
47,40,2.856765
48,40,2.866109
49,40,2.868279
50,40,2.862490
51,40,2.872220
52,40,2.865875
53,40,2.867171
54,40,2.865510
55,40,2.862814
56,40,2.864510
57,40,2.869716
58,40,2.863573
59,40,2.860621
60,40,2.862345
61,40,2.859264
62,40,2.864431
63,40,2.857624
64,40,2.870370
65,40,2.870899
66,40,2.871974
67,40,2.872586
68,40,2.869685
69,40,2.866124
70,40,2.870981
71,40,2.871151
72,40,2.864306
73,40,2.864964
74,40,2.872665
75,40,2.865614
76,40,2.865490
77,40,2.862070
78,40,2.866372
79,40,2.866076
80,40,2.874045
81,40,2.877529
82,40,2.873824
83,40,2.877772
84,40,2.865639
85,40,2.869471
86,40,2.865522
87,40,2.872469
88,40,2.868425
89,40,2.868127
90,40,2.871047
91,40,2.862902
92,40,2.866330
93,40,2.861368
94,40,2.860722
95,40,2.860125
96,40,2.877499
97,40,2.881161
98,40,2.881545
99,40,2.878083
100,40,2.874498
101,40,2.870267
102,40,2.870419
103,40,2.874384
104,40,2.870567
105,40,2.870551
106,40,2.869828
107,40,2.861990
108,40,2.865614
109,40,2.869218
110,40,2.868877
111,40,2.868477
112,40,2.868697
113,40,2.868792
114,40,2.869448
115,40,2.870042
116,40,2.862877
117,40,2.863344
118,40,2.859904
119,40,2.867953
120,40,2.868238
121,40,2.864604
122,40,2.864763
123,40,2.864859
124,40,2.864891
125,40,2.861008
126,40,2.856426
127,40,2.860123
128,40,2.858899
129,40,2.867580
130,40,2.857570
131,40,2.858421
132,40,2.859193
133,40,2.859914
134,40,2.860569
135,40,2.838032
136,40,2.830853
137,40,2.842865
138,40,2.835559
139,40,2.835888
140,40,2.832307
141,40,2.851775
142,40,2.851918
143,40,2.852636
144,40,2.864214
145,40,2.864170
146,40,2.864060
147,40,2.863907
148,40,2.867505
149,40,2.863383
150,40,2.890592
151,40,2.886353
152,40,2.862797
153,40,2.881463
154,40,2.880906
155,40,2.865388
156,40,2.864714
157,40,2.867685
158,40,2.870743
159,40,2.862820
160,40,2.861662
161,40,2.861846
162,40,2.861998
163,40,2.862692
164,40,2.858854
165,40,2.862656
166,40,2.886295
167,40,2.878399
168,40,2.851213
169,40,2.878533
170,40,2.878140
171,40,2.854637
172,40,2.858575
173,40,2.854219
174,40,2.857516
175,40,2.857394
176,40,2.856719
177,40,2.860458
178,40,2.859512
179,40,2.850958
180,40,2.854521
181,40,2.849512
182,40,2.883774
183,40,2.878841
184,40,2.850499
185,40,2.865316
186,40,2.867647
187,40,2.855367
188,40,2.850123
189,40,2.852840
190,40,2.851320
191,40,2.854202
192,40,2.852560
193,40,2.851120
194,40,2.849343
195,40,2.859671
196,40,2.857380
197,40,2.856009
198,40,2.884786
199,40,2.882855
200,40,2.853693
201,40,2.882867
202,40,2.876211
203,40,2.862853
204,40,2.853276
205,40,2.862279
206,40,2.852023
207,40,2.853159
208,40,2.847126
209,40,2.847526
210,40,2.845177
211,40,2.854307
212,40,2.855035
213,40,2.844088
214,40,2.863896
215,40,2.861121
216,40,2.842848
217,40,2.857816
218,40,2.854758
219,40,2.840049
220,40,2.840035
221,40,2.835890
222,40,2.836286
223,40,2.839807
224,40,2.832294
225,40,2.827639
226,40,2.823115
227,40,2.830671
228,40,2.830409
229,40,2.824557
230,40,2.847155
231,40,2.842663
232,40,2.822636
233,40,2.840370
234,40,2.834378
235,40,2.821639
236,40,2.823526
237,40,2.818214
238,40,2.816609
239,40,2.821292
240,40,2.795582
241,40,2.793487
242,40,2.798934
243,40,2.796510
244,40,2.800175
245,40,2.796697
246,40,2.816819
247,40,2.817489
248,40,2.790994
249,40,2.814385
250,40,2.804374
251,40,2.786844
252,40,2.788355
253,40,2.787710
254,40,2.786829
255,40,2.781148
0,41,2.818931
1,41,2.818322
2,41,2.814305
3,41,2.818620
4,41,2.825125
5,41,2.831458
6,41,2.822211
7,41,2.821130
8,41,2.823119
9,41,2.818491
10,41,2.820145
11,41,2.818416
12,41,2.827488
13,41,2.821010
14,41,2.818251
15,41,2.820892
16,41,2.844817
17,41,2.841648
18,41,2.834505
19,41,2.839407
20,41,2.848383
21,41,2.848576
22,41,2.840953
23,41,2.841527
24,41,2.837544
25,41,2.834289
26,41,2.834530
27,41,2.837930
28,41,2.829675
29,41,2.837330
30,41,2.841177
31,41,2.840331
32,41,2.859252
33,41,2.862083
34,41,2.857780
35,41,2.857161
36,41,2.863577
37,41,2.858353
38,41,2.854226
39,41,2.856534
40,41,2.847207
41,41,2.849950
42,41,2.844851
43,41,2.847431
44,41,2.849353
45,41,2.851204
46,41,2.846330
47,41,2.848029
48,41,2.861803
49,41,2.867219
50,41,2.858152
51,41,2.859571
52,41,2.864778
53,41,2.867022
54,41,2.868237
55,41,2.866122
56,41,2.867213
57,41,2.861440
58,41,2.862398
59,41,2.867735
60,41,2.864999
61,41,2.866354
62,41,2.859359
63,41,2.860599
64,41,2.869130
65,41,2.874098
66,41,2.863010
67,41,2.868061
68,41,2.876114
69,41,2.869291
70,41,2.870278
71,41,2.866596
72,41,2.867305
73,41,2.863639
74,41,2.864230
75,41,2.860915
76,41,2.864747
77,41,2.857462
78,41,2.861086
79,41,2.865311
80,41,2.873268
81,41,2.876721
82,41,2.873038
83,41,2.864814
84,41,2.876404
85,41,2.868666
86,41,2.867976
87,41,2.867806
88,41,2.871458
89,41,2.859647
90,41,2.866369
91,41,2.865999
92,41,2.861632
93,41,2.864384
94,41,2.863843
95,41,2.863122
96,41,2.872886
97,41,2.876643
98,41,2.873162
99,41,2.869628
100,41,2.873795
101,41,2.869532
102,41,2.867780
103,41,2.877500
104,41,2.869831
105,41,2.862099
106,41,2.865255
107,41,2.865091
108,41,2.872601
109,41,2.872354
110,41,2.864288
111,41,2.867747
112,41,2.867407
113,41,2.868121
114,41,2.868772
115,41,2.873213
116,41,2.869896
117,41,2.862653
118,41,2.863055
119,41,2.871107
120,41,2.871384
121,41,2.863898
122,41,2.860200
123,41,2.871851
124,41,2.871883
125,41,2.863526
126,41,2.859581
127,41,2.859426
128,41,2.865946
129,41,2.870768
130,41,2.856261
131,41,2.857721
132,41,2.858504
133,41,2.859208
134,41,2.836734
135,41,2.833471
136,41,2.833987
137,41,2.838302
138,41,2.834841
139,41,2.835171
140,41,2.831591
141,41,2.839502
142,41,2.831941
143,41,2.843583
144,41,2.859636
145,41,2.859596
146,41,2.859483
147,41,2.863182
148,41,2.862977
149,41,2.870366
150,41,2.862956
151,41,2.866354
152,41,2.865917
153,41,2.888544
154,41,2.887885
155,41,2.860923
156,41,2.860124
157,41,2.859398
158,41,2.866324
159,41,2.862078
160,41,2.860865
161,41,2.864945
162,41,2.865076
163,41,2.865764
164,41,2.861935
165,41,2.861898
166,41,2.862391
167,41,2.858386
168,41,2.858180
169,41,2.877129
170,41,2.877412
171,41,2.857775
172,41,2.849551
173,41,2.857369
174,41,2.860563
175,41,2.852851
176,41,2.859896
177,41,2.862885
178,41,2.858851
179,41,2.858018
180,41,2.857543
181,41,2.856588
182,41,2.859431
183,41,2.858743
184,41,2.849905
185,41,2.872428
186,41,2.870926
187,41,2.850347
188,41,2.849569
189,41,2.851697
190,41,2.846937
191,41,2.853080
192,41,2.851721
193,41,2.850024
194,41,2.856568
195,41,2.850895
196,41,2.856928
197,41,2.854968
198,41,2.861245
199,41,2.854876
200,41,2.853302
201,41,2.878034
202,41,2.880178
203,41,2.854202
204,41,2.852340
205,41,2.858111
206,41,2.858831
207,41,2.856737
208,41,2.850117
209,41,2.851725
210,41,2.844357
211,41,2.845794
212,41,2.843298
213,41,2.843972
214,41,2.848356
215,41,2.841138
216,41,2.845997
217,41,2.866179
218,41,2.857960
219,41,2.843268
220,41,2.840041
221,41,2.839963
222,41,2.831874
223,41,2.843748
224,41,2.827937
225,41,2.824194
226,41,2.823292
227,41,2.830254
228,41,2.822310
229,41,2.825811
230,41,2.828574
231,41,2.819252
232,41,2.826222
233,41,2.843998
234,41,2.839154
235,41,2.818767
236,41,2.818269
237,41,2.818136
238,41,2.812712
239,41,2.814847
240,41,2.801418
241,41,2.801280
242,41,2.791355
243,41,2.788970
244,41,2.801826
245,41,2.794591
246,41,2.795530
247,41,2.790887
248,41,2.795262
249,41,2.810332
250,41,2.806595
251,41,2.798794
252,41,2.790773
253,41,2.784567
254,41,2.783064
255,41,2.781994
0,42,2.813014
1,42,2.827732
2,42,2.819145
3,42,2.818700
4,42,2.829017
5,42,2.831457
6,42,2.827353
7,42,2.822335
8,42,2.824257
9,42,2.826027
10,42,2.819942
11,42,2.822020
12,42,2.819502
13,42,2.821814
14,42,2.818999
15,42,2.820502
16,42,2.844400
17,42,2.841206
18,42,2.842725
19,42,2.839858
20,42,2.847846
21,42,2.848016
22,42,2.848662
23,42,2.840910
24,42,2.841604
25,42,2.841330
26,42,2.841539
27,42,2.841068
28,42,2.841262
29,42,2.841162
30,42,2.840390
31,42,2.839529
32,42,2.862274
33,42,2.861906
34,42,2.853637
35,42,2.860121
36,42,2.862671
37,42,2.862460
38,42,2.860982
39,42,2.855573
40,42,2.854514
41,42,2.848954
42,42,2.852118
43,42,2.850250
44,42,2.852163
45,42,2.850724
46,42,2.849105
47,42,2.855219
48,42,2.864548
49,42,2.867093
50,42,2.860865
51,42,2.855143
52,42,2.868051
53,42,2.869699
54,42,2.867628
55,42,2.864923
56,42,2.866582
57,42,2.864068
58,42,2.863667
59,42,2.862636
60,42,2.860466
61,42,2.861232
62,42,2.862513
63,42,2.859311
64,42,2.872263
65,42,2.869510
66,42,2.866128
67,42,2.867307
68,42,2.875361
69,42,2.872376
70,42,2.872770
71,42,2.877372
72,42,2.865930
73,42,2.862841
74,42,2.867272
75,42,2.863364
76,42,2.860071
77,42,2.867603
78,42,2.867959
79,42,2.868317
80,42,2.871826
81,42,2.875867
82,42,2.872171
83,42,2.871657
84,42,2.867825
85,42,2.879339
86,42,2.870949
87,42,2.866950
88,42,2.866704
89,42,2.869701
90,42,2.865533
91,42,2.868937
92,42,2.860800
93,42,2.867319
94,42,2.862916
95,42,2.868092
96,42,2.879247
97,42,2.883523
98,42,2.876187
99,42,2.868857
100,42,2.880670
101,42,2.872603
102,42,2.876596
103,42,2.868978
104,42,2.869015
105,42,2.868988
106,42,2.872139
107,42,2.871997
108,42,2.864097
109,42,2.863795
110,42,2.867325
111,42,2.870782
112,42,2.866660
113,42,2.867368
114,42,2.871867
115,42,2.868598
116,42,2.865276
117,42,2.861882
118,42,2.866132
119,42,2.866469
120,42,2.859038
121,42,2.866961
122,42,2.859408
123,42,2.867205
124,42,2.870483
125,42,2.862748
126,42,2.854949
127,42,2.862502
128,42,2.861352
129,42,2.862314
130,42,2.851661
131,42,2.852490
132,42,2.850014
133,42,2.850717
134,42,2.847505
135,42,2.844240
136,42,2.840902
137,42,2.837503
138,42,2.830190
139,42,2.834373
140,42,2.834647
141,42,2.831001
142,42,2.838853
143,42,2.835086
144,42,2.862683
145,42,2.866500
146,42,2.862555
147,42,2.866231
148,42,2.862173
149,42,2.865769
150,42,2.862140
151,42,2.865621
152,42,2.865105
153,42,2.868469
154,42,2.856370
155,42,2.867808
156,42,2.867150
157,42,2.862437
158,42,2.861660
159,42,2.864682
160,42,2.860032
161,42,2.860225
162,42,2.860366
163,42,2.864913
164,42,2.861086
165,42,2.864900
166,42,2.860958
167,42,2.861408
168,42,2.857316
169,42,2.857059
170,42,2.861192
171,42,2.856899
172,42,2.860327
173,42,2.856584
174,42,2.857867
175,42,2.851494
176,42,2.859137
177,42,2.858290
178,42,2.853672
179,42,2.853436
180,42,2.856234
181,42,2.855877
182,42,2.858735
183,42,2.853615
184,42,2.853081
185,42,2.851907
186,42,2.858711
187,42,2.853560
188,42,2.852785
189,42,2.854933
190,42,2.854029
191,42,2.848632
192,42,2.846699
193,42,2.849456
194,42,2.851570
195,42,2.858056
196,42,2.851959
197,42,2.854453
198,42,2.856302
199,42,2.858245
200,42,2.856097
201,42,2.858316
202,42,2.856032
203,42,2.853783
204,42,2.855782
205,42,2.860981
206,42,2.855131
207,42,2.851939
208,42,2.845928
209,42,2.854669
210,42,2.844065
211,42,2.848780
212,42,2.842445
213,42,2.851439
214,42,2.847549
215,42,2.840949
216,42,2.837527
217,42,2.842314
218,42,2.847011
219,42,2.842572
220,42,2.843216
221,42,2.836059
222,42,2.835917
223,42,2.835440
224,42,2.823517
225,42,2.823648
226,42,2.831378
227,42,2.834547
228,42,2.829558
229,42,2.825377
230,42,2.824326
231,42,2.823763
232,42,2.822035
233,42,2.817348
234,42,2.827332
235,42,2.822386
236,42,2.821157
237,42,2.819173
238,42,2.816450
239,42,2.814765
240,42,2.797520
241,42,2.802610
242,42,2.792755
243,42,2.800621
244,42,2.798106
245,42,2.790928
246,42,2.791911
247,42,2.796562
248,42,2.793318
249,42,2.796936
250,42,2.791636
251,42,2.787739
252,42,2.795183
253,42,2.786332
254,42,2.785612
255,42,2.784652
0,43,2.809313
1,43,2.816281
2,43,2.819209
3,43,2.816273
4,43,2.834221
5,43,2.828884
6,43,2.827234
7,43,2.837577
8,43,2.827905
9,43,2.825788
10,43,2.820860
11,43,2.826715
12,43,2.820287
13,43,2.813723
14,43,2.822438
15,43,2.823900
16,43,2.841088
17,43,2.841697
18,43,2.838333
19,43,2.839281
20,43,2.847245
21,43,2.843540
22,43,2.841178
23,43,2.856501
24,43,2.844751
25,43,2.845027
26,43,2.836929
27,43,2.837214
28,43,2.841029
29,43,2.832627
30,43,2.839545
31,43,2.835379
32,43,2.858211
33,43,2.857705
34,43,2.852700
35,43,2.855318
36,43,2.862878
37,43,2.861466
38,43,2.856123
39,43,2.870527
40,43,2.857326
41,43,2.845138
42,43,2.847185
43,43,2.853571
44,43,2.847769
45,43,2.846220
46,43,2.852381
47,43,2.850212
48,43,2.860090
49,43,2.865906
50,43,2.860228
51,43,2.861636
52,43,2.863535
53,43,2.865176
54,43,2.866937
55,43,2.879640
56,43,2.865868
57,43,2.859495
58,43,2.864856
59,43,2.861895
60,43,2.859704
61,43,2.864322
62,43,2.865586
63,43,2.862383
64,43,2.863758
65,43,2.868136
66,43,2.869165
67,43,2.865913
68,43,2.870675
69,43,2.874819
70,43,2.871767
71,43,2.880361
72,43,2.868921
73,43,2.873403
74,43,2.869669
75,43,2.870182
76,43,2.862935
77,43,2.866703
78,43,2.863195
79,43,2.859633
80,43,2.874757
81,43,2.863375
82,43,2.870634
83,43,2.874568
84,43,2.870725
85,43,2.881667
86,43,2.869990
87,43,2.881391
88,43,2.869624
89,43,2.868726
90,43,2.860696
91,43,2.864171
92,43,2.859214
93,43,2.862573
94,43,2.862026
95,43,2.861299
96,43,2.874492
97,43,2.874913
98,43,2.871496
99,43,2.875655
100,43,2.875371
101,43,2.875562
102,43,2.875702
103,43,2.883506
104,43,2.871973
105,43,2.863643
106,43,2.867407
107,43,2.867266
108,43,2.867027
109,43,2.870619
110,43,2.866430
111,43,2.866040
112,43,2.873539
113,43,2.874242
114,43,2.868202
115,43,2.863903
116,43,2.868273
117,43,2.861023
118,43,2.865271
119,43,2.861752
120,43,2.862029
121,43,2.862240
122,43,2.866243
123,43,2.866333
124,43,2.861920
125,43,2.865742
126,43,2.857945
127,43,2.857793
128,43,2.856679
129,43,2.853782
130,43,2.858524
131,43,2.855498
132,43,2.849151
133,43,2.849852
134,43,2.835079
135,43,2.831804
136,43,2.832328
137,43,2.840486
138,43,2.837024
139,43,2.841208
140,43,2.841477
141,43,2.830127
142,43,2.837981
143,43,2.834215
144,43,2.861799
145,43,2.861767
146,43,2.861673
147,43,2.865383
148,43,2.865144
149,43,2.868741
150,43,2.868433
151,43,2.868580
152,43,2.868157
153,43,2.867580
154,43,2.863189
155,43,2.858744
156,43,2.866254
157,43,2.857840
158,43,2.864624
159,43,2.863797
160,43,2.862929
161,43,2.863166
162,43,2.863306
163,43,2.867247
164,43,2.864010
165,43,2.863983
166,43,2.860052
167,43,2.860465
168,43,2.856419
169,43,2.860027
170,43,2.859664
171,43,2.863730
172,43,2.855612
173,43,2.851195
174,43,2.851238
175,43,2.858363
176,43,2.858165
177,43,2.853615
178,43,2.852863
179,43,2.852459
180,43,2.855442
181,43,2.854517
182,43,2.857755
183,43,2.860562
184,43,2.856175
185,43,2.854780
186,43,2.861260
187,43,2.856692
188,43,2.847647
189,43,2.850382
190,43,2.848915
191,43,2.855660
192,43,2.849897
193,43,2.856509
194,43,2.854790
195,43,2.849722
196,43,2.855208
197,43,2.853855
198,43,2.851872
199,43,2.849972
200,43,2.851698
201,43,2.853924
202,43,2.859369
203,43,2.860985
204,43,2.854719
205,43,2.856656
206,43,2.854101
207,43,2.851507
208,43,2.841084
209,43,2.842714
210,43,2.835992
211,43,2.844576
212,43,2.838252
213,43,2.842835
214,43,2.847907
215,43,2.847803
216,43,2.837280
217,43,2.841505
218,43,2.838513
219,43,2.839284
220,43,2.834771
221,43,2.839190
222,43,2.837735
223,43,2.833675
224,43,2.831177
225,43,2.830744
226,43,2.826937
227,43,2.826876
228,43,2.829971
229,43,2.828731
230,43,2.824458
231,43,2.823328
232,43,2.826523
233,43,2.825742
234,43,2.823149
235,43,2.818231
236,43,2.817033
237,43,2.822800
238,43,2.821323
239,43,2.823554
240,43,2.801256
241,43,2.798691
242,43,2.804284
243,43,2.798157
244,43,2.803421
245,43,2.796336
246,43,2.792070
247,43,2.796765
248,43,2.793566
249,43,2.797247
250,43,2.793651
251,43,2.797553
252,43,2.793535
253,43,2.783027
254,43,2.786217
255,43,2.781463
0,44,2.814761
1,44,2.817795
2,44,2.812940
3,44,2.819465
4,44,2.826402
5,44,2.828732
6,44,2.830899
7,44,2.841882
8,44,2.825018
9,44,2.822838
10,44,2.816660
11,44,2.822471
12,44,2.819865
13,44,2.820978
14,44,2.823025
15,44,2.824420
16,44,2.840535
17,44,2.844971
18,44,2.838292
19,44,2.846347
20,44,2.843647
21,44,2.844308
22,44,2.844305
23,44,2.855755
24,44,2.844540
25,44,2.845035
26,44,2.836899
27,44,2.844631
28,44,2.844010
29,44,2.839444
30,44,2.843044
31,44,2.842843
32,44,2.861111
33,44,2.864430
34,44,2.851706
35,44,2.855478
36,44,2.854134
37,44,2.860416
38,44,2.855607
39,44,2.880999
40,44,2.849607
41,44,2.851718
42,44,2.850447
43,44,2.848560
44,44,2.850935
45,44,2.857143
46,44,2.847328
47,44,2.849546
48,44,2.858861
49,44,2.861356
50,44,2.855116
51,44,2.857059
52,44,2.858397
53,44,2.860571
54,44,2.865624
55,44,2.878865
56,44,2.864533
57,44,2.870253
58,44,2.863495
59,44,2.861075
60,44,2.865758
61,44,2.863479
62,44,2.860330
63,44,2.865375
64,44,2.873892
65,44,2.871109
66,44,2.867724
67,44,2.868683
68,44,2.881321
69,44,2.866202
70,44,2.870841
71,44,2.890429
72,44,2.875687
73,44,2.868596
74,44,2.864756
75,44,2.865362
76,44,2.865257
77,44,2.865652
78,44,2.866057
79,44,2.861930
80,44,2.873717
81,44,2.873922
82,44,2.865774
83,44,2.877394
84,44,2.869695
85,44,2.869083
86,44,2.876685
87,44,2.888050
88,44,2.871857
89,44,2.871586
90,44,2.863486
91,44,2.866953
92,44,2.865947
93,44,2.861498
94,44,2.864795
95,44,2.860334
96,44,2.877454
97,44,2.870157
98,44,2.874366
99,44,2.878579
100,44,2.874401
101,44,2.870739
102,44,2.874752
103,44,2.890240
104,44,2.871001
105,44,2.874245
106,44,2.870304
107,44,2.873981
108,44,2.869926
109,44,2.861948
110,44,2.865464
111,44,2.868345
112,44,2.876501
113,44,2.869298
114,44,2.868453
115,44,2.866836
116,44,2.867349
117,44,2.867801
118,44,2.856633
119,44,2.864669
120,44,2.857233
121,44,2.857442
122,44,2.861441
123,44,2.857103
124,44,2.860985
125,44,2.860954
126,44,2.853157
127,44,2.856859
128,44,2.855782
129,44,2.860583
130,44,2.849913
131,44,2.850736
132,44,2.847645
133,44,2.848921
134,44,2.849546
135,44,2.842416
136,44,2.831372
137,44,2.835678
138,44,2.832217
139,44,2.832548
140,44,2.832819
141,44,2.833029
142,44,2.833176
143,44,2.833266
144,44,2.856413
145,44,2.860808
146,44,2.860717
147,44,2.864422
148,44,2.860377
149,44,2.860078
150,44,2.863624
151,44,2.859904
152,44,2.867189
153,44,2.862863
154,44,2.866078
155,44,2.861636
156,44,2.865416
157,44,2.856870
158,44,2.859963
159,44,2.866856
160,44,2.861941
161,44,2.858290
162,44,2.866146
163,44,2.862404
164,44,2.863004
165,44,2.862988
166,44,2.862900
167,44,2.858917
168,44,2.867002
169,44,2.859009
170,44,2.854860
171,44,2.855071
172,44,2.858437
173,44,2.857974
174,44,2.854162
175,44,2.853474
176,44,2.856695
177,44,2.852713
178,44,2.847969
179,44,2.854872
180,44,2.858423
181,44,2.853471
182,44,2.856901
183,44,2.867429
184,44,2.854785
185,44,2.857813
186,44,2.852752
187,44,2.859743
188,44,2.854297
189,44,2.856757
190,44,2.852006
191,44,2.854350
192,44,2.845307
193,44,2.843667
194,44,2.854076
195,44,2.848102
196,44,2.854522
197,44,2.856476
198,44,2.855064
199,44,2.856477
200,44,2.851070
201,44,2.856604
202,44,2.854917
203,44,2.852140
204,44,2.858008
205,44,2.851695
206,44,2.849717
207,44,2.854289
208,44,2.840593
209,44,2.841678
210,44,2.839390
211,44,2.844174
212,44,2.841122
213,44,2.842437
214,44,2.850817
215,44,2.851968
216,44,2.840237
217,44,2.845053
218,44,2.837662
219,44,2.838449
220,44,2.839144
221,44,2.838409
222,44,2.838898
223,44,2.842575
224,44,2.835163
225,44,2.830643
226,44,2.833992
227,44,2.830100
228,44,2.826100
229,44,2.825267
230,44,2.832600
231,44,2.827261
232,44,2.826050
233,44,2.821442
234,44,2.824414
235,44,2.822821
236,44,2.820547
237,44,2.819242
238,44,2.817208
239,44,2.815619
240,44,2.798472
241,44,2.795989
242,44,2.800332
243,44,2.798095
244,44,2.795693
245,44,2.792515
246,44,2.793619
247,44,2.806100
248,44,2.794666
249,44,2.793630
250,44,2.797787
251,44,2.794033
252,44,2.789443
253,44,2.781403
254,44,2.788548
255,44,2.780047
0,45,2.814755
1,45,2.817746
2,45,2.820555
3,45,2.823187
4,45,2.823721
5,45,2.818276
6,45,2.824227
7,45,2.826169
8,45,2.820816
9,45,2.822457
10,45,2.816247
11,45,2.822014
12,45,2.824341
13,45,2.821546
14,45,2.826328
15,45,2.823829
16,45,2.847625
17,45,2.848183
18,45,2.846274
19,45,2.850430
20,45,2.846769
21,45,2.847396
22,45,2.843519
23,45,2.843390
24,45,2.836816
25,45,2.844171
26,45,2.839870
27,45,2.839865
28,45,2.843080
29,45,2.839757
30,45,2.842773
31,45,2.841848
32,45,2.864489
33,45,2.863393
34,45,2.863379
35,45,2.865955
36,45,2.860746
37,45,2.863695
38,45,2.850624
39,45,2.853969
40,45,2.848438
41,45,2.847216
42,45,2.845392
43,45,2.855054
44,45,2.846388
45,45,2.852044
46,45,2.858162
47,45,2.855977
48,45,2.862379
49,45,2.867756
50,45,2.858185
51,45,2.859581
52,45,2.861442
53,45,2.866917
54,45,2.868642
55,45,2.869777
56,45,2.855970
57,45,2.861140
58,45,2.862613
59,45,2.859647
60,45,2.861004
61,45,2.858175
62,45,2.859408
63,45,2.860053
64,45,2.872733
65,45,2.874004
66,45,2.870619
67,45,2.875417
68,45,2.875946
69,45,2.872919
70,45,2.877544
71,45,2.873876
72,45,2.866964
73,45,2.867031
74,45,2.867581
75,45,2.868078
76,45,2.868069
77,45,2.864599
78,45,2.864391
79,45,2.864719
80,45,2.876495
81,45,2.872265
82,45,2.876248
83,45,2.872447
84,45,2.871902
85,45,2.871850
86,45,2.875572
87,45,2.879259
88,45,2.866935
89,45,2.866605
90,45,2.866273
91,45,2.865337
92,45,2.860953
93,45,2.864305
94,45,2.863752
95,45,2.862462
96,45,2.880252
97,45,2.876806
98,45,2.877226
99,45,2.876966
100,45,2.877208
101,45,2.877430
102,45,2.877557
103,45,2.881487
104,45,2.869952
105,45,2.869360
106,45,2.869248
107,45,2.869097
108,45,2.872748
109,45,2.868608
110,45,2.868269
111,45,2.867318
112,45,2.875520
113,45,2.868505
114,45,2.872977
115,45,2.869693
116,45,2.870201
117,45,2.862943
118,45,2.855618
119,45,2.855946
120,45,2.867771
121,45,2.864122
122,45,2.864270
123,45,2.867652
124,45,2.859974
125,45,2.863795
126,45,2.863705
127,45,2.848143
128,45,2.850953
129,45,2.848043
130,45,2.848915
131,45,2.845884
132,45,2.846642
133,45,2.840197
134,45,2.844684
135,45,2.849100
136,45,2.841908
137,45,2.846213
138,45,2.850450
139,45,2.831518
140,45,2.835643
141,45,2.832001
142,45,2.832150
143,45,2.836095
144,45,2.859244
145,45,2.863627
146,45,2.863540
147,45,2.863386
148,45,2.859342
149,45,2.859099
150,45,2.866444
151,45,2.866642
152,45,2.866145
153,45,2.865673
154,45,2.861297
155,45,2.864452
156,45,2.863812
157,45,2.863674
158,45,2.858921
159,45,2.858111
160,45,2.860280
161,45,2.857226
162,45,2.861228
163,45,2.861326
164,45,2.861375
165,45,2.858055
166,45,2.865693
167,45,2.861691
168,45,2.865908
169,45,2.857970
170,45,2.857622
171,45,2.857275
172,45,2.861273
173,45,2.856970
174,45,2.856360
175,45,2.860189
176,45,2.859570
177,45,2.854905
178,45,2.854711
179,45,2.850070
180,45,2.853445
181,45,2.856392
182,45,2.859283
183,45,2.862659
184,45,2.857515
185,45,2.860768
186,45,2.855723
187,45,2.854473
188,45,2.853436
189,45,2.852061
190,45,2.855018
191,45,2.857075
192,45,2.847807
193,45,2.850575
194,45,2.852745
195,45,2.851184
196,45,2.857072
197,45,2.859582
198,45,2.853786
199,45,2.855760
200,45,2.853675
201,45,2.852062
202,45,2.849845
203,45,2.859191
204,45,2.852970
205,45,2.854925
206,45,2.856269
207,45,2.850376
208,45,2.835624
209,45,2.841128
210,45,2.830604
211,45,2.843662
212,45,2.840083
213,45,2.845263
214,45,2.842657
215,45,2.847129
216,45,2.844357
217,45,2.844115
218,45,2.833448
219,45,2.841407
220,45,2.842120
221,45,2.838887
222,45,2.838075
223,45,2.830780
224,45,2.834390
225,45,2.830749
226,45,2.830858
227,45,2.833263
228,45,2.829284
229,45,2.828488
230,45,2.824286
231,45,2.827674
232,45,2.829365
233,45,2.828636
234,45,2.820077
235,45,2.822379
236,45,2.817413
237,45,2.823871
238,45,2.809173
239,45,2.823027
240,45,2.802060
241,45,2.803479
242,45,2.797618
243,45,2.803156
244,45,2.799451
245,45,2.796329
246,45,2.797473
247,45,2.802291
248,45,2.794768
249,45,2.795357
250,45,2.791896
251,45,2.792086
252,45,2.789766
253,45,2.789484
254,45,2.788978
255,45,2.784387
0,46,2.806407
1,46,2.826782
2,46,2.814103
3,46,2.820515
4,46,2.819051
5,46,2.825682
6,46,2.823893
7,46,2.821948
8,46,2.820401
9,46,2.823194
10,46,2.824631
11,46,2.822620
12,46,2.823782
13,46,2.824812
14,46,2.822400
15,46,2.830882
16,46,2.840235
17,46,2.841280
18,46,2.841675
19,46,2.841955
20,46,2.846509
21,46,2.842718
22,46,2.850379
23,46,2.847740
24,46,2.843617
25,46,2.839395
26,46,2.839455
27,46,2.838895
28,46,2.835122
29,46,2.834882
30,46,2.841736
31,46,2.837466
32,46,2.859557
33,46,2.858448
34,46,2.862256
35,46,2.853261
36,46,2.860116
37,46,2.858670
38,46,2.861516
39,46,2.856609
40,46,2.847732
41,46,2.849823
42,46,2.851842
43,46,2.850454
44,46,2.848950
45,46,2.851262
46,46,2.849137
47,46,2.855166
48,46,2.861029
49,46,2.855356
50,46,2.856809
51,46,2.858713
52,46,2.867746
53,46,2.866022
54,46,2.859508
55,46,2.865007
56,46,2.862225
57,46,2.860198
58,46,2.857286
59,46,2.866391
60,46,2.863363
61,46,2.864898
62,46,2.854556
63,46,2.862906
64,46,2.864011
65,46,2.876306
66,46,2.869585
67,46,2.873849
68,46,2.874726
69,46,2.875707
70,46,2.875946
71,46,2.876652
72,46,2.869077
73,46,2.873645
74,46,2.862624
75,46,2.862586
76,46,2.866872
77,46,2.863471
78,46,2.863265
79,46,2.863533
80,46,2.871491
81,46,2.867265
82,46,2.875074
83,46,2.871272
84,46,2.874589
85,46,2.878379
86,46,2.874413
87,46,2.877528
88,46,2.869595
89,46,2.865463
90,46,2.865060
91,46,2.871835
92,46,2.867536
93,46,2.859226
94,46,2.862518
95,46,2.869067
96,46,2.879123
97,46,2.875750
98,46,2.872241
99,46,2.871995
100,46,2.870351
101,46,2.876309
102,46,2.880289
103,46,2.880374
104,46,2.872143
105,46,2.868253
106,46,2.868141
107,46,2.867992
108,46,2.863891
109,46,2.863634
110,46,2.871006
111,46,2.866208
112,46,2.874463
113,46,2.867444
114,46,2.871910
115,46,2.872475
116,46,2.857559
117,46,2.858004
118,46,2.858388
119,46,2.858706
120,46,2.858971
121,46,2.866879
122,46,2.866481
123,46,2.862714
124,46,2.866594
125,46,2.866562
126,46,2.851061
127,46,2.850911
128,46,2.849901
129,46,2.854691
130,46,2.855563
131,46,2.852528
132,46,2.845565
133,46,2.850113
134,46,2.847442
135,46,2.848003
136,46,2.844663
137,46,2.848959
138,46,2.833940
139,46,2.834272
140,46,2.830686
141,46,2.834752
142,46,2.834902
143,46,2.831143
144,46,2.858147
145,46,2.862518
146,46,2.862436
147,46,2.854603
148,46,2.858233
149,46,2.861843
150,46,2.861484
151,46,2.868834
152,46,2.865114
153,46,2.864557
154,46,2.860183
155,46,2.859609
156,46,2.862703
157,46,2.862554
158,46,2.857958
159,46,2.860850
160,46,2.855304
161,46,2.856052
162,46,2.852358
163,46,2.856334
164,46,2.856380
165,46,2.856908
166,46,2.860686
167,46,2.864421
168,46,2.864250
169,46,2.856804
170,46,2.856521
171,46,2.860038
172,46,2.856245
173,46,2.859648
174,46,2.859147
175,46,2.859122
176,46,2.858389
177,46,2.853867
178,46,2.853672
179,46,2.852736
180,46,2.859602
181,46,2.855383
182,46,2.858289
183,46,2.857081
184,46,2.852686
185,46,2.855417
186,46,2.858616
187,46,2.853277
188,46,2.855828
189,46,2.854993
190,46,2.849724
191,46,2.848471
192,46,2.854632
193,46,2.849699
194,46,2.851888
195,46,2.849810
196,46,2.852388
197,46,2.854380
198,46,2.856833
199,46,2.858293
200,46,2.856753
201,46,2.846917
202,46,2.849098
203,46,2.850226
204,46,2.852258
205,46,2.849842
206,46,2.851735
207,46,2.849178
208,46,2.838834
209,46,2.839968
210,46,2.841555
211,46,2.842537
212,46,2.839519
213,46,2.844181
214,46,2.837735
215,46,2.846618
216,46,2.843328
217,46,2.839800
218,46,2.836320
219,46,2.837139
220,46,2.837331
221,46,2.841821
222,46,2.837193
223,46,2.841474
224,46,2.834099
225,46,2.833790
226,46,2.830065
227,46,2.829546
228,46,2.832408
229,46,2.828341
230,46,2.827468
231,46,2.834733
232,46,2.828396
233,46,2.828062
234,46,2.819529
235,46,2.826281
236,46,2.820788
237,46,2.823422
238,46,2.814362
239,46,2.820011
240,46,2.801729
241,46,2.799910
242,46,2.801222
243,46,2.799091
244,46,2.796798
245,46,2.797617
246,46,2.798836
247,46,2.802262
248,46,2.794798
249,46,2.795431
250,46,2.792017
251,46,2.787811
252,46,2.787840
253,46,2.791506
254,46,2.787246
255,46,2.780340
0,47,2.815456
1,47,2.815023
2,47,2.821569
3,47,2.820236
4,47,2.826441
5,47,2.829169
6,47,2.823493
7,47,2.826602
8,47,2.832683
9,47,2.822674
10,47,2.824080
11,47,2.822026
12,47,2.823160
13,47,2.824164
14,47,2.822747
15,47,2.827326
16,47,2.843342
17,47,2.840497
18,47,2.840868
19,47,2.844979
20,47,2.845646
21,47,2.850409
22,47,2.846470
23,47,2.850650
24,47,2.850361
25,47,2.838929
26,47,2.838445
27,47,2.842467
28,47,2.842289
29,47,2.841511
30,47,2.841153
31,47,2.844052
32,47,2.862276
33,47,2.858446
34,47,2.853372
35,47,2.848723
36,47,2.858901
37,47,2.861801
38,47,2.860821
39,47,2.855343
40,47,2.854149
41,47,2.852377
42,47,2.847185
43,47,2.853457
44,47,2.848111
45,47,2.849899
46,47,2.848269
47,47,2.849923
48,47,2.856276
49,47,2.857787
50,47,2.855883
51,47,2.857267
52,47,2.862943
53,47,2.868401
54,47,2.858532
55,47,2.863511
56,47,2.865080
57,47,2.862530
58,47,2.860118
59,47,2.861500
60,47,2.854617
61,47,2.859739
62,47,2.860684
63,47,2.857977
64,47,2.866269
65,47,2.867305
66,47,2.868476
67,47,2.868887
68,47,2.869750
69,47,2.870053
70,47,2.867101
71,47,2.875499
72,47,2.879485
73,47,2.864661
74,47,2.864789
75,47,2.872967
76,47,2.861830
77,47,2.865542
78,47,2.865917
79,47,2.862321
80,47,2.869718
81,47,2.873725
82,47,2.866136
83,47,2.869514
84,47,2.869504
85,47,2.873276
86,47,2.873153
87,47,2.876312
88,47,2.876085
89,47,2.868040
90,47,2.867178
91,47,2.862933
92,47,2.866246
93,47,2.861887
94,47,2.864653
95,47,2.867765
96,47,2.878006
97,47,2.874547
98,47,2.871098
99,47,2.878561
100,47,2.878790
101,47,2.878968
102,47,2.879114
103,47,2.875327
104,47,2.874816
105,47,2.874766
106,47,2.870815
107,47,2.866813
108,47,2.870419
109,47,2.866298
110,47,2.865957
111,47,2.868885
112,47,2.873333
113,47,2.874014
114,47,2.870770
115,47,2.871330
116,47,2.867969
117,47,2.860696
118,47,2.857225
119,47,2.865247
120,47,2.861657
121,47,2.858004
122,47,2.857618
123,47,2.853850
124,47,2.850024
125,47,2.846139
126,47,2.846049
127,47,2.842047
128,47,2.852628
129,47,2.853558
130,47,2.854432
131,47,2.851379
132,47,2.844427
133,47,2.845107
134,47,2.842420
135,47,2.842981
136,47,2.843492
137,47,2.847788
138,47,2.832768
139,47,2.833094
140,47,2.829509
141,47,2.837429
142,47,2.829876
143,47,2.833824
144,47,2.864683
145,47,2.861337
146,47,2.857403
147,47,2.861125
148,47,2.860903
149,47,2.864514
150,47,2.864222
151,47,2.863802
152,47,2.860070
153,47,2.859613
154,47,2.858995
155,47,2.862276
156,47,2.857799
157,47,2.861502
158,47,2.864473
159,47,2.863681
160,47,2.861767
161,47,2.862025
162,47,2.862706
163,47,2.866666
164,47,2.862874
165,47,2.855162
166,47,2.863331
167,47,2.859342
168,47,2.855320
169,47,2.859469
170,47,2.859197
171,47,2.862656
172,47,2.862270
173,47,2.858496
174,47,2.857903
175,47,2.857351
176,47,2.857262
177,47,2.856606
178,47,2.851897
179,47,2.855490
180,47,2.850812
181,47,2.853786
182,47,2.857026
183,47,2.859881
184,47,2.851634
185,47,2.854380
186,47,2.856832
187,47,2.852260
188,47,2.854828
189,47,2.850142
190,47,2.852309
191,47,2.858545
192,47,2.849822
193,47,2.855941
194,47,2.850616
195,47,2.848897
196,47,2.847627
197,47,2.853491
198,47,2.855439
199,47,2.857434
200,47,2.843830
201,47,2.849937
202,47,2.855466
203,47,2.853278
204,47,2.847101
205,47,2.852925
206,47,2.846609
207,47,2.840735
208,47,2.841451
209,47,2.843122
210,47,2.836500
211,47,2.838022
212,47,2.838951
213,47,2.847415
214,47,2.848169
215,47,2.837802
216,47,2.830686
217,47,2.835563
218,47,2.839657
219,47,2.839970
220,47,2.836862
221,47,2.840845
222,47,2.837553
223,47,2.836700
224,47,2.833196
225,47,2.833446
226,47,2.829214
227,47,2.829259
228,47,2.828667
229,47,2.831427
230,47,2.831124
231,47,2.826320
232,47,2.829639
233,47,2.824595
234,47,2.823820
235,47,2.817991
236,47,2.816393
237,47,2.822909
238,47,2.821584
239,47,2.827278
240,47,2.798699
241,47,2.796943
242,47,2.797054
243,47,2.798811
244,47,2.796555
245,47,2.801279
246,47,2.798685
247,47,2.795916
248,47,2.792400
249,47,2.791580
250,47,2.792064
251,47,2.791774
252,47,2.791851
253,47,2.787863
254,47,2.783655
255,47,2.778636
0,48,2.826800
1,48,2.837338
2,48,2.836672
3,48,2.843007
4,48,2.837617
5,48,2.837730
6,48,2.835841
7,48,2.837652
8,48,2.847541
9,48,2.845206
10,48,2.846584
11,48,2.844487
12,48,2.849446
13,48,2.851476
14,48,2.848959
15,48,2.841954
16,48,2.857946
17,48,2.862771
18,48,2.855414
19,48,2.863356
20,48,2.864872
21,48,2.864871
22,48,2.865268
23,48,2.865061
24,48,2.864754
25,48,2.868702
26,48,2.872814
27,48,2.868846
28,48,2.871995
29,48,2.871201
30,48,2.866962
31,48,2.869847
32,48,2.881496
33,48,2.884197
34,48,2.887309
35,48,2.878289
36,48,2.885095
37,48,2.879773
38,48,2.882630
39,48,2.881486
40,48,2.879778
41,48,2.886193
42,48,2.880488
43,48,2.887238
44,48,2.885233
45,48,2.883650
46,48,2.881510
47,48,2.872088
48,48,2.889487
49,48,2.887628
50,48,2.889069
51,48,2.887083
52,48,2.888399
53,48,2.886632
54,48,2.880108
55,48,2.885572
56,48,2.879418
57,48,2.888129
58,48,2.885991
59,48,2.886868
60,48,2.884325
61,48,2.888941
62,48,2.890139
63,48,2.895355
64,48,2.888235
65,48,2.893109
66,48,2.893584
67,48,2.894674
68,48,2.891177
69,48,2.891973
70,48,2.892716
71,48,2.896897
72,48,2.897524
73,48,2.901952
74,48,2.898127
75,48,2.898687
76,48,2.899096
77,48,2.891252
78,48,2.895411
79,48,2.895711
80,48,2.895406
81,48,2.891696
82,48,2.895641
83,48,2.895182
84,48,2.895161
85,48,2.895090
86,48,2.890610
87,48,2.894247
88,48,2.894011
89,48,2.897577
90,48,2.896656
91,48,2.896255
92,48,2.899655
93,48,2.891444
94,48,2.897963
95,48,2.893489
96,48,2.899849
97,48,2.896461
98,48,2.900134
99,48,2.900414
100,48,2.896829
101,48,2.900849
102,48,2.897113
103,48,2.908736
104,48,2.900530
105,48,2.900484
106,48,2.904239
107,48,2.907907
108,48,2.896139
109,48,2.903560
110,48,2.902708
111,48,2.902313
112,48,2.895247
113,48,2.895923
114,48,2.894601
115,48,2.889368
116,48,2.886012
117,48,2.890294
118,48,2.894518
119,48,2.890984
120,48,2.887387
121,48,2.887585
122,48,2.894918
123,48,2.887295
124,48,2.895026
125,48,2.883435
126,48,2.887198
127,48,2.879345
128,48,2.878400
129,48,2.883176
130,48,2.872476
131,48,2.880994
132,48,2.870173
133,48,2.870851
134,48,2.864296
135,48,2.872561
136,48,2.873062
137,48,2.873513
138,48,2.881604
139,48,2.878078
140,48,2.878352
141,48,2.878563
142,48,2.874863
143,48,2.874961
144,48,2.898116
145,48,2.890391
146,48,2.902387
147,48,2.902251
148,48,2.902072
149,48,2.897936
150,48,2.905350
151,48,2.897302
152,48,2.901188
153,48,2.900732
154,48,2.904078
155,48,2.895813
156,48,2.883515
157,48,2.882841
158,48,2.886479
159,48,2.885538
160,48,2.891322
161,48,2.891542
162,48,2.892246
163,48,2.884647
164,48,2.896261
165,48,2.892412
166,48,2.889003
167,48,2.888896
168,48,2.892590
169,48,2.888479
170,48,2.892564
171,48,2.899947
172,48,2.876457
173,48,2.880295
174,48,2.879808
175,48,2.879269
176,48,2.890736
177,48,2.882253
178,48,2.885400
179,48,2.892846
180,48,2.884329
181,48,2.890990
182,48,2.890559
183,48,2.885723
184,48,2.892392
185,48,2.895425
186,48,2.894267
187,48,2.896906
188,48,2.880722
189,48,2.879124
190,48,2.878225
191,48,2.880626
192,48,2.887317
193,48,2.889280
194,48,2.883787
195,48,2.890288
196,48,2.888526
197,48,2.891053
198,48,2.892636
199,48,2.891171
200,48,2.889147
201,48,2.894762
202,48,2.904663
203,48,2.901988
204,48,2.877067
205,48,2.882401
206,48,2.878532
207,48,2.874094
208,48,2.890748
209,48,2.888077
210,48,2.889685
211,48,2.883011
212,48,2.884467
213,48,2.888592
214,48,2.886023
215,48,2.882870
216,48,2.883992
217,48,2.884524
218,48,2.888638
219,48,2.889487
220,48,2.862770
221,48,2.874998
222,48,2.863507
223,48,2.871695
224,48,2.870763
225,48,2.867179
226,48,2.870685
227,48,2.866897
228,48,2.866857
229,48,2.866192
230,48,2.868847
231,48,2.864080
232,48,2.867423
233,48,2.870647
234,48,2.869372
235,48,2.868497
236,48,2.846610
237,48,2.849302
238,48,2.851859
239,48,2.846038
240,48,2.836755
241,48,2.846590
242,48,2.836472
243,48,2.844698
244,48,2.838625
245,48,2.835695
246,48,2.840846
247,48,2.838116
248,48,2.838509
249,48,2.843120
250,48,2.839835
251,48,2.834191
252,48,2.818905
253,48,2.814967
254,48,2.817948
255,48,2.817418
0,49,2.834223
1,49,2.833162
2,49,2.837673
3,49,2.840085
4,49,2.838478
5,49,2.844930
6,49,2.839154
7,49,2.844786
8,49,2.846925
9,49,2.848413
10,49,2.853613
11,49,2.852573
12,49,2.849773
13,49,2.850697
14,49,2.855847
15,49,2.844965
16,49,2.857081
17,49,2.861869
18,49,2.863117
19,49,2.859949
20,49,2.860034
21,49,2.867718
22,49,2.868083
23,49,2.856299
24,49,2.864167
25,49,2.864517
26,49,2.863981
27,49,2.867690
28,49,2.866970
29,49,2.870498
30,49,2.873454
31,49,2.876807
32,49,2.887943
33,49,2.879552
34,49,2.889865
35,49,2.884686
36,49,2.879909
37,49,2.882281
38,49,2.877897
39,49,2.880104
40,49,2.882717
41,49,2.884780
42,49,2.875690
43,49,2.878084
44,49,2.884254
45,49,2.878320
46,49,2.876650
47,49,2.878290
48,49,2.884194
49,49,2.889947
50,49,2.888006
51,49,2.885526
52,49,2.883460
53,49,2.888562
54,49,2.882849
55,49,2.880590
56,49,2.885502
57,49,2.890832
58,49,2.884069
59,49,2.885696
60,49,2.886513
61,49,2.887751
62,49,2.888933
63,49,2.889802
64,49,2.894716
65,49,2.891392
66,49,2.896198
67,49,2.893244
68,49,2.893774
69,49,2.898409
70,49,2.890953
71,49,2.891630
72,49,2.896227
73,49,2.896308
74,49,2.892966
75,49,2.901131
76,49,2.901056
77,49,2.893773
78,49,2.897921
79,49,2.897680
80,49,2.894020
81,49,2.894185
82,49,2.897631
83,49,2.897662
84,49,2.889935
85,49,2.901402
86,49,2.889220
87,49,2.896742
88,49,2.896454
89,49,2.891811
90,49,2.895316
91,49,2.894916
92,49,2.898221
93,49,2.897210
94,49,2.896644
95,49,2.899878
96,49,2.898587
97,49,2.898968
98,49,2.902654
99,49,2.902982
100,49,2.903200
101,49,2.903366
102,49,2.899629
103,49,2.899204
104,49,2.899208
105,49,2.899161
106,49,2.902891
107,49,2.902733
108,49,2.906377
109,49,2.902230
110,49,2.901390
111,49,2.897142
112,49,2.897825
113,49,2.902349
114,49,2.899096
115,49,2.899638
116,49,2.884711
117,49,2.896696
118,49,2.893212
119,49,2.893529
120,49,2.886077
121,49,2.890126
122,49,2.889763
123,49,2.893698
124,49,2.882165
125,49,2.885986
126,49,2.882043
127,49,2.878043
128,49,2.877129
129,49,2.878047
130,49,2.875053
131,49,2.875848
132,49,2.876597
133,49,2.869567
134,49,2.874542
135,49,2.867395
136,49,2.867895
137,49,2.876052
138,49,2.880289
139,49,2.884468
140,49,2.880885
141,49,2.881097
142,49,2.877399
143,49,2.877499
144,49,2.900656
145,49,2.892933
146,49,2.897212
147,49,2.900925
148,49,2.898820
149,49,2.892812
150,49,2.892469
151,49,2.895980
152,49,2.895588
153,49,2.903253
154,49,2.902748
155,49,2.902191
156,49,2.890023
157,49,2.893077
158,49,2.888998
159,49,2.884369
160,49,2.897690
161,49,2.897909
162,49,2.890371
163,49,2.890982
164,49,2.891054
165,49,2.891059
166,49,2.891013
167,49,2.883702
168,49,2.883518
169,49,2.894868
170,49,2.895097
171,49,2.894718
172,49,2.878934
173,49,2.878511
174,49,2.874671
175,49,2.877885
176,49,2.888855
177,49,2.884848
178,49,2.880302
179,49,2.887107
180,49,2.882931
181,49,2.885922
182,49,2.881154
183,49,2.884523
184,49,2.887142
185,49,2.889906
186,49,2.893100
187,49,2.899607
188,49,2.887020
189,49,2.889552
190,49,2.876615
191,49,2.883368
192,49,2.885727
193,49,2.888193
194,49,2.886570
195,49,2.888740
196,49,2.883627
197,49,2.885307
198,49,2.883911
199,49,2.889675
200,49,2.884300
201,49,2.905348
202,49,2.895071
203,49,2.901047
204,49,2.875648
205,49,2.885342
206,49,2.879069
207,49,2.884265
208,49,2.881689
209,49,2.891087
210,49,2.888364
211,49,2.886055
212,49,2.887034
213,49,2.883973
214,49,2.880926
215,49,2.878290
216,49,2.882786
217,49,2.887690
218,49,2.887479
219,49,2.884489
220,49,2.865506
221,49,2.866191
222,49,2.866785
223,49,2.866788
224,49,2.870245
225,49,2.870033
226,49,2.866367
227,49,2.869803
228,49,2.869783
229,49,2.869152
230,49,2.861210
231,49,2.867612
232,49,2.862765
233,49,2.869867
234,49,2.864778
235,49,2.871634
236,49,2.851395
237,49,2.853627
238,49,2.843543
239,49,2.841619
240,49,2.843925
241,49,2.846086
242,49,2.839868
243,49,2.837873
244,49,2.839573
245,49,2.835368
246,49,2.836704
247,49,2.834015
248,49,2.838315
249,49,2.842969
250,49,2.839727
251,49,2.839600
252,49,2.820549
253,49,2.816702
254,49,2.814222
255,49,2.813744
0,50,2.839163
1,50,2.841880
2,50,2.841075
3,50,2.843450
4,50,2.837956
5,50,2.844360
6,50,2.846257
7,50,2.848004
8,50,2.846246
9,50,2.848848
10,50,2.850140
11,50,2.847934
12,50,2.848960
13,50,2.846006
14,50,2.851118
15,50,2.851770
16,50,2.868198
17,50,2.865699
18,50,2.865981
19,50,2.866633
20,50,2.866697
21,50,2.870986
22,50,2.866990
23,50,2.866745
24,50,2.859172
25,50,2.867204
26,50,2.870977
27,50,2.866480
28,50,2.862363
29,50,2.869245
30,50,2.872657
31,50,2.868464
32,50,2.886631
33,50,2.885922
34,50,2.880810
35,50,2.883793
36,50,2.890083
37,50,2.889614
38,50,2.891886
39,50,2.886843
40,50,2.885115
41,50,2.883781
42,50,2.878058
43,50,2.880904
44,50,2.875030
45,50,2.881111
46,50,2.871252
47,50,2.873348
48,50,2.898034
49,50,2.888829
50,50,2.886406
51,50,2.888237
52,50,2.886152
53,50,2.898957
54,50,2.885516
55,50,2.886630
56,50,2.888149
57,50,2.889146
58,50,2.882843
59,50,2.883726
60,50,2.881414
61,50,2.886489
62,50,2.883339
63,50,2.888304
64,50,2.892750
65,50,2.893948
66,50,2.898739
67,50,2.895306
68,50,2.899992
69,50,2.897068
70,50,2.893465
71,50,2.897983
72,50,2.898595
73,50,2.894835
74,50,2.899293
75,50,2.895418
76,50,2.891962
77,50,2.896160
78,50,2.892654
79,50,2.892415
80,50,2.900303
81,50,2.896582
82,50,2.900052
83,50,2.900072
84,50,2.900041
85,50,2.899483
86,50,2.895466
87,50,2.895272
88,50,2.898881
89,50,2.898105
90,50,2.897683
91,50,2.897275
92,50,2.892962
93,50,2.895819
94,50,2.895136
95,50,2.898362
96,50,2.901027
97,50,2.905258
98,50,2.901311
99,50,2.897726
100,50,2.901795
101,50,2.909694
102,50,2.898241
103,50,2.901665
104,50,2.897816
105,50,2.905460
106,50,2.901500
107,50,2.901343
108,50,2.901087
109,50,2.896976
110,50,2.900003
111,50,2.903459
112,50,2.900334
113,50,2.904841
114,50,2.901585
115,50,2.902124
116,50,2.894908
117,50,2.895330
118,50,2.887990
119,50,2.896004
120,50,2.896255
121,50,2.899814
122,50,2.892247
123,50,2.892328
124,50,2.888499
125,50,2.884614
126,50,2.880672
127,50,2.884378
128,50,2.879642
129,50,2.880555
130,50,2.877559
131,50,2.874498
132,50,2.867526
133,50,2.875906
134,50,2.868816
135,50,2.869865
136,50,2.874217
137,50,2.882365
138,50,2.875045
139,50,2.883078
140,50,2.879500
141,50,2.883566
142,50,2.876016
143,50,2.876114
144,50,2.895421
145,50,2.891553
146,50,2.899673
147,50,2.895707
148,50,2.895500
149,50,2.891418
150,50,2.894992
151,50,2.890737
152,50,2.894198
153,50,2.898094
154,50,2.889895
155,50,2.896941
156,50,2.896334
157,50,2.899528
158,50,2.887595
159,50,2.886822
160,50,2.892381
161,50,2.896462
162,50,2.892816
163,50,2.893412
164,50,2.881919
165,50,2.889640
166,50,2.889591
167,50,2.886119
168,50,2.885972
169,50,2.893479
170,50,2.889322
171,50,2.889488
172,50,2.889127
173,50,2.888715
174,50,2.880922
175,50,2.884250
176,50,2.883674
177,50,2.883518
178,50,2.886549
179,50,2.881953
180,50,2.885011
181,50,2.884635
182,50,2.883547
183,50,2.883052
184,50,2.885886
185,50,2.888665
186,50,2.891860
187,50,2.886581
188,50,2.893037
189,50,2.892201
190,50,2.886986
191,50,2.881423
192,50,2.888110
193,50,2.886563
194,50,2.881574
195,50,2.891467
196,50,2.885536
197,50,2.884208
198,50,2.890053
199,50,2.888601
200,50,2.886614
201,50,2.896593
202,50,2.890195
203,50,2.892324
204,50,2.893916
205,50,2.895440
206,50,2.878103
207,50,2.886692
208,50,2.888465
209,50,2.889692
210,50,2.879762
211,50,2.880841
212,50,2.882320
213,50,2.886504
214,50,2.880107
215,50,2.884711
216,50,2.878153
217,50,2.882592
218,50,2.879721
219,50,2.875585
220,50,2.876375
221,50,2.872741
222,50,2.865646
223,50,2.869531
224,50,2.869953
225,50,2.869464
226,50,2.865330
227,50,2.869287
228,50,2.868798
229,50,2.864840
230,50,2.860281
231,50,2.862859
232,50,2.861901
233,50,2.869027
234,50,2.864474
235,50,2.863153
236,50,2.858350
237,50,2.856770
238,50,2.844000
239,50,2.849201
240,50,2.843326
241,50,2.845518
242,50,2.847052
243,50,2.841238
244,50,2.839120
245,50,2.840178
246,50,2.837732
247,50,2.837551
248,50,2.834200
249,50,2.842748
250,50,2.831844
251,50,2.827922
252,50,2.828182
253,50,2.828236
254,50,2.819835
255,50,2.811748
0,51,2.834883
1,51,2.837562
2,51,2.840069
3,51,2.839045
4,51,2.845075
5,51,2.843726
6,51,2.841739
7,51,2.855013
8,51,2.854375
9,51,2.840365
10,51,2.849334
11,51,2.850941
12,51,2.848088
13,51,2.849434
14,51,2.846330
15,51,2.843106
16,51,2.860450
17,51,2.868528
18,51,2.865403
19,51,2.865555
20,51,2.861746
21,51,2.858298
22,51,2.861988
23,51,2.873747
24,51,2.858755
25,51,2.870298
26,51,2.869730
27,51,2.869069
28,51,2.868778
29,51,2.867940
30,51,2.871326
31,51,2.870966
32,51,2.885724
33,51,2.884534
34,51,2.887571
35,51,2.890075
36,51,2.881397
37,51,2.880446
38,51,2.890866
39,51,2.881495
40,51,2.876358
41,51,2.882255
42,51,2.876976
43,51,2.878882
44,51,2.873915
45,51,2.879525
46,51,2.877815
47,51,2.879441
48,51,2.889160
49,51,2.890658
50,51,2.892915
51,51,2.887022
52,51,2.884470
53,51,2.882308
54,51,2.887342
55,51,2.885369
56,51,2.886420
57,51,2.887865
58,51,2.885399
59,51,2.886279
60,51,2.887553
61,51,2.884705
62,51,2.885857
63,51,2.883102
64,51,2.899105
65,51,2.896241
66,51,2.893052
67,51,2.897777
68,51,2.894744
69,51,2.891204
70,51,2.895771
71,51,2.896560
72,51,2.896705
73,51,2.897253
74,51,2.897751
75,51,2.897823
76,51,2.898208
77,51,2.898542
78,51,2.898367
79,51,2.902452
80,51,2.898811
81,51,2.894619
82,51,2.898542
83,51,2.898562
84,51,2.898519
85,51,2.894112
86,51,2.897823
87,51,2.899557
88,51,2.896920
89,51,2.900414
90,51,2.900058
91,51,2.895798
92,51,2.899193
93,51,2.894251
94,51,2.897532
95,51,2.896908
96,51,2.899625
97,51,2.899524
98,51,2.895988
99,51,2.903960
100,51,2.900360
101,51,2.900515
102,51,2.904473
103,51,2.900204
104,51,2.896351
105,51,2.900147
106,51,2.896188
107,51,2.899846
108,51,2.903481
109,51,2.902734
110,51,2.902393
111,51,2.898150
112,51,2.895067
113,51,2.891865
114,51,2.888604
115,51,2.896844
116,51,2.893469
117,51,2.893889
118,51,2.898105
119,51,2.906116
120,51,2.902513
121,51,2.898378
122,51,2.890809
123,51,2.890888
124,51,2.894764
125,51,2.887026
126,51,2.890790
127,51,2.886791
128,51,2.882084
129,51,2.882992
130,51,2.879981
131,51,2.873065
132,51,2.869944
133,51,2.874470
134,51,2.871232
135,51,2.868413
136,51,2.876618
137,51,2.877060
138,51,2.881297
139,51,2.877772
140,51,2.878043
141,51,2.878256
142,51,2.886119
143,51,2.874662
144,51,2.890117
145,51,2.890105
146,51,2.886184
147,51,2.886538
148,51,2.890224
149,51,2.893809
150,51,2.893531
151,51,2.893202
152,51,2.892741
153,51,2.904330
154,51,2.896132
155,51,2.895590
156,51,2.887165
157,51,2.886509
158,51,2.885800
159,51,2.885511
160,51,2.890907
161,51,2.894987
162,51,2.887458
163,51,2.888070
164,51,2.888135
165,51,2.888149
166,51,2.884261
167,51,2.888004
168,51,2.892174
169,51,2.891977
170,51,2.891729
171,51,2.891893
172,51,2.879909
173,51,2.883352
174,51,2.886743
175,51,2.882838
176,51,2.878303
177,51,2.885382
178,51,2.877458
179,51,2.876729
180,51,2.879800
181,51,2.886956
182,51,2.886058
183,51,2.885106
184,51,2.884559
185,51,2.890987
186,51,2.893716
187,51,2.896847
188,51,2.887907
189,51,2.882763
190,51,2.889304
191,51,2.887889
192,51,2.886873
193,51,2.881490
194,51,2.883754
195,51,2.882226
196,51,2.884359
197,51,2.890741
198,51,2.888899
199,51,2.890847
200,51,2.893191
201,51,2.894599
202,51,2.896801
203,51,2.894627
204,51,2.885140
205,51,2.878979
206,51,2.879971
207,51,2.881824
208,51,2.883145
209,51,2.881003
210,51,2.874474
211,51,2.883744
212,51,2.884197
213,51,2.889448
214,51,2.882599
215,51,2.879987
216,51,2.880682
217,51,2.885614
218,51,2.886142
219,51,2.878654
220,51,2.867433
221,51,2.868149
222,51,2.864452
223,51,2.864986
224,51,2.864953
225,51,2.864488
226,51,2.868091
227,51,2.860508
228,51,2.860052
229,51,2.867672
230,51,2.863626
231,51,2.862843
232,51,2.861462
233,51,2.871981
234,51,2.867453
235,51,2.862317
236,51,2.845982
237,51,2.844930
238,51,2.847111
239,51,2.845792
240,51,2.834958
241,51,2.841035
242,51,2.843111
243,51,2.832980
244,51,2.834749
245,51,2.835856
246,51,2.837300
247,51,2.834722
248,51,2.830017
249,51,2.838606
250,51,2.835450
251,51,2.835439
252,51,2.820333
253,51,2.816061
254,51,2.819802
255,51,2.815619
0,52,2.838243
1,52,2.837032
2,52,2.843355
3,52,2.842283
4,52,2.840573
5,52,2.850265
6,52,2.842225
7,52,2.847734
8,52,2.842007
9,52,2.847233
10,52,2.848469
11,52,2.853889
12,52,2.851010
13,52,2.852318
14,52,2.849191
15,52,2.846912
16,52,2.870951
17,52,2.871301
18,52,2.864290
19,52,2.868274
20,52,2.868751
21,52,2.868672
22,52,2.864638
23,52,2.869454
24,52,2.865204
25,52,2.869014
26,52,2.872282
27,52,2.872053
28,52,2.863582
29,52,2.867028
30,52,2.866090
31,52,2.866156
32,52,2.880445
33,52,2.889317
34,52,2.886108
35,52,2.892895
36,52,2.883752
37,52,2.882681
38,52,2.885479
39,52,2.884244
40,52,2.874792
41,52,2.884973
42,52,2.871528
43,52,2.881571
44,52,2.872288
45,52,2.882182
46,52,2.872308
47,52,2.874367
48,52,2.891334
49,52,2.889412
50,52,2.887794
51,52,2.889151
52,52,2.890885
53,52,2.892121
54,52,2.889883
55,52,2.887147
56,52,2.885085
57,52,2.886513
58,52,2.887446
59,52,2.884909
60,52,2.885729
61,52,2.883080
62,52,2.888305
63,52,2.885096
64,52,2.901537
65,52,2.894367
66,52,2.895289
67,52,2.892473
68,52,2.900544
69,52,2.897445
70,52,2.898146
71,52,2.894501
72,52,2.899066
73,52,2.903455
74,52,2.895791
75,52,2.896226
76,52,2.896610
77,52,2.896557
78,52,2.892977
79,52,2.893198
80,52,2.897222
81,52,2.900748
82,52,2.904679
83,52,2.896984
84,52,2.900346
85,52,2.904108
86,52,2.900079
87,52,2.896024
88,52,2.895318
89,52,2.898867
90,52,2.894660
91,52,2.894167
92,52,2.897096
93,52,2.900431
94,52,2.899860
95,52,2.899108
96,52,2.901929
97,52,2.905693
98,52,2.902156
99,52,2.902468
100,52,2.902673
101,52,2.906681
102,52,2.902476
103,52,2.898682
104,52,2.902529
105,52,2.898620
106,52,2.898514
107,52,2.898320
108,52,2.890398
109,52,2.897358
110,52,2.897016
111,52,2.896625
112,52,2.893586
113,52,2.901937
114,52,2.894820
115,52,2.895350
116,52,2.899668
117,52,2.900085
118,52,2.900446
119,52,2.900750
120,52,2.900997
121,52,2.904577
122,52,2.893154
123,52,2.897086
124,52,2.885551
125,52,2.893224
126,52,2.893135
127,52,2.889137
128,52,2.880605
129,52,2.881509
130,52,2.882350
131,52,2.875432
132,52,2.876161
133,52,2.872979
134,52,2.877444
135,52,2.874600
136,52,2.878951
137,52,2.875540
138,52,2.875924
139,52,2.872399
140,52,2.876518
141,52,2.884438
142,52,2.880744
143,52,2.880847
144,52,2.892451
145,52,2.900147
146,52,2.896229
147,52,2.896566
148,52,2.892547
149,52,2.892281
150,52,2.892003
151,52,2.887823
152,52,2.899003
153,52,2.894629
154,52,2.890745
155,52,2.894057
156,52,2.885759
157,52,2.892686
158,52,2.888127
159,52,2.887827
160,52,2.893167
161,52,2.893444
162,52,2.893620
163,52,2.889893
164,52,2.890421
165,52,2.890445
166,52,2.886557
167,52,2.886471
168,52,2.890638
169,52,2.890452
170,52,2.894014
171,52,2.893716
172,52,2.878406
173,52,2.878007
174,52,2.881314
175,52,2.881251
176,52,2.888395
177,52,2.887781
178,52,2.879410
179,52,2.882843
180,52,2.885917
181,52,2.885085
182,52,2.884646
183,52,2.887561
184,52,2.886365
185,52,2.897313
186,52,2.892351
187,52,2.898892
188,52,2.886558
189,52,2.892727
190,52,2.883679
191,52,2.886578
192,52,2.885121
193,52,2.887905
194,52,2.882158
195,52,2.888221
196,52,2.890816
197,52,2.892905
198,52,2.887673
199,52,2.889640
200,52,2.891147
201,52,2.897273
202,52,2.891331
203,52,2.897328
204,52,2.883549
205,52,2.881708
206,52,2.882725
207,52,2.880286
208,52,2.878225
209,52,2.879496
210,52,2.884997
211,52,2.878417
212,52,2.883201
213,52,2.884159
214,52,2.877786
215,52,2.874734
216,52,2.883613
217,52,2.880399
218,52,2.876885
219,52,2.873484
220,52,2.866598
221,52,2.866874
222,52,2.875221
223,52,2.871461
224,52,2.868064
225,52,2.871015
226,52,2.863552
227,52,2.870938
228,52,2.867125
229,52,2.870448
230,52,2.862570
231,52,2.861821
232,52,2.861426
233,52,2.871025
234,52,2.858815
235,52,2.858041
236,52,2.845113
237,52,2.847940
238,52,2.846308
239,52,2.845018
240,52,2.843110
241,52,2.844195
242,52,2.838597
243,52,2.843923
244,52,2.838020
245,52,2.839176
246,52,2.829098
247,52,2.826557
248,52,2.838760
249,52,2.839720
250,52,2.826929
251,52,2.835182
252,52,2.820120
253,52,2.819761
254,52,2.815845
255,52,2.819417
0,53,2.837686
1,53,2.840290
2,53,2.842725
3,53,2.845458
4,53,2.839862
5,53,2.850756
6,53,2.845281
7,53,2.843054
8,53,2.841139
9,53,2.846336
10,53,2.847545
11,53,2.845220
12,53,2.842316
13,53,2.847440
14,53,2.849127
15,53,2.853983
16,53,2.869837
17,53,2.862460
18,53,2.870827
19,53,2.867085
20,53,2.871384
21,53,2.871286
22,53,2.867673
23,53,2.872015
24,53,2.868185
25,53,2.871530
26,53,2.867511
27,53,2.870673
28,53,2.869893
29,53,2.869460
30,53,2.860802
31,53,2.864692
32,53,2.886674
33,53,2.889743
34,53,2.888448
35,53,2.883654
36,53,2.889911
37,53,2.888818
38,53,2.880471
39,53,2.886493
40,53,2.873606
41,53,2.879486
42,53,2.874166
43,53,2.883761
44,53,2.874452
45,53,2.876636
46,53,2.878740
47,53,2.880353
48,53,2.890035
49,53,2.888095
50,53,2.885667
51,53,2.891660
52,53,2.892951
53,53,2.894608
54,53,2.884222
55,53,2.885761
56,53,2.883390
57,53,2.884388
58,53,2.886022
59,53,2.894601
60,53,2.888140
61,53,2.881624
62,53,2.878479
63,53,2.887264
64,53,2.892342
65,53,2.896729
66,53,2.897638
67,53,2.894213
68,53,2.895017
69,53,2.903618
70,53,2.888466
71,53,2.892956
72,53,2.893542
73,53,2.893646
74,53,2.898074
75,53,2.894644
76,53,2.895016
77,53,2.898758
78,53,2.891324
79,53,2.895436
80,53,2.899014
81,53,2.899125
82,53,2.895332
83,53,2.899194
84,53,2.894850
85,53,2.902455
86,53,2.894598
87,53,2.902102
88,53,2.897558
89,53,2.897188
90,53,2.896825
91,53,2.904116
92,53,2.903207
93,53,2.902581
94,53,2.898149
95,53,2.901372
96,53,2.903725
97,53,2.896385
98,53,2.908315
99,53,2.900864
100,53,2.901068
101,53,2.905075
102,53,2.904750
103,53,2.900941
104,53,2.900936
105,53,2.900880
106,53,2.900747
107,53,2.908286
108,53,2.896512
109,53,2.899622
110,53,2.899279
111,53,2.902740
112,53,2.899743
113,53,2.900385
114,53,2.900958
115,53,2.901486
116,53,2.901956
117,53,2.894657
118,53,2.898868
119,53,2.906876
120,53,2.903264
121,53,2.899154
122,53,2.899288
123,53,2.899366
124,53,2.895535
125,53,2.895502
126,53,2.895413
127,53,2.887564
128,53,2.882913
129,53,2.883810
130,53,2.880799
131,53,2.873878
132,53,2.874592
133,53,2.875261
134,53,2.875873
135,53,2.880730
136,53,2.873512
137,53,2.877806
138,53,2.882043
139,53,2.878512
140,53,2.882636
141,53,2.882852
142,53,2.883009
143,53,2.883113
144,53,2.898572
145,53,2.894712
146,53,2.890796
147,53,2.898823
148,53,2.898657
149,53,2.898441
150,53,2.894262
151,53,2.890083
152,53,2.893559
153,53,2.896984
154,53,2.892996
155,53,2.900163
156,53,2.899573
157,53,2.898931
158,53,2.894241
159,53,2.901191
160,53,2.891559
161,53,2.891795
162,53,2.895833
163,53,2.888283
164,53,2.896504
165,53,2.892676
166,53,2.888798
167,53,2.884848
168,53,2.889003
169,53,2.892670
170,53,2.884728
171,53,2.896000
172,53,2.892173
173,53,2.891776
174,53,2.895180
175,53,2.894681
176,53,2.890713
177,53,2.889985
178,53,2.881617
179,53,2.885189
180,53,2.876717
181,53,2.883604
182,53,2.886404
183,53,2.882050
184,53,2.888768
185,53,2.891579
186,53,2.894769
187,53,2.897235
188,53,2.903725
189,53,2.899033
190,53,2.897706
191,53,2.900608
192,53,2.887314
193,53,2.885805
194,53,2.884670
195,53,2.886896
196,53,2.889063
197,53,2.887750
198,53,2.897133
199,53,2.891833
200,53,2.886037
201,53,2.891736
202,53,2.897805
203,53,2.899523
204,53,2.897756
205,53,2.902732
206,53,2.896965
207,53,2.894547
208,53,2.888206
209,53,2.889936
210,53,2.883451
211,53,2.880634
212,53,2.881692
213,53,2.885038
214,53,2.880164
215,53,2.877576
216,53,2.874469
217,53,2.883279
218,53,2.879343
219,53,2.883674
220,53,2.880655
221,53,2.880958
222,53,2.877763
223,53,2.877883
224,53,2.874503
225,53,2.873636
226,53,2.870044
227,53,2.869755
228,53,2.862108
229,53,2.873621
230,53,2.861459
231,53,2.865050
232,53,2.856517
233,53,2.866615
234,53,2.857824
235,53,2.860928
236,53,2.863449
237,53,2.854744
238,53,2.857005
239,53,2.855742
240,53,2.850490
241,53,2.848483
242,53,2.841727
243,53,2.835540
244,53,2.841228
245,53,2.842432
246,53,2.832389
247,53,2.829885
248,53,2.834434
249,53,2.835433
250,53,2.831912
251,53,2.831003
252,53,2.827544
253,53,2.838803
254,53,2.831081
255,53,2.823145
0,54,2.840464
1,54,2.835780
2,54,2.838180
3,54,2.849859
4,54,2.840346
5,54,2.842237
6,54,2.848277
7,54,2.846020
8,54,2.847917
9,54,2.845380
10,54,2.850854
11,54,2.851905
12,54,2.845123
13,54,2.846358
14,54,2.848014
15,54,2.852836
16,54,2.864815
17,54,2.865554
18,54,2.865752
19,54,2.866272
20,54,2.862405
21,54,2.866141
22,54,2.866351
23,54,2.866817
24,54,2.862959
25,54,2.866288
26,54,2.866095
27,54,2.869242
28,54,2.868870
29,54,2.871842
30,54,2.871297
31,54,2.870883
32,54,2.889419
33,54,2.880487
34,54,2.883453
35,54,2.885923
36,54,2.873323
37,54,2.879495
38,54,2.882158
39,54,2.880988
40,54,2.875786
41,54,2.882073
42,54,2.872464
43,54,2.878614
44,54,2.876576
45,54,2.882592
46,54,2.873129
47,54,2.875150
48,54,2.888666
49,54,2.886294
50,54,2.895833
51,54,2.897192
52,54,2.887345
53,54,2.885054
54,54,2.886636
55,54,2.888159
56,54,2.885358
57,54,2.886767
58,54,2.879999
59,54,2.881548
60,54,2.878925
61,54,2.883538
62,54,2.884658
63,54,2.881871
64,54,2.894027
65,54,2.891318
66,54,2.903772
67,54,2.896494
68,54,2.893432
69,54,2.898023
70,54,2.894440
71,54,2.895197
72,54,2.895771
73,54,2.895876
74,54,2.888642
75,54,2.892917
76,54,2.900574
77,54,2.897100
78,54,2.897360
79,54,2.889443
80,54,2.897308
81,54,2.893565
82,54,2.897484
83,54,2.900912
84,54,2.897009
85,54,2.900762
86,54,2.892905
87,54,2.899937
88,54,2.895823
89,54,2.899364
90,54,2.895149
91,54,2.902011
92,54,2.893743
93,54,2.897070
94,54,2.892640
95,54,2.899718
96,54,2.909841
97,54,2.902489
98,54,2.902793
99,54,2.903047
100,54,2.899432
101,54,2.903429
102,54,2.899239
103,54,2.899283
104,54,2.899277
105,54,2.903057
106,54,2.895236
107,54,2.902776
108,54,2.902561
109,54,2.897967
110,54,2.901476
111,54,2.897231
112,54,2.905835
113,54,2.902608
114,54,2.899336
115,54,2.903703
116,54,2.904171
117,54,2.900730
118,54,2.897225
119,54,2.901378
120,54,2.905470
121,54,2.905224
122,54,2.897651
123,54,2.893874
124,54,2.890043
125,54,2.897716
126,54,2.889921
127,54,2.885925
128,54,2.881301
129,54,2.886046
130,54,2.883035
131,54,2.887656
132,54,2.880676
133,54,2.889036
134,54,2.881941
135,54,2.875226
136,54,2.879567
137,54,2.876154
138,54,2.861120
139,54,2.861448
140,54,2.877132
141,54,2.881197
142,54,2.877505
143,54,2.877608
144,54,2.889217
145,54,2.896917
146,54,2.893003
147,54,2.893309
148,54,2.889290
149,54,2.889075
150,54,2.888810
151,54,2.892278
152,54,2.891902
153,54,2.895329
154,54,2.895284
155,54,2.894757
156,54,2.882499
157,54,2.889565
158,54,2.888875
159,54,2.888132
160,54,2.889886
161,54,2.890121
162,54,2.890306
163,54,2.890440
164,54,2.886683
165,54,2.887135
166,54,2.887110
167,54,2.890887
168,54,2.886909
169,54,2.898676
170,54,2.894588
171,54,2.894303
172,54,2.893967
173,54,2.886298
174,54,2.893474
175,54,2.881418
176,54,2.880870
177,54,2.884545
178,54,2.880042
179,54,2.886899
180,54,2.878850
181,54,2.881887
182,54,2.888724
183,54,2.892076
184,54,2.891102
185,54,2.897568
186,54,2.893043
187,54,2.903455
188,54,2.898401
189,54,2.893712
190,54,2.888548
191,54,2.894605
192,54,2.885883
193,54,2.884390
194,54,2.882839
195,54,2.889355
196,54,2.891539
197,54,2.889457
198,54,2.888076
199,54,2.890067
200,54,2.888562
201,54,2.898133
202,54,2.892229
203,54,2.897809
204,54,2.895614
205,54,2.886070
206,54,2.887594
207,54,2.889472
208,54,2.879299
209,54,2.880614
210,54,2.881751
211,54,2.879054
212,54,2.876707
213,54,2.881565
214,54,2.882920
215,54,2.883770
216,54,2.876834
217,54,2.877308
218,54,2.877897
219,54,2.882684
220,54,2.879250
221,54,2.872305
222,54,2.868693
223,54,2.873127
224,54,2.865477
225,54,2.861229
226,54,2.864924
227,54,2.865103
228,54,2.860890
229,54,2.868569
230,54,2.867998
231,54,2.867757
232,54,2.851553
233,54,2.865533
234,54,2.860630
235,54,2.863758
236,54,2.866764
237,54,2.853784
238,54,2.852682
239,54,2.850996
240,54,2.841919
241,54,2.839954
242,54,2.837090
243,54,2.838653
244,54,2.840522
245,54,2.842234
246,54,2.835617
247,54,2.829296
248,54,2.833896
249,54,2.831081
250,54,2.839172
251,54,2.832136
252,54,2.824907
253,54,2.823102
254,54,2.826984
255,54,2.822465
0,55,2.835940
1,55,2.838913
2,55,2.834884
3,55,2.852901
4,55,2.851062
5,55,2.849070
6,55,2.847361
7,55,2.848928
8,55,2.846931
9,55,2.852073
10,55,2.845950
11,55,2.846975
12,55,2.844021
13,55,2.846216
14,55,2.850699
15,55,2.847781
16,55,2.867444
17,55,2.864298
18,55,2.868329
19,55,2.872670
20,55,2.868785
21,55,2.869065
22,55,2.864978
23,55,2.869687
24,55,2.865388
25,55,2.872965
26,55,2.868481
27,55,2.868171
28,55,2.867363
29,55,2.863024
30,55,2.865898
31,55,2.865245
32,55,2.887832
33,55,2.887000
34,55,2.881831
35,55,2.888549
36,55,2.879374
37,55,2.885941
38,55,2.876619
39,55,2.883041
40,55,2.881772
41,55,2.880333
42,55,2.874972
43,55,2.872993
44,55,2.875204
45,55,2.869240
46,55,2.879025
47,55,2.877181
48,55,2.894532
49,55,2.892556
50,55,2.886265
51,55,2.895726
52,55,2.893166
53,55,2.890949
54,55,2.881276
55,55,2.886235
56,55,2.883832
57,55,2.884823
58,55,2.882308
59,55,2.883589
60,55,2.880559
61,55,2.878106
62,55,2.886917
63,55,2.883714
64,55,2.900124
65,55,2.889511
66,55,2.890000
67,55,2.906252
68,55,2.899486
69,55,2.899807
70,55,2.892777
71,55,2.901106
72,55,2.901272
73,55,2.897941
74,55,2.894647
75,55,2.890797
76,55,2.891157
77,55,2.895319
78,55,2.895579
79,55,2.895415
80,55,2.907123
81,55,2.895664
82,55,2.903008
83,55,2.906860
84,55,2.899105
85,55,2.898978
86,55,2.894551
87,55,2.902047
88,55,2.897933
89,55,2.897623
90,55,2.897183
91,55,2.898270
92,55,2.895871
93,55,2.891495
94,55,2.898504
95,55,2.894015
96,55,2.900405
97,55,2.900758
98,55,2.901060
99,55,2.905211
100,55,2.901551
101,55,2.905128
102,55,2.897516
103,55,2.901416
104,55,2.897547
105,55,2.901335
106,55,2.897367
107,55,2.897202
108,55,2.900370
109,55,2.900101
110,55,2.895903
111,55,2.891658
112,55,2.904144
113,55,2.900925
114,55,2.905344
115,55,2.902012
116,55,2.902468
117,55,2.895172
118,55,2.895518
119,55,2.907374
120,55,2.907612
121,55,2.899671
122,55,2.895948
123,55,2.896024
124,55,2.899898
125,55,2.899864
126,55,2.895923
127,55,2.891928
128,55,2.879625
129,55,2.884366
130,55,2.885191
131,55,2.882119
132,55,2.890534
133,55,2.879642
134,55,2.864829
135,55,2.861953
136,55,2.877851
137,55,2.882144
138,55,2.859404
139,55,2.859732
140,55,2.863853
141,55,2.864070
142,55,2.879640
143,55,2.875894
144,55,2.891355
145,55,2.891352
146,55,2.883588
147,55,2.883484
148,55,2.887565
149,55,2.891204
150,55,2.894792
151,55,2.890625
152,55,2.909524
153,55,2.905168
154,55,2.889281
155,55,2.896881
156,55,2.888599
157,55,2.895547
158,55,2.887152
159,55,2.890265
160,55,2.891950
161,55,2.884488
162,55,2.888568
163,55,2.888702
164,55,2.892639
165,55,2.889236
166,55,2.881506
167,55,2.885283
168,55,2.912128
169,55,2.904247
170,55,2.896730
171,55,2.896394
172,55,2.888354
173,55,2.895674
174,55,2.887944
175,55,2.887459
176,55,2.883069
177,55,2.878915
178,55,2.882120
179,55,2.881420
180,55,2.880668
181,55,2.884127
182,55,2.883094
183,55,2.886028
184,55,2.912435
185,55,2.903705
186,55,2.898774
187,55,2.898049
188,55,2.888913
189,55,2.895366
190,55,2.894466
191,55,2.900808
192,55,2.883976
193,55,2.886759
194,55,2.881372
195,55,2.879453
196,55,2.885902
197,55,2.888032
198,55,2.890100
199,55,2.880958
200,55,2.913727
201,55,2.908313
202,55,2.894308
203,55,2.896050
204,55,2.890432
205,55,2.888190
206,55,2.882439
207,55,2.887768
208,55,2.873763
209,55,2.878851
210,55,2.872396
211,55,2.877838
212,55,2.875089
213,55,2.876531
214,55,2.873630
215,55,2.874503
216,55,2.898208
217,55,2.891199
218,55,2.880672
219,55,2.877350
220,55,2.866654
221,55,2.874716
222,55,2.875404
223,55,2.871728
224,55,2.863762
225,55,2.859879
226,55,2.864027
227,55,2.863801
228,55,2.867749
229,55,2.863464
230,55,2.863352
231,55,2.854999
232,55,2.881638
233,55,2.872101
234,55,2.859960
235,55,2.858826
236,55,2.854150
237,55,2.852767
238,55,2.851690
239,55,2.850044
240,55,2.844848
241,55,2.842925
242,55,2.841300
243,55,2.834000
244,55,2.839754
245,55,2.829941
246,55,2.838782
247,55,2.832497
248,55,2.856411
249,55,2.849781
250,55,2.834808
251,55,2.831666
252,55,2.828332
253,55,2.828190
254,55,2.818966
255,55,2.822214
0,56,2.839060
1,56,2.845838
2,56,2.841765
3,56,2.844326
4,56,2.846307
5,56,2.848137
6,56,2.846386
7,56,2.851778
8,56,2.845888
9,56,2.851003
10,56,2.848694
11,56,2.845842
12,56,2.843276
13,56,2.841163
14,56,2.849477
15,56,2.850378
16,56,2.862314
17,56,2.874547
18,56,2.870852
19,56,2.875163
20,56,2.871259
21,56,2.871510
22,56,2.875111
23,56,2.868228
24,56,2.871618
25,56,2.871463
26,56,2.870817
27,56,2.870481
28,56,2.869659
29,56,2.869148
30,56,2.860451
31,56,2.867479
32,56,2.886592
33,56,2.896901
34,56,2.892114
35,56,2.883004
36,56,2.885771
37,56,2.884218
38,56,2.882985
39,56,2.877434
40,56,2.876059
41,56,2.878939
42,56,2.873167
43,56,2.875424
44,56,2.873372
45,56,2.879350
46,56,2.877168
47,56,2.879166
48,56,2.892658
49,56,2.898360
50,56,2.896306
51,56,2.893802
52,56,2.887775
53,56,2.889394
54,56,2.886713
55,56,2.888216
56,56,2.889944
57,56,2.890933
58,56,2.888402
59,56,2.877719
60,56,2.882784
61,56,2.876235
62,56,2.876947
63,56,2.885906
64,56,2.894596
65,56,2.898990
66,56,2.899870
67,56,2.896845
68,56,2.901080
69,56,2.897952
70,56,2.894900
71,56,2.898971
72,56,2.893752
73,56,2.896188
74,56,2.896647
75,56,2.892809
76,56,2.889380
77,56,2.889679
78,56,2.885678
79,56,2.889730
80,56,2.901437
81,56,2.909242
82,56,2.905044
83,56,2.905034
84,56,2.901121
85,56,2.901011
86,56,2.898524
87,56,2.896340
88,56,2.899923
89,56,2.895750
90,56,2.894975
91,56,2.894555
92,56,2.897936
93,56,2.899230
94,56,2.896720
95,56,2.891824
96,56,2.906317
97,56,2.906668
98,56,2.907024
99,56,2.907267
100,56,2.903606
101,56,2.903343
102,56,2.903449
103,56,2.899630
104,56,2.899614
105,56,2.895696
106,56,2.903287
107,56,2.903084
108,56,2.902451
109,56,2.894466
110,56,2.901833
111,56,2.897579
112,56,2.898549
113,56,2.899167
114,56,2.899741
115,56,2.907954
116,56,2.896850
117,56,2.893403
118,56,2.897601
119,56,2.905602
120,56,2.909691
121,56,2.894052
122,56,2.898036
123,56,2.901963
124,56,2.890425
125,56,2.894244
126,56,2.894156
127,56,2.890161
128,56,2.885589
129,56,2.886472
130,56,2.879593
131,56,2.884210
132,56,2.877226
133,56,2.889436
134,56,2.890044
135,56,2.867880
136,56,2.864513
137,56,2.861100
138,56,2.865330
139,56,2.861805
140,56,2.858220
141,56,2.881551
142,56,2.877861
143,56,2.874114
144,56,2.889578
145,56,2.897282
146,56,2.889520
147,56,2.889414
148,56,2.885814
149,56,2.893269
150,56,2.919975
151,56,2.908103
152,56,2.888476
153,56,2.903474
154,56,2.906764
155,56,2.887383
156,56,2.890662
157,56,2.886184
158,56,2.889220
159,56,2.888482
160,56,2.893597
161,56,2.890393
162,56,2.898292
163,56,2.886900
164,56,2.890837
165,56,2.890871
166,56,2.914375
167,56,2.902752
168,56,2.887226
169,56,2.906287
170,56,2.902610
171,56,2.890778
172,56,2.886601
173,56,2.893933
174,56,2.889964
175,56,2.885627
176,56,2.881240
177,56,2.880654
178,56,2.880415
179,56,2.879728
180,56,2.882687
181,56,2.882283
182,56,2.908400
183,56,2.907495
184,56,2.887273
185,56,2.905922
186,56,2.904638
187,56,2.888098
188,56,2.895017
189,56,2.893779
190,56,2.896338
191,56,2.891533
192,56,2.882422
193,56,2.880661
194,56,2.883379
195,56,2.889496
196,56,2.883996
197,56,2.882685
198,56,2.915593
199,56,2.914162
200,56,2.888771
201,56,2.909924
202,56,2.904441
203,56,2.890791
204,56,2.884782
205,56,2.894516
206,56,2.888374
207,56,2.878230
208,56,2.871938
209,56,2.873281
210,56,2.882658
211,56,2.880004
212,56,2.881530
213,56,2.874876
214,56,2.903222
215,56,2.895813
216,56,2.877351
217,56,2.893887
218,56,2.886821
219,56,2.872371
220,56,2.868989
221,56,2.873631
222,56,2.877779
223,56,2.878391
224,56,2.870039
225,56,2.870037
226,56,2.866496
227,56,2.862446
228,56,2.862560
229,56,2.862158
230,56,2.889035
231,56,2.884567
232,56,2.861141
233,56,2.870908
234,56,2.866495
235,56,2.849985
236,56,2.853039
237,56,2.851693
238,56,2.854495
239,56,2.856740
240,56,2.847719
241,56,2.841983
242,56,2.840388
243,56,2.833572
244,56,2.842778
245,56,2.836850
246,56,2.857297
247,56,2.858752
248,56,2.836482
249,56,2.849154
250,56,2.845791
251,56,2.827278
252,56,2.823985
253,56,2.820048
254,56,2.826292
255,56,2.821894
0,57,2.838266
1,57,2.842468
2,57,2.844733
3,57,2.839544
4,57,2.853052
5,57,2.847146
6,57,2.845354
7,57,2.846865
8,57,2.844788
9,57,2.842171
10,57,2.843678
11,57,2.848507
12,57,2.845904
13,57,2.842780
14,57,2.848598
15,57,2.845215
16,57,2.869085
17,57,2.869332
18,57,2.866011
19,57,2.869898
20,57,2.874073
21,57,2.873903
22,57,2.870172
23,57,2.873660
24,57,2.874334
25,57,2.866058
26,57,2.865785
27,57,2.868889
28,57,2.864586
29,57,2.867518
30,57,2.859193
31,57,2.865812
32,57,2.888146
33,57,2.887489
34,57,2.882681
35,57,2.881648
36,57,2.895570
37,57,2.886683
38,57,2.885047
39,57,2.883722
40,57,2.878092
41,57,2.872774
42,57,2.875549
43,57,2.877408
44,57,2.871875
45,57,2.873603
46,57,2.867940
47,57,2.869920
48,57,2.890722
49,57,2.896430
50,57,2.886287
51,57,2.888361
52,57,2.893876
53,57,2.887395
54,57,2.885088
55,57,2.886575
56,57,2.879922
57,57,2.885149
58,57,2.882236
59,57,2.879893
60,57,2.881090
61,57,2.885707
62,57,2.882943
63,57,2.883979
64,57,2.899993
65,57,2.893217
66,57,2.894263
67,57,2.894698
68,57,2.899314
69,57,2.900026
70,57,2.892980
71,57,2.893208
72,57,2.893767
73,57,2.890519
74,57,2.890584
75,57,2.887129
76,57,2.887476
77,57,2.887389
78,57,2.887638
79,57,2.895575
80,57,2.899567
81,57,2.903122
82,57,2.891603
83,57,2.895446
84,57,2.905018
85,57,2.898712
86,57,2.894690
87,57,2.898324
88,57,2.898055
89,57,2.893883
90,57,2.896975
91,57,2.892613
92,57,2.895986
93,57,2.895455
94,57,2.891021
95,57,2.893844
96,57,2.908387
97,57,2.904875
98,57,2.901313
99,57,2.901555
100,57,2.901747
101,57,2.905371
102,57,2.897748
103,57,2.897782
104,57,2.901619
105,57,2.897701
106,57,2.893705
107,57,2.897384
108,57,2.896765
109,57,2.896474
110,57,2.896134
111,57,2.895740
112,57,2.896744
113,57,2.889652
114,57,2.901770
115,57,2.902276
116,57,2.895029
117,57,2.899278
118,57,2.899621
119,57,2.907615
120,57,2.900148
121,57,2.899932
122,57,2.892354
123,57,2.900134
124,57,2.904007
125,57,2.900120
126,57,2.892327
127,57,2.892185
128,57,2.891491
129,57,2.892370
130,57,2.881637
131,57,2.886252
132,57,2.886958
133,57,2.883768
134,57,2.861246
135,57,2.866039
136,57,2.862680
137,57,2.863111
138,57,2.863487
139,57,2.861884
140,57,2.867937
141,57,2.864298
142,57,2.864459
143,57,2.864567
144,57,2.891591
145,57,2.887738
146,57,2.887685
147,57,2.891428
148,57,2.891670
149,57,2.887613
150,57,2.891157
151,57,2.886991
152,57,2.894335
153,57,2.905481
154,57,2.901166
155,57,2.893235
156,57,2.884957
157,57,2.888186
158,57,2.887512
159,57,2.886787
160,57,2.891747
161,57,2.888530
162,57,2.888723
163,57,2.885014
164,57,2.892813
165,57,2.889007
166,57,2.889382
167,57,2.889317
168,57,2.889203
169,57,2.908303
170,57,2.904237
171,57,2.888892
172,57,2.888569
173,57,2.884344
174,57,2.883921
175,57,2.891540
176,57,2.879459
177,57,2.886470
178,57,2.885835
179,57,2.889388
180,57,2.880945
181,57,2.884010
182,57,2.887407
183,57,2.886330
184,57,2.893081
185,57,2.907868
186,57,2.910660
187,57,2.894134
188,57,2.892965
189,57,2.895978
190,57,2.894437
191,57,2.889239
192,57,2.888222
193,57,2.882912
194,57,2.885250
195,57,2.887914
196,57,2.882430
197,57,2.888100
198,57,2.886722
199,57,2.900311
200,57,2.883400
201,57,2.900718
202,57,2.910268
203,57,2.885463
204,57,2.883326
205,57,2.888380
206,57,2.886483
207,57,2.884132
208,57,2.882100
209,57,2.879611
210,57,2.873198
211,57,2.870954
212,57,2.872101
213,57,2.873563
214,57,2.873980
215,57,2.878737
216,57,2.868396
217,57,2.888406
218,57,2.893314
219,57,2.874631
220,57,2.875521
221,57,2.872078
222,57,2.872399
223,57,2.868438
224,57,2.868559
225,57,2.865130
226,57,2.865061
227,57,2.865293
228,57,2.861172
229,57,2.865055
230,57,2.856874
231,57,2.864400
232,57,2.858932
233,57,2.881625
234,57,2.880681
235,57,2.860762
236,57,2.851873
237,57,2.850974
238,57,2.857243
239,57,2.856087
240,57,2.842826
241,57,2.841401
242,57,2.838233
243,57,2.840346
244,57,2.838037
245,57,2.832141
246,57,2.837223
247,57,2.834860
248,57,2.831902
249,57,2.852316
250,57,2.849005
251,57,2.822825
252,57,2.831132
253,57,2.827251
254,57,2.827457
255,57,2.821507
0,58,2.837411
1,58,2.845410
2,58,2.843789
3,58,2.838157
4,58,2.852034
5,58,2.853804
6,58,2.851971
7,58,2.853453
8,58,2.847485
9,58,2.844842
10,58,2.850165
11,58,2.851116
12,58,2.848479
13,58,2.845332
14,58,2.854962
15,58,2.855411
16,58,2.867690
17,58,2.875623
18,58,2.864567
19,58,2.876141
20,58,2.876434
21,58,2.876247
22,58,2.876340
23,58,2.872106
24,58,2.875861
25,58,2.872163
26,58,2.868011
27,58,2.867623
28,58,2.870626
29,58,2.873919
30,58,2.869049
31,58,2.864471
32,58,2.886409
33,58,2.885524
34,58,2.880337
35,58,2.883705
36,58,2.890281
37,58,2.884856
38,58,2.887434
39,58,2.878013
40,58,2.876597
41,58,2.874743
42,58,2.873191
43,58,2.871571
44,58,2.881501
45,58,2.875885
46,58,2.869836
47,58,2.875651
48,58,2.892962
49,58,2.894433
50,58,2.888505
51,58,2.894075
52,58,2.895366
53,58,2.897279
54,58,2.886883
55,58,2.884503
56,58,2.889771
57,58,2.883058
58,58,2.880509
59,58,2.881758
60,58,2.878732
61,58,2.880093
62,58,2.885022
63,58,2.877970
64,58,2.898204
65,58,2.895268
66,58,2.895763
67,58,2.892723
68,58,2.897337
69,58,2.898183
70,58,2.898461
71,58,2.895207
72,58,2.891901
73,58,2.890100
74,58,2.888621
75,58,2.894797
76,58,2.889428
77,58,2.893195
78,58,2.885727
79,58,2.885915
80,58,2.901464
81,58,2.901178
82,58,2.897365
83,58,2.897347
84,58,2.901130
85,58,2.896781
86,58,2.904318
87,58,2.894468
88,58,2.899979
89,58,2.891506
90,58,2.893054
91,58,2.894552
92,58,2.894074
93,58,2.885839
94,58,2.890533
95,58,2.891818
96,58,2.906470
97,58,2.906809
98,58,2.899394
99,58,2.903487
100,58,2.907182
101,58,2.907314
102,58,2.907397
103,58,2.903578
104,58,2.899710
105,58,2.895773
106,58,2.895649
107,58,2.895476
108,58,2.891017
109,58,2.898420
110,58,2.894226
111,58,2.889979
112,58,2.898717
113,58,2.899328
114,58,2.907591
115,58,2.900397
116,58,2.893139
117,58,2.893533
118,58,2.897726
119,58,2.901866
120,58,2.890541
121,58,2.894192
122,58,2.898170
123,58,2.894390
124,58,2.902116
125,58,2.898229
126,58,2.886583
127,58,2.894147
128,58,2.889624
129,58,2.890499
130,58,2.875914
131,58,2.876673
132,58,2.873524
133,58,2.874173
134,58,2.874767
135,58,2.879557
136,58,2.860777
137,58,2.865060
138,58,2.861584
139,58,2.869612
140,58,2.858323
141,58,2.862395
142,58,2.862557
143,58,2.862665
144,58,2.893543
145,58,2.889692
146,58,2.889641
147,58,2.889528
148,58,2.889758
149,58,2.893408
150,58,2.889303
151,58,2.888935
152,58,2.892427
153,58,2.888163
154,58,2.887702
155,58,2.891045
156,58,2.886895
157,58,2.886274
158,58,2.889455
159,58,2.888732
160,58,2.893635
161,58,2.893887
162,58,2.886799
163,58,2.890794
164,58,2.890888
165,58,2.883226
166,58,2.890926
167,58,2.887380
168,58,2.891119
169,58,2.887102
170,58,2.890742
171,58,2.890856
172,58,2.890544
173,58,2.893957
174,58,2.889683
175,58,2.889586
176,58,2.881358
177,58,2.880786
178,58,2.884016
179,58,2.879864
180,58,2.886694
181,58,2.885908
182,58,2.885070
183,58,2.884553
184,58,2.887464
185,58,2.882616
186,58,2.889647
187,58,2.888319
188,58,2.887153
189,58,2.893639
190,58,2.892736
191,58,2.891406
192,58,2.882314
193,58,2.888950
194,58,2.883598
195,58,2.885575
196,58,2.888173
197,58,2.890341
198,58,2.884742
199,58,2.887162
200,58,2.885296
201,58,2.891072
202,58,2.885602
203,58,2.890834
204,58,2.889076
205,58,2.883026
206,58,2.888468
207,58,2.878806
208,58,2.880259
209,58,2.873937
210,58,2.875627
211,58,2.876868
212,58,2.877868
213,58,2.875095
214,58,2.876099
215,58,2.873553
216,58,2.870549
217,58,2.875550
218,58,2.872386
219,58,2.877225
220,58,2.873894
221,58,2.869782
222,58,2.874347
223,58,2.874587
224,58,2.867415
225,58,2.867469
226,58,2.867815
227,58,2.859971
228,58,2.863973
229,58,2.867486
230,58,2.863189
231,58,2.858281
232,58,2.861451
233,58,2.864902
234,58,2.856286
235,58,2.855653
236,58,2.854504
237,58,2.853629
238,58,2.848376
239,58,2.854952
240,58,2.845583
241,58,2.844185
242,58,2.837213
243,58,2.839356
244,58,2.837089
245,58,2.835078
246,58,2.836352
247,58,2.834023
248,58,2.834966
249,58,2.836153
250,58,2.829039
251,58,2.833721
252,58,2.826235
253,58,2.822830
254,58,2.830785
255,58,2.824906
0,59,2.840349
1,59,2.835427
2,59,2.838934
3,59,2.840977
4,59,2.854810
5,59,2.856551
6,59,2.846972
7,59,2.859986
8,59,2.853979
9,59,2.843606
10,59,2.845039
11,59,2.849819
12,59,2.843294
13,59,2.847831
14,59,2.844918
15,59,2.850144
16,59,2.866244
17,59,2.874158
18,59,2.866924
19,59,2.870774
20,59,2.871038
21,59,2.871201
22,59,2.870900
23,59,2.882428
24,59,2.874232
25,59,2.874015
26,59,2.870189
27,59,2.865923
28,59,2.865061
29,59,2.864477
30,59,2.867662
31,59,2.862699
32,59,2.881134
33,59,2.883719
34,59,2.878881
35,59,2.877461
36,59,2.887884
37,59,2.887195
38,59,2.881689
39,59,2.895734
40,59,2.878530
41,59,2.877026
42,59,2.875454
43,59,2.873458
44,59,2.871754
45,59,2.877334
46,59,2.871649
47,59,2.877843
48,59,2.887076
49,59,2.888897
50,59,2.882952
51,59,2.892003
52,59,2.885940
53,59,2.891021
54,59,2.888694
55,59,2.886796
56,59,2.891495
57,59,2.881281
58,59,2.882571
59,59,2.883449
60,59,2.884630
61,59,2.885756
62,59,2.874914
63,59,2.883639
64,59,2.892311
65,59,2.893402
66,59,2.890044
67,59,2.898550
68,59,2.891593
69,59,2.899638
70,59,2.896432
71,59,2.892921
72,59,2.893465
73,59,2.890098
74,59,2.888607
75,59,2.887067
76,59,2.885115
77,59,2.891181
78,59,2.883712
79,59,2.893531
80,59,2.897181
81,59,2.899186
82,59,2.895363
83,59,2.895343
84,59,2.900688
85,59,2.902495
86,59,2.898435
87,59,2.896424
88,59,2.894077
89,59,2.887603
90,59,2.896858
91,59,2.896431
92,59,2.895852
93,59,2.895315
94,59,2.888575
95,59,2.893715
96,59,2.900639
97,59,2.897125
98,59,2.893613
99,59,2.897696
100,59,2.905213
101,59,2.901492
102,59,2.901574
103,59,2.899886
104,59,2.901584
105,59,2.893804
106,59,2.893680
107,59,2.901213
108,59,2.896766
109,59,2.892600
110,59,2.896111
111,59,2.891862
112,59,2.900642
113,59,2.901249
114,59,2.898438
115,59,2.894596
116,59,2.895041
117,59,2.891580
118,59,2.895771
119,59,2.892203
120,59,2.896288
121,59,2.896093
122,59,2.896219
123,59,2.888587
124,59,2.896311
125,59,2.896277
126,59,2.884631
127,59,2.888344
128,59,2.887697
129,59,2.884715
130,59,2.877819
131,59,2.878577
132,59,2.879280
133,59,2.879940
134,59,2.861269
135,59,2.862182
136,59,2.866519
137,59,2.866949
138,59,2.863472
139,59,2.867648
140,59,2.864065
141,59,2.860428
142,59,2.864444
143,59,2.868407
144,59,2.887728
145,59,2.899290
146,59,2.887683
147,59,2.891421
148,59,2.895492
149,59,2.895289
150,59,2.887332
151,59,2.883179
152,59,2.894387
153,59,2.893901
154,59,2.889589
155,59,2.892933
156,59,2.888891
157,59,2.892135
158,59,2.883631
159,59,2.886763
160,59,2.887810
161,59,2.895767
162,59,2.892485
163,59,2.888784
164,59,2.888902
165,59,2.885093
166,59,2.892793
167,59,2.889252
168,59,2.885295
169,59,2.885142
170,59,2.888746
171,59,2.884632
172,59,2.884685
173,59,2.888177
174,59,2.891619
175,59,2.883453
176,59,2.887051
177,59,2.882627
178,59,2.882006
179,59,2.885187
180,59,2.888680
181,59,2.884053
182,59,2.889007
183,59,2.890057
184,59,2.877738
185,59,2.892158
186,59,2.894966
187,59,2.890375
188,59,2.885371
189,59,2.884165
190,59,2.887118
191,59,2.885532
192,59,2.884150
193,59,2.886564
194,59,2.885429
195,59,2.883877
196,59,2.882265
197,59,2.884810
198,59,2.883081
199,59,2.881292
200,59,2.883279
201,59,2.889061
202,59,2.883222
203,59,2.885388
204,59,2.883274
205,59,2.889163
206,59,2.879213
207,59,2.884607
208,59,2.878737
209,59,2.875791
210,59,2.873257
211,59,2.878723
212,59,2.879898
213,59,2.873660
214,59,2.866981
215,59,2.871783
216,59,2.869170
217,59,2.869962
218,59,2.874896
219,59,2.871018
220,59,2.871547
221,59,2.872361
222,59,2.868863
223,59,2.873354
224,59,2.865824
225,59,2.866280
226,59,2.858562
227,59,2.866157
228,59,2.870177
229,59,2.862161
230,59,2.865111
231,59,2.856864
232,59,2.860446
233,59,2.857758
234,59,2.855336
235,59,2.858196
236,59,2.849376
237,59,2.856230
238,59,2.854866
239,59,2.853762
240,59,2.844431
241,59,2.845773
242,59,2.839989
243,59,2.842160
244,59,2.832231
245,59,2.837956
246,59,2.831569
247,59,2.825421
248,59,2.834117
249,59,2.831486
250,59,2.832128
251,59,2.829142
252,59,2.825562
253,59,2.829904
254,59,2.820901
255,59,2.824385
0,60,2.839375
1,60,2.841736
2,60,2.837874
3,60,2.843738
4,60,2.845972
5,60,2.847684
6,60,2.857329
7,60,2.862611
8,60,2.852713
9,60,2.850020
10,60,2.851417
11,60,2.848469
12,60,2.849615
13,60,2.846787
14,60,2.851184
15,60,2.851976
16,60,2.864747
17,60,2.869148
18,60,2.869231
19,60,2.873421
20,60,2.877152
21,60,2.869581
22,60,2.876969
23,60,2.884618
24,60,2.872554
25,60,2.872311
26,60,2.868126
27,60,2.871206
28,60,2.871358
29,60,2.862693
30,60,2.869708
31,60,2.860881
32,60,2.890852
33,60,2.886069
34,60,2.877008
35,60,2.879779
36,60,2.878275
37,60,2.884752
38,60,2.887303
39,60,2.893778
40,60,2.880765
41,60,2.882748
42,60,2.869600
43,60,2.875648
44,60,2.869728
45,60,2.871794
46,60,2.873797
47,60,2.875392
48,60,2.888829
49,60,2.890301
50,60,2.884696
51,60,2.886382
52,60,2.883811
53,60,2.893085
54,60,2.890743
55,60,2.886742
56,60,2.885544
57,60,2.890738
58,60,2.887827
59,60,2.877740
60,60,2.878906
61,60,2.875821
62,60,2.876880
63,60,2.877887
64,60,2.894252
65,60,2.887102
66,60,2.891804
67,60,2.888750
68,60,2.896999
69,60,2.893832
70,60,2.898320
71,60,2.892550
72,60,2.895238
73,60,2.888017
74,60,2.892304
75,60,2.888487
76,60,2.892736
77,60,2.885306
78,60,2.893237
79,60,2.881505
80,60,2.897044
81,60,2.897122
82,60,2.899078
83,60,2.900985
84,60,2.896690
85,60,2.894635
86,60,2.896384
87,60,2.896280
88,60,2.895525
89,60,2.899051
90,60,2.894741
91,60,2.894306
92,60,2.893820
93,60,2.893284
94,60,2.890411
95,60,2.891700
96,60,2.898673
97,60,2.899000
98,60,2.903132
99,60,2.899508
100,60,2.907037
101,60,2.903315
102,60,2.899555
103,60,2.899715
104,60,2.903407
105,60,2.899480
106,60,2.895504
107,60,2.902677
108,60,2.894700
109,60,2.898284
110,60,2.894090
111,60,2.889841
112,60,2.902494
113,60,2.899070
114,60,2.898347
115,60,2.892587
116,60,2.889178
117,60,2.897273
118,60,2.889903
119,60,2.894039
120,60,2.886564
121,60,2.890232
122,60,2.894210
123,60,2.894281
124,60,2.890447
125,60,2.894265
126,60,2.882620
127,60,2.894038
128,60,2.889560
129,60,2.886574
130,60,2.879679
131,60,2.884288
132,60,2.873431
133,60,2.877930
134,60,2.866963
135,60,2.871717
136,60,2.868347
137,60,2.868777
138,60,2.861448
139,60,2.869477
140,60,2.858188
141,60,2.862258
142,60,2.862421
143,60,2.862532
144,60,2.889559
145,60,2.889564
146,60,2.897222
147,60,2.885572
148,60,2.889248
149,60,2.893258
150,60,2.893007
151,60,2.888855
152,60,2.888506
153,60,2.884254
154,60,2.887563
155,60,2.890908
156,60,2.886857
157,60,2.886249
158,60,2.881738
159,60,2.888735
160,60,2.889632
161,60,2.889882
162,60,2.886587
163,60,2.890592
164,60,2.886842
165,60,2.890748
166,60,2.890747
167,60,2.894546
168,60,2.890944
169,60,2.886938
170,60,2.882884
171,60,2.890338
172,60,2.886471
173,60,2.886112
174,60,2.889555
175,60,2.889096
176,60,2.880882
177,60,2.884527
178,60,2.883918
179,60,2.883258
180,60,2.882399
181,60,2.881978
182,60,2.885008
183,60,2.887986
184,60,2.883556
185,60,2.886430
186,60,2.881546
187,60,2.892019
188,60,2.890997
189,60,2.889794
190,60,2.884684
191,60,2.887573
192,60,2.878500
193,60,2.884782
194,60,2.883302
195,60,2.889819
196,60,2.880519
197,60,2.886233
198,60,2.884858
199,60,2.886926
200,60,2.888934
201,60,2.887378
202,60,2.885409
203,60,2.887230
204,60,2.877779
205,60,2.879472
206,60,2.880645
207,60,2.880617
208,60,2.876316
209,60,2.874226
210,60,2.875566
211,60,2.876834
212,60,2.870679
213,60,2.871802
214,60,2.880555
215,60,2.878029
216,60,2.882777
217,60,2.871773
218,60,2.872493
219,60,2.869276
220,60,2.870188
221,60,2.870656
222,60,2.871397
223,60,2.871689
224,60,2.860332
225,60,2.864656
226,60,2.868524
227,60,2.864952
228,60,2.867806
229,60,2.860164
230,60,2.863613
231,60,2.863101
232,60,2.866703
233,60,2.858267
234,60,2.850088
235,60,2.852980
236,60,2.852273
237,60,2.854924
238,60,2.857825
239,60,2.856370
240,60,2.842497
241,60,2.836894
242,60,2.843089
243,60,2.837203
244,60,2.838873
245,60,2.836924
246,60,2.830581
247,60,2.836023
248,60,2.833207
249,60,2.830612
250,60,2.827450
251,60,2.828355
252,60,2.828679
253,60,2.829209
254,60,2.823711
255,60,2.819947
0,61,2.846048
1,61,2.844524
2,61,2.843204
3,61,2.845216
4,61,2.848636
5,61,2.850320
6,61,2.852220
7,61,2.849769
8,61,2.843688
9,61,2.849031
10,61,2.846185
11,61,2.847419
12,61,2.848178
13,61,2.849170
14,61,2.845841
15,61,2.850454
16,61,2.870018
17,61,2.870557
18,61,2.871488
19,61,2.867943
20,61,2.871657
21,61,2.875618
22,61,2.875629
23,61,2.871348
24,61,2.867318
25,61,2.870560
26,61,2.866350
27,61,2.861711
28,61,2.865033
29,61,2.856713
30,61,2.863381
31,61,2.867061
32,61,2.896671
33,61,2.884162
34,61,2.886986
35,61,2.885547
36,61,2.884370
37,61,2.882784
38,61,2.881463
39,61,2.883925
40,61,2.874423
41,61,2.872895
42,61,2.875595
43,61,2.873586
44,61,2.875699
45,61,2.881266
46,61,2.875546
47,61,2.873617
48,61,2.890556
49,61,2.896209
50,61,2.890244
51,61,2.891592
52,61,2.897068
53,61,2.887380
54,61,2.896247
55,61,2.886128
56,61,2.883658
57,61,2.876946
58,61,2.882071
59,61,2.879436
60,61,2.880266
61,61,2.881376
62,61,2.878580
63,61,2.887484
64,61,2.895796
65,61,2.896685
66,61,2.897522
67,61,2.894120
68,61,2.898708
69,61,2.891686
70,61,2.896172
71,61,2.900272
72,61,2.885494
73,61,2.885967
74,61,2.890243
75,61,2.890280
76,61,2.886751
77,61,2.887026
78,61,2.887252
79,61,2.890942
80,61,2.898775
81,61,2.906568
82,61,2.898882
83,61,2.902364
84,61,2.902285
85,61,2.898304
86,61,2.901980
87,61,2.897901
88,61,2.893367
89,61,2.893032
90,61,2.894573
91,61,2.899918
92,61,2.891728
93,61,2.890846
94,61,2.894113
95,61,2.895270
96,61,2.908134
97,61,2.904608
98,61,2.908739
99,61,2.908622
100,61,2.908801
101,61,2.901247
102,61,2.905172
103,61,2.901343
104,61,2.893612
105,61,2.897391
106,61,2.897268
107,61,2.896708
108,61,2.892625
109,61,2.892345
110,61,2.892002
111,61,2.891606
112,61,2.904299
113,61,2.901036
114,61,2.897731
115,61,2.902078
116,61,2.890961
117,61,2.887495
118,61,2.891682
119,61,2.888111
120,61,2.892192
121,61,2.892015
122,61,2.888286
123,61,2.892210
124,61,2.888376
125,61,2.892195
126,61,2.892108
127,61,2.876557
128,61,2.872101
129,61,2.872964
130,61,2.877627
131,61,2.874528
132,61,2.879080
133,61,2.875872
134,61,2.876462
135,61,2.873487
136,61,2.873970
137,61,2.874400
138,61,2.882482
139,61,2.863541
140,61,2.856105
141,61,2.860175
142,61,2.864192
143,61,2.860449
144,61,2.891331
145,61,2.891338
146,61,2.887439
147,61,2.887346
148,61,2.887203
149,61,2.887315
150,61,2.883212
151,61,2.886766
152,61,2.890271
153,61,2.886021
154,61,2.889426
155,61,2.888825
156,61,2.892121
157,61,2.888010
158,61,2.883501
159,61,2.882794
160,61,2.891338
161,61,2.887791
162,61,2.887991
163,61,2.892341
164,61,2.884737
165,61,2.888644
166,61,2.892501
167,61,2.896309
168,61,2.892681
169,61,2.888676
170,61,2.888475
171,61,2.892077
172,61,2.887924
173,61,2.887916
174,61,2.887518
175,61,2.886975
176,61,2.882614
177,61,2.886249
178,61,2.881789
179,61,2.881131
180,61,2.888128
181,61,2.883854
182,61,2.886897
183,61,2.889887
184,61,2.888784
185,61,2.880441
186,61,2.883265
187,61,2.886036
188,61,2.888753
189,61,2.884049
190,61,2.886659
191,61,2.889214
192,61,2.884346
193,61,2.886501
194,61,2.881172
195,61,2.883491
196,61,2.882238
197,61,2.884441
198,61,2.886585
199,61,2.885156
200,61,2.887180
201,61,2.885290
202,61,2.883678
203,61,2.885106
204,61,2.886868
205,61,2.881200
206,61,2.878979
207,61,2.876691
208,61,2.870824
209,61,2.876106
210,61,2.877466
211,61,2.875244
212,61,2.876461
213,61,2.877947
214,61,2.874598
215,61,2.875577
216,61,2.880675
217,61,2.873792
218,61,2.870681
219,61,2.867835
220,61,2.864560
221,61,2.873105
222,61,2.865806
223,61,2.877682
224,61,2.866701
225,61,2.869935
226,61,2.866456
227,61,2.866383
228,61,2.862358
229,61,2.862439
230,61,2.865916
231,61,2.861938
232,61,2.861350
233,61,2.853303
234,61,2.856345
235,61,2.859271
236,61,2.854733
237,61,2.857418
238,61,2.855446
239,61,2.854000
240,61,2.837377
241,61,2.839518
242,61,2.838035
243,61,2.839894
244,61,2.838124
245,61,2.835834
246,61,2.837614
247,61,2.838862
248,61,2.843797
249,61,2.837383
250,61,2.830417
251,61,2.827506
252,61,2.826392
253,61,2.826923
254,61,2.823018
255,61,2.819298
0,62,2.841104
1,62,2.847254
2,62,2.842038
3,62,2.844020
4,62,2.850055
5,62,2.851740
6,62,2.850910
7,62,2.852631
8,62,2.850020
9,62,2.847622
10,62,2.848605
11,62,2.849805
12,62,2.854395
13,62,2.847649
14,62,2.848152
15,62,2.852734
16,62,2.868426
17,62,2.872789
18,62,2.865487
19,62,2.869305
20,62,2.873356
21,62,2.873901
22,62,2.877738
23,62,2.873443
24,62,2.873240
25,62,2.869093
26,62,2.864528
27,62,2.864059
28,62,2.870880
29,62,2.862537
30,62,2.865669
31,62,2.860688
32,62,2.886777
33,62,2.889346
34,62,2.881161
35,62,2.880037
36,62,2.890073
37,62,2.884951
38,62,2.887463
39,62,2.885728
40,62,2.876543
41,62,2.874672
42,62,2.876911
43,62,2.879084
44,62,2.869310
45,62,2.875207
46,62,2.873724
47,62,2.879161
48,62,2.892564
49,62,2.886643
50,62,2.888045
51,62,2.885858
52,62,2.887465
53,62,2.892545
54,62,2.894037
55,62,2.895473
56,62,2.884972
57,62,2.882443
58,62,2.880107
59,62,2.877135
60,62,2.882138
61,62,2.887088
62,62,2.876573
63,62,2.881093
64,62,2.893590
65,62,2.894477
66,62,2.894988
67,62,2.891920
68,62,2.896646
69,62,2.893465
70,62,2.893762
71,62,2.898187
72,62,2.894856
73,62,2.891475
74,62,2.887718
75,62,2.888091
76,62,2.884561
77,62,2.884885
78,62,2.888625
79,62,2.888791
80,62,2.904320
81,62,2.896682
82,62,2.896372
83,62,2.890563
84,62,2.900116
85,62,2.894178
86,62,2.901697
87,62,2.901129
88,62,2.889286
89,62,2.890878
90,62,2.882789
91,62,2.886208
92,62,2.887651
93,62,2.884743
94,62,2.891854
95,62,2.887357
96,62,2.902126
97,62,2.906305
98,62,2.902729
99,62,2.902663
100,62,2.902832
101,62,2.906806
102,62,2.903026
103,62,2.903049
104,62,2.895318
105,62,2.895245
106,62,2.891239
107,62,2.898427
108,62,2.894344
109,62,2.894053
110,62,2.889863
111,62,2.897172
112,62,2.898327
113,62,2.898926
114,62,2.895607
115,62,2.899952
116,62,2.888832
117,62,2.893071
118,62,2.885697
119,62,2.889825
120,62,2.882347
121,62,2.889890
122,62,2.890012
123,62,2.890082
124,62,2.893953
125,62,2.893919
126,62,2.878420
127,62,2.874428
128,62,2.877698
129,62,2.878559
130,62,2.875516
131,62,2.876254
132,62,2.873099
133,62,2.873743
134,62,2.874333
135,62,2.879061
136,62,2.871837
137,62,2.879964
138,62,2.853370
139,62,2.865252
140,62,2.857817
141,62,2.865740
142,62,2.865902
143,62,2.862162
144,62,2.889192
145,62,2.885348
146,62,2.885304
147,62,2.892914
148,62,2.885066
149,62,2.885211
150,62,2.892623
151,62,2.892325
152,62,2.891978
153,62,2.887729
154,62,2.883430
155,62,2.886788
156,62,2.890096
157,62,2.889712
158,62,2.885205
159,62,2.884500
160,62,2.889189
161,62,2.893301
162,62,2.889658
163,62,2.886326
164,62,2.886428
165,62,2.890334
166,62,2.894191
167,62,2.894147
168,62,2.890200
169,62,2.886537
170,62,2.886346
171,62,2.882199
172,62,2.881900
173,62,2.889258
174,62,2.885337
175,62,2.884890
176,62,2.884394
177,62,2.879995
178,62,2.883580
179,62,2.886651
180,62,2.882092
181,62,2.889040
182,62,2.888559
183,62,2.887699
184,62,2.886787
185,62,2.889676
186,62,2.885135
187,62,2.884066
188,62,2.886567
189,62,2.889233
190,62,2.884467
191,62,2.887025
192,62,2.877969
193,62,2.880744
194,62,2.883135
195,62,2.885469
196,62,2.883893
197,62,2.878733
198,62,2.888253
199,62,2.882636
200,62,2.888846
201,62,2.886960
202,62,2.877308
203,62,2.883332
204,62,2.881259
205,62,2.879121
206,62,2.881100
207,62,2.874979
208,62,2.876495
209,62,2.878274
210,62,2.879150
211,62,2.880444
212,62,2.874293
213,62,2.871590
214,62,2.876518
215,62,2.881703
216,62,2.874921
217,62,2.868393
218,62,2.873012
219,62,2.869843
220,62,2.874632
221,62,2.867443
222,62,2.871032
223,62,2.871694
224,62,2.864224
225,62,2.864706
226,62,2.864757
227,62,2.864710
228,62,2.864908
229,62,2.860811
230,62,2.864661
231,62,2.864211
232,62,2.859800
233,62,2.859478
234,62,2.862552
235,62,2.857189
236,62,2.852300
237,62,2.855345
238,62,2.857917
239,62,2.852655
240,62,2.843762
241,62,2.842088
242,62,2.836779
243,62,2.834825
244,62,2.836936
245,62,2.842393
246,62,2.840350
247,62,2.845495
248,62,2.835429
249,62,2.832537
250,62,2.831919
251,62,2.836714
252,62,2.829396
253,62,2.829967
254,62,2.826115
255,62,2.826290
0,63,2.836104
1,63,2.842222
2,63,2.840817
3,63,2.846622
4,63,2.844911
5,63,2.846569
6,63,2.848421
7,63,2.846280
8,63,2.856300
9,63,2.850013
10,63,2.847120
11,63,2.848287
12,63,2.856709
13,63,2.846077
14,63,2.850413
15,63,2.847259
16,63,2.870964
17,63,2.871119
18,63,2.871493
19,63,2.871441
20,63,2.875466
21,63,2.875538
22,63,2.879046
23,63,2.875075
24,63,2.875262
25,63,2.871091
26,63,2.862979
27,63,2.866020
28,63,2.869294
29,63,2.864463
30,63,2.859867
31,63,2.862897
32,63,2.880943
33,63,2.883817
34,63,2.878594
35,63,2.877465
36,63,2.887821
37,63,2.878526
38,63,2.881526
39,63,2.883949
40,63,2.882138
41,63,2.876720
42,63,2.875088
43,63,2.876930
44,63,2.875169
45,63,2.877195
46,63,2.874995
47,63,2.880750
48,63,2.890297
49,63,2.895618
50,63,2.885781
51,63,2.891621
52,63,2.896754
53,63,2.890583
54,63,2.895913
55,63,2.893170
56,63,2.890683
57,63,2.880434
58,63,2.881378
59,63,2.882579
60,63,2.879874
61,63,2.884821
62,63,2.885549
63,63,2.882877
64,63,2.895361
65,63,2.895923
66,63,2.889040
67,63,2.885960
68,63,2.890533
69,63,2.898596
70,63,2.891511
71,63,2.895934
72,63,2.896454
73,63,2.887066
74,63,2.887478
75,63,2.885913
76,63,2.890079
77,63,2.890026
78,63,2.890241
79,63,2.886554
80,63,2.902082
81,63,2.890592
82,63,2.894143
83,63,2.896031
84,63,2.901722
85,63,2.897732
86,63,2.897546
87,63,2.896990
88,63,2.892853
89,63,2.892519
90,63,2.895907
91,63,2.893538
92,63,2.890795
93,63,2.890253
94,63,2.889661
95,63,2.892871
96,63,2.899914
97,63,2.900239
98,63,2.900565
99,63,2.904312
100,63,2.904482
101,63,2.904602
102,63,2.908527
103,63,2.908550
104,63,2.900809
105,63,2.893020
106,63,2.896741
107,63,2.888529
108,63,2.892153
109,63,2.891856
110,63,2.895365
111,63,2.891115
112,63,2.903857
113,63,2.904452
114,63,2.893436
115,63,2.897768
116,63,2.890499
117,63,2.890883
118,63,2.883502
119,63,2.891486
120,63,2.887859
121,63,2.887707
122,63,2.891679
123,63,2.884043
124,63,2.887913
125,63,2.884025
126,63,2.880086
127,63,2.879948
128,63,2.875534
129,63,2.876389
130,63,2.877185
131,63,2.881788
132,63,2.870926
133,63,2.871568
134,63,2.868293
135,63,2.876862
136,63,2.873491
137,63,2.877772
138,63,2.858877
139,63,2.859200
140,63,2.855618
141,63,2.859685
142,63,2.855999
143,63,2.863818
144,63,2.886996
145,63,2.890858
146,63,2.883110
147,63,2.886866
148,63,2.879018
149,63,2.890711
150,63,2.886619
151,63,2.894037
152,63,2.889775
153,63,2.885526
154,63,2.885082
155,63,2.884588
156,63,2.891750
157,63,2.887629
158,63,2.886851
159,63,2.886148
160,63,2.883130
161,63,2.883388
162,63,2.891303
163,63,2.887610
164,63,2.884191
165,63,2.888107
166,63,2.895824
167,63,2.888074
168,63,2.887981
169,63,2.888159
170,63,2.884115
171,63,2.887729
172,63,2.895146
173,63,2.887103
174,63,2.886952
175,63,2.882653
176,63,2.886011
177,63,2.881613
178,63,2.877166
179,63,2.880691
180,63,2.876143
181,63,2.883103
182,63,2.886160
183,63,2.885453
184,63,2.876838
185,63,2.883582
186,63,2.886421
187,63,2.881819
188,63,2.872994
189,63,2.883380
190,63,2.889859
191,63,2.881188
192,63,2.879853
193,63,2.885882
194,63,2.880887
195,63,2.887077
196,63,2.881652
197,63,2.880022
198,63,2.886355
199,63,2.884607
200,63,2.882799
201,63,2.881247
202,63,2.883170
203,63,2.885030
204,63,2.879438
205,63,2.876887
206,63,2.874689
207,63,2.876596
208,63,2.874266
209,63,2.871866
210,63,2.877423
211,63,2.878738
212,63,2.876127
213,63,2.877618
214,63,2.882567
215,63,2.872030
216,63,2.877150
217,63,2.878017
218,63,2.866623
219,63,2.871490
220,63,2.868245
221,63,2.868768
222,63,2.873384
223,63,2.873735
224,63,2.866616
225,63,2.870639
226,63,2.870715
227,63,2.867173
228,63,2.863204
229,63,2.863319
230,63,2.863002
231,63,2.862581
232,63,2.861497
233,63,2.856986
234,63,2.856550
235,63,2.851813
236,63,2.858516
237,63,2.861583
238,63,2.848778
239,63,2.855450
240,63,2.838536
241,63,2.840751
242,63,2.839321
243,63,2.841258
244,63,2.839545
245,63,2.841190
246,63,2.843031
247,63,2.848218
248,63,2.836858
249,63,2.837831
250,63,2.834777
251,63,2.835755
252,63,2.824634
253,63,2.825244
254,63,2.825298
255,63,2.821661
0,64,2.777107
1,64,2.779342
2,64,2.781748
3,64,2.791377
4,64,2.781921
5,64,2.781950
6,64,2.785366
7,64,2.787042
8,64,2.792113
9,64,2.793524
10,64,2.786781
11,64,2.787939
12,64,2.785768
13,64,2.792443
14,64,2.793223
15,64,2.791649
16,64,2.803765
17,64,2.796196
18,64,2.800396
19,64,2.806419
20,64,2.804325
21,64,2.798592
22,64,2.804010
23,64,2.807720
24,64,2.805558
25,64,2.806851
26,64,2.808364
27,64,2.809483
28,64,2.811469
29,64,2.810785
30,64,2.807787
31,64,2.814649
32,64,2.813725
33,64,2.820126
34,64,2.819051
35,64,2.823376
36,64,2.818301
37,64,2.817007
38,64,2.821118
39,64,2.819684
40,64,2.818181
41,64,2.824014
42,64,2.822813
43,64,2.823025
44,64,2.820944
45,64,2.824881
46,64,2.824902
47,64,2.822633
48,64,2.834091
49,64,2.826224
50,64,2.827628
51,64,2.823496
52,64,2.827011
53,64,2.830468
54,64,2.823936
55,64,2.821501
56,64,2.823129
57,64,2.826051
58,64,2.823440
59,64,2.822702
60,64,2.827688
61,64,2.828468
62,64,2.829497
63,64,2.826620
64,64,2.834947
65,64,2.831967
66,64,2.832788
67,64,2.837411
68,64,2.826407
69,64,2.827066
70,64,2.827675
71,64,2.826308
72,64,2.828440
73,64,2.832752
74,64,2.829310
75,64,2.829671
76,64,2.831604
77,64,2.829941
78,64,2.839787
79,64,2.830348
80,64,2.830455
81,64,2.830206
82,64,2.826363
83,64,2.830176
84,64,2.830088
85,64,2.833804
86,64,2.833309
87,64,2.835001
88,64,2.832729
89,64,2.834313
90,64,2.833921
91,64,2.835406
92,64,2.838455
93,64,2.834062
94,64,2.835397
95,64,2.836683
96,64,2.843774
97,64,2.840236
98,64,2.840190
99,64,2.840407
100,64,2.836723
101,64,2.836844
102,64,2.836916
103,64,2.836938
104,64,2.833050
105,64,2.840673
106,64,2.840541
107,64,2.836194
108,64,2.839818
109,64,2.839510
110,64,2.835319
111,64,2.834922
112,64,2.836137
113,64,2.829013
114,64,2.833405
115,64,2.822324
116,64,2.818906
117,64,2.819287
118,64,2.819610
119,64,2.819887
120,64,2.816255
121,64,2.820281
122,64,2.820087
123,64,2.824008
124,64,2.827878
125,64,2.816284
126,64,2.820051
127,64,2.819913
128,64,2.823223
129,64,2.820223
130,64,2.817166
131,64,2.814062
132,64,2.810904
133,64,2.803827
134,64,2.800879
135,64,2.801412
136,64,2.801884
137,64,2.802313
138,64,2.810387
139,64,2.806858
140,64,2.822540
141,64,2.815049
142,64,2.811363
143,64,2.819182
144,64,2.838509
145,64,2.838520
146,64,2.826921
147,64,2.834527
148,64,2.830533
149,64,2.834509
150,64,2.830418
151,64,2.833984
152,64,2.833648
153,64,2.837034
154,64,2.836590
155,64,2.836098
156,64,2.823997
157,64,2.823405
158,64,2.815372
159,64,2.822386
160,64,2.830780
161,64,2.831037
162,64,2.827393
163,64,2.827553
164,64,2.824123
165,64,2.828038
166,64,2.831905
167,64,2.828018
168,64,2.820207
169,64,2.827771
170,64,2.831742
171,64,2.831503
172,64,2.811952
173,64,2.815468
174,64,2.818935
175,64,2.814955
176,64,2.829882
177,64,2.821530
178,64,2.820937
179,64,2.824146
180,64,2.827612
181,64,2.826868
182,64,2.826073
183,64,2.825228
184,64,2.832342
185,64,2.827540
186,64,2.834245
187,64,2.840898
188,64,2.820605
189,64,2.815583
190,64,2.822065
191,64,2.820786
192,64,2.823612
193,64,2.826077
194,64,2.824633
195,64,2.823437
196,64,2.825733
197,64,2.824118
198,64,2.826297
199,64,2.828723
200,64,2.826566
201,64,2.828554
202,64,2.830787
203,64,2.832651
204,64,2.815189
205,64,2.809220
206,64,2.815053
207,64,2.812807
208,64,2.810494
209,64,2.812275
210,64,2.809826
211,64,2.815012
212,64,2.816584
213,64,2.813921
214,64,2.814482
215,64,2.815819
216,64,2.816770
217,64,2.817643
218,64,2.818749
219,64,2.823315
220,64,2.796975
221,64,2.801689
222,64,2.798298
223,64,2.802841
224,64,2.799274
225,64,2.803322
226,64,2.803741
227,64,2.796043
228,64,2.799007
229,64,2.799118
230,64,2.794956
231,64,2.798717
232,64,2.794345
233,64,2.797569
234,64,2.801007
235,64,2.800153
236,64,2.784097
237,64,2.783008
238,64,2.781795
239,64,2.784638
240,64,2.775464
241,64,2.778047
242,64,2.776311
243,64,2.785993
244,64,2.779263
245,64,2.773212
246,64,2.775052
247,64,2.772544
248,64,2.770215
249,64,2.775086
250,64,2.772422
251,64,2.769239
252,64,2.754315
253,64,2.751109
254,64,2.755068
255,64,2.743767
0,65,2.779700
1,65,2.781904
2,65,2.782342
3,65,2.786164
4,65,2.784374
5,65,2.793997
6,65,2.785829
7,65,2.781690
8,65,2.786738
9,65,2.791966
10,65,2.792906
11,65,2.794032
12,65,2.791184
13,65,2.795617
14,65,2.794463
15,65,2.794818
16,65,2.802016
17,65,2.802438
18,65,2.810160
19,65,2.806524
20,65,2.802487
21,65,2.802507
22,65,2.810137
23,65,2.805817
24,65,2.805557
25,65,2.801355
26,65,2.808326
27,65,2.811656
28,65,2.806899
29,65,2.810063
30,65,2.818924
31,65,2.813925
32,65,2.815499
33,65,2.826037
34,65,2.824647
35,65,2.823478
36,65,2.820310
37,65,2.816777
38,65,2.819246
39,65,2.821646
40,65,2.819833
41,65,2.825951
42,65,2.820444
43,65,2.818433
44,65,2.824356
45,65,2.824435
46,65,2.816456
47,65,2.822191
48,65,2.820517
49,65,2.825828
50,65,2.831371
51,65,2.829150
52,65,2.830433
53,65,2.830023
54,65,2.817999
55,65,2.827108
56,65,2.828166
57,65,2.825607
58,65,2.826846
59,65,2.831593
60,65,2.828872
61,65,2.829951
62,65,2.823272
63,65,2.824143
64,65,2.828907
65,65,2.833621
66,65,2.838282
67,65,2.831043
68,65,2.833678
69,65,2.834335
70,65,2.834943
71,65,2.829428
72,65,2.833789
73,65,2.828469
74,65,2.830805
75,65,2.831231
76,65,2.827386
77,65,2.831491
78,65,2.829769
79,65,2.831851
80,65,2.831661
81,65,2.831719
82,65,2.835582
83,65,2.831690
84,65,2.831602
85,65,2.834987
86,65,2.830939
87,65,2.834548
88,65,2.838109
89,65,2.833914
90,65,2.833523
91,65,2.836634
92,65,2.836145
93,65,2.835605
94,65,2.827186
95,65,2.830390
96,65,2.837596
97,65,2.837910
98,65,2.837874
99,65,2.834238
100,65,2.838259
101,65,2.838379
102,65,2.834607
103,65,2.842326
104,65,2.838439
105,65,2.834503
106,65,2.837922
107,65,2.833889
108,65,2.833661
109,65,2.837201
110,65,2.840708
111,65,2.832612
112,65,2.837700
113,65,2.834426
114,65,2.834963
115,65,2.835439
116,65,2.816607
117,65,2.820832
118,65,2.813455
119,65,2.817583
120,65,2.813949
121,65,2.817974
122,65,2.817788
123,65,2.825562
124,65,2.814020
125,65,2.817838
126,65,2.817752
127,65,2.817614
128,65,2.820943
129,65,2.821793
130,65,2.814882
131,65,2.811777
132,65,2.812457
133,65,2.805391
134,65,2.802419
135,65,2.810659
136,65,2.799572
137,65,2.815411
138,65,2.811934
139,65,2.812251
140,65,2.808670
141,65,2.812738
142,65,2.816758
143,65,2.813019
144,65,2.840053
145,65,2.832359
146,65,2.832320
147,65,2.836072
148,65,2.832078
149,65,2.831888
150,65,2.831953
151,65,2.827814
152,65,2.827479
153,65,2.834801
154,65,2.841982
155,65,2.833785
156,65,2.819759
157,65,2.824948
158,65,2.820757
159,65,2.816215
160,65,2.832255
161,65,2.836375
162,65,2.832778
163,65,2.829085
164,65,2.833049
165,65,2.825705
166,65,2.825719
167,65,2.825685
168,65,2.825602
169,65,2.833176
170,65,2.829144
171,65,2.833014
172,65,2.809610
173,65,2.816980
174,65,2.820448
175,65,2.812308
176,65,2.823680
177,65,2.827001
178,65,2.822566
179,65,2.821934
180,65,2.825400
181,65,2.828368
182,65,2.819870
183,65,2.826732
184,65,2.829690
185,65,2.836743
186,65,2.839598
187,65,2.838547
188,65,2.825885
189,65,2.821170
190,65,2.823813
191,65,2.822548
192,65,2.828935
193,65,2.823721
194,65,2.822280
195,65,2.820783
196,65,2.815376
197,65,2.825618
198,65,2.820095
199,65,2.822219
200,65,2.820726
201,65,2.834289
202,65,2.836232
203,65,2.834260
204,65,2.817110
205,65,2.818865
206,65,2.812850
207,65,2.814771
208,65,2.815863
209,65,2.813487
210,65,2.811340
211,65,2.808826
212,65,2.810094
213,65,2.815441
214,65,2.812711
215,65,2.813758
216,65,2.815030
217,65,2.819778
218,65,2.820593
219,65,2.817777
220,65,2.806873
221,65,2.799738
222,65,2.800526
223,65,2.797073
224,65,2.800517
225,65,2.801024
226,65,2.797281
227,65,2.797295
228,65,2.797521
229,65,2.793488
230,65,2.797368
231,65,2.796985
232,65,2.792642
233,65,2.800060
234,65,2.799352
235,65,2.798530
236,65,2.782495
237,65,2.781438
238,65,2.784427
239,65,2.783124
240,65,2.780618
241,65,2.779347
242,65,2.777620
243,65,2.772222
244,65,2.774065
245,65,2.771907
246,65,2.769923
247,65,2.771311
248,65,2.769013
249,65,2.777781
250,65,2.775151
251,65,2.775868
252,65,2.757139
253,65,2.750118
254,65,2.754128
255,65,2.746720
0,66,2.784805
1,66,2.792117
2,66,2.792515
3,66,2.792456
4,66,2.786775
5,66,2.800213
6,66,2.795873
7,66,2.791697
8,66,2.789016
9,66,2.790358
10,66,2.795426
11,66,2.792370
12,66,2.787563
13,66,2.793903
14,66,2.794645
15,66,2.789496
16,66,2.807062
17,66,2.807478
18,66,2.803644
19,66,2.805781
20,66,2.805891
21,66,2.812156
22,66,2.808203
23,66,2.808009
24,66,2.803584
25,66,2.808990
26,66,2.810169
27,66,2.809624
28,66,2.810921
29,66,2.815703
30,66,2.811058
31,66,2.810186
32,66,2.816658
33,66,2.819486
34,66,2.818385
35,66,2.820780
36,66,2.819533
37,66,2.822068
38,66,2.820882
39,66,2.823264
40,66,2.817872
41,66,2.823691
42,66,2.822020
43,66,2.824136
44,66,2.822055
45,66,2.820193
46,66,2.822120
47,66,2.820134
48,66,2.829365
49,66,2.833037
50,66,2.832797
51,66,2.826440
52,66,2.829937
53,66,2.829524
54,66,2.830981
55,66,2.832376
56,66,2.826005
57,66,2.831138
58,66,2.824378
59,66,2.829403
60,66,2.822816
61,66,2.823882
62,66,2.828468
63,66,2.821724
64,66,2.836118
65,66,2.835050
66,66,2.835576
67,66,2.828628
68,66,2.831260
69,66,2.837696
70,66,2.838135
71,66,2.838682
72,66,2.823768
73,66,2.835774
74,66,2.832320
75,66,2.832386
76,66,2.826908
77,66,2.829087
78,66,2.825438
79,66,2.827519
80,66,2.840825
81,66,2.835104
82,66,2.829330
83,66,2.835061
84,66,2.834963
85,66,2.836457
86,66,2.830483
87,66,2.839872
88,66,2.831874
89,66,2.831533
90,66,2.836923
91,66,2.834267
92,66,2.835601
93,66,2.833126
94,66,2.828676
95,66,2.831880
96,66,2.842920
97,66,2.842944
98,66,2.839356
99,66,2.835719
100,66,2.839768
101,66,2.836025
102,66,2.839940
103,66,2.843806
104,66,2.832213
105,66,2.839836
106,66,2.839414
107,66,2.835381
108,66,2.831250
109,66,2.830976
110,66,2.834489
111,66,2.830246
112,66,2.827648
113,66,2.828225
114,66,2.828760
115,66,2.825380
116,66,2.818105
117,66,2.822329
118,66,2.814949
119,66,2.819071
120,66,2.819293
121,66,2.823314
122,66,2.819580
123,66,2.819354
124,66,2.819370
125,66,2.819335
126,66,2.819249
127,66,2.815260
128,66,2.814755
129,66,2.819453
130,66,2.812543
131,66,2.813274
132,66,2.810114
133,66,2.811035
134,66,2.807768
135,66,2.808291
136,66,2.808771
137,66,2.809190
138,66,2.813419
139,66,2.821442
140,66,2.810155
141,66,2.814224
142,66,2.818245
143,66,2.818359
144,66,2.833835
145,66,2.837701
146,66,2.837664
147,66,2.826025
148,66,2.825862
149,66,2.829526
150,66,2.837285
151,66,2.833147
152,66,2.832813
153,66,2.836283
154,66,2.831998
155,66,2.835371
156,66,2.830876
157,66,2.830288
158,66,2.821944
159,66,2.821547
160,66,2.833733
161,66,2.830146
162,66,2.830364
163,66,2.822827
164,66,2.822966
165,66,2.827170
166,66,2.827184
167,66,2.831002
168,66,2.823214
169,66,2.826936
170,66,2.819051
171,66,2.822962
172,66,2.826538
173,66,2.826213
174,66,2.814200
175,66,2.813767
176,66,2.825128
177,66,2.824597
178,66,2.827870
179,66,2.831092
180,66,2.822706
181,66,2.826113
182,66,2.825332
183,66,2.828353
184,66,2.827470
185,66,2.834241
186,66,2.829483
187,66,2.832288
188,66,2.827334
189,66,2.830032
190,66,2.825255
191,66,2.820141
192,66,2.822678
193,66,2.825159
194,66,2.824017
195,66,2.826387
196,66,2.824847
197,66,2.819398
198,66,2.825733
199,66,2.820167
200,66,2.822247
201,66,2.828031
202,66,2.829978
203,66,2.824157
204,66,2.825979
205,66,2.824171
206,66,2.810455
207,66,2.812084
208,66,2.810080
209,66,2.815429
210,66,2.816856
211,66,2.814360
212,66,2.815935
213,66,2.817150
214,66,2.814440
215,66,2.811944
216,66,2.812936
217,66,2.821557
218,66,2.810514
219,66,2.811255
220,66,2.811915
221,66,2.812783
222,66,2.797864
223,66,2.798269
224,66,2.802732
225,66,2.799106
226,66,2.799241
227,66,2.799578
228,66,2.799523
229,66,2.799369
230,66,2.795560
231,66,2.795204
232,66,2.795042
233,66,2.798327
234,66,2.793796
235,66,2.792364
236,66,2.791435
237,66,2.794238
238,66,2.785667
239,66,2.784372
240,66,2.779402
241,66,2.773995
242,66,2.776157
243,66,2.778491
244,66,2.780372
245,66,2.774714
246,66,2.772446
247,66,2.770022
248,66,2.767755
249,66,2.772714
250,66,2.762411
251,66,2.767027
252,66,2.763758
253,66,2.760627
254,66,2.753129
255,66,2.744197
0,67,2.787296
1,67,2.789471
2,67,2.784081
3,67,2.793656
4,67,2.789893
5,67,2.789838
6,67,2.795132
7,67,2.793949
8,67,2.791244
9,67,2.796406
10,67,2.793736
11,67,2.786805
12,67,2.791600
13,67,2.792425
14,67,2.792853
15,67,2.795381
16,67,2.807150
17,67,2.809464
18,67,2.809748
19,67,2.809651
20,67,2.809735
21,67,2.805870
22,67,2.813190
23,67,2.812990
24,67,2.808847
25,67,2.806265
26,67,2.807725
27,67,2.811401
28,67,2.810749
29,67,2.810016
30,67,2.812781
31,67,2.811888
32,67,2.818624
33,67,2.821158
34,67,2.823891
35,67,2.826550
36,67,2.821158
37,67,2.825601
38,67,2.826121
39,67,2.828498
40,67,2.815125
41,67,2.821221
42,67,2.823398
43,67,2.819461
44,67,2.827290
45,67,2.825423
46,67,2.819748
47,67,2.825452
48,67,2.827242
49,67,2.828973
50,67,2.826522
51,67,2.828136
52,67,2.825839
53,67,2.828995
54,67,2.828511
55,67,2.831825
56,67,2.827378
57,67,2.826459
58,67,2.827683
59,67,2.830779
60,67,2.824190
61,67,2.824983
62,67,2.825995
63,67,2.826955
64,67,2.835744
65,67,2.832467
66,67,2.829410
67,67,2.834007
68,67,2.830849
69,67,2.831223
70,67,2.831818
71,67,2.828511
72,67,2.829007
73,67,2.823674
74,67,2.829579
75,67,2.829928
76,67,2.826376
77,67,2.832406
78,67,2.828792
79,67,2.826736
80,67,2.836465
81,67,2.834586
82,67,2.834586
83,67,2.830685
84,67,2.826459
85,67,2.834019
86,67,2.837677
87,67,2.845140
88,67,2.835217
89,67,2.836729
90,67,2.832199
91,67,2.831750
92,67,2.835106
93,67,2.826853
94,67,2.830109
95,67,2.833316
96,67,2.840484
97,67,2.836665
98,67,2.844682
99,67,2.841036
100,67,2.841194
101,67,2.833598
102,67,2.845218
103,67,2.837526
104,67,2.837492
105,67,2.829703
106,67,2.833113
107,67,2.836777
108,67,2.832687
109,67,2.836261
110,67,2.835921
111,67,2.831670
112,67,2.832953
113,67,2.829674
114,67,2.818649
115,67,2.830678
116,67,2.819548
117,67,2.819917
118,67,2.824088
119,67,2.824362
120,67,2.820726
121,67,2.824749
122,67,2.817159
123,67,2.824649
124,67,2.824666
125,67,2.824631
126,67,2.816839
127,67,2.820555
128,67,2.827773
129,67,2.820911
130,67,2.821706
131,67,2.818583
132,67,2.811568
133,67,2.808624
134,67,2.801492
135,67,2.805877
136,67,2.821759
137,67,2.814481
138,67,2.814849
139,67,2.815166
140,67,2.819291
141,67,2.819507
142,67,2.819676
143,67,2.815938
144,67,2.823709
145,67,2.827577
146,67,2.827541
147,67,2.827459
148,67,2.831181
149,67,2.834855
150,67,2.823299
151,67,2.830719
152,67,2.826533
153,67,2.830004
154,67,2.833426
155,67,2.836800
156,67,2.824713
157,67,2.820282
158,67,2.819524
159,67,2.815265
160,67,2.831303
161,67,2.827715
162,67,2.824080
163,67,2.820395
164,67,2.824368
165,67,2.824440
166,67,2.824742
167,67,2.824706
168,67,2.824624
169,67,2.828346
170,67,2.832019
171,67,2.827939
172,67,2.812528
173,67,2.819909
174,67,2.815683
175,67,2.826819
176,67,2.818642
177,67,2.822249
178,67,2.821560
179,67,2.820931
180,67,2.820252
181,67,2.823376
182,67,2.830576
183,67,2.825893
184,67,2.825012
185,67,2.835638
186,67,2.838507
187,67,2.830039
188,67,2.821245
189,67,2.831662
190,67,2.818909
191,67,2.829493
192,67,2.820218
193,67,2.822702
194,67,2.817426
195,67,2.820072
196,67,2.818536
197,67,2.824648
198,67,2.819144
199,67,2.829266
200,67,2.823644
201,67,2.829521
202,67,2.831483
203,67,2.825954
204,67,2.812381
205,67,2.814157
206,67,2.816144
207,67,2.813938
208,67,2.815518
209,67,2.813179
210,67,2.810558
211,67,2.815774
212,67,2.809360
213,67,2.822416
214,67,2.812005
215,67,2.816931
216,67,2.818207
217,67,2.819128
218,67,2.816118
219,67,2.816881
220,67,2.806285
221,67,2.803032
222,67,2.799693
223,67,2.800404
224,67,2.800745
225,67,2.797144
226,67,2.793735
227,67,2.801507
228,67,2.797625
229,67,2.800830
230,67,2.789025
231,67,2.796669
232,67,2.796216
233,67,2.795655
234,67,2.799126
235,67,2.794491
236,67,2.785886
237,67,2.785162
238,67,2.784025
239,67,2.786616
240,67,2.773963
241,67,2.772444
242,67,2.771087
243,67,2.777001
244,67,2.775068
245,67,2.777142
246,67,2.771061
247,67,2.768678
248,67,2.766442
249,67,2.773965
250,67,2.771367
251,67,2.768288
252,67,2.749617
253,67,2.754191
254,67,2.750557
255,67,2.750893
0,68,2.785880
1,68,2.789952
2,68,2.786449
3,68,2.792144
4,68,2.790270
5,68,2.795957
6,68,2.789668
7,68,2.795082
8,68,2.792658
9,68,2.791756
10,68,2.792931
11,68,2.787930
12,68,2.788865
13,68,2.794456
14,68,2.794866
15,68,2.791586
16,68,2.811315
17,68,2.803698
18,68,2.809735
19,68,2.807965
20,68,2.805828
21,68,2.809643
22,68,2.811170
23,68,2.814799
24,68,2.812559
25,68,2.809964
26,68,2.817181
27,68,2.808901
28,68,2.807979
29,68,2.807241
30,68,2.810275
31,68,2.813230
32,68,2.815845
33,68,2.820574
34,68,2.821911
35,68,2.824289
36,68,2.824931
37,68,2.821649
38,68,2.823815
39,68,2.822322
40,68,2.822688
41,68,2.822727
42,68,2.822961
43,68,2.821205
44,68,2.823237
45,68,2.823020
46,68,2.821076
47,68,2.819070
48,68,2.828303
49,68,2.830031
50,68,2.827847
51,68,2.831383
52,68,2.826898
53,68,2.832247
54,68,2.827908
55,68,2.833416
56,68,2.828696
57,68,2.829960
58,68,2.827318
59,68,2.824622
60,68,2.823540
61,68,2.814959
62,68,2.827516
63,68,2.824611
64,68,2.832952
65,68,2.833797
66,68,2.834591
67,68,2.835335
68,68,2.828062
69,68,2.836411
70,68,2.833152
71,68,2.825991
72,68,2.830339
73,68,2.826753
74,68,2.830993
75,68,2.827479
76,68,2.827769
77,68,2.824158
78,68,2.827940
79,68,2.824232
80,68,2.837813
81,68,2.835935
82,68,2.832082
83,68,2.831768
84,68,2.831671
85,68,2.839232
86,68,2.835141
87,68,2.838742
88,68,2.838441
89,68,2.838092
90,68,2.837426
91,68,2.836979
92,68,2.828777
93,68,2.834010
94,68,2.827635
95,68,2.830843
96,68,2.841913
97,68,2.845800
98,68,2.838349
99,68,2.838554
100,68,2.838712
101,68,2.842675
102,68,2.838883
103,68,2.838897
104,68,2.838863
105,68,2.842611
106,68,2.838348
107,68,2.830454
108,68,2.826365
109,68,2.829933
110,68,2.825733
111,68,2.833047
112,68,2.834350
113,68,2.831069
114,68,2.823894
115,68,2.828216
116,68,2.828635
117,68,2.825157
118,68,2.821621
119,68,2.825740
120,68,2.829814
121,68,2.822274
122,68,2.830096
123,68,2.826310
124,68,2.818620
125,68,2.826018
126,68,2.825933
127,68,2.825797
128,68,2.825327
129,68,2.818461
130,68,2.819241
131,68,2.812552
132,68,2.813228
133,68,2.813865
134,68,2.806731
135,68,2.811105
136,68,2.811584
137,68,2.815856
138,68,2.816224
139,68,2.812695
140,68,2.812962
141,68,2.820884
142,68,2.817201
143,68,2.817316
144,68,2.836646
145,68,2.832809
146,68,2.832774
147,68,2.832692
148,68,2.828708
149,68,2.832383
150,68,2.824720
151,68,2.824385
152,68,2.835610
153,68,2.835229
154,68,2.830947
155,68,2.826616
156,68,2.826088
157,68,2.821659
158,68,2.821034
159,68,2.824481
160,68,2.830744
161,68,2.829083
162,68,2.821594
163,68,2.829468
164,68,2.825735
165,68,2.829659
166,68,2.818391
167,68,2.826072
168,68,2.826000
169,68,2.829732
170,68,2.825670
171,68,2.825443
172,68,2.817462
173,68,2.813550
174,68,2.809325
175,68,2.816609
176,68,2.827698
177,68,2.819473
178,68,2.830727
179,68,2.826256
180,68,2.829442
181,68,2.824871
182,68,2.824104
183,68,2.827232
184,68,2.826353
185,68,2.833128
186,68,2.832146
187,68,2.834965
188,68,2.826436
189,68,2.821444
190,68,2.816399
191,68,2.826712
192,68,2.825675
193,68,2.828173
194,68,2.822910
195,68,2.825297
196,68,2.824038
197,68,2.822460
198,68,2.816970
199,68,2.822981
200,68,2.821490
201,68,2.830865
202,68,2.825126
203,68,2.825105
204,68,2.817580
205,68,2.815507
206,68,2.813370
207,68,2.811167
208,68,2.813017
209,68,2.818388
210,68,2.812132
211,68,2.817632
212,68,2.811237
213,68,2.816329
214,68,2.809790
215,68,2.811151
216,68,2.816022
217,68,2.820816
218,68,2.818096
219,68,2.815028
220,68,2.800321
221,68,2.808918
222,68,2.804930
223,68,2.801512
224,68,2.802131
225,68,2.798536
226,68,2.798702
227,68,2.802627
228,68,2.795174
229,68,2.798907
230,68,2.794834
231,68,2.790937
232,68,2.798217
233,68,2.801537
234,68,2.797322
235,68,2.796569
236,68,2.788276
237,68,2.779586
238,68,2.778480
239,68,2.781387
240,68,2.780033
241,68,2.774695
242,68,2.777215
243,68,2.774322
244,68,2.780102
245,68,2.778321
246,68,2.764544
247,68,2.766315
248,68,2.767637
249,68,2.768796
250,68,2.773935
251,68,2.763196
252,68,2.756130
253,68,2.749181
254,68,2.749449
255,68,2.749824
0,69,2.784410
1,69,2.782675
2,69,2.788765
3,69,2.790580
4,69,2.792521
5,69,2.796247
6,69,2.791860
7,69,2.789534
8,69,2.794782
9,69,2.788078
10,69,2.789222
11,69,2.794097
12,69,2.792811
13,69,2.795526
14,69,2.796201
15,69,2.792653
16,69,2.808523
17,69,2.800910
18,69,2.808867
19,69,2.809018
20,69,2.808811
21,69,2.821077
22,69,2.813216
23,69,2.816564
24,69,2.804668
25,69,2.811949
26,69,2.811182
27,69,2.810586
28,69,2.809908
29,69,2.807221
30,69,2.806128
31,69,2.814842
32,69,2.821553
33,69,2.816377
34,69,2.822939
35,69,2.825574
36,69,2.827886
37,69,2.822674
38,69,2.821245
39,69,2.819747
40,69,2.821785
41,69,2.820154
42,69,2.818458
43,69,2.824153
44,69,2.822728
45,69,2.820829
46,69,2.822722
47,69,2.820451
48,69,2.826076
49,69,2.823936
50,69,2.829193
51,69,2.826936
52,69,2.832328
53,69,2.826105
54,69,2.827282
55,69,2.826727
56,69,2.822264
57,69,2.835084
58,69,2.824484
59,69,2.825639
60,69,2.822888
61,69,2.823938
62,69,2.824935
63,69,2.817925
64,69,2.832304
65,69,2.829294
66,69,2.834092
67,69,2.832647
68,69,2.833330
69,69,2.833962
70,69,2.834545
71,69,2.831225
72,69,2.819900
73,69,2.824188
74,69,2.828428
75,69,2.830692
76,69,2.829055
77,69,2.825190
78,69,2.829236
79,69,2.829380
80,69,2.833329
81,69,2.829524
82,69,2.837224
83,69,2.833058
84,69,2.832952
85,69,2.840503
86,69,2.834521
87,69,2.836196
88,69,2.832044
89,69,2.831438
90,69,2.834893
91,69,2.834447
92,69,2.833952
93,69,2.829554
94,69,2.828835
95,69,2.824329
96,69,2.839112
97,69,2.839414
98,69,2.839667
99,69,2.839872
100,69,2.840030
101,69,2.843992
102,69,2.836348
103,69,2.844067
104,69,2.832462
105,69,2.832370
106,69,2.843529
107,69,2.835636
108,69,2.835400
109,69,2.835104
110,69,2.827057
111,69,2.834371
112,69,2.839546
113,69,2.836263
114,69,2.825233
115,69,2.837258
116,69,2.829970
117,69,2.818778
118,69,2.822952
119,69,2.827070
120,69,2.831138
121,69,2.823601
122,69,2.827569
123,69,2.831487
124,69,2.823796
125,69,2.823761
126,69,2.819823
127,69,2.823279
128,69,2.822826
129,69,2.820074
130,69,2.820853
131,69,2.817741
132,69,2.806857
133,69,2.811333
134,69,2.815758
135,69,2.800878
136,69,2.816759
137,69,2.813325
138,69,2.809847
139,69,2.814017
140,69,2.814284
141,69,2.818354
142,69,2.818524
143,69,2.818641
144,69,2.830266
145,69,2.837988
146,69,2.830250
147,69,2.834018
148,69,2.826182
149,69,2.829857
150,69,2.833742
151,69,2.829615
152,69,2.833076
153,69,2.832695
154,69,2.832267
155,69,2.835642
156,69,2.835116
157,69,2.834541
158,69,2.830063
159,69,2.833242
160,69,2.826220
161,69,2.830347
162,69,2.822907
163,69,2.826927
164,69,2.827047
165,69,2.823266
166,69,2.823290
167,69,2.823521
168,69,2.827301
169,69,2.827181
170,69,2.827012
171,69,2.826795
172,69,2.830383
173,69,2.830323
174,69,2.829883
175,69,2.829463
176,69,2.821288
177,69,2.828476
178,69,2.827908
179,69,2.831398
180,69,2.830732
181,69,2.826163
182,69,2.825397
183,69,2.824580
184,69,2.823966
185,69,2.834606
186,69,2.833636
187,69,2.832615
188,69,2.835394
189,69,2.834520
190,69,2.836952
191,69,2.831855
192,69,2.822852
193,69,2.821752
194,69,2.824198
195,69,2.822735
196,69,2.825069
197,69,2.827346
198,69,2.822112
199,69,2.824273
200,69,2.826375
201,69,2.828418
202,69,2.830653
203,69,2.832574
204,69,2.826728
205,69,2.828524
206,69,2.830510
207,69,2.824472
208,69,2.810663
209,69,2.812453
210,69,2.810069
211,69,2.815321
212,69,2.816136
213,69,2.813784
214,69,2.811103
215,69,2.816053
216,69,2.817334
217,69,2.818281
218,69,2.819150
219,69,2.812233
220,69,2.817055
221,69,2.817682
222,69,2.814372
223,69,2.811237
224,69,2.803903
225,69,2.804184
226,69,2.796931
227,69,2.797030
228,69,2.797033
229,69,2.800791
230,69,2.797011
231,69,2.792864
232,69,2.792466
233,69,2.796082
234,69,2.795470
235,69,2.793817
236,69,2.797079
237,69,2.788396
238,69,2.791151
239,69,2.790202
240,69,2.777296
241,69,2.779945
242,69,2.778336
243,69,2.772736
244,69,2.782684
245,69,2.776799
246,69,2.778472
247,69,2.764860
248,69,2.766223
249,69,2.767424
250,69,2.772595
251,69,2.773459
252,69,2.766439
253,69,2.763378
254,69,2.759842
255,69,2.764108
0,70,2.789333
1,70,2.785674
2,70,2.789830
3,70,2.793835
4,70,2.787803
5,70,2.796485
6,70,2.794001
7,70,2.791642
8,70,2.791078
9,70,2.793984
10,70,2.789318
11,70,2.794162
12,70,2.792856
13,70,2.797469
14,70,2.794263
15,70,2.794550
16,70,2.806540
17,70,2.803013
18,70,2.802989
19,70,2.806967
20,70,2.810847
21,70,2.810531
22,70,2.806517
23,70,2.810116
24,70,2.809528
25,70,2.816803
26,70,2.808581
27,70,2.813759
28,70,2.807052
29,70,2.815920
30,70,2.809296
31,70,2.816413
32,70,2.819251
33,70,2.818161
34,70,2.820609
35,70,2.823226
36,70,2.825771
37,70,2.820541
38,70,2.822706
39,70,2.823118
40,70,2.819610
41,70,2.825427
42,70,2.823715
43,70,2.821938
44,70,2.823951
45,70,2.817957
46,70,2.823699
47,70,2.825528
48,70,2.827296
49,70,2.824914
50,70,2.826565
51,70,2.828159
52,70,2.829695
53,70,2.827083
54,70,2.828507
55,70,2.829875
56,70,2.827336
57,70,2.828602
58,70,2.824018
59,70,2.830940
60,70,2.824323
61,70,2.825121
62,70,2.822253
63,70,2.827039
64,70,2.843333
65,70,2.828753
66,70,2.829294
67,70,2.830025
68,70,2.830706
69,70,2.835190
70,70,2.828066
71,70,2.826431
72,70,2.828841
73,70,2.829276
74,70,2.825809
75,70,2.829999
76,70,2.826192
77,70,2.834139
78,70,2.830511
79,70,2.830645
80,70,2.834584
81,70,2.830770
82,70,2.834369
83,70,2.830458
84,70,2.830352
85,70,2.839830
86,70,2.833848
87,70,2.837450
88,70,2.836904
89,70,2.836556
90,70,2.832307
91,70,2.831862
92,70,2.829336
93,70,2.834562
94,70,2.830106
95,70,2.825601
96,70,2.844231
97,70,2.832974
98,70,2.833227
99,70,2.841137
100,70,2.837442
101,70,2.837551
102,70,2.833766
103,70,2.841475
104,70,2.833726
105,70,2.837487
106,70,2.833246
107,70,2.836912
108,70,2.832813
109,70,2.828669
110,70,2.836033
111,70,2.831788
112,70,2.833130
113,70,2.833697
114,70,2.834214
115,70,2.834689
116,70,2.831251
117,70,2.823910
118,70,2.820372
119,70,2.824489
120,70,2.824708
121,70,2.832578
122,70,2.824987
123,70,2.821199
124,70,2.817361
125,70,2.821179
126,70,2.821094
127,70,2.824811
128,70,2.824375
129,70,2.817505
130,70,2.822137
131,70,2.822863
132,70,2.823550
133,70,2.824172
134,70,2.809331
135,70,2.809851
136,70,2.810330
137,70,2.814600
138,70,2.803410
139,70,2.807580
140,70,2.815553
141,70,2.815775
142,70,2.815942
143,70,2.816059
144,70,2.831538
145,70,2.823850
146,70,2.827671
147,70,2.831442
148,70,2.831308
149,70,2.831130
150,70,2.831153
151,70,2.834732
152,70,2.830558
153,70,2.834041
154,70,2.841239
155,70,2.829204
156,70,2.832531
157,70,2.824252
158,70,2.823629
159,70,2.815251
160,70,2.823628
161,70,2.820049
162,70,2.820274
163,70,2.824304
164,70,2.824454
165,70,2.828378
166,70,2.828401
167,70,2.824524
168,70,2.824697
169,70,2.828430
170,70,2.824408
171,70,2.828045
172,70,2.823927
173,70,2.819761
174,70,2.823497
175,70,2.826940
176,70,2.818776
177,70,2.822121
178,70,2.817595
179,70,2.816979
180,70,2.824263
181,70,2.827401
182,70,2.826636
183,70,2.825821
184,70,2.821103
185,70,2.828134
186,70,2.823314
187,70,2.830000
188,70,2.832781
189,70,2.831657
190,70,2.826869
191,70,2.833344
192,70,2.816649
193,70,2.815310
194,70,2.810064
195,70,2.820415
196,70,2.818910
197,70,2.828907
198,70,2.819582
199,70,2.829364
200,70,2.823764
201,70,2.829662
202,70,2.827795
203,70,2.829962
204,70,2.820266
205,70,2.818213
206,70,2.819949
207,70,2.825717
208,70,2.804207
209,70,2.805746
210,70,2.811071
211,70,2.816572
212,70,2.814053
213,70,2.815315
214,70,2.812653
215,70,2.817870
216,70,2.811207
217,70,2.819879
218,70,2.821016
219,70,2.817974
220,70,2.814852
221,70,2.815500
222,70,2.816315
223,70,2.809090
224,70,2.790220
225,70,2.793908
226,70,2.794105
227,70,2.794209
228,70,2.794471
229,70,2.794383
230,70,2.794197
231,70,2.797761
232,70,2.793773
233,70,2.800982
234,70,2.796523
235,70,2.796064
236,70,2.799087
237,70,2.790434
238,70,2.793481
239,70,2.788440
240,70,2.767861
241,70,2.770533
242,70,2.768958
243,70,2.771099
244,70,2.773367
245,70,2.775225
246,70,2.773083
247,70,2.771058
248,70,2.772461
249,70,2.777556
250,70,2.771200
251,70,2.766874
252,70,2.767845
253,70,2.760654
254,70,2.757127
255,70,2.753686
0,71,2.791518
1,71,2.786081
2,71,2.790098
3,71,2.797844
4,71,2.795789
5,71,2.793643
6,71,2.791408
7,71,2.792648
8,71,2.794004
9,71,2.799085
10,71,2.786462
11,71,2.789373
12,71,2.786388
13,71,2.783046
14,71,2.787540
15,71,2.791924
16,71,2.808364
17,71,2.804811
18,71,2.808862
19,71,2.808724
20,71,2.806800
21,71,2.814413
22,71,2.812065
23,71,2.807936
24,71,2.815276
25,71,2.814588
26,71,2.814050
27,71,2.809574
28,71,2.808870
29,71,2.805924
30,71,2.805060
31,71,2.806044
32,71,2.824056
33,71,2.819110
34,71,2.819869
35,71,2.824408
36,71,2.819012
37,71,2.823410
38,71,2.821960
39,71,2.822137
40,71,2.830184
41,71,2.828533
42,71,2.828743
43,71,2.819028
44,71,2.813332
45,71,2.819515
46,71,2.815609
47,71,2.819120
48,71,2.824727
49,71,2.826422
50,71,2.831912
51,71,2.831335
52,71,2.830931
53,71,2.826618
54,71,2.822250
55,71,2.827458
56,71,2.820824
57,71,2.829776
58,71,2.823264
59,71,2.820551
60,71,2.821409
61,71,2.822444
62,71,2.819575
63,71,2.820507
64,71,2.836799
65,71,2.835472
66,71,2.830473
67,71,2.836982
68,71,2.831882
69,71,2.836365
70,71,2.832862
71,71,2.829541
72,71,2.826261
73,71,2.830538
74,71,2.828987
75,71,2.832935
76,71,2.823582
77,71,2.827665
78,71,2.827847
79,71,2.824129
80,71,2.828068
81,71,2.833652
82,71,2.835568
83,71,2.831658
84,71,2.835405
85,71,2.835251
86,71,2.838901
87,71,2.830945
88,71,2.830411
89,71,2.839620
90,71,2.837288
91,71,2.825276
92,71,2.832478
93,71,2.831926
94,71,2.827471
95,71,2.826580
96,71,2.839666
97,71,2.834187
98,71,2.834439
99,71,2.838497
100,71,2.838653
101,71,2.836852
102,71,2.834977
103,71,2.834981
104,71,2.838790
105,71,2.838461
106,71,2.830616
107,71,2.838135
108,71,2.826326
109,71,2.826034
110,71,2.833397
111,71,2.833005
112,71,2.842072
113,71,2.834932
114,71,2.827741
115,71,2.828205
116,71,2.832480
117,71,2.825137
118,71,2.821598
119,71,2.829566
120,71,2.833633
121,71,2.822238
122,71,2.822354
123,71,2.822418
124,71,2.818580
125,71,2.826250
126,71,2.822312
127,71,2.818324
128,71,2.821756
129,71,2.822588
130,71,2.823368
131,71,2.820239
132,71,2.824765
133,71,2.821534
134,71,2.798999
135,71,2.799518
136,71,2.811545
137,71,2.815816
138,71,2.793067
139,71,2.801090
140,71,2.797510
141,71,2.801581
142,71,2.813307
143,71,2.817277
144,71,2.828904
145,71,2.828923
146,71,2.828892
147,71,2.828812
148,71,2.824823
149,71,2.828498
150,71,2.820567
151,71,2.828238
152,71,2.851034
153,71,2.846812
154,71,2.830983
155,71,2.830418
156,71,2.826041
157,71,2.825468
158,71,2.828699
159,71,2.824175
160,71,2.820746
161,71,2.825109
162,71,2.817629
163,71,2.821658
164,71,2.825640
165,71,2.825721
166,71,2.818048
167,71,2.818025
168,71,2.845157
169,71,2.837331
170,71,2.829458
171,71,2.825389
172,71,2.825124
173,71,2.828665
174,71,2.824451
175,71,2.820423
176,71,2.819965
177,71,2.827165
178,71,2.815051
179,71,2.822152
180,71,2.821498
181,71,2.824880
182,71,2.820274
183,71,2.823323
184,71,2.849262
185,71,2.840642
186,71,2.832202
187,71,2.831184
188,71,2.830115
189,71,2.832845
190,71,2.831670
191,71,2.834527
192,71,2.813981
193,71,2.812645
194,71,2.811254
195,71,2.813660
196,71,2.816242
197,71,2.826242
198,71,2.824625
199,71,2.822951
200,71,2.844568
201,71,2.842776
202,71,2.829365
203,71,2.827452
204,71,2.821625
205,71,2.819821
206,71,2.817721
207,71,2.819409
208,71,2.805620
209,71,2.811264
210,71,2.812753
211,71,2.805974
212,71,2.811164
213,71,2.808814
214,71,2.817714
215,71,2.814983
216,71,2.842999
217,71,2.832649
218,71,2.818132
219,71,2.822801
220,71,2.819921
221,71,2.816722
222,71,2.813440
223,71,2.813925
224,71,2.795300
225,71,2.795611
226,71,2.795831
227,71,2.796201
228,71,2.792382
229,71,2.792320
230,71,2.796012
231,71,2.792142
232,71,2.818747
233,71,2.810572
234,71,2.798682
235,71,2.790290
236,71,2.793342
237,71,2.792673
238,71,2.787786
239,71,2.790482
240,71,2.772998
241,71,2.771562
242,71,2.769994
243,71,2.772397
244,71,2.770554
245,71,2.764714
246,71,2.770543
247,71,2.768258
248,71,2.788933
249,71,2.786591
250,71,2.764561
251,71,2.773235
252,71,2.758670
253,71,2.763162
254,71,2.755937
255,71,2.756198
0,72,2.789903
1,72,2.792136
2,72,2.796120
3,72,2.796127
4,72,2.797917
5,72,2.795691
6,72,2.789500
7,72,2.798588
8,72,2.792135
9,72,2.795165
10,72,2.790391
11,72,2.787423
12,72,2.788192
13,72,2.792700
14,72,2.793244
15,72,2.793656
16,72,2.809397
17,72,2.811549
18,72,2.811720
19,72,2.809887
20,72,2.809657
21,72,2.813412
22,72,2.809369
23,72,2.816567
24,72,2.812344
25,72,2.811886
26,72,2.811118
27,72,2.806639
28,72,2.804004
29,72,2.809596
30,72,2.808488
31,72,2.807526
32,72,2.825752
33,72,2.832345
34,72,2.825158
35,72,2.825826
36,72,2.824497
37,72,2.823098
38,72,2.821409
39,72,2.825653
40,72,2.825978
41,72,2.820237
42,72,2.828137
43,72,2.816709
44,72,2.818703
45,72,2.820416
46,72,2.818434
47,72,2.816392
48,72,2.829702
49,72,2.835247
50,72,2.832809
51,72,2.834386
52,72,2.828201
53,72,2.825811
54,72,2.830853
55,72,2.820648
56,72,2.829652
57,72,2.827044
58,72,2.820530
59,72,2.817596
60,72,2.822534
61,72,2.819715
62,72,2.820696
63,72,2.825659
64,72,2.839794
65,72,2.842539
66,72,2.831749
67,72,2.844025
68,72,2.827356
69,72,2.833534
70,72,2.832178
71,72,2.832699
72,72,2.827391
73,72,2.831667
74,72,2.824115
75,72,2.826368
76,72,2.826646
77,72,2.824950
78,72,2.825132
79,72,2.825266
80,72,2.832834
81,72,2.836725
82,72,2.840568
83,72,2.840510
84,72,2.834626
85,72,2.832509
86,72,2.836150
87,72,2.824107
88,72,2.827652
89,72,2.835001
90,72,2.830744
91,72,2.834143
92,72,2.829788
93,72,2.833089
94,72,2.830563
95,72,2.827757
96,72,2.842753
97,72,2.846906
98,72,2.851011
99,72,2.847397
100,72,2.835986
101,72,2.839938
102,72,2.832284
103,72,2.836141
104,72,2.832244
105,72,2.835778
106,72,2.831786
107,72,2.835452
108,72,2.831344
109,72,2.831052
110,72,2.830709
111,72,2.830317
112,72,2.835551
113,72,2.836114
114,72,2.828921
115,72,2.829384
116,72,2.833649
117,72,2.822453
118,72,2.826618
119,72,2.830738
120,72,2.830950
121,72,2.819554
122,72,2.823520
123,72,2.831290
124,72,2.823598
125,72,2.823563
126,72,2.819625
127,72,2.815638
128,72,2.822938
129,72,2.831472
130,72,2.820693
131,72,2.821416
132,72,2.822088
133,72,2.815003
134,72,2.827131
135,72,2.804533
136,72,2.797296
137,72,2.801575
138,72,2.801942
139,72,2.806113
140,72,2.806380
141,72,2.818157
142,72,2.822178
143,72,2.822296
144,72,2.830071
145,72,2.830091
146,72,2.830061
147,72,2.826129
148,72,2.825991
149,72,2.829667
150,72,2.848706
151,72,2.848661
152,72,2.829076
153,72,2.840266
154,72,2.843703
155,72,2.827827
156,72,2.823460
157,72,2.826633
158,72,2.822159
159,72,2.829195
160,72,2.821912
161,72,2.818559
162,72,2.826489
163,72,2.822813
164,72,2.822941
165,72,2.823022
166,72,2.850025
167,72,2.846157
168,72,2.819125
169,72,2.842356
170,72,2.838345
171,72,2.826533
172,72,2.826270
173,72,2.829810
174,72,2.821745
175,72,2.821336
176,72,2.821103
177,72,2.820597
178,72,2.816190
179,72,2.823292
180,72,2.826493
181,72,2.825790
182,72,2.852230
183,72,2.843723
184,72,2.831312
185,72,2.841967
186,72,2.837160
187,72,2.828671
188,72,2.823761
189,72,2.826504
190,72,2.829194
191,72,2.831831
192,72,2.815373
193,72,2.817631
194,72,2.812390
195,72,2.818651
196,72,2.821004
197,72,2.819670
198,72,2.841173
199,72,2.847207
200,72,2.822360
201,72,2.839835
202,72,2.838209
203,72,2.820888
204,72,2.822769
205,72,2.818809
206,72,2.818862
207,72,2.820553
208,72,2.806768
209,72,2.812181
210,72,2.805968
211,72,2.819177
212,72,2.812826
213,72,2.810259
214,72,2.838441
215,72,2.835955
216,72,2.821611
217,72,2.838013
218,72,2.835301
219,72,2.816873
220,72,2.817629
221,72,2.810598
222,72,2.811419
223,72,2.811927
224,72,2.796937
225,72,2.801123
226,72,2.797745
227,72,2.797146
228,72,2.793332
229,72,2.793275
230,72,2.820323
231,72,2.816214
232,72,2.792739
233,72,2.807922
234,72,2.803498
235,72,2.791258
236,72,2.794554
237,72,2.793644
238,72,2.792640
239,72,2.791561
240,72,2.774947
241,72,2.777493
242,72,2.772179
243,72,2.766730
244,72,2.772701
245,72,2.770824
246,72,2.795771
247,72,2.789770
248,72,2.772031
249,72,2.784956
250,72,2.786158
251,72,2.764101
252,72,2.764961
253,72,2.765642
254,72,2.758459
255,72,2.762618
0,73,2.786993
1,73,2.793075
2,73,2.785498
3,73,2.787428
4,73,2.798847
5,73,2.792788
6,73,2.798152
7,73,2.787972
8,73,2.793075
9,73,2.784567
10,73,2.785547
11,73,2.792208
12,73,2.786192
13,73,2.790675
14,73,2.795047
15,73,2.787775
16,73,2.811198
17,73,2.811401
18,73,2.807651
19,73,2.803802
20,73,2.813342
21,73,2.811230
22,73,2.807098
23,73,2.810604
24,73,2.810147
25,73,2.809603
26,73,2.801268
27,73,2.808283
28,73,2.807489
29,73,2.812395
30,73,2.803758
31,73,2.804654
32,73,2.822812
33,73,2.821653
34,73,2.820464
35,73,2.815137
36,73,2.829215
37,73,2.827813
38,73,2.818636
39,73,2.828445
40,73,2.822987
41,73,2.817464
42,73,2.817655
43,73,2.817782
44,73,2.819564
45,73,2.823420
46,73,2.815656
47,73,2.817464
48,73,2.830561
49,73,2.834509
50,73,2.830350
51,73,2.822281
52,73,2.833209
53,73,2.830807
54,73,2.824497
55,73,2.823910
56,73,2.827122
57,73,2.822366
58,73,2.821618
59,73,2.818891
60,73,2.823817
61,73,2.820986
62,73,2.821746
63,73,2.818812
64,73,2.835091
65,73,2.832056
66,73,2.828970
67,73,2.829476
68,73,2.841702
69,73,2.830762
70,73,2.831331
71,73,2.829925
72,73,2.836175
73,73,2.824828
74,73,2.825202
75,73,2.823602
76,73,2.821953
77,73,2.822183
78,73,2.822364
79,73,2.822285
80,73,2.833941
81,73,2.835896
82,73,2.828171
83,73,2.830030
84,73,2.837621
85,73,2.831678
86,73,2.833179
87,73,2.832919
88,73,2.836465
89,73,2.832257
90,73,2.831853
91,73,2.831400
92,73,2.830899
93,73,2.834201
94,73,2.829530
95,73,2.826955
96,73,2.836157
97,73,2.844216
98,73,2.836753
99,73,2.836947
100,73,2.840946
101,73,2.841045
102,73,2.833391
103,73,2.841101
104,73,2.833352
105,73,2.836896
106,73,2.829052
107,73,2.832718
108,73,2.832458
109,73,2.836018
110,73,2.831823
111,73,2.823724
112,73,2.836683
113,73,2.829539
114,73,2.830050
115,73,2.834363
116,73,2.823215
117,73,2.823576
118,73,2.823887
119,73,2.828001
120,73,2.835918
121,73,2.820669
122,73,2.828488
123,73,2.828551
124,73,2.832418
125,73,2.820825
126,73,2.820740
127,73,2.820605
128,73,2.827918
129,73,2.832598
130,73,2.817966
131,73,2.818688
132,73,2.819359
133,73,2.823831
134,73,2.793577
135,73,2.801801
136,73,2.802269
137,73,2.806539
138,73,2.803054
139,73,2.799519
140,73,2.803640
141,73,2.803858
142,73,2.800174
143,73,2.800294
144,73,2.831186
145,73,2.827354
146,73,2.827325
147,73,2.819542
148,73,2.823255
149,73,2.826931
150,73,2.826706
151,73,2.822799
152,73,2.830184
153,73,2.845228
154,73,2.844812
155,73,2.825084
156,73,2.824571
157,73,2.820158
158,73,2.827253
159,73,2.818751
160,73,2.819173
161,73,2.827151
162,73,2.823739
163,73,2.827768
164,73,2.824043
165,73,2.824124
166,73,2.824157
167,73,2.820289
168,73,2.824080
169,73,2.850939
170,73,2.839437
171,73,2.819967
172,73,2.819714
173,73,2.823265
174,73,2.826768
175,73,2.826370
176,73,2.818123
177,73,2.817831
178,73,2.821130
179,73,2.824381
180,73,2.819876
181,73,2.819175
182,73,2.826130
183,73,2.821689
184,73,2.824691
185,73,2.843053
186,73,2.845953
187,73,2.825685
188,73,2.820777
189,73,2.831439
190,73,2.830279
191,73,2.829065
192,73,2.816240
193,73,2.814919
194,73,2.817608
195,73,2.816177
196,73,2.818544
197,73,2.820854
198,73,2.823107
199,73,2.825515
200,73,2.827652
201,73,2.841289
202,73,2.835602
203,73,2.822148
204,73,2.822332
205,73,2.818387
206,73,2.820159
207,73,2.813724
208,73,2.807862
209,73,2.817131
210,73,2.810922
211,73,2.816203
212,73,2.810072
213,73,2.811361
214,73,2.820284
215,73,2.817576
216,73,2.818646
217,73,2.831416
218,73,2.834261
219,73,2.810058
220,73,2.814671
221,73,2.811715
222,73,2.812312
223,73,2.809016
224,73,2.794096
225,73,2.798353
226,73,2.794793
227,73,2.798870
228,73,2.799000
229,73,2.799012
230,73,2.798949
231,73,2.791080
232,73,2.798521
233,73,2.813541
234,73,2.813065
235,73,2.793215
236,73,2.792518
237,73,2.787853
238,73,2.794629
239,73,2.797431
240,73,2.769287
241,73,2.775668
242,73,2.774237
243,73,2.772671
244,73,2.769826
245,73,2.775659
246,73,2.773664
247,73,2.771495
248,73,2.773025
249,73,2.782101
250,73,2.783308
251,73,2.768936
252,73,2.765948
253,73,2.762781
254,73,2.763307
255,73,2.759766
0,74,2.789135
1,74,2.791330
2,74,2.785669
3,74,2.791419
4,74,2.793174
5,74,2.798643
6,74,2.790493
7,74,2.789916
8,74,2.791138
9,74,2.788381
10,74,2.785504
11,74,2.794066
12,74,2.790953
13,74,2.791581
14,74,2.788245
15,74,2.788675
16,74,2.806317
17,74,2.808445
18,74,2.800840
19,74,2.804716
20,74,2.812327
21,74,2.810213
22,74,2.811859
23,74,2.807657
24,74,2.811051
25,74,2.802800
26,74,2.806043
27,74,2.807256
28,74,2.804555
29,74,2.811984
30,74,2.807183
31,74,2.800357
32,74,2.818520
33,74,2.821177
34,74,2.821855
35,74,2.822441
36,74,2.824904
37,74,2.825370
38,74,2.825748
39,74,2.826079
40,74,2.824397
41,74,2.818818
42,74,2.817027
43,74,2.819025
44,74,2.809383
45,74,2.818962
46,74,2.816923
47,74,2.810971
48,74,2.828077
49,74,2.829693
50,74,2.827418
51,74,2.825086
52,74,2.830403
53,74,2.831831
54,74,2.825518
55,74,2.826856
56,74,2.827941
57,74,2.821465
58,74,2.820716
59,74,2.816061
60,74,2.817132
61,74,2.821805
62,74,2.813142
63,74,2.819838
64,74,2.834189
65,74,2.836932
66,74,2.829792
67,74,2.834360
68,74,2.836953
69,74,2.835644
70,74,2.832359
71,74,2.829026
72,74,2.829295
73,74,2.829717
74,74,2.822454
75,74,2.826622
76,74,2.828816
77,74,2.823257
78,74,2.819373
79,74,2.827203
80,74,2.838837
81,74,2.838866
82,74,2.831141
83,74,2.834927
84,74,2.834812
85,74,2.834649
86,74,2.838086
87,74,2.833975
88,74,2.827889
89,74,2.829460
90,74,2.829057
91,74,2.828605
92,74,2.826178
93,74,2.831408
94,74,2.818917
95,74,2.829818
96,74,2.844985
97,74,2.839495
98,74,2.833957
99,74,2.834151
100,74,2.845856
101,74,2.842102
102,74,2.846006
103,74,2.834452
104,74,2.830555
105,74,2.834110
106,74,2.830119
107,74,2.833743
108,74,2.829668
109,74,2.833227
110,74,2.832884
111,74,2.828638
112,74,2.837764
113,74,2.838323
114,74,2.838832
115,74,2.831585
116,74,2.828141
117,74,2.824648
118,74,2.828804
119,74,2.832918
120,74,2.825424
121,74,2.825586
122,74,2.821846
123,74,2.821909
124,74,2.825776
125,74,2.829594
126,74,2.814097
127,74,2.821669
128,74,2.821289
129,74,2.822114
130,74,2.815188
131,74,2.815908
132,74,2.812725
133,74,2.809491
134,74,2.810058
135,74,2.806723
136,74,2.803337
137,74,2.799901
138,74,2.800261
139,74,2.800580
140,74,2.796995
141,74,2.793362
142,74,2.801237
143,74,2.805210
144,74,2.828397
145,74,2.828419
146,74,2.828391
147,74,2.828314
148,74,2.820497
149,74,2.827996
150,74,2.823920
151,74,2.827708
152,74,2.827388
153,74,2.827021
154,74,2.826606
155,74,2.829996
156,74,2.825631
157,74,2.825071
158,74,2.824462
159,74,2.819952
160,74,2.824028
161,74,2.820457
162,74,2.820937
163,74,2.821113
164,74,2.821241
165,74,2.825175
166,74,2.825208
167,74,2.821340
168,74,2.825131
169,74,2.821168
170,74,2.821214
171,74,2.824861
172,74,2.824608
173,74,2.828160
174,74,2.823958
175,74,2.831266
176,74,2.815409
177,74,2.822621
178,74,2.818428
179,74,2.825542
180,74,2.817196
181,74,2.824211
182,74,2.819465
183,74,2.814813
184,74,2.821871
185,74,2.828676
186,74,2.827725
187,74,2.822870
188,74,2.825669
189,74,2.824562
190,74,2.831311
191,74,2.830100
192,74,2.813423
193,74,2.812104
194,74,2.810731
195,74,2.813357
196,74,2.819579
197,74,2.821891
198,74,2.820294
199,74,2.818639
200,74,2.824834
201,74,2.826915
202,74,2.821231
203,74,2.827065
204,74,2.825153
205,74,2.819325
206,74,2.821140
207,74,2.819060
208,74,2.809188
209,74,2.810809
210,74,2.808510
211,74,2.813850
212,74,2.815288
213,74,2.820488
214,74,2.814059
215,74,2.815263
216,74,2.820267
217,74,2.813617
218,74,2.818470
219,74,2.819371
220,74,2.812488
221,74,2.824809
222,74,2.817762
223,74,2.806800
224,74,2.795732
225,74,2.800008
226,74,2.796469
227,74,2.803673
228,74,2.799931
229,74,2.796114
230,74,2.796032
231,74,2.795872
232,74,2.791756
233,74,2.795221
234,74,2.794747
235,74,2.798017
236,74,2.793470
237,74,2.792638
238,74,2.784006
239,74,2.790664
240,74,2.770228
241,74,2.772761
242,74,2.775186
243,74,2.773624
244,74,2.779630
245,74,2.770084
246,74,2.779657
247,74,2.777522
248,74,2.771381
249,74,2.772788
250,74,2.774033
251,74,2.767405
252,74,2.764457
253,74,2.765184
254,74,2.765728
255,74,2.762230
0,75,2.788067
1,75,2.780626
2,75,2.786520
3,75,2.792267
4,75,2.794019
5,75,2.795633
6,75,2.789406
7,75,2.806184
8,75,2.788139
9,75,2.789234
10,75,2.787316
11,75,2.788167
12,75,2.788882
13,75,2.791412
14,75,2.789979
15,75,2.794238
16,75,2.802225
17,75,2.802404
18,75,2.802503
19,75,2.802484
20,75,2.808168
21,75,2.809887
22,75,2.809587
23,75,2.824628
24,75,2.808740
25,75,2.804343
26,75,2.811401
27,75,2.806836
28,75,2.802172
29,75,2.805152
30,75,2.811907
31,75,2.803155
32,75,2.821316
33,75,2.820139
34,75,2.815017
35,75,2.821401
36,75,2.825789
37,75,2.826235
38,75,2.820852
39,75,2.832741
40,75,2.821446
41,75,2.815846
42,75,2.819834
43,75,2.816052
44,75,2.814134
45,75,2.819861
46,75,2.813968
47,75,2.819574
48,75,2.821268
49,75,2.822903
50,75,2.824481
51,75,2.829854
52,75,2.827466
53,75,2.836580
54,75,2.822521
55,75,2.835378
56,75,2.823137
57,75,2.826254
58,75,2.823538
59,75,2.822697
60,75,2.817950
61,75,2.822802
62,75,2.820065
63,75,2.820933
64,75,2.833308
65,75,2.830241
66,75,2.830958
67,75,2.831625
68,75,2.828408
69,75,2.836682
70,75,2.829496
71,75,2.843470
72,75,2.830407
73,75,2.826947
74,75,2.827272
75,75,2.825641
76,75,2.820091
77,75,2.824144
78,75,2.828130
79,75,2.828234
80,75,2.835997
81,75,2.828300
82,75,2.828281
83,75,2.832067
84,75,2.837731
85,75,2.839300
86,75,2.831384
87,75,2.842685
88,75,2.830820
89,75,2.830465
90,75,2.830063
91,75,2.829516
92,75,2.832859
93,75,2.828250
94,75,2.823790
95,75,2.823133
96,75,2.838286
97,75,2.838575
98,75,2.838816
99,75,2.839010
100,75,2.843009
101,75,2.843107
102,75,2.835453
103,75,2.850868
104,75,2.831561
105,75,2.831273
106,75,2.827249
107,75,2.834759
108,75,2.830679
109,75,2.830386
110,75,2.826189
111,75,2.833501
112,75,2.838793
113,75,2.839340
114,75,2.853333
115,75,2.824895
116,75,2.821451
117,75,2.817956
118,75,2.818265
119,75,2.822377
120,75,2.822588
121,75,2.826601
122,75,2.819007
123,75,2.826775
124,75,2.822936
125,75,2.822900
126,75,2.811257
127,75,2.818829
128,75,2.822315
129,75,2.819284
130,75,2.812344
131,75,2.820770
132,75,2.809880
133,75,2.814352
134,75,2.799508
135,75,2.803878
136,75,2.796640
137,75,2.800910
138,75,2.801277
139,75,2.801595
140,75,2.809569
141,75,2.802082
142,75,2.794545
143,75,2.802369
144,75,2.825558
145,75,2.825580
146,75,2.829406
147,75,2.829330
148,75,2.833070
149,75,2.829050
150,75,2.828787
151,75,2.824860
152,75,2.824541
153,75,2.828028
154,75,2.827613
155,75,2.831003
156,75,2.826640
157,75,2.822228
158,75,2.821620
159,75,2.817111
160,75,2.825040
161,75,2.821468
162,75,2.821701
163,75,2.822082
164,75,2.822220
165,75,2.822322
166,75,2.818502
167,75,2.818487
168,75,2.826130
169,75,2.822168
170,75,2.825863
171,75,2.821999
172,75,2.825599
173,75,2.817593
174,75,2.824950
175,75,2.824572
176,75,2.820294
177,75,2.815967
178,75,2.827022
179,75,2.818745
180,75,2.821997
181,75,2.825180
182,75,2.828333
183,75,2.823711
184,75,2.822911
185,75,2.822041
186,75,2.824993
187,75,2.820188
188,75,2.823018
189,75,2.821962
190,75,2.824707
191,75,2.823527
192,75,2.818460
193,75,2.821045
194,75,2.819444
195,75,2.814184
196,75,2.816593
197,75,2.822799
198,75,2.821243
199,75,2.819629
200,75,2.817957
201,75,2.816226
202,75,2.818289
203,75,2.812585
204,75,2.814526
205,75,2.820258
206,75,2.818222
207,75,2.819974
208,75,2.806251
209,75,2.807873
210,75,2.809428
211,75,2.807063
212,75,2.816188
213,75,2.817537
214,75,2.818815
215,75,2.816188
216,75,2.821173
217,75,2.822230
218,75,2.815505
219,75,2.812575
220,75,2.809547
221,75,2.814144
222,75,2.807119
223,75,2.811550
224,75,2.796631
225,75,2.800909
226,75,2.793519
227,75,2.789891
228,75,2.793897
229,75,2.797787
230,75,2.793895
231,75,2.793736
232,75,2.797349
233,75,2.796985
234,75,2.796535
235,75,2.792123
236,75,2.791433
237,75,2.786797
238,75,2.789728
239,75,2.792560
240,75,2.779858
241,75,2.778568
242,75,2.777169
243,75,2.779490
244,75,2.773968
245,75,2.779844
246,75,2.776700
247,75,2.778422
248,75,2.779990
249,75,2.777527
250,75,2.774922
251,75,2.772150
252,75,2.765354
253,75,2.766085
254,75,2.762780
255,75,2.759287
0,76,2.788188
1,76,2.790347
2,76,2.790429
3,76,2.782679
4,76,2.792106
5,76,2.797542
6,76,2.795139
7,76,2.811888
8,76,2.793816
9,76,2.789104
10,76,2.784290
11,76,2.785119
12,76,2.785832
13,76,2.788379
14,76,2.786944
15,76,2.787347
16,76,2.803038
17,76,2.807087
18,76,2.803312
19,76,2.801384
20,76,2.814754
21,76,2.810710
22,76,2.810409
23,76,2.825448
24,76,2.805725
25,76,2.805160
26,76,2.808383
27,76,2.803817
28,76,2.803004
29,76,2.802130
30,76,2.801178
31,76,2.811689
32,76,2.818290
33,76,2.819038
34,76,2.815861
35,76,2.822225
36,76,2.821323
37,76,2.823700
38,76,2.824082
39,76,2.839809
40,76,2.826574
41,76,2.824833
42,76,2.823027
43,76,2.811527
44,76,2.815357
45,76,2.817218
46,76,2.815166
47,76,2.813072
48,76,2.832091
49,76,2.824083
50,76,2.827575
51,76,2.831011
52,76,2.832464
53,76,2.822302
54,76,2.823644
55,76,2.836490
56,76,2.822331
57,76,2.815805
58,76,2.824638
59,76,2.819933
60,76,2.815194
61,76,2.820017
62,76,2.820937
63,76,2.817952
64,76,2.841905
65,76,2.838819
66,76,2.831849
67,76,2.828665
68,76,2.829283
69,76,2.829870
70,76,2.834243
71,76,2.844365
72,76,2.829377
73,76,2.827843
74,76,2.828170
75,76,2.832319
76,76,2.822936
77,76,2.825045
78,76,2.823272
79,76,2.825303
80,76,2.836901
81,76,2.833058
82,76,2.829168
83,76,2.840622
84,76,2.832784
85,76,2.828750
86,76,2.836227
87,76,2.849378
88,76,2.827854
89,76,2.839012
90,76,2.834728
91,76,2.832323
92,76,2.826016
93,76,2.825440
94,76,2.828668
95,76,2.824140
96,76,2.839280
97,76,2.839550
98,76,2.832066
99,76,2.832241
100,76,2.836221
101,76,2.840154
102,76,2.832499
103,76,2.847896
104,76,2.840114
105,76,2.839995
106,76,2.828289
107,76,2.828076
108,76,2.827844
109,76,2.831384
110,76,2.831040
111,76,2.830635
112,76,2.843632
113,76,2.855728
114,76,2.852382
115,76,2.829703
116,76,2.826257
117,76,2.822761
118,76,2.823044
119,76,2.831009
120,76,2.823513
121,76,2.823673
122,76,2.823766
123,76,2.827681
124,76,2.816136
125,76,2.823806
126,76,2.808310
127,76,2.808177
128,76,2.827085
129,76,2.816347
130,76,2.817112
131,76,2.817831
132,76,2.799235
133,76,2.807558
134,76,2.808144
135,76,2.816366
136,76,2.793716
137,76,2.797985
138,76,2.798364
139,76,2.802535
140,76,2.798951
141,76,2.799189
142,76,2.799359
143,76,2.795646
144,76,2.822687
145,76,2.826581
146,76,2.822703
147,76,2.826500
148,76,2.822531
149,76,2.822384
150,76,2.829875
151,76,2.829633
152,76,2.829275
153,76,2.825075
154,76,2.824661
155,76,2.828071
156,76,2.823727
157,76,2.827040
158,76,2.822599
159,76,2.825814
160,76,2.826038
161,76,2.818631
162,76,2.822735
163,76,2.822939
164,76,2.823095
165,76,2.819350
166,76,2.823264
167,76,2.827148
168,76,2.823261
169,76,2.819301
170,76,2.823015
171,76,2.822829
172,76,2.822595
173,76,2.818478
174,76,2.822001
175,76,2.821624
176,76,2.817363
177,76,2.820742
178,76,2.827924
179,76,2.823518
180,76,2.819045
181,76,2.826081
182,76,2.825380
183,76,2.824611
184,76,2.823811
185,76,2.819089
186,76,2.825892
187,76,2.828774
188,76,2.820064
189,76,2.822861
190,76,2.825587
191,76,2.820574
192,76,2.811635
193,76,2.806515
194,76,2.820604
195,76,2.815374
196,76,2.817776
197,76,2.816288
198,76,2.822449
199,76,2.820847
200,76,2.819168
201,76,2.821303
202,76,2.815672
203,76,2.821540
204,76,2.819641
205,76,2.813827
206,76,2.815657
207,76,2.817423
208,76,2.807566
209,76,2.805332
210,76,2.810754
211,76,2.812257
212,76,2.809857
213,76,2.815074
214,76,2.820220
215,76,2.817589
216,76,2.822591
217,76,2.819812
218,76,2.816957
219,76,2.821730
220,76,2.814248
221,76,2.811159
222,76,2.811823
223,76,2.808550
224,76,2.793633
225,76,2.797912
226,76,2.798230
227,76,2.794605
228,76,2.794759
229,76,2.790946
230,76,2.794742
231,76,2.794605
232,76,2.802053
233,76,2.790133
234,76,2.797391
235,76,2.796815
236,76,2.792295
237,76,2.791494
238,76,2.790595
239,76,2.789557
240,76,2.773005
241,76,2.775571
242,76,2.770322
243,76,2.776478
244,76,2.770960
245,76,2.773007
246,76,2.778743
247,76,2.780498
248,76,2.778248
249,76,2.775821
250,76,2.773253
251,76,2.774371
252,76,2.771466
253,76,2.772216
254,76,2.765100
255,76,2.765502
0,77,2.792814
1,77,2.791117
2,77,2.785436
3,77,2.791149
4,77,2.789015
5,77,2.790615
6,77,2.792062
7,77,2.793397
8,77,2.783028
9,77,2.787964
10,77,2.790835
11,77,2.787827
12,77,2.787523
13,77,2.791971
14,77,2.788586
15,77,2.792819
16,77,2.810432
17,77,2.804809
18,77,2.808736
19,77,2.812548
20,77,2.808577
21,77,2.810293
22,77,2.811899
23,77,2.811508
24,77,2.805249
25,77,2.806611
26,77,2.802092
27,77,2.807140
28,77,2.808254
29,77,2.803510
30,77,2.802541
31,77,2.805331
32,77,2.823475
33,77,2.826133
34,77,2.822940
35,77,2.827382
36,77,2.822121
37,77,2.824497
38,77,2.822952
39,77,2.823267
40,77,2.815810
41,77,2.821774
42,77,2.816115
43,77,2.814246
44,77,2.816168
45,77,2.818028
46,77,2.814049
47,77,2.819642
48,77,2.834826
49,77,2.832596
50,77,2.830309
51,77,2.827966
52,77,2.829419
53,77,2.834686
54,77,2.828322
55,77,2.829610
56,77,2.819285
57,77,2.820483
58,77,2.823537
59,77,2.822685
60,77,2.817946
61,77,2.820843
62,77,2.817910
63,77,2.816870
64,77,2.835026
65,77,2.835812
66,77,2.828825
67,77,2.833363
68,77,2.835909
69,77,2.834570
70,77,2.831239
71,77,2.831729
72,77,2.824448
73,77,2.828694
74,77,2.827113
75,77,2.823540
76,77,2.821863
77,77,2.829770
78,77,2.822200
79,77,2.826159
80,77,2.835850
81,77,2.837787
82,77,2.837724
83,77,2.841483
84,77,2.831709
85,77,2.833447
86,77,2.837063
87,77,2.836778
88,77,2.832593
89,77,2.836065
90,77,2.831783
91,77,2.831306
92,77,2.823075
93,77,2.826353
94,77,2.825730
95,77,2.832763
96,77,2.844020
97,77,2.836584
98,77,2.836807
99,77,2.840853
100,77,2.837128
101,77,2.833356
102,77,2.837243
103,77,2.841094
104,77,2.825613
105,77,2.840906
106,77,2.833053
107,77,2.836694
108,77,2.828752
109,77,2.832292
110,77,2.831955
111,77,2.831544
112,77,2.844560
113,77,2.841244
114,77,2.837896
115,77,2.826766
116,77,2.831025
117,77,2.827528
118,77,2.823983
119,77,2.828075
120,77,2.832137
121,77,2.828440
122,77,2.820846
123,77,2.828614
124,77,2.828609
125,77,2.828574
126,77,2.820784
127,77,2.812945
128,77,2.812599
129,77,2.813419
130,77,2.810331
131,77,2.811049
132,77,2.807881
133,77,2.804645
134,77,2.809064
135,77,2.813423
136,77,2.810037
137,77,2.810472
138,77,2.810839
139,77,2.795745
140,77,2.796014
141,77,2.796247
142,77,2.796417
143,77,2.792704
144,77,2.823599
145,77,2.827493
146,77,2.827468
147,77,2.819707
148,77,2.823442
149,77,2.827146
150,77,2.826933
151,77,2.830542
152,77,2.830252
153,77,2.822113
154,77,2.821718
155,77,2.828980
156,77,2.828488
157,77,2.824078
158,77,2.823490
159,77,2.834411
160,77,2.826946
161,77,2.827244
162,77,2.823641
163,77,2.823843
164,77,2.820145
165,77,2.820252
166,77,2.828017
167,77,2.828030
168,77,2.824142
169,77,2.824059
170,77,2.820076
171,77,2.823752
172,77,2.819674
173,77,2.823254
174,77,2.822877
175,77,2.818646
176,77,2.814367
177,77,2.821598
178,77,2.821092
179,77,2.820520
180,77,2.816047
181,77,2.815395
182,77,2.822381
183,77,2.825465
184,77,2.824664
185,77,2.823795
186,77,2.826745
187,77,2.821922
188,77,2.817064
189,77,2.819843
190,77,2.818734
191,77,2.817556
192,77,2.816341
193,77,2.811203
194,77,2.813733
195,77,2.812356
196,77,2.818612
197,77,2.817124
198,77,2.819432
199,77,2.821666
200,77,2.816153
201,77,2.814435
202,77,2.820363
203,77,2.814655
204,77,2.820463
205,77,2.814650
206,77,2.812627
207,77,2.814394
208,77,2.804521
209,77,2.806158
210,77,2.811582
211,77,2.809232
212,77,2.810668
213,77,2.812033
214,77,2.809475
215,77,2.814551
216,77,2.819553
217,77,2.816776
218,77,2.810070
219,77,2.810992
220,77,2.811836
221,77,2.812599
222,77,2.809428
223,77,2.813880
224,77,2.795129
225,77,2.795574
226,77,2.795912
227,77,2.796160
228,77,2.792463
229,77,2.800230
230,77,2.800213
231,77,2.803932
232,77,2.792140
233,77,2.795655
234,77,2.795230
235,77,2.798532
236,77,2.790164
237,77,2.793260
238,77,2.788516
239,77,2.791377
240,77,2.774833
241,77,2.777428
242,77,2.772207
243,77,2.774541
244,77,2.775633
245,77,2.773811
246,77,2.775717
247,77,2.781309
248,77,2.775209
249,77,2.776639
250,77,2.770221
251,77,2.775176
252,77,2.772274
253,77,2.761491
254,77,2.765917
255,77,2.766322
0,78,2.783212
1,78,2.789187
2,78,2.783473
3,78,2.783394
4,78,2.790862
5,78,2.788579
6,78,2.789998
7,78,2.795157
8,78,2.786687
9,78,2.783891
10,78,2.782901
11,78,2.787556
12,78,2.784407
13,78,2.788853
14,78,2.793173
15,78,2.789697
16,78,2.801529
17,78,2.803627
18,78,2.805609
19,78,2.803658
20,78,2.805465
21,78,2.809104
22,78,2.810710
23,78,2.812243
24,78,2.804057
25,78,2.803491
26,78,2.802840
27,78,2.811740
28,78,2.801294
29,78,2.800402
30,78,2.799432
31,78,2.804164
32,78,2.820380
33,78,2.823038
34,78,2.821770
35,78,2.812726
36,78,2.819022
37,78,2.823324
38,78,2.823705
39,78,2.829798
40,78,2.816562
41,78,2.814819
42,78,2.813013
43,78,2.818849
44,78,2.816934
45,78,2.814941
46,78,2.809035
47,78,2.812702
48,78,2.822105
49,78,2.831434
50,78,2.823368
51,78,2.828730
52,78,2.826346
53,78,2.833523
54,78,2.832939
55,78,2.826537
56,78,2.821992
57,78,2.825099
58,78,2.818538
59,78,2.819613
60,78,2.820653
61,78,2.817772
62,78,2.814856
63,78,2.823431
64,78,2.835825
65,78,2.832742
66,78,2.831551
67,78,2.826441
68,78,2.838637
69,78,2.831519
70,78,2.837821
71,78,2.836384
72,78,2.829121
73,78,2.827648
74,78,2.826058
75,78,2.826346
76,78,2.824643
77,78,2.822910
78,78,2.826907
79,78,2.828931
80,78,2.830907
81,78,2.830893
82,78,2.830848
83,78,2.830756
84,78,2.842174
85,78,2.838133
86,78,2.837898
87,78,2.839541
88,78,2.829578
89,78,2.834978
90,78,2.824918
91,78,2.832148
92,78,2.827771
93,78,2.827199
94,78,2.830430
95,78,2.829776
96,78,2.841022
97,78,2.837441
98,78,2.833811
99,78,2.833987
100,78,2.837986
101,78,2.838081
102,78,2.838106
103,78,2.838101
104,78,2.834179
105,78,2.830209
106,78,2.830062
107,78,2.833704
108,78,2.829610
109,78,2.825445
110,78,2.828960
111,78,2.828549
112,78,2.837732
113,78,2.842110
114,78,2.831056
115,78,2.835363
116,78,2.824192
117,78,2.824541
118,78,2.820994
119,78,2.825105
120,78,2.821443
121,78,2.825455
122,78,2.821711
123,78,2.829478
124,78,2.825639
125,78,2.821750
126,78,2.806255
127,78,2.809975
128,78,2.813493
129,78,2.818162
130,78,2.811222
131,78,2.811939
132,78,2.808753
133,78,2.805516
134,78,2.806070
135,78,2.810439
136,78,2.814775
137,78,2.811339
138,78,2.800147
139,78,2.792753
140,78,2.800744
141,78,2.800964
142,78,2.793429
143,78,2.797418
144,78,2.828314
145,78,2.820649
146,78,2.828331
147,78,2.824422
148,78,2.816598
149,78,2.828007
150,78,2.823941
151,78,2.823697
152,78,2.823406
153,78,2.826903
154,78,2.818811
155,78,2.825986
156,78,2.817772
157,78,2.824938
158,78,2.828202
159,78,2.827565
160,78,2.827804
161,78,2.820378
162,78,2.820627
163,78,2.816975
164,78,2.820982
165,78,2.821088
166,78,2.828852
167,78,2.825010
168,78,2.821122
169,78,2.821038
170,78,2.817055
171,78,2.820729
172,78,2.820503
173,78,2.824083
174,78,2.819909
175,78,2.827261
176,78,2.826844
177,78,2.822526
178,78,2.825866
179,78,2.825303
180,78,2.820856
181,78,2.820196
182,78,2.819487
183,78,2.830142
184,78,2.825470
185,78,2.824602
186,78,2.823698
187,78,2.822728
188,78,2.821706
189,78,2.824502
190,78,2.819524
191,78,2.814509
192,78,2.813278
193,78,2.819715
194,78,2.814523
195,78,2.813146
196,78,2.819403
197,78,2.810209
198,78,2.816354
199,78,2.822458
200,78,2.820798
201,78,2.822916
202,78,2.809581
203,78,2.811596
204,78,2.813535
205,78,2.819281
206,78,2.817259
207,78,2.815173
208,78,2.813007
209,78,2.810792
210,78,2.816217
211,78,2.810016
212,78,2.807582
213,78,2.808949
214,78,2.817950
215,78,2.819174
216,78,2.816472
217,78,2.813696
218,78,2.814697
219,78,2.811768
220,78,2.808760
221,78,2.813378
222,78,2.810209
223,78,2.803103
224,78,2.799766
225,78,2.796341
226,78,2.792829
227,78,2.796931
228,78,2.789384
229,78,2.797153
230,78,2.797120
231,78,2.793135
232,78,2.792903
233,78,2.792568
234,78,2.795998
235,78,2.795449
236,78,2.794790
237,78,2.790164
238,78,2.789293
239,78,2.788286
240,78,2.771745
241,78,2.778195
242,78,2.772977
243,78,2.775314
244,78,2.777516
245,78,2.779597
246,78,2.781516
247,78,2.775583
248,78,2.777222
249,78,2.774835
250,78,2.772305
251,78,2.769592
252,78,2.766728
253,78,2.771376
254,78,2.768138
255,78,2.764732
0,79,2.787754
1,79,2.787965
2,79,2.782232
3,79,2.786002
4,79,2.791559
5,79,2.793109
6,79,2.790690
7,79,2.795846
8,79,2.793171
9,79,2.790355
10,79,2.787437
11,79,2.790180
12,79,2.785103
13,79,2.781841
14,79,2.786159
15,79,2.786535
16,79,2.804144
17,79,2.802387
18,79,2.802458
19,79,2.800505
20,79,2.806162
21,79,2.809801
22,79,2.808273
23,79,2.805935
24,79,2.807362
25,79,2.797145
26,79,2.804182
27,79,2.801506
28,79,2.802602
29,79,2.803619
30,79,2.804559
31,79,2.807349
32,79,2.817770
33,79,2.820412
34,79,2.819129
35,79,2.817775
36,79,2.822131
37,79,2.822581
38,79,2.828727
39,79,2.827101
40,79,2.827336
41,79,2.815948
42,79,2.814144
43,79,2.819967
44,79,2.812244
45,79,2.816034
46,79,2.813969
47,79,2.815697
48,79,2.830867
49,79,2.826699
50,79,2.824401
51,79,2.829767
52,79,2.829283
53,79,2.832611
54,79,2.833943
55,79,2.831368
56,79,2.836459
57,79,2.820292
58,79,2.823352
59,79,2.820565
60,79,2.825446
61,79,2.818703
62,79,2.815777
63,79,2.820505
64,79,2.838653
65,79,2.833649
66,79,2.836286
67,79,2.831183
68,79,2.831810
69,79,2.834315
70,79,2.836756
71,79,2.837237
72,79,2.831890
73,79,2.822627
74,79,2.830669
75,79,2.827105
76,79,2.825420
77,79,2.827540
78,79,2.823833
79,79,2.827768
80,79,2.839377
81,79,2.835528
82,79,2.833557
83,79,2.835392
84,79,2.835253
85,79,2.840845
86,79,2.838685
87,79,2.834550
88,79,2.838073
89,79,2.828063
90,79,2.829564
91,79,2.827163
92,79,2.824730
93,79,2.828012
94,79,2.825466
95,79,2.826723
96,79,2.830255
97,79,2.842100
98,79,2.830766
99,79,2.838681
100,79,2.838801
101,79,2.842743
102,79,2.838916
103,79,2.842763
104,79,2.838842
105,79,2.831021
106,79,2.827022
107,79,2.834517
108,79,2.826565
109,79,2.833965
110,79,2.825915
111,79,2.829358
112,79,2.838548
113,79,2.842954
114,79,2.831882
115,79,2.836179
116,79,2.828877
117,79,2.825363
118,79,2.825668
119,79,2.822067
120,79,2.822275
121,79,2.822433
122,79,2.818675
123,79,2.814882
124,79,2.818748
125,79,2.811007
126,79,2.810923
127,79,2.814643
128,79,2.818172
129,79,2.818987
130,79,2.819751
131,79,2.820468
132,79,2.805722
133,79,2.802472
134,79,2.803054
135,79,2.807422
136,79,2.807888
137,79,2.816001
138,79,2.797104
139,79,2.797438
140,79,2.801559
141,79,2.794069
142,79,2.794256
143,79,2.794379
144,79,2.825273
145,79,2.825314
146,79,2.825291
147,79,2.825236
148,79,2.821262
149,79,2.824965
150,79,2.824752
151,79,2.824507
152,79,2.824216
153,79,2.823861
154,79,2.815768
155,79,2.815318
156,79,2.818688
157,79,2.821895
158,79,2.821306
159,79,2.824506
160,79,2.824745
161,79,2.825039
162,79,2.821434
163,79,2.817781
164,79,2.825623
165,79,2.821876
166,79,2.825786
167,79,2.821944
168,79,2.818054
169,79,2.821822
170,79,2.817838
171,79,2.817659
172,79,2.817432
173,79,2.821011
174,79,2.812984
175,79,2.824173
176,79,2.819902
177,79,2.819452
178,79,2.818938
179,79,2.826081
180,79,2.821617
181,79,2.820957
182,79,2.820248
183,79,2.819505
184,79,2.822549
185,79,2.821690
186,79,2.816944
187,79,2.819837
188,79,2.814973
189,79,2.817763
190,79,2.816664
191,79,2.815496
192,79,2.814292
193,79,2.816871
194,79,2.811691
195,79,2.818030
196,79,2.812740
197,79,2.815116
198,79,2.817420
199,79,2.819682
200,79,2.810313
201,79,2.816313
202,79,2.814548
203,79,2.820413
204,79,2.818527
205,79,2.808859
206,79,2.814556
207,79,2.812484
208,79,2.810332
209,79,2.808131
210,79,2.813569
211,79,2.811219
212,79,2.812670
213,79,2.814051
214,79,2.815346
215,79,2.812733
216,79,2.813900
217,79,2.807287
218,79,2.816009
219,79,2.809229
220,79,2.810091
221,79,2.814726
222,79,2.811574
223,79,2.812193
224,79,2.797315
225,79,2.793910
226,79,2.798123
227,79,2.798393
228,79,2.794718
229,79,2.794802
230,79,2.798643
231,79,2.806239
232,79,2.794471
233,79,2.794159
234,79,2.785163
235,79,2.796175
236,79,2.795518
237,79,2.794748
238,79,2.790010
239,79,2.792857
240,79,2.776319
241,79,2.771214
242,79,2.777556
243,79,2.776043
244,79,2.770542
245,79,2.776461
246,79,2.778383
247,79,2.782103
248,79,2.770242
249,79,2.775564
250,79,2.769167
251,79,2.770328
252,79,2.775155
253,79,2.768248
254,79,2.765031
255,79,2.761610
0,80,2.801177
1,80,2.807134
2,80,2.805238
3,80,2.812831
4,80,2.804856
5,80,2.802541
6,80,2.803946
7,80,2.801369
8,80,2.798666
9,80,2.803546
10,80,2.800602
11,80,2.805246
12,80,2.803997
13,80,2.810328
14,80,2.803081
15,80,2.811139
16,80,2.824873
17,80,2.819242
18,80,2.819292
19,80,2.826950
20,80,2.821044
21,80,2.822736
22,80,2.822411
23,80,2.821997
24,80,2.821496
25,80,2.820911
26,80,2.822168
27,80,2.823343
28,80,2.822512
29,80,2.829322
30,80,2.824481
31,80,2.827270
32,80,2.835764
33,80,2.836479
34,80,2.827505
35,80,2.837709
36,80,2.832432
37,80,2.832866
38,80,2.840952
39,80,2.831620
40,80,2.833781
41,80,2.835892
42,80,2.837925
43,80,2.837969
44,80,2.837966
45,80,2.847520
46,80,2.837763
47,80,2.839492
48,80,2.845029
49,80,2.846640
50,80,2.840504
51,80,2.847781
52,80,2.839592
53,80,2.842919
54,80,2.838486
55,80,2.835912
56,80,2.841003
57,80,2.838322
58,80,2.843307
59,80,2.840521
60,80,2.843476
61,80,2.842527
62,80,2.845365
63,80,2.840462
64,80,2.845140
65,80,2.853607
66,80,2.846627
67,80,2.849230
68,80,2.847931
69,80,2.848495
70,80,2.841319
71,80,2.845653
72,80,2.846086
73,80,2.848398
74,80,2.852588
75,80,2.850936
76,80,2.851178
77,80,2.853298
78,80,2.847665
79,80,2.851617
80,80,2.851669
81,80,2.849747
82,80,2.851630
83,80,2.853466
84,80,2.851401
85,80,2.851216
86,80,2.849057
87,80,2.854555
88,80,2.846521
89,80,2.846145
90,80,2.849588
91,80,2.849115
92,80,2.850521
93,80,2.851878
94,80,2.855113
95,80,2.850608
96,80,2.858043
97,80,2.854453
98,80,2.850831
99,80,2.858704
100,80,2.858825
101,80,2.855061
102,80,2.847382
103,80,2.851215
104,80,2.851162
105,80,2.854901
106,80,2.850901
107,80,2.850693
108,80,2.854299
109,80,2.853989
110,80,2.849791
111,80,2.857110
112,80,2.854738
113,80,2.859142
114,80,2.848075
115,80,2.844659
116,80,2.837356
117,80,2.845408
118,80,2.841845
119,80,2.845954
120,80,2.842304
121,80,2.842463
122,80,2.842573
123,80,2.842634
124,80,2.846484
125,80,2.838743
126,80,2.838659
127,80,2.838527
128,80,2.838212
129,80,2.842877
130,80,2.832084
131,80,2.832799
132,80,2.825761
133,80,2.822523
134,80,2.823088
135,80,2.827455
136,80,2.827912
137,80,2.828328
138,80,2.826783
139,80,2.829021
140,80,2.833143
141,80,2.833378
142,80,2.829693
143,80,2.829816
144,80,2.853022
145,80,2.849194
146,80,2.849172
147,80,2.847189
148,80,2.848995
149,80,2.846917
150,80,2.848631
151,80,2.852239
152,80,2.848079
153,80,2.859297
154,80,2.855057
155,80,2.850754
156,80,2.842566
157,80,2.838182
158,80,2.837588
159,80,2.836960
160,80,2.852474
161,80,2.848901
162,80,2.845294
163,80,2.845492
164,80,2.845644
165,80,2.845748
166,80,2.845790
167,80,2.845799
168,80,2.845761
169,80,2.853382
170,80,2.853249
171,80,2.849217
172,80,2.837431
173,80,2.837156
174,80,2.832981
175,80,2.836464
176,80,2.855310
177,80,2.843286
178,80,2.850477
179,80,2.853767
180,80,2.845450
181,80,2.852510
182,80,2.855653
183,80,2.847189
184,80,2.846380
185,80,2.853227
186,80,2.848466
187,80,2.855226
188,80,2.834951
189,80,2.833889
190,80,2.836627
191,80,2.831622
192,80,2.841961
193,80,2.836835
194,80,2.847081
195,80,2.837994
196,80,2.840410
197,80,2.838933
198,80,2.841238
199,80,2.839647
200,80,2.845690
201,80,2.843984
202,80,2.849910
203,80,2.844218
204,80,2.830774
205,80,2.828827
206,80,2.826804
207,80,2.828585
208,80,2.834140
209,80,2.835792
210,80,2.837364
211,80,2.838883
212,80,2.836466
213,80,2.833996
214,80,2.846866
215,80,2.836533
216,80,2.833847
217,80,2.834941
218,80,2.843650
219,80,2.844591
220,80,2.822338
221,80,2.823121
222,80,2.823809
223,80,2.828281
224,80,2.832669
225,80,2.829265
226,80,2.821921
227,80,2.826030
228,80,2.822357
229,80,2.822443
230,80,2.826285
231,80,2.826178
232,80,2.822117
233,80,2.817954
234,80,2.829097
235,80,2.828575
236,80,2.808663
237,80,2.811771
238,80,2.807057
239,80,2.809932
240,80,2.804979
241,80,2.799901
242,80,2.806255
243,80,2.804787
244,80,2.803170
245,80,2.805266
246,80,2.807221
247,80,2.805176
248,80,2.802982
249,80,2.804485
250,80,2.805829
251,80,2.810863
252,80,2.792627
253,80,2.793464
254,80,2.786417
255,80,2.779185
0,81,2.801784
1,81,2.807739
2,81,2.805840
3,81,2.809578
4,81,2.805469
5,81,2.807005
6,81,2.804554
7,81,2.798123
8,81,2.799271
9,81,2.808002
10,81,2.805055
11,81,2.809698
12,81,2.806521
13,81,2.803233
14,81,2.799851
15,81,2.802129
16,81,2.815861
17,81,2.816008
18,81,2.819909
19,81,2.823713
20,81,2.817791
21,81,2.815642
22,81,2.815316
23,81,2.818754
24,81,2.810547
25,81,2.825372
26,81,2.820862
27,81,2.820110
28,81,2.817352
29,81,2.826086
30,81,2.825098
31,81,2.827886
32,81,2.834453
33,81,2.833255
34,81,2.835824
35,81,2.840262
36,81,2.836911
37,81,2.831565
38,81,2.833871
39,81,2.836097
40,81,2.834419
41,81,2.834589
42,81,2.838562
43,81,2.840532
44,81,2.834748
45,81,2.840449
46,81,2.838398
47,81,2.840126
48,81,2.845662
49,81,2.843422
50,81,2.848843
51,81,2.842636
52,81,2.838313
53,81,2.845493
54,81,2.835267
55,81,2.840412
56,81,2.841637
57,81,2.838969
58,81,2.840102
59,81,2.833476
60,81,2.846050
61,81,2.841248
62,81,2.844101
63,81,2.844963
64,81,2.849641
65,81,2.852343
66,81,2.854996
67,81,2.847967
68,81,2.852434
69,81,2.849160
70,81,2.845837
71,81,2.844392
72,81,2.850605
73,81,2.850991
74,81,2.851328
75,81,2.847766
76,81,2.849934
77,81,2.852055
78,81,2.848350
79,81,2.856155
80,81,2.848502
81,81,2.848507
82,81,2.856171
83,81,2.854155
84,81,2.846312
85,81,2.848055
86,81,2.847823
87,81,2.851396
88,81,2.851083
89,81,2.850708
90,81,2.850285
91,81,2.851740
92,81,2.853147
93,81,2.844771
94,81,2.849924
95,81,2.851175
96,81,2.858753
97,81,2.859016
98,81,2.855379
99,81,2.851709
100,81,2.855684
101,81,2.848053
102,81,2.848094
103,81,2.848075
104,81,2.851875
105,81,2.851762
106,81,2.851616
107,81,2.855261
108,81,2.851157
109,81,2.850861
110,81,2.858214
111,81,2.857820
112,81,2.855457
113,81,2.852154
114,81,2.852654
115,81,2.856935
116,81,2.849632
117,81,2.842279
118,81,2.838724
119,81,2.846685
120,81,2.843025
121,81,2.839327
122,81,2.839437
123,81,2.851056
124,81,2.831804
125,81,2.839474
126,81,2.843243
127,81,2.843111
128,81,2.838953
129,81,2.847470
130,81,2.825117
131,81,2.829671
132,81,2.828410
133,81,2.834803
134,81,2.823809
135,81,2.828166
136,81,2.828645
137,81,2.829061
138,81,2.837126
139,81,2.837444
140,81,2.837713
141,81,2.834090
142,81,2.830409
143,81,2.834385
144,81,2.857589
145,81,2.849909
146,81,2.849901
147,81,2.849831
148,81,2.849708
149,81,2.855336
150,81,2.841639
151,81,2.845246
152,81,2.854571
153,81,2.856157
154,81,2.855755
155,81,2.863025
156,81,2.839425
157,81,2.838880
158,81,2.842153
159,81,2.837673
160,81,2.849258
161,81,2.849560
162,81,2.845961
163,81,2.846187
164,81,2.846337
165,81,2.846440
166,81,2.854201
167,81,2.846504
168,81,2.842599
169,81,2.850219
170,81,2.853938
171,81,2.857611
172,81,2.830413
173,81,2.841696
174,81,2.837521
175,81,2.837150
176,81,2.852143
177,81,2.847823
178,81,2.843456
179,81,2.846746
180,81,2.849987
181,81,2.845474
182,81,2.848617
183,81,2.840152
184,81,2.843197
185,81,2.857749
186,81,2.852987
187,81,2.855881
188,81,2.827914
189,81,2.830704
190,81,2.829590
191,81,2.832277
192,81,2.842616
193,81,2.841357
194,81,2.847736
195,81,2.838649
196,81,2.841080
197,81,2.843441
198,81,2.838041
199,81,2.840290
200,81,2.842494
201,81,2.844627
202,81,2.846715
203,81,2.848729
204,81,2.827566
205,81,2.825620
206,81,2.831303
207,81,2.829231
208,81,2.838640
209,81,2.836440
210,81,2.834160
211,81,2.835679
212,81,2.833264
213,81,2.842352
214,81,2.835945
215,81,2.833333
216,81,2.838340
217,81,2.839435
218,81,2.836587
219,81,2.841382
220,81,2.826835
221,81,2.819900
222,81,2.820603
223,81,2.825063
224,81,2.825599
225,81,2.822196
226,81,2.822559
227,81,2.826670
228,81,2.819145
229,81,2.823085
230,81,2.815357
231,81,2.822957
232,81,2.818898
233,81,2.822442
234,81,2.829734
235,81,2.817640
236,81,2.809304
237,81,2.812414
238,81,2.807703
239,81,2.802873
240,81,2.805628
241,81,2.808259
242,81,2.810747
243,81,2.805413
244,81,2.807651
245,81,2.802044
246,81,2.796296
247,81,2.801960
248,81,2.803620
249,81,2.812832
250,81,2.806474
251,81,2.803804
252,81,2.785555
253,81,2.786396
254,81,2.790911
255,81,2.779829
0,82,2.802364
1,82,2.808317
2,82,2.808342
3,82,2.812078
4,82,2.806041
5,82,2.811427
6,82,2.808975
7,82,2.806394
8,82,2.803688
9,82,2.804725
10,82,2.801777
11,82,2.802565
12,82,2.797460
13,82,2.803803
14,82,2.802345
15,82,2.800768
16,82,2.827984
17,82,2.820424
18,82,2.824337
19,82,2.825041
20,82,2.817173
21,82,2.822710
22,82,2.824292
23,82,2.823858
24,82,2.827204
25,82,2.818894
26,82,2.825912
27,82,2.821303
28,82,2.824308
29,82,2.829160
30,82,2.818536
31,82,2.821309
32,82,2.839432
33,82,2.842058
34,82,2.836919
35,82,2.837476
36,82,2.837977
37,82,2.836470
38,82,2.838762
39,82,2.840975
40,82,2.835429
41,82,2.837513
42,82,2.835693
43,82,2.833811
44,82,2.839181
45,82,2.835262
46,82,2.842829
47,82,2.844571
48,82,2.846253
49,82,2.847866
50,82,2.853286
51,82,2.847092
52,82,2.840830
53,82,2.842230
54,82,2.847429
55,82,2.844867
56,82,2.842240
57,82,2.843425
58,82,2.838778
59,82,2.839859
60,82,2.837022
61,82,2.841852
62,82,2.836999
63,82,2.841728
64,82,2.854112
65,82,2.851035
66,82,2.849834
67,82,2.852425
68,82,2.847274
69,82,2.853632
70,82,2.850310
71,82,2.850792
72,82,2.847374
73,82,2.849686
74,82,2.853877
75,82,2.848388
76,82,2.844779
77,82,2.852680
78,82,2.852828
79,82,2.856781
80,82,2.856835
81,82,2.853000
82,82,2.854886
83,82,2.854797
84,82,2.852735
85,82,2.856405
86,82,2.860027
87,82,2.853982
88,82,2.851730
89,82,2.851278
90,82,2.850847
91,82,2.854234
92,82,2.849853
93,82,2.849277
94,82,2.848666
95,82,2.851845
96,82,2.863253
97,82,2.859677
98,82,2.859894
99,82,2.856211
100,82,2.852493
101,82,2.864127
102,82,2.856463
103,82,2.856445
104,82,2.856393
105,82,2.856281
106,82,2.856134
107,82,2.855928
108,82,2.851819
109,82,2.851528
110,82,2.855023
111,82,2.858489
112,82,2.852298
113,82,2.852834
114,82,2.853323
115,82,2.853773
116,82,2.834889
117,82,2.839094
118,82,2.843250
119,82,2.839647
120,82,2.847559
121,82,2.847716
122,82,2.847810
123,82,2.840166
124,82,2.847883
125,82,2.843995
126,82,2.843911
127,82,2.843779
128,82,2.839628
129,82,2.840439
130,82,2.829645
131,82,2.834198
132,82,2.834862
133,82,2.833550
134,82,2.837968
135,82,2.832704
136,82,2.833169
137,82,2.837429
138,82,2.841649
139,82,2.838114
140,82,2.836464
141,82,2.842463
142,82,2.834927
143,82,2.835063
144,82,2.854402
145,82,2.850575
146,82,2.848640
147,82,2.850498
148,82,2.850374
149,82,2.861780
150,82,2.846157
151,82,2.849763
152,82,2.847530
153,82,2.854895
154,82,2.852567
155,82,2.848278
156,82,2.847782
157,82,2.843397
158,82,2.835112
159,82,2.838323
160,82,2.853774
161,82,2.850222
162,82,2.846609
163,82,2.842962
164,82,2.850826
165,82,2.847072
166,82,2.843283
167,82,2.843295
168,82,2.843256
169,82,2.854715
170,82,2.843022
171,82,2.846694
172,82,2.838760
173,82,2.842337
174,82,2.834307
175,82,2.833924
176,82,2.848916
177,82,2.844596
178,82,2.844081
179,82,2.843518
180,82,2.842906
181,82,2.838392
182,82,2.845388
183,82,2.840776
184,82,2.847673
185,82,2.850667
186,82,2.845905
187,82,2.848799
188,82,2.843935
189,82,2.846738
190,82,2.826360
191,82,2.832900
192,82,2.839386
193,82,2.845820
194,82,2.840641
195,82,2.843113
196,82,2.837838
197,82,2.836347
198,82,2.842506
199,82,2.844755
200,82,2.839254
201,82,2.845240
202,82,2.843462
203,82,2.837771
204,82,2.835886
205,82,2.841632
206,82,2.831905
207,82,2.825981
208,82,2.839244
209,82,2.833178
210,82,2.834765
211,82,2.840125
212,82,2.834361
213,82,2.835745
214,82,2.837059
215,82,2.826757
216,82,2.831780
217,82,2.832889
218,82,2.833911
219,82,2.834869
220,82,2.828032
221,82,2.832686
222,82,2.825688
223,82,2.822473
224,82,2.823014
225,82,2.827336
226,82,2.827704
227,82,2.827995
228,82,2.820490
229,82,2.820584
230,82,2.820597
231,82,2.814732
232,82,2.820313
233,82,2.820027
234,82,2.815783
235,82,2.819125
236,82,2.818518
237,82,2.813014
238,82,2.804438
239,82,2.807316
240,82,2.810073
241,82,2.804999
242,82,2.807491
243,82,2.806012
244,82,2.800546
245,82,2.806500
246,82,2.800754
247,82,2.802553
248,82,2.804216
249,82,2.801872
250,82,2.799369
251,82,2.796703
252,82,2.797720
253,82,2.790858
254,82,2.787670
255,82,2.784297
0,83,2.802170
1,83,2.810017
2,83,2.808086
3,83,2.806012
4,83,2.803811
5,83,2.801463
6,83,2.806689
7,83,2.802155
8,83,2.807140
9,83,2.802359
10,83,2.799386
11,83,2.804015
12,83,2.802739
13,83,2.805206
14,83,2.801799
15,83,2.805979
16,83,2.819689
17,83,2.821752
18,83,2.821778
19,83,2.825573
20,83,2.823483
21,83,2.823239
22,83,2.824820
23,83,2.822460
24,83,2.820025
25,83,2.817494
26,83,2.822597
27,83,2.823754
28,83,2.817137
29,83,2.823915
30,83,2.822922
31,83,2.821854
32,83,2.838037
33,83,2.834895
34,83,2.837449
35,83,2.839944
36,83,2.836591
37,83,2.835084
38,83,2.839301
39,83,2.833809
40,83,2.832115
41,83,2.838063
42,83,2.838158
43,83,2.838201
44,83,2.840109
45,83,2.838104
46,83,2.843734
47,83,2.837757
48,83,2.843280
49,83,2.837176
50,83,2.846438
51,83,2.844085
52,83,2.837824
53,83,2.850771
54,83,2.846315
55,83,2.849522
56,83,2.843044
57,83,2.842292
58,83,2.841487
59,83,2.834851
60,83,2.835869
61,83,2.840689
62,83,2.835815
63,83,2.836681
64,83,2.850981
65,83,2.849821
66,83,2.856175
67,83,2.852999
68,83,2.843996
69,83,2.854207
70,83,2.858591
71,83,2.857147
72,83,2.847950
73,83,2.856042
74,83,2.852528
75,83,2.852831
76,83,2.849222
77,83,2.855197
78,83,2.849567
79,83,2.857374
80,83,2.853575
81,83,2.857433
82,83,2.853542
83,83,2.857298
84,83,2.849449
85,83,2.853110
86,83,2.856724
87,83,2.856449
88,83,2.846483
89,83,2.851880
90,83,2.855315
91,83,2.856764
92,83,2.852385
93,83,2.853749
94,83,2.853126
95,83,2.856307
96,83,2.860014
97,83,2.856425
98,83,2.852802
99,83,2.849120
100,83,2.853108
101,83,2.849331
102,83,2.853226
103,83,2.853208
104,83,2.849303
105,83,2.849192
106,83,2.852899
107,83,2.856558
108,83,2.852437
109,83,2.855994
110,83,2.855643
111,83,2.855249
112,83,2.860624
113,83,2.849614
114,83,2.850100
115,83,2.842834
116,83,2.847087
117,83,2.847432
118,83,2.851576
119,83,2.855682
120,83,2.852031
121,83,2.856041
122,83,2.848442
123,83,2.844650
124,83,2.840810
125,83,2.852333
126,83,2.840690
127,83,2.844411
128,83,2.840268
129,83,2.837225
130,83,2.845695
131,83,2.834836
132,83,2.835499
133,83,2.832260
134,83,2.832812
135,83,2.829473
136,83,2.837635
137,83,2.836124
138,83,2.836503
139,83,2.840667
140,83,2.842863
141,83,2.835373
142,83,2.835558
143,83,2.835681
144,83,2.851166
145,83,2.847340
146,83,2.843479
147,83,2.847262
148,83,2.845224
149,83,2.850838
150,83,2.846773
151,83,2.848452
152,83,2.850073
153,83,2.853584
154,83,2.849330
155,83,2.852746
156,83,2.840692
157,83,2.847865
158,83,2.837641
159,83,2.835086
160,83,2.846672
161,83,2.839265
162,83,2.851076
163,83,2.843563
164,83,2.843720
165,83,2.851536
166,83,2.843882
167,83,2.847750
168,83,2.847719
169,83,2.851482
170,83,2.851357
171,83,2.847331
172,83,2.835553
173,83,2.835286
174,83,2.834960
175,83,2.830664
176,83,2.845656
177,83,2.841336
178,83,2.836968
179,83,2.840257
180,83,2.835791
181,83,2.842824
182,83,2.842114
183,83,2.841355
184,83,2.844399
185,83,2.851246
186,83,2.850337
187,83,2.841671
188,83,2.832955
189,83,2.835746
190,83,2.827156
191,83,2.833706
192,83,2.840203
193,83,2.838942
194,83,2.833785
195,83,2.840122
196,83,2.834845
197,83,2.844924
198,83,2.843389
199,83,2.837945
200,83,2.840148
201,83,2.846147
202,83,2.844393
203,83,2.846421
204,83,2.829125
205,83,2.834884
206,83,2.829023
207,83,2.830817
208,83,2.832535
209,83,2.830336
210,83,2.831936
211,83,2.829605
212,83,2.827206
213,83,2.832444
214,83,2.829918
215,83,2.835015
216,83,2.828481
217,83,2.837296
218,83,2.838319
219,83,2.831573
220,83,2.824736
221,83,2.821673
222,83,2.826247
223,83,2.826874
224,83,2.823576
225,83,2.820180
226,83,2.820550
227,83,2.816990
228,83,2.824885
229,83,2.821140
230,83,2.817289
231,83,2.817204
232,83,2.817009
233,83,2.820576
234,83,2.820186
235,83,2.819678
236,83,2.803661
237,83,2.802931
238,83,2.809805
239,83,2.808843
240,83,2.803920
241,83,2.798874
242,83,2.797541
243,83,2.803796
244,83,2.798359
245,83,2.804330
246,83,2.806320
247,83,2.800460
248,83,2.805995
249,83,2.807537
250,83,2.805069
251,83,2.798585
252,83,2.788067
253,83,2.792801
254,83,2.785799
255,83,2.786319
0,84,2.800727
1,84,2.806647
2,84,2.808578
3,84,2.806503
4,84,2.800435
5,84,2.809656
6,84,2.799469
7,84,2.808430
8,84,2.805696
9,84,2.802852
10,84,2.803730
11,84,2.800640
12,84,2.805154
13,84,2.801841
14,84,2.802284
15,84,2.800685
16,84,2.822110
17,84,2.826087
18,84,2.824197
19,84,2.822200
20,84,2.825900
21,84,2.825654
22,84,2.829161
23,84,2.821032
24,84,2.824364
25,84,2.823769
26,84,2.823092
27,84,2.818469
28,84,2.817630
29,84,2.816703
30,84,2.819561
31,84,2.818492
32,84,2.838528
33,84,2.833459
34,84,2.841803
35,84,2.836591
36,84,2.842858
37,84,2.845215
38,84,2.839799
39,84,2.842023
40,84,2.836466
41,84,2.838560
42,84,2.840592
43,84,2.838708
44,84,2.842532
45,84,2.842453
46,84,2.832682
47,84,2.834410
48,84,2.843786
49,84,2.841546
50,84,2.839249
51,84,2.848443
52,84,2.842182
53,84,2.847423
54,84,2.844905
55,84,2.838480
56,84,2.839707
57,84,2.840881
58,84,2.838150
59,84,2.843073
60,84,2.836386
61,84,2.833500
62,84,2.838269
63,84,2.839135
64,84,2.851510
65,84,2.844570
66,84,2.854919
67,84,2.857513
68,84,2.846574
69,84,2.852923
70,84,2.847666
71,84,2.855845
72,84,2.848575
73,84,2.856659
74,84,2.849283
75,84,2.849565
76,84,2.849800
77,84,2.851914
78,84,2.850139
79,84,2.850232
80,84,2.850277
81,84,2.857981
82,84,2.854080
83,84,2.852068
84,84,2.851925
85,84,2.857514
86,84,2.857287
87,84,2.857002
88,84,2.856669
89,84,2.854373
90,84,2.855871
91,84,2.857321
92,84,2.851028
93,84,2.846602
94,84,2.853697
95,84,2.849174
96,84,2.860579
97,84,2.856991
98,84,2.857210
99,84,2.861244
100,84,2.853674
101,84,2.857604
102,84,2.853793
103,84,2.853776
104,84,2.857577
105,84,2.857467
106,84,2.853468
107,84,2.857128
108,84,2.849150
109,84,2.848859
110,84,2.856219
111,84,2.851969
112,84,2.857355
113,84,2.850185
114,84,2.842977
115,84,2.851120
116,84,2.847659
117,84,2.848010
118,84,2.848306
119,84,2.852412
120,84,2.852603
121,84,2.852760
122,84,2.845162
123,84,2.856780
124,84,2.849087
125,84,2.849051
126,84,2.852820
127,84,2.848835
128,84,2.844699
129,84,2.841655
130,84,2.842419
131,84,2.835413
132,84,2.834149
133,84,2.832823
134,84,2.835313
135,84,2.837753
136,84,2.834367
137,84,2.838635
138,84,2.838994
139,84,2.835460
140,84,2.837650
141,84,2.843661
142,84,2.839981
143,84,2.832397
144,84,2.847884
145,84,2.855627
146,84,2.849827
147,84,2.853612
148,84,2.851571
149,84,2.849480
150,84,2.843489
151,84,2.847094
152,84,2.850641
153,84,2.858004
154,84,2.853751
155,84,2.853314
156,84,2.841260
157,84,2.836864
158,84,2.845915
159,84,2.835654
160,84,2.851092
161,84,2.855243
162,84,2.851630
163,84,2.844128
164,84,2.848126
165,84,2.848235
166,84,2.840592
167,84,2.836743
168,84,2.836711
169,84,2.852043
170,84,2.840348
171,84,2.847880
172,84,2.828396
173,84,2.835823
174,84,2.831655
175,84,2.835145
176,84,2.850145
177,84,2.845834
178,84,2.845317
179,84,2.840910
180,84,2.844160
181,84,2.847361
182,84,2.838955
183,84,2.842058
184,84,2.841248
185,84,2.848104
186,84,2.843353
187,84,2.842403
188,84,2.833697
189,84,2.836498
190,84,2.839247
191,84,2.830386
192,84,2.848442
193,84,2.843328
194,84,2.838160
195,84,2.840644
196,84,2.843073
197,84,2.841594
198,84,2.840059
199,84,2.834615
200,84,2.836819
201,84,2.842819
202,84,2.837201
203,84,2.843082
204,84,2.833492
205,84,2.831557
206,84,2.825697
207,84,2.827479
208,84,2.836904
209,84,2.838559
210,84,2.832442
211,84,2.833964
212,84,2.835430
213,84,2.832963
214,84,2.830427
215,84,2.831672
216,84,2.829003
217,84,2.837807
218,84,2.831126
219,84,2.832074
220,84,2.817544
221,84,2.818336
222,84,2.822899
223,84,2.819674
224,84,2.827935
225,84,2.828394
226,84,2.824913
227,84,2.821353
228,84,2.817691
229,84,2.821653
230,84,2.817803
231,84,2.817709
232,84,2.813673
233,84,2.817230
234,84,2.820694
235,84,2.816335
236,84,2.804161
237,84,2.799592
238,84,2.810308
239,84,2.805507
240,84,2.804427
241,84,2.807087
242,84,2.801904
243,84,2.808161
244,84,2.806566
245,84,2.800993
246,84,2.795279
247,84,2.797114
248,84,2.798812
249,84,2.804196
250,84,2.805583
251,84,2.799088
252,84,2.788586
253,84,2.789470
254,84,2.782457
255,84,2.786833
0,85,2.808877
1,85,2.810953
2,85,2.809019
3,85,2.803099
4,85,2.808589
5,85,2.810102
6,85,2.796062
7,85,2.801168
8,85,2.800359
9,85,2.795587
10,85,2.804180
11,85,2.804942
12,85,2.803675
13,85,2.802288
14,85,2.800803
15,85,2.797286
16,85,2.820627
17,85,2.816907
18,85,2.822721
19,85,2.822651
20,85,2.826349
21,85,2.826102
22,85,2.818050
23,85,2.817625
24,85,2.820967
25,85,2.824214
26,85,2.815830
27,85,2.820849
28,85,2.818083
29,85,2.822934
30,85,2.820012
31,85,2.826648
32,85,2.840914
33,85,2.831991
34,85,2.842251
35,85,2.837039
36,85,2.835610
37,85,2.837967
38,85,2.836403
39,85,2.834773
40,85,2.836931
41,85,2.839016
42,85,2.841047
43,85,2.837236
44,85,2.841070
45,85,2.833285
46,85,2.836998
47,85,2.838726
48,85,2.848102
49,85,2.838156
50,85,2.839711
51,85,2.845064
52,85,2.846507
53,85,2.847896
54,85,2.847304
55,85,2.842805
56,85,2.844032
57,85,2.837501
58,85,2.834770
59,85,2.839693
60,85,2.833006
61,85,2.837826
62,85,2.840669
63,85,2.847314
64,85,2.851983
65,85,2.846980
66,85,2.849624
67,85,2.850292
68,85,2.858617
69,85,2.859188
70,85,2.848152
71,85,2.852488
72,85,2.849062
73,85,2.853293
74,85,2.855550
75,85,2.853906
76,85,2.846446
77,85,2.854340
78,85,2.850628
79,85,2.852648
80,85,2.854631
81,85,2.846925
82,85,2.852656
83,85,2.850645
84,85,2.858208
85,85,2.854166
86,85,2.859719
87,85,2.853655
88,85,2.849481
89,85,2.852954
90,85,2.850601
91,85,2.852062
92,85,2.851539
93,85,2.850977
94,85,2.848431
95,85,2.853551
96,85,2.861086
97,85,2.853656
98,85,2.853876
99,85,2.850205
100,85,2.858035
101,85,2.861976
102,85,2.854312
103,85,2.862002
104,85,2.842686
105,85,2.854136
106,85,2.857842
107,85,2.849944
108,85,2.853526
109,85,2.853229
110,85,2.849037
111,85,2.852495
112,85,2.854026
113,85,2.858425
114,85,2.858912
115,85,2.855507
116,85,2.852035
117,85,2.852386
118,85,2.852687
119,85,2.852935
120,85,2.853140
121,85,2.857146
122,85,2.857254
123,85,2.857303
124,85,2.853463
125,85,2.845721
126,85,2.857196
127,85,2.853212
128,85,2.845230
129,85,2.838331
130,85,2.842934
131,85,2.832088
132,85,2.836603
133,85,2.831434
134,85,2.835850
135,85,2.838280
136,85,2.842597
137,85,2.841078
138,85,2.837592
139,85,2.843689
140,85,2.836258
141,85,2.840331
142,85,2.840500
143,85,2.836772
144,85,2.852268
145,85,2.852296
146,85,2.856129
147,85,2.856060
148,85,2.850166
149,85,2.851927
150,85,2.844010
151,85,2.847614
152,85,2.843456
153,85,2.854671
154,85,2.846566
155,85,2.849971
156,85,2.849485
157,85,2.848942
158,85,2.848361
159,85,2.847722
160,85,2.847759
161,85,2.851899
162,85,2.840590
163,85,2.844635
164,85,2.844790
165,85,2.848741
166,85,2.841097
167,85,2.841111
168,85,2.837215
169,85,2.856399
170,85,2.840851
171,85,2.840677
172,85,2.848161
173,85,2.851736
174,85,2.847567
175,85,2.843351
176,85,2.846783
177,85,2.842471
178,85,2.838112
179,85,2.849115
180,85,2.844649
181,85,2.847850
182,85,2.847149
183,85,2.838693
184,85,2.837894
185,85,2.837035
186,85,2.843841
187,85,2.842891
188,85,2.845743
189,85,2.844691
190,85,2.839735
191,85,2.842423
192,85,2.837362
193,85,2.839953
194,85,2.838639
195,85,2.844975
196,85,2.839699
197,85,2.842073
198,85,2.836686
199,85,2.838947
200,85,2.833446
201,85,2.839446
202,85,2.841534
203,85,2.843563
204,85,2.837826
205,85,2.843586
206,85,2.841579
207,85,2.839510
208,85,2.841230
209,85,2.835179
210,85,2.840622
211,85,2.834439
212,85,2.839748
213,85,2.833429
214,85,2.834746
215,85,2.828296
216,85,2.825617
217,85,2.834423
218,85,2.839301
219,85,2.828692
220,85,2.829563
221,85,2.830356
222,85,2.834930
223,85,2.827854
224,85,2.828400
225,85,2.825007
226,85,2.825380
227,85,2.821821
228,85,2.814307
229,85,2.818260
230,85,2.822117
231,85,2.814328
232,85,2.821842
233,85,2.813842
234,85,2.817307
235,85,2.816802
236,85,2.816188
237,85,2.815473
238,85,2.814633
239,85,2.813675
240,85,2.804902
241,85,2.799847
242,85,2.798519
243,85,2.800924
244,85,2.807037
245,85,2.805318
246,85,2.799595
247,85,2.797579
248,85,2.803131
249,85,2.804666
250,85,2.806054
251,85,2.799562
252,85,2.800620
253,85,2.805347
254,85,2.794496
255,85,2.795009
0,86,2.801575
1,86,2.803649
2,86,2.810570
3,86,2.804611
4,86,2.810083
5,86,2.800008
6,86,2.801352
7,86,2.804505
8,86,2.799828
9,86,2.804652
10,86,2.797810
11,86,2.802410
12,86,2.799193
13,86,2.799710
14,86,2.800129
15,86,2.798517
16,86,2.821845
17,86,2.820022
18,86,2.823889
19,86,2.823808
20,86,2.819781
21,86,2.823368
22,86,2.826865
23,86,2.822560
24,86,2.818178
25,86,2.825270
26,86,2.816869
27,86,2.823797
28,86,2.817162
29,86,2.822007
30,86,2.819060
31,86,2.823753
32,86,2.841858
33,86,2.836772
34,86,2.829183
35,86,2.837455
36,86,2.837953
37,86,2.842235
38,86,2.832965
39,86,2.842893
40,86,2.837345
41,86,2.841365
42,86,2.829911
43,86,2.835732
44,86,2.833786
45,86,2.843338
46,86,2.839346
47,86,2.839148
48,86,2.848523
49,86,2.842430
50,86,2.840132
51,86,2.845484
52,86,2.845001
53,86,2.848317
54,86,2.843872
55,86,2.847087
56,86,2.836756
57,86,2.841783
58,86,2.835200
59,86,2.836270
60,86,2.839215
61,86,2.838256
62,86,2.843034
63,86,2.836195
64,86,2.856276
65,86,2.853190
66,86,2.850055
67,86,2.850732
68,86,2.859058
69,86,2.851923
70,86,2.852446
71,86,2.854856
72,86,2.845651
73,86,2.849882
74,86,2.854067
75,86,2.850506
76,86,2.854595
77,86,2.854785
78,86,2.847230
79,86,2.851177
80,86,2.855077
81,86,2.851234
82,86,2.855040
83,86,2.853028
84,86,2.854814
85,86,2.854625
86,86,2.850546
87,86,2.850263
88,86,2.851868
89,86,2.857269
90,86,2.856852
91,86,2.846746
92,86,2.846233
93,86,2.859148
94,86,2.846980
95,86,2.850166
96,86,2.865409
97,86,2.854118
98,86,2.858199
99,86,2.846823
100,86,2.854654
101,86,2.850890
102,86,2.850922
103,86,2.854769
104,86,2.854717
105,86,2.854609
106,86,2.842905
107,86,2.850418
108,86,2.854005
109,86,2.849851
110,86,2.845653
111,86,2.852971
112,86,2.858376
113,86,2.855049
114,86,2.859397
115,86,2.852130
116,86,2.852528
117,86,2.849018
118,86,2.849310
119,86,2.849558
120,86,2.857468
121,86,2.857621
122,86,2.853877
123,86,2.853936
124,86,2.846242
125,86,2.853911
126,86,2.853828
127,86,2.849844
128,86,2.845721
129,86,2.842673
130,86,2.839571
131,86,2.846062
132,86,2.852503
133,86,2.849250
134,86,2.838254
135,86,2.834905
136,86,2.843075
137,86,2.839629
138,86,2.826520
139,86,2.828758
140,86,2.844438
141,86,2.833097
142,86,2.840975
143,86,2.833401
144,86,2.848889
145,86,2.848917
146,86,2.845044
147,86,2.844987
148,86,2.844859
149,86,2.852400
150,86,2.848336
151,86,2.855792
152,86,2.849708
153,86,2.858987
154,86,2.848964
155,86,2.850444
156,86,2.857663
157,86,2.845562
158,86,2.852677
159,86,2.848195
160,86,2.844369
161,86,2.840812
162,86,2.841051
163,86,2.845105
164,86,2.841398
165,86,2.849210
166,86,2.845409
167,86,2.841569
168,86,2.841526
169,86,2.853004
170,86,2.849014
171,86,2.844987
172,86,2.844765
173,86,2.836781
174,86,2.840317
175,86,2.847650
176,86,2.839532
177,86,2.842926
178,86,2.838557
179,86,2.838001
180,86,2.841250
181,86,2.844442
182,86,2.839888
183,86,2.846843
184,86,2.842190
185,86,2.845184
186,86,2.844285
187,86,2.839482
188,86,2.838481
189,86,2.841273
190,86,2.840169
191,86,2.839014
192,86,2.833953
193,86,2.828839
194,86,2.839074
195,86,2.837705
196,86,2.836281
197,86,2.834803
198,86,2.837121
199,86,2.839383
200,86,2.837735
201,86,2.843726
202,86,2.834256
203,86,2.836285
204,86,2.842107
205,86,2.840162
206,86,2.838155
207,86,2.832234
208,86,2.830101
209,86,2.831757
210,86,2.833347
211,86,2.834871
212,86,2.832474
213,86,2.830009
214,86,2.831326
215,86,2.840279
216,86,2.826042
217,86,2.834849
218,86,2.832022
219,86,2.829119
220,86,2.826139
221,86,2.830785
222,86,2.828281
223,86,2.821223
224,86,2.825639
225,86,2.826118
226,86,2.814960
227,86,2.826821
228,86,2.819327
229,86,2.823300
230,86,2.815619
231,86,2.819400
232,86,2.815376
233,86,2.818966
234,86,2.814737
235,86,2.818108
236,86,2.813665
237,86,2.812964
238,86,2.808296
239,86,2.807373
240,86,2.798615
241,86,2.797440
242,86,2.792287
243,86,2.798571
244,86,2.804714
245,86,2.803014
246,86,2.801174
247,86,2.799200
248,86,2.800920
249,86,2.798635
250,86,2.800056
251,86,2.805159
252,86,2.794683
253,86,2.787899
254,86,2.791069
255,86,2.791585
0,87,2.803147
1,87,2.803254
2,87,2.799371
3,87,2.816538
4,87,2.808523
5,87,2.808079
6,87,2.809423
7,87,2.802942
8,87,2.800189
9,87,2.801169
10,87,2.800104
11,87,2.798924
12,87,2.795706
13,87,2.798149
14,87,2.796640
15,87,2.796953
16,87,2.820281
17,87,2.820392
18,87,2.820406
19,87,2.831882
20,87,2.825927
21,87,2.827587
22,87,2.819525
23,87,2.821007
24,87,2.822403
25,87,2.817936
26,87,2.819166
27,87,2.820315
28,87,2.819458
29,87,2.814670
30,87,2.819437
31,87,2.818351
32,87,2.842233
33,87,2.833295
34,87,2.833917
35,87,2.846027
36,87,2.840731
37,87,2.839220
38,87,2.841495
39,87,2.839851
40,87,2.841996
41,87,2.838297
42,87,2.838389
43,87,2.832639
44,87,2.838386
45,87,2.836376
46,87,2.837799
47,87,2.837600
48,87,2.845049
49,87,2.838956
50,87,2.840511
51,87,2.849724
52,87,2.847315
53,87,2.844851
54,87,2.842332
55,87,2.843613
56,87,2.840995
57,87,2.842170
58,87,2.839439
59,87,2.836657
60,87,2.837676
61,87,2.842504
62,87,2.835716
63,87,2.840436
64,87,2.852819
65,87,2.849733
66,87,2.846599
67,87,2.854973
68,87,2.853675
69,87,2.852320
70,87,2.852844
71,87,2.853327
72,87,2.853754
73,87,2.854134
74,87,2.854474
75,87,2.850905
76,87,2.847297
77,87,2.851340
78,87,2.851483
79,87,2.855439
80,87,2.855487
81,87,2.851644
82,87,2.849672
83,87,2.859219
84,87,2.859079
85,87,2.862752
86,87,2.856738
87,87,2.858391
88,87,2.856135
89,87,2.855766
90,87,2.853415
91,87,2.847172
92,87,2.848578
93,87,2.851870
94,87,2.843547
95,87,2.842889
96,87,2.858127
97,87,2.858395
98,87,2.847065
99,87,2.858797
100,87,2.851226
101,87,2.855167
102,87,2.851347
103,87,2.855195
104,87,2.851290
105,87,2.855036
106,87,2.854890
107,87,2.854697
108,87,2.854431
109,87,2.846420
110,87,2.849934
111,87,2.849539
112,87,2.851099
113,87,2.855485
114,87,2.855973
115,87,2.856411
116,87,2.852956
117,87,2.849445
118,87,2.853599
119,87,2.857700
120,87,2.861757
121,87,2.858052
122,87,2.854304
123,87,2.854364
124,87,2.858228
125,87,2.850486
126,87,2.850403
127,87,2.854125
128,87,2.838449
129,87,2.839253
130,87,2.843856
131,87,2.852273
132,87,2.845216
133,87,2.853534
134,87,2.823263
135,87,2.823785
136,87,2.835807
137,87,2.840066
138,87,2.817316
139,87,2.834965
140,87,2.827529
141,87,2.829672
142,87,2.841411
143,87,2.837680
144,87,2.849314
145,87,2.849343
146,87,2.845471
147,87,2.841559
148,87,2.841432
149,87,2.841268
150,87,2.848762
151,87,2.850438
152,87,2.867471
153,87,2.865192
154,87,2.847463
155,87,2.850869
156,87,2.844595
157,87,2.840208
158,87,2.839618
159,87,2.848620
160,87,2.844794
161,87,2.837375
162,87,2.841475
163,87,2.837814
164,87,2.837967
165,87,2.845771
166,87,2.838125
167,87,2.830423
168,87,2.868916
169,87,2.857268
170,87,2.841728
171,87,2.845398
172,87,2.845175
173,87,2.841044
174,87,2.844579
175,87,2.840354
176,87,2.839942
177,87,2.839474
178,87,2.835113
179,87,2.838410
180,87,2.841650
181,87,2.840997
182,87,2.836435
183,87,2.835684
184,87,2.858000
185,87,2.857143
186,87,2.848537
187,87,2.836028
188,87,2.835019
189,87,2.841673
190,87,2.840569
191,87,2.835560
192,87,2.830491
193,87,2.833082
194,87,2.835620
195,87,2.834244
196,87,2.840526
197,87,2.839047
198,87,2.837513
199,87,2.832069
200,87,2.853530
201,87,2.855677
202,87,2.838502
203,87,2.840531
204,87,2.830942
205,87,2.836695
206,87,2.834689
207,87,2.836473
208,87,2.834340
209,87,2.832144
210,87,2.828414
211,87,2.831870
212,87,2.829488
213,87,2.834742
214,87,2.828369
215,87,2.829631
216,87,2.853937
217,87,2.847348
218,87,2.831052
219,87,2.833945
220,87,2.834834
221,87,2.827938
222,87,2.820962
223,87,2.825463
224,87,2.822175
225,87,2.818801
226,87,2.815341
227,87,2.823350
228,87,2.815857
229,87,2.815978
230,87,2.812151
231,87,2.804375
232,87,2.823469
233,87,2.830904
234,87,2.815118
235,87,2.818490
236,87,2.814049
237,87,2.809496
238,87,2.808682
239,87,2.807751
240,87,2.795142
241,87,2.801674
242,87,2.792669
243,87,2.795102
244,87,2.797393
245,87,2.799548
246,87,2.797710
247,87,2.799580
248,87,2.820566
249,87,2.814431
250,87,2.804294
251,87,2.805546
252,87,2.791220
253,87,2.792133
254,87,2.789017
255,87,2.789582
0,88,2.805396
1,88,2.809363
2,88,2.811258
3,88,2.809159
4,88,2.810775
5,88,2.808404
6,88,2.802049
7,88,2.803272
8,88,2.802438
9,88,2.801490
10,88,2.802350
11,88,2.799243
12,88,2.799877
13,88,2.794621
14,88,2.796971
15,88,2.797284
16,88,2.824463
17,88,2.828426
18,88,2.828439
19,88,2.828356
20,88,2.828180
21,88,2.829839
22,88,2.819850
23,88,2.823258
24,88,2.815021
25,88,2.825965
26,88,2.821415
27,88,2.816784
28,88,2.815926
29,88,2.814998
30,88,2.821691
31,88,2.818678
32,88,2.834854
33,88,2.841327
34,88,2.843875
35,88,2.846353
36,88,2.841063
37,88,2.839552
38,88,2.841827
39,88,2.838257
40,88,2.840401
41,88,2.840562
42,88,2.838727
43,88,2.836830
44,88,2.836798
45,88,2.836706
46,88,2.834635
47,88,2.836351
48,88,2.847641
49,88,2.851168
50,88,2.852719
51,88,2.850355
52,88,2.847935
53,88,2.845187
54,88,2.846529
55,88,2.843957
56,88,2.841332
57,88,2.838660
58,88,2.843636
59,88,2.840854
60,88,2.839953
61,88,2.835142
62,88,2.839913
63,88,2.836934
64,88,2.851237
65,88,2.853931
66,88,2.858509
67,88,2.859179
68,88,2.852101
69,88,2.856526
70,88,2.860903
71,88,2.853680
72,88,2.854108
73,88,2.858348
74,88,2.852902
75,88,2.851267
76,88,2.847652
77,88,2.855556
78,88,2.851846
79,88,2.853876
80,88,2.855852
81,88,2.855861
82,88,2.855816
83,88,2.865363
84,88,2.855592
85,88,2.859266
86,88,2.862885
87,88,2.847200
88,88,2.856504
89,88,2.854209
90,88,2.849940
91,88,2.849469
92,88,2.848956
93,88,2.844536
94,88,2.838148
95,88,2.847123
96,88,2.862348
97,88,2.858771
98,88,2.862852
99,88,2.859174
100,88,2.851603
101,88,2.861323
102,88,2.855578
103,88,2.855573
104,88,2.855521
105,88,2.847716
106,88,2.851416
107,88,2.843474
108,88,2.850953
109,88,2.846808
110,88,2.850314
111,88,2.853773
112,88,2.855332
113,88,2.855876
114,88,2.848655
115,88,2.856807
116,88,2.857189
117,88,2.842127
118,88,2.850127
119,88,2.854231
120,88,2.862137
121,88,2.850734
122,88,2.854692
123,88,2.854752
124,88,2.858616
125,88,2.858580
126,88,2.854644
127,88,2.854513
128,88,2.838842
129,88,2.851204
130,88,2.848101
131,88,2.848812
132,88,2.845607
133,88,2.848145
134,88,2.846770
135,88,2.828019
136,88,2.828474
137,88,2.825036
138,88,2.825396
139,88,2.829567
140,88,2.829838
141,88,2.841618
142,88,2.837935
143,88,2.838060
144,88,2.849693
145,88,2.847796
146,88,2.849711
147,88,2.845792
148,88,2.849544
149,88,2.849352
150,88,2.872265
151,88,2.872007
152,88,2.848585
153,88,2.863644
154,88,2.859399
155,88,2.847394
156,88,2.843047
157,88,2.846365
158,88,2.849628
159,88,2.843211
160,88,2.845171
161,88,2.841605
162,88,2.837991
163,88,2.842043
164,88,2.838335
165,88,2.838440
166,88,2.865461
167,88,2.861613
168,88,2.846166
169,88,2.861487
170,88,2.857505
171,88,2.841910
172,88,2.837834
173,88,2.845262
174,88,2.841091
175,88,2.840718
176,88,2.840305
177,88,2.843690
178,88,2.831623
179,88,2.838765
180,88,2.834307
181,88,2.837500
182,88,2.863767
183,88,2.855303
184,88,2.839091
185,88,2.857498
186,88,2.852745
187,88,2.836383
188,88,2.835374
189,88,2.838175
190,88,2.833211
191,88,2.839760
192,88,2.834699
193,88,2.833430
194,88,2.835968
195,88,2.838452
196,88,2.837021
197,88,2.835543
198,88,2.857125
199,88,2.859380
200,88,2.838468
201,88,2.859879
202,88,2.846549
203,88,2.837391
204,88,2.839372
205,88,2.833587
206,88,2.827734
207,88,2.837236
208,88,2.831264
209,88,2.829081
210,88,2.826825
211,88,2.828363
212,88,2.837539
213,88,2.835088
214,88,2.855685
215,88,2.849234
216,88,2.835013
217,88,2.851541
218,88,2.841025
219,88,2.830434
220,88,2.823610
221,88,2.828274
222,88,2.821298
223,88,2.821947
224,88,2.822512
225,88,2.822992
226,88,2.827238
227,88,2.823682
228,88,2.823896
229,88,2.820165
230,88,2.835603
231,88,2.835533
232,88,2.804541
233,88,2.827388
234,88,2.830868
235,88,2.814977
236,88,2.806684
237,88,2.809837
238,88,2.809024
239,88,2.811948
240,88,2.795487
241,88,2.798168
242,88,2.796862
243,88,2.799288
244,88,2.790022
245,88,2.796031
246,88,2.821164
247,88,2.815330
248,88,2.793945
249,88,2.814780
250,88,2.808489
251,88,2.794331
252,88,2.799271
253,88,2.788628
254,88,2.793220
255,88,2.786071
0,89,2.803753
1,89,2.805792
2,89,2.799981
3,89,2.801734
4,89,2.811054
5,89,2.808688
6,89,2.806185
7,89,2.807407
8,89,2.796948
9,89,2.801778
10,89,2.793006
11,89,2.799530
12,89,2.800162
13,89,2.796839
14,89,2.793402
15,89,2.793713
16,89,2.822819
17,89,2.828708
18,89,2.821014
19,89,2.820937
20,89,2.826539
21,89,2.828198
22,89,2.823987
23,89,2.823542
24,89,2.826864
25,89,2.820475
26,89,2.813999
27,89,2.817073
28,89,2.816215
29,89,2.815285
30,89,2.818125
31,89,2.820891
32,89,2.835141
33,89,2.841619
34,89,2.840314
35,89,2.833160
36,89,2.841348
37,89,2.843696
38,89,2.838265
39,89,2.838547
40,89,2.846476
41,89,2.836999
42,89,2.835163
43,89,2.833272
44,89,2.835167
45,89,2.833149
46,89,2.838782
47,89,2.832793
48,89,2.846010
49,89,2.847617
50,89,2.841455
51,89,2.846797
52,89,2.850162
53,89,2.845761
54,89,2.843232
55,89,2.842582
56,89,2.841873
57,89,2.835338
58,89,2.836231
59,89,2.841155
60,89,2.838328
61,89,2.843149
62,89,2.836368
63,89,2.841089
64,89,2.851544
65,89,2.858092
66,89,2.854964
67,89,2.851782
68,89,2.852409
69,89,2.860688
70,89,2.849660
71,89,2.850136
72,89,2.856350
73,89,2.849026
74,89,2.847439
75,89,2.851578
76,89,2.851822
77,89,2.853940
78,89,2.852164
79,89,2.844556
80,89,2.856171
81,89,2.856174
82,89,2.852283
83,89,2.850272
84,89,2.859766
85,89,2.851881
86,89,2.851649
87,89,2.851375
88,89,2.851054
89,89,2.852606
90,89,2.846411
91,89,2.849800
92,89,2.847355
93,89,2.848721
94,89,2.838481
95,89,2.845523
96,89,2.858825
97,89,2.855248
98,89,2.851617
99,89,2.855651
100,89,2.863492
101,89,2.855874
102,89,2.852056
103,89,2.855904
104,89,2.855852
105,89,2.851900
106,89,2.847861
107,89,2.847659
108,89,2.843579
109,89,2.850993
110,89,2.850647
111,89,2.846401
112,89,2.851824
113,89,2.856209
114,89,2.856694
115,89,2.849434
116,89,2.849823
117,89,2.854024
118,89,2.854319
119,89,2.854564
120,89,2.854764
121,89,2.858772
122,89,2.855025
123,89,2.855085
124,89,2.858949
125,89,2.862765
126,89,2.851124
127,89,2.854846
128,89,2.850737
129,89,2.847688
130,89,2.840731
131,89,2.841442
132,89,2.842090
133,89,2.842701
134,89,2.822062
135,89,2.828354
136,89,2.828808
137,89,2.829229
138,89,2.825736
139,89,2.826054
140,89,2.826318
141,89,2.826539
142,89,2.824782
143,89,2.821052
144,89,2.853878
145,89,2.848134
146,89,2.846189
147,89,2.846124
148,89,2.847949
149,89,2.845867
150,89,2.845626
151,89,2.849221
152,89,2.846989
153,89,2.867828
154,89,2.863582
155,89,2.843872
156,89,2.843378
157,89,2.838984
158,89,2.838400
159,89,2.845468
160,89,2.841642
161,89,2.841935
162,89,2.842174
163,89,2.838513
164,89,2.838664
165,89,2.842615
166,89,2.838813
167,89,2.834971
168,89,2.842633
169,89,2.861808
170,89,2.853972
171,89,2.838377
172,89,2.842006
173,89,2.837875
174,89,2.837550
175,89,2.837184
176,89,2.844470
177,89,2.840156
178,89,2.835788
179,89,2.835230
180,89,2.834619
181,89,2.841670
182,89,2.844814
183,89,2.832504
184,89,2.843255
185,89,2.857815
186,89,2.860761
187,89,2.840546
188,89,2.835685
189,89,2.834632
190,89,2.833522
191,89,2.828513
192,89,2.831150
193,89,2.837594
194,89,2.836273
195,89,2.838756
196,89,2.833474
197,89,2.831995
198,89,2.838478
199,89,2.833040
200,89,2.835256
201,89,2.852820
202,89,2.851067
203,89,2.833844
204,89,2.831967
205,89,2.830035
206,89,2.831894
207,89,2.833685
208,89,2.831565
209,89,2.833235
210,89,2.827127
211,89,2.828665
212,89,2.833989
213,89,2.831532
214,89,2.825159
215,89,2.830274
216,89,2.827606
217,89,2.851840
218,89,2.845177
219,89,2.830726
220,89,2.823910
221,89,2.824721
222,89,2.825452
223,89,2.822242
224,89,2.826661
225,89,2.827141
226,89,2.819829
227,89,2.820128
228,89,2.820342
229,89,2.816611
230,89,2.808933
231,89,2.812710
232,89,2.808689
233,89,2.823831
234,89,2.827312
235,89,2.811422
236,89,2.803129
237,89,2.806277
238,89,2.809318
239,89,2.808389
240,89,2.795783
241,89,2.798464
242,89,2.797167
243,89,2.795734
244,89,2.801881
245,89,2.800185
246,89,2.798350
247,89,2.800223
248,89,2.794242
249,89,2.811226
250,89,2.816495
251,89,2.798479
252,89,2.795714
253,89,2.792778
254,89,2.793519
255,89,2.794077
0,90,2.800143
1,90,2.809894
2,90,2.804081
3,90,2.805833
4,90,2.811300
5,90,2.812785
6,90,2.806429
7,90,2.807650
8,90,2.802969
9,90,2.798172
10,90,2.797105
11,90,2.799776
12,90,2.792702
13,90,2.797083
14,90,2.793645
15,90,2.797809
16,90,2.824988
17,90,2.825102
18,90,2.817408
19,90,2.821177
20,90,2.832564
21,90,2.828443
22,90,2.831938
23,90,2.823792
24,90,2.819408
25,90,2.822645
26,90,2.821952
27,90,2.817321
28,90,2.818389
29,90,2.815532
30,90,2.814519
31,90,2.813432
32,90,2.831539
33,90,2.839938
34,90,2.836712
35,90,2.843042
36,90,2.845451
37,90,2.843945
38,90,2.846220
39,90,2.840723
40,90,2.846725
41,90,2.839174
42,90,2.837344
43,90,2.841226
44,90,2.833494
45,90,2.833402
46,90,2.831325
47,90,2.834973
48,90,2.855895
49,90,2.849796
50,90,2.845561
51,90,2.847055
52,90,2.848488
53,90,2.846019
54,90,2.847344
55,90,2.850546
56,90,2.844058
57,90,2.839449
58,90,2.834783
59,90,2.841628
60,90,2.833006
61,90,2.841676
62,90,2.840479
63,90,2.841353
64,90,2.849877
65,90,2.854504
66,90,2.843665
67,90,2.852046
68,90,2.854595
69,90,2.860953
70,90,2.849925
71,90,2.854255
72,90,2.854689
73,90,2.851218
74,90,2.847705
75,90,2.851850
76,90,2.844384
77,90,2.848434
78,90,2.846653
79,90,2.852535
80,90,2.860297
81,90,2.856448
82,90,2.852557
83,90,2.852472
84,90,2.856188
85,90,2.856009
86,90,2.855783
87,90,2.849725
88,90,2.855184
89,90,2.850963
90,90,2.844762
91,90,2.848151
92,90,2.845713
93,90,2.845148
94,90,2.842614
95,90,2.847736
96,90,2.859108
97,90,2.855525
98,90,2.851900
99,90,2.855934
100,90,2.856069
101,90,2.860005
102,90,2.856193
103,90,2.852335
104,90,2.852283
105,90,2.848306
106,90,2.848146
107,90,2.851797
108,90,2.847717
109,90,2.851272
110,90,2.850932
111,90,2.854398
112,90,2.859822
113,90,2.852643
114,90,2.856989
115,90,2.857425
116,90,2.846263
117,90,2.850457
118,90,2.850751
119,90,2.858708
120,90,2.851202
121,90,2.851358
122,90,2.855316
123,90,2.855376
124,90,2.855387
125,90,2.855351
126,90,2.847562
127,90,2.855137
128,90,2.847178
129,90,2.851833
130,90,2.833320
131,90,2.837883
132,90,2.838531
133,90,2.837215
134,90,2.835840
135,90,2.838278
136,90,2.825248
137,90,2.833368
138,90,2.829874
139,90,2.828260
140,90,2.830456
141,90,2.828747
142,90,2.825068
143,90,2.821343
144,90,2.850316
145,90,2.846492
146,90,2.842622
147,90,2.852187
148,90,2.846307
149,90,2.850005
150,90,2.842103
151,90,2.841799
152,90,2.845347
153,90,2.844995
154,90,2.840744
155,90,2.848008
156,90,2.843662
157,90,2.843120
158,90,2.842531
159,90,2.841899
160,90,2.841926
161,90,2.842212
162,90,2.842451
163,90,2.842648
164,90,2.842793
165,90,2.846744
166,90,2.839094
167,90,2.835246
168,90,2.839056
169,90,2.838972
170,90,2.838835
171,90,2.842505
172,90,2.838427
173,90,2.838149
174,90,2.837824
175,90,2.833605
176,90,2.840891
177,90,2.840423
178,90,2.836061
179,90,2.839350
180,90,2.834891
181,90,2.838084
182,90,2.841228
183,90,2.832770
184,90,2.835816
185,90,2.838818
186,90,2.841764
187,90,2.836954
188,90,2.839805
189,90,2.834894
190,90,2.837641
191,90,2.832627
192,90,2.831417
193,90,2.841708
194,90,2.836808
195,90,2.835444
196,90,2.834031
197,90,2.836411
198,90,2.838740
199,90,2.829449
200,90,2.835518
201,90,2.837671
202,90,2.832065
203,90,2.834101
204,90,2.832230
205,90,2.834145
206,90,2.836004
207,90,2.830090
208,90,2.831824
209,90,2.825782
210,90,2.831239
211,90,2.832777
212,90,2.830390
213,90,2.839498
214,90,2.829267
215,90,2.834382
216,90,2.827862
217,90,2.832832
218,90,2.826169
219,90,2.827131
220,90,2.824168
221,90,2.828832
222,90,2.821852
223,90,2.826354
224,90,2.823062
225,90,2.823543
226,90,2.820084
227,90,2.824237
228,90,2.816746
229,90,2.820721
230,90,2.816891
231,90,2.816822
232,90,2.808949
233,90,2.816380
234,90,2.816008
235,90,2.807824
236,90,2.807232
237,90,2.810388
238,90,2.809576
239,90,2.808643
240,90,2.796036
241,90,2.798719
242,90,2.797423
243,90,2.795991
244,90,2.798286
245,90,2.800444
246,90,2.798609
247,90,2.804331
248,90,2.798351
249,90,2.803778
250,90,2.793636
251,90,2.794886
252,90,2.795975
253,90,2.793040
254,90,2.789929
255,90,2.790483
0,91,2.800352
1,91,2.802390
2,91,2.800431
3,91,2.804113
4,91,2.803800
5,91,2.812989
6,91,2.802779
7,91,2.819412
8,91,2.805103
9,91,2.800300
10,91,2.793454
11,91,2.796128
12,91,2.796760
13,91,2.797286
14,91,2.793849
15,91,2.796086
16,91,2.817490
17,91,2.823378
18,91,2.821467
19,91,2.821384
20,91,2.825063
21,91,2.826721
22,91,2.824441
23,91,2.833628
24,91,2.819611
25,91,2.815147
26,91,2.822155
27,91,2.817527
28,91,2.812817
29,91,2.815738
30,91,2.818578
31,91,2.819421
32,91,2.831745
33,91,2.830515
34,91,2.836916
35,91,2.839399
36,91,2.841808
37,91,2.838374
38,91,2.836796
39,91,2.852494
40,91,2.839228
41,91,2.837460
42,91,2.835625
43,91,2.837585
44,91,2.835628
45,91,2.837467
46,91,2.835389
47,91,2.837110
48,91,2.846475
49,91,2.840375
50,91,2.838071
51,91,2.843413
52,91,2.846778
53,91,2.850083
54,91,2.839854
55,91,2.854610
56,91,2.846200
57,91,2.835811
58,91,2.836925
59,91,2.834138
60,91,2.839001
61,91,2.838039
62,91,2.837026
63,91,2.841737
64,91,2.852183
65,91,2.850867
66,91,2.851592
67,91,2.852267
68,91,2.850964
69,91,2.853468
70,91,2.846293
71,91,2.866035
72,91,2.851058
73,91,2.851445
74,91,2.847927
75,91,2.852072
76,91,2.850390
77,91,2.854436
78,91,2.844954
79,91,2.848910
80,91,2.848962
81,91,2.856677
82,91,2.852786
83,91,2.848849
84,91,2.860271
85,91,2.860092
86,91,2.852160
87,91,2.859588
88,91,2.847709
89,91,2.851194
90,91,2.850778
91,91,2.850310
92,91,2.845946
93,91,2.841534
94,91,2.840926
95,91,2.847975
96,91,2.855486
97,91,2.855761
98,91,2.852136
99,91,2.856171
100,91,2.856305
101,91,2.860242
102,91,2.852577
103,91,2.864130
104,91,2.856357
105,91,2.848543
106,91,2.852241
107,91,2.855888
108,91,2.847955
109,91,2.851510
110,91,2.847318
111,91,2.850776
112,91,2.856207
113,91,2.854224
114,91,2.853753
115,91,2.853812
116,91,2.846502
117,91,2.854548
118,91,2.850995
119,91,2.847388
120,91,2.851441
121,91,2.855449
122,91,2.851702
123,91,2.851761
124,91,2.851772
125,91,2.855589
126,91,2.847800
127,91,2.847669
128,91,2.843566
129,91,2.840516
130,91,2.841266
131,91,2.830418
132,91,2.834918
133,91,2.835529
134,91,2.824521
135,91,2.826959
136,91,2.825487
137,91,2.829747
138,91,2.826261
139,91,2.828499
140,91,2.826842
141,91,2.823211
142,91,2.825311
143,91,2.821581
144,91,2.846700
145,91,2.844803
146,91,2.846712
147,91,2.850499
148,91,2.846544
149,91,2.844467
150,91,2.846192
151,91,2.847870
152,91,2.845584
153,91,2.849085
154,91,2.840981
155,91,2.842466
156,91,2.843899
157,91,2.843358
158,91,2.838916
159,91,2.845984
160,91,2.846015
161,91,2.842448
162,91,2.842687
163,91,2.835174
164,91,2.846877
165,91,2.843126
166,91,2.843177
167,91,2.839329
168,91,2.835433
169,91,2.835348
170,91,2.835212
171,91,2.838881
172,91,2.834802
173,91,2.834525
174,91,2.838053
175,91,2.837681
176,91,2.837266
177,91,2.836799
178,91,2.836284
179,91,2.839578
180,91,2.835114
181,91,2.834454
182,91,2.837603
183,91,2.836846
184,91,2.839892
185,91,2.842893
186,91,2.841987
187,91,2.837178
188,91,2.832322
189,91,2.838969
190,91,2.837860
191,91,2.836939
192,91,2.835735
193,91,2.838336
194,91,2.833173
195,91,2.835663
196,91,2.838102
197,91,2.828924
198,91,2.838958
199,91,2.833521
200,91,2.831879
201,91,2.834037
202,91,2.832280
203,91,2.834321
204,91,2.836297
205,91,2.826659
206,91,2.828514
207,91,2.834159
208,91,2.828186
209,91,2.837557
210,91,2.827602
211,91,2.829136
212,91,2.830607
213,91,2.832005
214,91,2.829485
215,91,2.834595
216,91,2.831933
217,91,2.825340
218,91,2.826383
219,91,2.823493
220,91,2.824383
221,91,2.821337
222,91,2.814363
223,91,2.826566
224,91,2.823279
225,91,2.823756
226,91,2.820297
227,91,2.820598
228,91,2.816960
229,91,2.820931
230,91,2.817106
231,91,2.811254
232,91,2.813013
233,91,2.816597
234,91,2.812368
235,91,2.811890
236,91,2.807447
237,91,2.810603
238,91,2.805934
239,91,2.808859
240,91,2.800102
241,91,2.798932
242,91,2.801489
243,91,2.796206
244,91,2.798502
245,91,2.800656
246,91,2.806527
247,91,2.796843
248,91,2.798565
249,91,2.803992
250,91,2.797704
251,91,2.795103
252,91,2.792340
253,91,2.793254
254,91,2.790144
255,91,2.782999
0,92,2.798589
1,92,2.804480
2,92,2.800597
3,92,2.811980
4,92,2.803965
5,92,2.805448
6,92,2.799091
7,92,2.815727
8,92,2.805266
9,92,2.800466
10,92,2.795546
11,92,2.794367
12,92,2.796925
13,92,2.801303
14,92,2.795939
15,92,2.798180
16,92,2.825358
17,92,2.825471
18,92,2.817777
19,92,2.821549
20,92,2.825228
21,92,2.821107
22,92,2.824605
23,92,2.839571
24,92,2.825558
25,92,2.823016
26,92,2.818469
27,92,2.821546
28,92,2.816836
29,92,2.819756
30,92,2.818744
31,92,2.821513
32,92,2.839619
33,92,2.836459
34,92,2.835158
35,92,2.835710
36,92,2.838123
37,92,2.836615
38,92,2.838890
39,92,2.856514
40,92,2.843248
41,92,2.837627
42,92,2.837722
43,92,2.839679
44,92,2.831945
45,92,2.837637
46,92,2.831707
47,92,2.837280
48,92,2.848575
49,92,2.844398
50,92,2.842094
51,92,2.839734
52,92,2.841168
53,92,2.850256
54,92,2.851585
55,92,2.860562
56,92,2.846373
57,92,2.843690
58,92,2.840951
59,92,2.849722
60,92,2.839178
61,92,2.847844
62,92,2.841051
63,92,2.849620
64,92,2.858135
65,92,2.851194
66,92,2.851908
67,92,2.852574
68,92,2.849215
69,92,2.853646
70,92,2.850323
71,92,2.864287
72,92,2.855089
73,92,2.851623
74,92,2.844257
75,92,2.854177
76,92,2.844790
77,92,2.850766
78,92,2.845137
79,92,2.849090
80,92,2.854925
81,92,2.854934
82,92,2.856823
83,92,2.852885
84,92,2.848897
85,92,2.852571
86,92,2.856198
87,92,2.867483
88,92,2.855601
89,92,2.849454
90,92,2.849038
91,92,2.850501
92,92,2.846137
93,92,2.849430
94,92,2.841114
95,92,2.844310
96,92,2.859529
97,92,2.859803
98,92,2.852326
99,92,2.856360
100,92,2.856491
101,92,2.856579
102,92,2.856620
103,92,2.864314
104,92,2.860400
105,92,2.848733
106,92,2.844726
107,92,2.852230
108,92,2.851994
109,92,2.855555
110,92,2.859068
111,92,2.850968
112,92,2.864105
113,92,2.854426
114,92,2.853955
115,92,2.854007
116,92,2.850550
117,92,2.850891
118,92,2.843485
119,92,2.851436
120,92,2.847786
121,92,2.847938
122,92,2.859599
123,92,2.855805
124,92,2.848111
125,92,2.848075
126,92,2.840286
127,92,2.847861
128,92,2.845686
129,92,2.844563
130,92,2.841460
131,92,2.840243
132,92,2.833185
133,92,2.835722
134,92,2.832423
135,92,2.829072
136,92,2.833389
137,92,2.829943
138,92,2.828383
139,92,2.830621
140,92,2.823185
141,92,2.823402
142,92,2.823572
143,92,2.823698
144,92,2.846891
145,92,2.843068
146,92,2.850756
147,92,2.854544
148,92,2.850592
149,92,2.842731
150,92,2.850235
151,92,2.851913
152,92,2.845839
153,92,2.841570
154,92,2.848877
155,92,2.848431
156,92,2.842162
157,92,2.843548
158,92,2.842959
159,92,2.842322
160,92,2.850054
161,92,2.842635
162,92,2.839024
163,92,2.843068
164,92,2.835508
165,92,2.839458
166,92,2.839509
167,92,2.835661
168,92,2.839474
169,92,2.839385
170,92,2.839249
171,92,2.842918
172,92,2.838838
173,92,2.838561
174,92,2.838236
175,92,2.830159
176,92,2.845151
177,92,2.840835
178,92,2.836467
179,92,2.839757
180,92,2.827588
181,92,2.834637
182,92,2.837782
183,92,2.837025
184,92,2.836219
185,92,2.839219
186,92,2.838313
187,92,2.845062
188,92,2.836559
189,92,2.839364
190,92,2.830559
191,92,2.833261
192,92,2.843620
193,92,2.830805
194,92,2.833349
195,92,2.831989
196,92,2.830572
197,92,2.832952
198,92,2.835280
199,92,2.833696
200,92,2.835908
201,92,2.838066
202,92,2.826677
203,92,2.834493
204,92,2.840326
205,92,2.830684
206,92,2.832540
207,92,2.834336
208,92,2.832213
209,92,2.830025
210,92,2.831629
211,92,2.829310
212,92,2.826924
213,92,2.832179
214,92,2.825803
215,92,2.838620
216,92,2.832104
217,92,2.829365
218,92,2.826555
219,92,2.831371
220,92,2.816846
221,92,2.825363
222,92,2.818385
223,92,2.822887
224,92,2.819597
225,92,2.812368
226,92,2.816615
227,92,2.820770
228,92,2.820985
229,92,2.817251
230,92,2.813423
231,92,2.813354
232,92,2.817036
233,92,2.816768
234,92,2.812540
235,92,2.812062
236,92,2.811472
237,92,2.814624
238,92,2.806108
239,92,2.809030
240,92,2.792571
241,92,2.795251
242,92,2.793955
243,92,2.792527
244,92,2.790969
245,92,2.796977
246,92,2.802849
247,92,2.808573
248,92,2.802594
249,92,2.796460
250,92,2.797878
251,92,2.791425
252,92,2.788659
253,92,2.785725
254,92,2.786464
255,92,2.783172
0,93,2.809536
1,93,2.809621
2,93,2.805708
3,93,2.811284
4,93,2.809020
5,93,2.810476
6,93,2.807946
7,93,2.809145
8,93,2.794807
9,93,2.797689
10,93,2.798527
11,93,2.797322
12,93,2.801787
13,93,2.798437
14,93,2.798831
15,93,2.799124
16,93,2.830138
17,93,2.826377
18,93,2.826370
19,93,2.828196
20,93,2.822224
21,93,2.825791
22,93,2.825418
23,93,2.821105
24,93,2.812197
25,93,2.823143
26,93,2.814742
27,93,2.817817
28,93,2.811182
29,93,2.812175
30,93,2.818872
31,93,2.817785
32,93,2.839744
33,93,2.842366
34,93,2.844915
35,93,2.835837
36,93,2.836323
37,93,2.836741
38,93,2.839017
39,93,2.843156
40,93,2.835671
41,93,2.841606
42,93,2.832069
43,93,2.834028
44,93,2.835927
45,93,2.833910
46,93,2.833762
47,93,2.835482
48,93,2.850629
49,93,2.852232
50,93,2.849927
51,93,2.849493
52,93,2.845152
53,93,2.846532
54,93,2.851713
55,93,2.841429
56,93,2.838798
57,93,2.843820
58,93,2.837229
59,93,2.846000
60,93,2.835456
61,93,2.838346
62,93,2.845035
63,93,2.843972
64,93,2.856343
65,93,2.853254
66,93,2.859747
67,93,2.850778
68,93,2.853322
69,93,2.851964
70,93,2.854310
71,93,2.847087
72,93,2.847518
73,93,2.851758
74,93,2.848244
75,93,2.846609
76,93,2.852633
77,93,2.841272
78,93,2.845272
79,93,2.847302
80,93,2.856990
81,93,2.855073
82,93,2.856961
83,93,2.853024
84,93,2.852890
85,93,2.856564
86,93,2.856338
87,93,2.856064
88,93,2.844185
89,93,2.849597
90,93,2.847252
91,93,2.842936
92,93,2.842425
93,93,2.849571
94,93,2.843185
95,93,2.844455
96,93,2.863524
97,93,2.863799
98,93,2.860174
99,93,2.856500
100,93,2.860488
101,93,2.856723
102,93,2.856766
103,93,2.852899
104,93,2.852838
105,93,2.852730
106,93,2.848722
107,93,2.852373
108,93,2.844436
109,93,2.847996
110,93,2.847654
111,93,2.851113
112,93,2.860397
113,93,2.860938
114,93,2.849863
115,93,2.865710
116,93,2.850695
117,93,2.843330
118,93,2.843629
119,93,2.843875
120,93,2.847930
121,93,2.851935
122,93,2.852040
123,93,2.852100
124,93,2.852111
125,93,2.852075
126,93,2.851992
127,93,2.836450
128,93,2.836204
129,93,2.833153
130,93,2.833903
131,93,2.834613
132,93,2.833333
133,93,2.835870
134,93,2.832567
135,93,2.840775
136,93,2.837386
137,93,2.837793
138,93,2.838159
139,93,2.828839
140,93,2.827182
141,93,2.823546
142,93,2.816011
143,93,2.818063
144,93,2.850888
145,93,2.847065
146,93,2.848976
147,93,2.846985
148,93,2.843029
149,93,2.842875
150,93,2.844599
151,93,2.850130
152,93,2.849835
153,93,2.841788
154,93,2.845168
155,93,2.840870
156,93,2.840376
157,93,2.839838
158,93,2.843102
159,93,2.838613
160,93,2.842492
161,93,2.850484
162,93,2.843017
163,93,2.843208
164,93,2.847206
165,93,2.843451
166,93,2.839652
167,93,2.843509
168,93,2.839613
169,93,2.839524
170,93,2.835535
171,93,2.839204
172,93,2.838977
173,93,2.838699
174,93,2.838375
175,93,2.838003
176,93,2.837584
177,93,2.837117
178,93,2.836605
179,93,2.828337
180,93,2.835431
181,93,2.830919
182,93,2.837917
183,93,2.841013
184,93,2.832504
185,93,2.839353
186,93,2.834780
187,93,2.837687
188,93,2.828985
189,93,2.831793
190,93,2.830694
191,93,2.829543
192,93,2.836046
193,93,2.838643
194,93,2.833484
195,93,2.835974
196,93,2.826851
197,93,2.844643
198,93,2.835412
199,93,2.833829
200,93,2.836041
201,93,2.830490
202,93,2.832586
203,93,2.830773
204,93,2.828898
205,93,2.826962
206,93,2.828818
207,93,2.834466
208,93,2.828491
209,93,2.830157
210,93,2.827905
211,93,2.825589
212,93,2.827056
213,93,2.828455
214,93,2.829785
215,93,2.831047
216,93,2.828381
217,93,2.825642
218,93,2.818979
219,93,2.827649
220,93,2.824683
221,93,2.825491
222,93,2.822369
223,93,2.823015
224,93,2.815873
225,93,2.820206
226,93,2.812892
227,93,2.820900
228,93,2.813407
229,93,2.817382
230,93,2.809701
231,93,2.817336
232,93,2.817980
233,93,2.817730
234,93,2.809670
235,93,2.809214
236,93,2.808647
237,93,2.807970
238,93,2.807181
239,93,2.806275
240,93,2.793691
241,93,2.796396
242,93,2.795126
243,93,2.797577
244,93,2.799896
245,93,2.798230
246,93,2.800275
247,93,2.802176
248,93,2.803933
249,93,2.797830
250,93,2.795427
251,93,2.792861
252,93,2.790129
253,93,2.791083
254,93,2.788006
255,93,2.784748
0,94,2.798063
1,94,2.807779
2,94,2.805792
3,94,2.803664
4,94,2.805252
5,94,2.814412
6,94,2.808031
7,94,2.803450
8,94,2.791040
9,94,2.797773
10,94,2.800537
11,94,2.797407
12,94,2.801871
13,94,2.802374
14,94,2.798917
15,94,2.799209
16,94,2.822516
17,94,2.818755
18,94,2.818749
19,94,2.818648
20,94,2.818455
21,94,2.833582
22,94,2.825502
23,94,2.821189
24,94,2.816790
25,94,2.820013
26,94,2.815448
27,94,2.818508
28,94,2.813194
29,94,2.819966
30,94,2.822808
31,94,2.823650
32,94,2.835976
33,94,2.838598
34,94,2.837295
35,94,2.832070
36,94,2.836408
37,94,2.836826
38,94,2.842956
39,94,2.841315
40,94,2.831904
41,94,2.839767
42,94,2.836008
43,94,2.834114
44,94,2.836012
45,94,2.830144
46,94,2.828070
47,94,2.837495
48,94,2.850715
49,94,2.842688
50,94,2.840383
51,94,2.838022
52,94,2.841385
53,94,2.850473
54,94,2.846022
55,94,2.845370
56,94,2.835033
57,94,2.840055
58,94,2.839245
59,94,2.838384
60,94,2.841324
61,94,2.840360
62,94,2.847052
63,94,2.844061
64,94,2.850653
65,94,2.855269
66,94,2.844425
67,94,2.848943
68,94,2.853412
69,94,2.857834
70,94,2.850648
71,94,2.851030
72,94,2.845684
73,94,2.847997
74,94,2.848336
75,94,2.848627
76,94,2.841166
77,94,2.852921
78,94,2.845366
79,94,2.845469
80,94,2.849377
81,94,2.857092
82,94,2.851275
83,94,2.860822
84,94,2.852984
85,94,2.856658
86,94,2.856432
87,94,2.856159
88,94,2.844280
89,94,2.847765
90,94,2.845423
91,94,2.844959
92,94,2.850227
93,94,2.841963
94,94,2.845208
95,94,2.844551
96,94,2.859767
97,94,2.863894
98,94,2.856416
99,94,2.852745
100,94,2.856732
101,94,2.856820
102,94,2.856863
103,94,2.856849
104,94,2.849081
105,94,2.848973
106,94,2.848819
107,94,2.848617
108,94,2.848385
109,94,2.851946
110,94,2.851599
111,94,2.855064
112,94,2.852790
113,94,2.864890
114,94,2.849962
115,94,2.854250
116,94,2.846940
117,94,2.843428
118,94,2.839874
119,94,2.851679
120,94,2.848029
121,94,2.848180
122,94,2.844433
123,94,2.844492
124,94,2.848356
125,94,2.848320
126,94,2.832826
127,94,2.840401
128,94,2.832450
129,94,2.833253
130,94,2.834002
131,94,2.834712
132,94,2.831506
133,94,2.828263
134,94,2.832666
135,94,2.835095
136,94,2.837485
137,94,2.837891
138,94,2.822846
139,94,2.823158
140,94,2.823428
141,94,2.823645
142,94,2.816109
143,94,2.823941
144,94,2.843281
145,94,2.851016
146,94,2.847146
147,94,2.847081
148,94,2.850831
149,94,2.846824
150,94,2.850475
151,94,2.854080
152,94,2.846080
153,94,2.841885
154,94,2.839486
155,94,2.844820
156,94,2.844327
157,94,2.843786
158,94,2.843198
159,94,2.840635
160,94,2.842588
161,94,2.846727
162,94,2.839260
163,94,2.843304
164,94,2.839596
165,94,2.841621
166,94,2.843598
167,94,2.847456
168,94,2.843560
169,94,2.843471
170,94,2.839482
171,94,2.839299
172,94,2.835216
173,94,2.842645
174,94,2.838468
175,94,2.834243
176,94,2.841530
177,94,2.837211
178,94,2.832843
179,94,2.836134
180,94,2.835523
181,94,2.831011
182,94,2.838009
183,94,2.837253
184,94,2.832594
185,94,2.831914
186,94,2.834871
187,94,2.837778
188,94,2.836782
189,94,2.835735
190,94,2.830784
191,94,2.833487
192,94,2.836137
193,94,2.838735
194,94,2.833573
195,94,2.836064
196,94,2.834647
197,94,2.837028
198,94,2.835501
199,94,2.837770
200,94,2.832277
201,94,2.830580
202,94,2.832676
203,94,2.834714
204,94,2.832840
205,94,2.834757
206,94,2.828908
207,94,2.830701
208,94,2.832432
209,94,2.830245
210,94,2.827994
211,94,2.829529
212,94,2.830997
213,94,2.824691
214,94,2.829874
215,94,2.831134
216,94,2.828469
217,94,2.829584
218,94,2.822919
219,94,2.820031
220,94,2.820918
221,94,2.825580
222,94,2.822456
223,94,2.819250
224,94,2.819814
225,94,2.820293
226,94,2.824538
227,94,2.817136
228,94,2.818084
229,94,2.818223
230,94,2.818268
231,94,2.822070
232,94,2.814215
233,94,2.813965
234,94,2.815538
235,94,2.813154
236,94,2.812587
237,94,2.811911
238,94,2.807268
239,94,2.806363
240,94,2.797632
241,94,2.796486
242,94,2.799066
243,94,2.793813
244,94,2.796133
245,94,2.798318
246,94,2.796511
247,94,2.802266
248,94,2.804022
249,94,2.797920
250,94,2.795515
251,94,2.792950
252,94,2.794072
253,94,2.791172
254,94,2.788096
255,94,2.784840
0,95,2.798108
1,95,2.800118
2,95,2.803910
3,95,2.803709
4,95,2.807223
5,95,2.806751
6,95,2.808075
7,95,2.807347
8,95,2.802643
9,95,2.799744
10,95,2.792876
11,95,2.797452
12,95,2.798063
13,95,2.802418
14,95,2.798961
15,95,2.799253
16,95,2.828340
17,95,2.818799
18,95,2.822646
19,95,2.822546
20,95,2.820426
21,95,2.825920
22,95,2.821694
23,95,2.825086
24,95,2.822613
25,95,2.820057
26,95,2.823198
27,95,2.822405
28,95,2.813828
29,95,2.824438
30,95,2.819000
31,95,2.821768
32,95,2.839873
33,95,2.834789
34,95,2.835413
35,95,2.835968
36,95,2.838379
37,95,2.836871
38,95,2.839148
39,95,2.841360
40,95,2.843507
41,95,2.830180
42,95,2.834127
43,95,2.834159
44,95,2.832204
45,95,2.830189
46,95,2.831968
47,95,2.833688
48,95,2.844981
49,95,2.844660
50,95,2.842355
51,95,2.847700
52,95,2.845284
53,95,2.844740
54,95,2.847994
55,95,2.845416
56,95,2.846637
57,95,2.840101
58,95,2.841217
59,95,2.842282
60,95,2.831738
61,95,2.832701
62,95,2.841319
63,95,2.836402
64,95,2.854553
65,95,2.851463
66,95,2.848325
67,95,2.845137
68,95,2.849607
69,95,2.854028
70,95,2.850695
71,95,2.847224
72,95,2.851511
73,95,2.846118
74,95,2.844531
75,95,2.844822
76,95,2.841214
77,95,2.841411
78,95,2.845414
79,95,2.845517
80,95,2.857131
81,95,2.853288
82,95,2.851323
83,95,2.853165
84,95,2.853033
85,95,2.856707
86,95,2.854555
87,95,2.852355
88,95,2.850109
89,95,2.847814
90,95,2.843546
91,95,2.843083
92,95,2.850277
93,95,2.842013
94,95,2.845258
95,95,2.848455
96,95,2.863669
97,95,2.860091
98,95,2.856466
99,95,2.852795
100,95,2.860635
101,95,2.856870
102,95,2.853061
103,95,2.849193
104,95,2.852985
105,95,2.852877
106,95,2.852722
107,95,2.860226
108,95,2.848436
109,95,2.848144
110,95,2.843944
111,95,2.847410
112,95,2.860546
113,95,2.861088
114,95,2.857718
115,95,2.858162
116,95,2.858549
117,95,2.847332
118,95,2.843778
119,95,2.844024
120,95,2.844227
121,95,2.840526
122,95,2.836780
123,95,2.836838
124,95,2.840702
125,95,2.836813
126,95,2.832877
127,95,2.832746
128,95,2.840208
129,95,2.833304
130,95,2.837906
131,95,2.840542
132,95,2.827704
133,95,2.828303
134,95,2.832717
135,95,2.833220
136,95,2.837536
137,95,2.837942
138,95,2.826750
139,95,2.819356
140,95,2.819621
141,95,2.815990
142,95,2.814234
143,95,2.816286
144,95,2.847184
145,95,2.849140
146,95,2.851049
147,95,2.847132
148,95,2.843176
149,95,2.843021
150,95,2.846673
151,95,2.842572
152,95,2.842277
153,95,2.849641
154,95,2.835683
155,95,2.844870
156,95,2.844377
157,95,2.843836
158,95,2.835542
159,95,2.842611
160,95,2.850343
161,95,2.850629
162,95,2.839309
163,95,2.843354
164,95,2.843499
165,95,2.835891
166,95,2.847500
167,95,2.843652
168,95,2.835904
169,95,2.839667
170,95,2.839531
171,95,2.839348
172,95,2.839118
173,95,2.838840
174,95,2.830810
175,95,2.834292
176,95,2.837725
177,95,2.841111
178,95,2.840597
179,95,2.840034
180,95,2.839424
181,95,2.834912
182,95,2.841910
183,95,2.841153
184,95,2.836494
185,95,2.835814
186,95,2.831066
187,95,2.833973
188,95,2.836830
189,95,2.828077
190,95,2.826978
191,95,2.829681
192,95,2.836184
193,95,2.842634
194,95,2.837473
195,95,2.836110
196,95,2.838546
197,95,2.833222
198,95,2.835547
199,95,2.833964
200,95,2.836177
201,95,2.830626
202,95,2.832723
203,95,2.830908
204,95,2.829033
205,95,2.827098
206,95,2.828954
207,95,2.826895
208,95,2.836331
209,95,2.837997
210,95,2.828040
211,95,2.831502
212,95,2.827191
213,95,2.820885
214,95,2.829920
215,95,2.831180
216,95,2.824662
217,95,2.825777
218,95,2.826818
219,95,2.827782
220,95,2.824817
221,95,2.821773
222,95,2.814797
223,95,2.819296
224,95,2.819860
225,95,2.820339
226,95,2.821430
227,95,2.817899
228,95,2.818130
229,95,2.818269
230,95,2.818314
231,95,2.818263
232,95,2.810408
233,95,2.806305
234,95,2.809805
235,95,2.813200
236,95,2.808781
237,95,2.811957
238,95,2.807315
239,95,2.814115
240,95,2.797679
241,95,2.792679
242,95,2.791407
243,95,2.793860
244,95,2.800033
245,95,2.798365
246,95,2.804264
247,95,2.806166
248,95,2.796363
249,95,2.797967
250,95,2.791710
251,95,2.792997
252,95,2.797973
253,95,2.787367
254,95,2.784291
255,95,2.784887
0,96,2.751880
1,96,2.757743
2,96,2.755755
3,96,2.757480
4,96,2.762921
5,96,2.764375
6,96,2.761847
7,96,2.763045
8,96,2.760266
9,96,2.765074
10,96,2.765911
11,96,2.770487
12,96,2.767245
13,96,2.767747
14,96,2.768143
15,96,2.772288
16,96,2.776332
17,96,2.776423
18,96,2.778343
19,96,2.784022
20,96,2.779975
21,96,2.775838
22,96,2.779317
23,96,2.771151
24,96,2.778310
25,96,2.781533
26,96,2.780821
27,96,2.781955
28,96,2.779157
29,96,2.785914
30,96,2.780476
31,96,2.783244
32,96,2.797496
33,96,2.792412
34,96,2.783405
35,96,2.795517
36,96,2.792150
37,96,2.790641
38,96,2.792918
39,96,2.793204
40,96,2.793425
41,96,2.793582
42,96,2.793676
43,96,2.799488
44,96,2.793680
45,96,2.791665
46,96,2.797296
47,96,2.799016
48,96,2.800678
49,96,2.802282
50,96,2.799978
51,96,2.803396
52,96,2.800980
53,96,2.792730
54,96,2.801764
55,96,2.799186
56,96,2.804260
57,96,2.797723
58,96,2.794987
59,96,2.801832
60,96,2.793213
61,96,2.798029
62,96,2.795089
63,96,2.797878
64,96,2.808323
65,96,2.805233
66,96,2.802095
67,96,2.806613
68,96,2.807229
69,96,2.803945
70,96,2.804465
71,96,2.800994
72,96,2.809134
73,96,2.801814
74,96,2.802153
75,96,2.810150
76,96,2.806542
77,96,2.808666
78,96,2.799184
79,96,2.806992
80,96,2.810901
81,96,2.807058
82,96,2.807020
83,96,2.808861
84,96,2.810656
85,96,2.806624
86,96,2.806399
87,96,2.806125
88,96,2.805805
89,96,2.813143
90,96,2.810801
91,96,2.808411
92,96,2.807900
93,96,2.803488
94,96,2.810586
95,96,2.809930
96,96,2.813586
97,96,2.813861
98,96,2.810236
99,96,2.810417
100,96,2.814405
101,96,2.810640
102,96,2.810684
103,96,2.806816
104,96,2.802902
105,96,2.806647
106,96,2.814198
107,96,2.813996
108,96,2.806059
109,96,2.813472
110,96,2.813126
111,96,2.812738
112,96,2.810464
113,96,2.807152
114,96,2.803783
115,96,2.800374
116,96,2.789203
117,96,2.797249
118,96,2.793695
119,96,2.801647
120,96,2.797997
121,96,2.805854
122,96,2.805961
123,96,2.806019
124,96,2.809883
125,96,2.802141
126,96,2.805911
127,96,2.801927
128,96,2.792051
129,96,2.794780
130,96,2.783971
131,96,2.788533
132,96,2.781475
133,96,2.778220
134,96,2.778782
135,96,2.788916
136,96,2.787453
137,96,2.784007
138,96,2.792079
139,96,2.786611
140,96,2.792655
141,96,2.792877
142,96,2.796900
143,96,2.797025
144,96,2.808660
145,96,2.816395
146,96,2.810598
147,96,2.804755
148,96,2.804652
149,96,2.806423
150,96,2.808148
151,96,2.804048
152,96,2.807605
153,96,2.807264
154,96,2.808718
155,96,2.810198
156,96,2.790441
157,96,2.793753
158,96,2.793165
159,96,2.792528
160,96,2.807966
161,96,2.804399
162,96,2.804638
163,96,2.808682
164,96,2.801121
165,96,2.805072
166,96,2.805123
167,96,2.805127
168,96,2.812790
169,96,2.812701
170,96,2.808712
171,96,2.812382
172,96,2.796740
173,96,2.788758
174,96,2.788433
175,96,2.799620
176,96,2.803054
177,96,2.802587
178,96,2.798220
179,96,2.797657
180,96,2.800899
181,96,2.804093
182,96,2.799533
183,96,2.802629
184,96,2.794117
185,96,2.801142
186,96,2.804100
187,96,2.799301
188,96,2.782894
189,96,2.789552
190,96,2.780748
191,96,2.783451
192,96,2.801512
193,96,2.807963
194,96,2.798948
195,96,2.789880
196,96,2.788464
197,96,2.794698
198,96,2.793170
199,96,2.799293
200,96,2.793800
201,96,2.799807
202,96,2.805757
203,96,2.800089
204,96,2.778950
205,96,2.780868
206,96,2.778871
207,96,2.784518
208,96,2.793954
209,96,2.795620
210,96,2.789516
211,96,2.791051
212,96,2.796372
213,96,2.790066
214,96,2.795249
215,96,2.788803
216,96,2.789991
217,96,2.794959
218,96,2.792147
219,96,2.796964
220,96,2.774735
221,96,2.771691
222,96,2.776273
223,96,2.773067
224,96,2.781336
225,96,2.777962
226,96,2.775201
227,96,2.775522
228,96,2.775753
229,96,2.775893
230,96,2.775938
231,96,2.775887
232,96,2.775737
233,96,2.771635
234,96,2.778987
235,96,2.778529
236,96,2.758699
237,96,2.758023
238,96,2.757233
239,96,2.756327
240,96,2.751450
241,96,2.754156
242,96,2.752884
243,96,2.751484
244,96,2.749952
245,96,2.748284
246,96,2.750329
247,96,2.748379
248,96,2.746282
249,96,2.744033
250,96,2.753187
251,96,2.758328
252,96,2.732481
253,96,2.737286
254,96,2.738063
255,96,2.730954
0,97,2.759550
1,97,2.755781
2,97,2.765352
3,97,2.765151
4,97,2.762886
5,97,2.764340
6,97,2.761811
7,97,2.763009
8,97,2.764084
9,97,2.765038
10,97,2.765876
11,97,2.766598
12,97,2.759504
13,97,2.767712
14,97,2.775813
15,97,2.766473
16,97,2.776296
17,97,2.784093
18,97,2.784087
19,97,2.783986
20,97,2.779939
21,97,2.783508
22,97,2.781208
23,97,2.778820
24,97,2.778274
25,97,2.779571
26,97,2.776932
27,97,2.779992
28,97,2.782383
29,97,2.781450
30,97,2.780439
31,97,2.785134
32,97,2.795533
33,97,2.788523
34,97,2.791073
35,97,2.793554
36,97,2.788260
37,97,2.800236
38,97,2.794808
39,97,2.793167
40,97,2.797240
41,97,2.791618
42,97,2.801344
43,97,2.795598
44,97,2.799422
45,97,2.795480
46,97,2.793406
47,97,2.795125
48,97,2.800640
49,97,2.802244
50,97,2.803792
51,97,2.801432
52,97,2.799016
53,97,2.800398
54,97,2.797873
55,97,2.795294
56,97,2.796516
57,97,2.799611
58,97,2.802654
59,97,2.799866
60,97,2.793174
61,97,2.797990
62,97,2.795050
63,97,2.799765
64,97,2.808283
65,97,2.805194
66,97,2.805908
67,97,2.810426
68,97,2.811042
69,97,2.809684
70,97,2.812131
71,97,2.800954
72,97,2.801388
73,97,2.805627
74,97,2.805966
75,97,2.802404
76,97,2.806501
77,97,2.802845
78,97,2.804922
79,97,2.803098
80,97,2.808934
81,97,2.803164
82,97,2.812758
83,97,2.806894
84,97,2.814467
85,97,2.802730
86,97,2.810209
87,97,2.806083
88,97,2.809616
89,97,2.805395
90,97,2.808832
91,97,2.808369
92,97,2.811710
93,97,2.799593
94,97,2.804764
95,97,2.809887
96,97,2.813544
97,97,2.813819
98,97,2.810194
99,97,2.806522
100,97,2.810509
101,97,2.806744
102,97,2.810641
103,97,2.806773
104,97,2.810564
105,97,2.810456
106,97,2.802596
107,97,2.806247
108,97,2.813721
109,97,2.809576
110,97,2.809229
111,97,2.812695
112,97,2.806567
113,97,2.807109
114,97,2.803739
115,97,2.808027
116,97,2.793012
117,97,2.793352
118,97,2.801357
119,97,2.805456
120,97,2.797953
121,97,2.798105
122,97,2.802063
123,97,2.809828
124,97,2.805987
125,97,2.798245
126,97,2.805867
127,97,2.805737
128,97,2.793933
129,97,2.790883
130,97,2.783927
131,97,2.788489
132,97,2.789136
133,97,2.782041
134,97,2.782591
135,97,2.786946
136,97,2.787409
137,97,2.787816
138,97,2.792035
139,97,2.792347
140,97,2.800322
141,97,2.796686
142,97,2.796856
143,97,2.796982
144,97,2.814396
145,97,2.814426
146,97,2.806702
147,97,2.806638
148,97,2.798829
149,97,2.810233
150,97,2.804253
151,97,2.804004
152,97,2.799857
153,97,2.807221
154,97,2.810601
155,97,2.810156
156,97,2.796178
157,97,2.795637
158,97,2.793122
159,97,2.796338
160,97,2.811776
161,97,2.804357
162,97,2.804596
163,97,2.800934
164,97,2.801079
165,97,2.805030
166,97,2.801228
167,97,2.801233
168,97,2.805043
169,97,2.812659
170,97,2.812523
171,97,2.812340
172,97,2.796699
173,97,2.792569
174,97,2.792245
175,97,2.791873
176,97,2.803013
177,97,2.802546
178,97,2.802032
179,97,2.797617
180,97,2.800859
181,97,2.796347
182,97,2.799492
183,97,2.802588
184,97,2.797930
185,97,2.804955
186,97,2.804060
187,97,2.803114
188,97,2.786707
189,97,2.789513
190,97,2.788414
191,97,2.779558
192,97,2.797620
193,97,2.796365
194,97,2.791203
195,97,2.793694
196,97,2.792277
197,97,2.794658
198,97,2.793131
199,97,2.791548
200,97,2.793761
201,97,2.803621
202,97,2.798013
203,97,2.803903
204,97,2.782765
205,97,2.784682
206,97,2.782685
207,97,2.788332
208,97,2.797768
209,97,2.787876
210,97,2.793330
211,97,2.787160
212,97,2.792481
213,97,2.786175
214,97,2.783653
215,97,2.788765
216,97,2.782248
217,97,2.794921
218,97,2.792109
219,97,2.793073
220,97,2.778550
221,97,2.771653
222,97,2.776235
223,97,2.773029
224,97,2.781299
225,97,2.777925
226,97,2.782170
227,97,2.778620
228,97,2.779569
229,97,2.775855
230,97,2.768195
231,97,2.771997
232,97,2.771847
233,97,2.779303
234,97,2.775097
235,97,2.778492
236,97,2.762515
237,97,2.757986
238,97,2.761049
239,97,2.756290
240,97,2.755266
241,97,2.754119
242,97,2.748995
243,97,2.755300
244,97,2.746062
245,97,2.748247
246,97,2.742587
247,97,2.744490
248,97,2.746245
249,97,2.755555
250,97,2.749297
251,97,2.758291
252,97,2.740150
253,97,2.741102
254,97,2.738026
255,97,2.734770
0,98,2.757549
1,98,2.765339
2,98,2.763352
3,98,2.765075
4,98,2.762811
5,98,2.762340
6,98,2.769442
7,98,2.770640
8,98,2.767861
9,98,2.764963
10,98,2.765801
11,98,2.766522
12,98,2.763281
13,98,2.763784
14,98,2.764178
15,98,2.764471
16,98,2.780073
17,98,2.780165
18,98,2.785937
19,98,2.783910
20,98,2.774085
21,98,2.781505
22,98,2.783058
23,98,2.786451
24,98,2.773690
25,98,2.780782
26,98,2.780087
27,98,2.775456
28,98,2.774601
29,98,2.787152
30,98,2.776511
31,98,2.781203
32,98,2.789677
33,98,2.796152
34,98,2.794848
35,98,2.793476
36,98,2.792035
37,98,2.800159
38,98,2.796655
39,98,2.796941
40,98,2.795236
41,98,2.799244
42,98,2.793559
43,98,2.799372
44,98,2.793564
45,98,2.787695
46,98,2.797179
47,98,2.795046
48,98,2.804414
49,98,2.806016
50,98,2.799859
51,98,2.801352
52,98,2.802789
53,98,2.800316
54,98,2.803571
55,98,2.802919
56,98,2.802215
57,98,2.797604
58,98,2.794866
59,98,2.795932
60,98,2.793093
61,98,2.801762
62,98,2.796893
63,98,2.803535
64,98,2.808201
65,98,2.805111
66,98,2.805826
67,98,2.806489
68,98,2.807106
69,98,2.811527
70,98,2.806168
71,98,2.808576
72,98,2.807082
73,98,2.801689
74,98,2.805881
75,98,2.810025
76,98,2.802564
77,98,2.806614
78,98,2.802909
79,98,2.803012
80,98,2.810774
81,98,2.810783
82,98,2.808819
83,98,2.810661
84,98,2.806674
85,98,2.810348
86,98,2.810122
87,98,2.813702
88,98,2.813381
89,98,2.809160
90,98,2.804890
91,98,2.806353
92,98,2.807768
93,98,2.811062
94,98,2.802749
95,98,2.805945
96,98,2.809603
97,98,2.813731
98,98,2.813959
99,98,2.817990
100,98,2.806567
101,98,2.810507
102,98,2.810551
103,98,2.806683
104,98,2.806622
105,98,2.802661
106,98,2.810212
107,98,2.810011
108,98,2.809779
109,98,2.805634
110,98,2.809145
111,98,2.804897
112,98,2.802623
113,98,2.803165
114,98,2.807501
115,98,2.807936
116,98,2.792921
117,98,2.797114
118,98,2.797413
119,98,2.793807
120,98,2.801715
121,98,2.801867
122,98,2.801972
123,98,2.809737
124,98,2.809749
125,98,2.809713
126,98,2.805777
127,98,2.809499
128,98,2.789989
129,98,2.790791
130,98,2.783835
131,98,2.786471
132,98,2.785192
133,98,2.793508
134,98,2.790205
135,98,2.786855
136,98,2.791171
137,98,2.787725
138,98,2.793870
139,98,2.796108
140,98,2.792525
141,98,2.800448
142,98,2.800618
143,98,2.804596
144,98,2.810452
145,98,2.808555
146,98,2.808540
147,98,2.808475
148,98,2.800667
149,98,2.800512
150,98,2.800310
151,98,2.803915
152,98,2.807473
153,98,2.807131
154,98,2.802806
155,98,2.802360
156,98,2.798014
157,98,2.805181
158,98,2.787255
159,98,2.792397
160,98,2.807835
161,98,2.804268
162,98,2.804507
163,98,2.804698
164,98,2.808696
165,98,2.804941
166,98,2.804994
167,98,2.804999
168,98,2.801103
169,98,2.812572
170,98,2.804730
171,98,2.800694
172,98,2.800466
173,98,2.800189
174,98,2.792159
175,98,2.803346
176,98,2.802927
177,98,2.798607
178,98,2.794242
179,98,2.801385
180,98,2.793069
181,98,2.788557
182,98,2.795554
183,98,2.794797
184,98,2.805552
185,98,2.800843
186,98,2.800123
187,98,2.803030
188,98,2.798181
189,98,2.800988
190,98,2.788331
191,98,2.787181
192,98,2.797536
193,98,2.800134
194,98,2.798827
195,98,2.797464
196,98,2.792195
197,98,2.790723
198,98,2.789197
199,98,2.795319
200,98,2.793679
201,98,2.795833
202,98,2.797930
203,98,2.792264
204,98,2.786536
205,98,2.788453
206,98,2.782603
207,98,2.784399
208,98,2.789982
209,98,2.791648
210,98,2.785543
211,98,2.787080
212,98,2.788548
213,98,2.789947
214,98,2.787424
215,98,2.784833
216,98,2.789873
217,98,2.787135
218,98,2.784324
219,98,2.777583
220,98,2.782323
221,98,2.779278
222,98,2.772303
223,98,2.769097
224,98,2.773513
225,98,2.773994
226,98,2.774385
227,98,2.778541
228,98,2.778753
229,98,2.767317
230,98,2.763490
231,98,2.763419
232,98,2.767916
233,98,2.771519
234,98,2.771165
235,98,2.766856
236,98,2.766289
237,98,2.765612
238,98,2.757118
239,98,2.756212
240,98,2.751334
241,98,2.754039
242,98,2.752769
243,98,2.751368
244,98,2.753688
245,98,2.755874
246,98,2.746361
247,98,2.744410
248,98,2.746167
249,98,2.751623
250,98,2.749220
251,98,2.746654
252,98,2.743923
253,98,2.744877
254,98,2.730242
255,98,2.734691
0,99,2.760097
1,99,2.758282
2,99,2.762104
3,99,2.763855
4,99,2.757765
5,99,2.757321
6,99,2.764449
7,99,2.765673
8,99,2.759065
9,99,2.763897
10,99,2.768608
11,99,2.771282
12,99,2.762281
13,99,2.762806
14,99,2.767074
15,99,2.763535
16,99,2.777229
17,99,2.779267
18,99,2.783132
19,99,2.783051
20,99,2.775171
21,99,2.776829
22,99,2.782253
23,99,2.774102
24,99,2.777427
25,99,2.778738
26,99,2.779969
27,99,2.779194
28,99,2.782189
29,99,2.785109
30,99,2.784096
31,99,2.779159
32,99,2.793413
33,99,2.792179
34,99,2.790878
35,99,2.793356
36,99,2.791916
37,99,2.798114
38,99,2.796536
39,99,2.794896
40,99,2.797041
41,99,2.795272
42,99,2.793441
43,99,2.799250
44,99,2.793443
45,99,2.797208
46,99,2.793205
47,99,2.794925
48,99,2.808146
49,99,2.798190
50,99,2.799738
51,99,2.805084
52,99,2.794960
53,99,2.800195
54,99,2.805377
55,99,2.802796
56,99,2.796312
57,99,2.801334
58,99,2.798595
59,99,2.807367
60,99,2.800675
61,99,2.801636
62,99,2.794843
63,99,2.799558
64,99,2.811927
65,99,2.804985
66,99,2.805699
67,99,2.810218
68,99,2.803006
69,99,2.811290
70,99,2.807968
71,99,2.808446
72,99,2.808881
73,99,2.807341
74,99,2.805753
75,99,2.804116
76,99,2.804360
77,99,2.808410
78,99,2.802781
79,99,2.804808
80,99,2.808716
81,99,2.802946
82,99,2.812541
83,99,2.810529
84,99,2.812321
85,99,2.810216
86,99,2.813842
87,99,2.805864
88,99,2.805540
89,99,2.809025
90,99,2.808609
91,99,2.808146
92,99,2.811487
93,99,2.814781
94,99,2.808391
95,99,2.805808
96,99,2.813320
97,99,2.809742
98,99,2.809970
99,99,2.810152
100,99,2.814136
101,99,2.810371
102,99,2.810412
103,99,2.806547
104,99,2.806486
105,99,2.810231
106,99,2.806223
107,99,2.809874
108,99,2.813492
109,99,2.809347
110,99,2.812860
111,99,2.812465
112,99,2.798633
113,99,2.803027
114,99,2.803510
115,99,2.800093
116,99,2.800489
117,99,2.804683
118,99,2.804982
119,99,2.797523
120,99,2.805431
121,99,2.809436
122,99,2.805685
123,99,2.805745
124,99,2.809609
125,99,2.809573
126,99,2.801784
127,99,2.805506
128,99,2.797553
129,99,2.794503
130,99,2.791399
131,99,2.784404
132,99,2.785051
133,99,2.785661
134,99,2.786215
135,99,2.790570
136,99,2.794886
137,99,2.797220
138,99,2.797586
139,99,2.795971
140,99,2.800094
141,99,2.804163
142,99,2.798555
143,99,2.800607
144,99,2.804536
145,99,2.808418
146,99,2.804548
147,99,2.800630
148,99,2.800531
149,99,2.808081
150,99,2.804027
151,99,2.803779
152,99,2.801557
153,99,2.804994
154,99,2.802669
155,99,2.806076
156,99,2.790175
157,99,2.797340
158,99,2.796751
159,99,2.792261
160,99,2.803846
161,99,2.804132
162,99,2.804374
163,99,2.796860
164,99,2.793152
165,99,2.804808
166,99,2.808712
167,99,2.804864
168,99,2.808677
169,99,2.808588
170,99,2.808451
171,99,2.800562
172,99,2.788777
173,99,2.800058
174,99,2.792028
175,99,2.795509
176,99,2.791237
177,99,2.798479
178,99,2.797964
179,99,2.793549
180,99,2.794864
181,99,2.796134
182,99,2.803132
183,99,2.802375
184,99,2.793863
185,99,2.796863
186,99,2.792104
187,99,2.795001
188,99,2.786497
189,99,2.785450
190,99,2.788204
191,99,2.790906
192,99,2.793559
193,99,2.792303
194,99,2.787141
195,99,2.793487
196,99,2.788217
197,99,2.794450
198,99,2.792925
199,99,2.791341
200,99,2.793553
201,99,2.803416
202,99,2.790101
203,99,2.792139
204,99,2.782561
205,99,2.780625
206,99,2.790185
207,99,2.788129
208,99,2.782153
209,99,2.787671
210,99,2.781569
211,99,2.783104
212,99,2.788424
213,99,2.789826
214,99,2.783450
215,99,2.784708
216,99,2.785899
217,99,2.787013
218,99,2.784202
219,99,2.792872
220,99,2.774494
221,99,2.775305
222,99,2.772180
223,99,2.772830
224,99,2.765687
225,99,2.773870
226,99,2.774264
227,99,2.770714
228,99,2.767076
229,99,2.774901
230,99,2.759515
231,99,2.759446
232,99,2.770834
233,99,2.774418
234,99,2.774043
235,99,2.769713
236,99,2.761418
237,99,2.760718
238,99,2.756054
239,99,2.758977
240,99,2.746371
241,99,2.745198
242,99,2.747756
243,99,2.746328
244,99,2.744770
245,99,2.746926
246,99,2.741240
247,99,2.746965
248,99,2.744839
249,99,2.750263
250,99,2.747829
251,99,2.749082
252,99,2.730905
253,99,2.729899
254,99,2.728712
255,99,2.729273
0,100,2.758017
1,100,2.760055
2,100,2.758094
3,100,2.755997
4,100,2.761463
5,100,2.762946
6,100,2.760441
7,100,2.765515
8,100,2.762764
9,100,2.761814
10,100,2.768452
11,100,2.763420
12,100,2.765978
13,100,2.766504
14,100,2.759214
15,100,2.765303
16,100,2.780927
17,100,2.782963
18,100,2.782978
19,100,2.779041
20,100,2.778868
21,100,2.782452
22,100,2.780171
23,100,2.779726
24,100,2.781120
25,100,2.780509
26,100,2.779811
27,100,2.779036
28,100,2.782030
29,100,2.781098
30,100,2.776233
31,100,2.780929
32,100,2.795179
33,100,2.797802
34,100,2.786865
35,100,2.797052
36,100,2.789830
37,100,2.796028
38,100,2.800229
39,100,2.794736
40,100,2.796881
41,100,2.795113
42,100,2.795204
43,100,2.795238
44,100,2.787501
45,100,2.791267
46,100,2.793042
47,100,2.792836
48,100,2.800274
49,100,2.805733
50,100,2.803429
51,100,2.801065
52,100,2.798650
53,100,2.801956
54,100,2.797505
55,100,2.798777
56,100,2.799999
57,100,2.793463
58,100,2.800356
59,100,2.795642
60,100,2.794726
61,100,2.797616
62,100,2.788898
63,100,2.799389
64,100,2.805981
65,100,2.808519
66,100,2.809243
67,100,2.809918
68,100,2.800909
69,100,2.814973
70,100,2.809723
71,100,2.808275
72,100,2.804857
73,100,2.807170
74,100,2.805579
75,100,2.802018
76,100,2.798409
77,100,2.802455
78,100,2.798753
79,100,2.802709
80,100,2.806614
81,100,2.814328
82,100,2.810438
83,100,2.806500
84,100,2.802511
85,100,2.813891
86,100,2.809812
87,100,2.811461
88,100,2.809214
89,100,2.810772
90,100,2.808430
91,100,2.800257
92,100,2.803598
93,100,2.803039
94,100,2.804357
95,100,2.797922
96,100,2.813138
97,100,2.809560
98,100,2.813641
99,100,2.806117
100,100,2.806251
101,100,2.810188
102,100,2.810229
103,100,2.806371
104,100,2.806303
105,100,2.806195
106,100,2.806040
107,100,2.805834
108,100,2.805608
109,100,2.813015
110,100,2.812676
111,100,2.808428
112,100,2.802301
113,100,2.802833
114,100,2.799474
115,100,2.803758
116,100,2.800302
117,100,2.800642
118,100,2.804794
119,100,2.805041
120,100,2.801387
121,100,2.809248
122,100,2.805501
123,100,2.809413
124,100,2.809425
125,100,2.805536
126,100,2.805452
127,100,2.813027
128,100,2.797366
129,100,2.794316
130,100,2.791213
131,100,2.786144
132,100,2.788718
133,100,2.789329
134,100,2.793732
135,100,2.794244
136,100,2.794698
137,100,2.795105
138,100,2.803177
139,100,2.803489
140,100,2.803758
141,100,2.803980
142,100,2.808006
143,100,2.798497
144,100,2.808205
145,100,2.808235
146,100,2.806290
147,100,2.808151
148,100,2.808049
149,100,2.804046
150,100,2.799991
151,100,2.803596
152,100,2.810942
153,100,2.806737
154,100,2.806339
155,100,2.809750
156,100,2.797698
157,100,2.793304
158,100,2.792715
159,100,2.799784
160,100,2.807520
161,100,2.803953
162,100,2.804192
163,100,2.800531
164,100,2.804529
165,100,2.804631
166,100,2.804682
167,100,2.800833
168,100,2.812349
169,100,2.812264
170,100,2.804422
171,100,2.804238
172,100,2.796306
173,100,2.792176
174,100,2.799557
175,100,2.795333
176,100,2.802623
177,100,2.798303
178,100,2.790083
179,100,2.797229
180,100,2.800471
181,100,2.795959
182,100,2.799107
183,100,2.786792
184,100,2.793691
185,100,2.800545
186,100,2.795786
187,100,2.794829
188,100,2.789974
189,100,2.788916
190,100,2.783953
191,100,2.786885
192,100,2.793387
193,100,2.795988
194,100,2.790826
195,100,2.797168
196,100,2.799607
197,100,2.798135
198,100,2.788905
199,100,2.791173
200,100,2.793385
201,100,2.791690
202,100,2.797638
203,100,2.799679
204,100,2.778539
205,100,2.792018
206,100,2.782314
207,100,2.787960
208,100,2.789693
209,100,2.791358
210,100,2.785257
211,100,2.786790
212,100,2.788261
213,100,2.789659
214,100,2.775581
215,100,2.784545
216,100,2.785735
217,100,2.786848
218,100,2.787891
219,100,2.781149
220,100,2.770480
221,100,2.775141
222,100,2.772019
223,100,2.768811
224,100,2.773230
225,100,2.777560
226,100,2.770249
227,100,2.778256
228,100,2.770765
229,100,2.774737
230,100,2.763207
231,100,2.766987
232,100,2.774525
233,100,2.774257
234,100,2.770028
235,100,2.773404
236,100,2.761255
237,100,2.756705
238,100,2.755890
239,100,2.754963
240,100,2.750059
241,100,2.748889
242,100,2.747594
243,100,2.750018
244,100,2.744607
245,100,2.746762
246,100,2.741076
247,100,2.739098
248,100,2.744673
249,100,2.746248
250,100,2.747666
251,100,2.741213
252,100,2.730745
253,100,2.727807
254,100,2.732403
255,100,2.736816
0,101,2.757819
1,101,2.756009
2,101,2.765608
3,101,2.759653
4,101,2.761267
5,101,2.758899
6,101,2.760247
7,101,2.765321
8,101,2.766419
9,101,2.763548
10,101,2.764407
11,101,2.769003
12,101,2.765782
13,101,2.762456
14,101,2.762872
15,101,2.761256
16,101,2.782655
17,101,2.775063
18,101,2.775075
19,101,2.782696
20,101,2.778671
21,101,2.782255
22,101,2.774192
23,101,2.777604
24,101,2.782851
25,101,2.780309
26,101,2.779616
27,101,2.778837
28,101,2.781831
29,101,2.777047
30,101,2.783740
31,101,2.782653
32,101,2.800760
33,101,2.793747
34,101,2.798226
35,101,2.783366
36,101,2.799260
37,101,2.799680
38,101,2.800028
39,101,2.798384
40,101,2.792828
41,101,2.798761
42,101,2.796931
43,101,2.795034
44,101,2.791154
45,101,2.794915
46,101,2.796690
47,101,2.794559
48,101,2.803923
49,101,2.797823
50,101,2.803221
51,101,2.804714
52,101,2.798442
53,101,2.805605
54,101,2.797297
55,101,2.794720
56,101,2.795938
57,101,2.795181
58,101,2.798221
59,101,2.799287
60,101,2.796444
61,101,2.797408
62,101,2.794285
63,101,2.793232
64,101,2.807535
65,101,2.800604
66,101,2.809029
67,101,2.809705
68,101,2.814180
69,101,2.810905
70,101,2.811436
71,101,2.808060
72,101,2.804642
73,101,2.803098
74,101,2.801510
75,101,2.809508
76,101,2.802042
77,101,2.806092
78,101,2.802385
79,101,2.802488
80,101,2.802544
81,101,2.808327
82,101,2.810216
83,101,2.810131
84,101,2.809994
85,101,2.813668
86,101,2.801884
87,101,2.805458
88,101,2.808990
89,101,2.808622
90,101,2.800495
91,101,2.803884
92,101,2.801446
93,101,2.802808
94,101,2.802200
95,101,2.809249
96,101,2.816767
97,101,2.805478
98,101,2.809559
99,101,2.809741
100,101,2.813728
101,101,2.809958
102,101,2.809999
103,101,2.806141
104,101,2.809942
105,101,2.809818
106,101,2.805805
107,101,2.813309
108,101,2.805377
109,101,2.805079
110,101,2.808592
111,101,2.815911
112,101,2.805923
113,101,2.806450
114,101,2.806943
115,101,2.807380
116,101,2.803923
117,101,2.800411
118,101,2.804558
119,101,2.804810
120,101,2.808862
121,101,2.809017
122,101,2.812976
123,101,2.820741
124,101,2.805341
125,101,2.809157
126,101,2.809074
127,101,2.812796
128,101,2.793280
129,101,2.790230
130,101,2.794833
131,101,2.783985
132,101,2.784632
133,101,2.791022
134,101,2.797352
135,101,2.797865
136,101,2.792540
137,101,2.798734
138,101,2.791387
139,101,2.805184
140,101,2.799674
141,101,2.803744
142,101,2.798138
143,101,2.800193
144,101,2.811828
145,101,2.808004
146,101,2.806060
147,101,2.807920
148,101,2.807819
149,101,2.807664
150,101,2.805541
151,101,2.803311
152,101,2.797227
153,101,2.802655
154,101,2.811888
155,101,2.809520
156,101,2.801321
157,101,2.808486
158,101,2.805970
159,101,2.803411
160,101,2.807291
161,101,2.807577
162,101,2.800110
163,101,2.804160
164,101,2.796599
165,101,2.800550
166,101,2.804459
167,101,2.800610
168,101,2.777451
169,101,2.804336
170,101,2.804200
171,101,2.807869
172,101,2.803791
173,101,2.803513
174,101,2.799336
175,101,2.798969
176,101,2.806255
177,101,2.801935
178,101,2.797572
179,101,2.797009
180,101,2.796403
181,101,2.799596
182,101,2.798887
183,101,2.794282
184,101,2.789622
185,101,2.796477
186,101,2.795570
187,101,2.802319
188,101,2.797464
189,101,2.792553
190,101,2.791448
191,101,2.794139
192,101,2.792929
193,101,2.791662
194,101,2.798321
195,101,2.789251
196,101,2.795544
197,101,2.794071
198,101,2.792547
199,101,2.787109
200,101,2.785472
201,101,2.795331
202,101,2.797431
203,101,2.795615
204,101,2.789890
205,101,2.791806
206,101,2.797518
207,101,2.795457
208,101,2.789485
209,101,2.795002
210,101,2.785048
211,101,2.790439
212,101,2.788052
213,101,2.781749
214,101,2.783077
215,101,2.784339
216,101,2.777819
217,101,2.786642
218,101,2.783833
219,101,2.780942
220,101,2.777979
221,101,2.782644
222,101,2.779517
223,101,2.776314
224,101,2.776875
225,101,2.781209
226,101,2.777750
227,101,2.774198
228,101,2.770560
229,101,2.774535
230,101,2.770706
231,101,2.766784
232,101,2.770470
233,101,2.774049
234,101,2.769824
235,101,2.769347
236,101,2.772608
237,101,2.768058
238,101,2.767247
239,101,2.770167
240,101,2.753709
241,101,2.756391
242,101,2.747390
243,101,2.745960
244,101,2.744402
245,101,2.750413
246,101,2.744726
247,101,2.738890
248,101,2.744470
249,101,2.746044
250,101,2.739756
251,101,2.744859
252,101,2.742096
253,101,2.743015
254,101,2.747610
255,101,2.744312
0,102,2.757585
1,102,2.757698
2,102,2.761518
3,102,2.759417
4,102,2.761031
5,102,2.762517
6,102,2.760013
7,102,2.765088
8,102,2.762333
9,102,2.763310
10,102,2.760317
11,102,2.764914
12,102,2.765546
13,102,2.766074
14,102,2.762637
15,102,2.764874
16,102,2.774716
17,102,2.772898
18,102,2.782542
19,102,2.776685
20,102,2.780361
21,102,2.778166
22,102,2.773955
23,102,2.773510
24,102,2.778757
25,102,2.776221
26,102,2.773597
27,102,2.774744
28,102,2.777739
29,102,2.776809
30,102,2.773870
31,102,2.782414
32,102,2.792811
33,102,2.789657
34,102,2.794131
35,102,2.788903
36,102,2.795165
37,102,2.801365
38,102,2.788228
39,102,2.796216
40,102,2.790660
41,102,2.794667
42,102,2.790905
43,102,2.794793
44,102,2.788982
45,102,2.798522
46,102,2.794523
47,102,2.794313
48,102,2.807529
49,102,2.799504
50,102,2.799122
51,102,2.800610
52,102,2.798196
53,102,2.799575
54,102,2.800899
55,102,2.800248
56,102,2.791834
57,102,2.804563
58,102,2.799676
59,102,2.791115
60,102,2.792141
61,102,2.796962
62,102,2.794034
63,102,2.796828
64,102,2.805357
65,102,2.804199
66,102,2.801071
67,102,2.809447
68,102,2.806222
69,102,2.801016
70,102,2.807325
71,102,2.805876
72,102,2.800531
73,102,2.810544
74,102,2.797399
75,102,2.801538
76,102,2.803709
77,102,2.801974
78,102,2.798272
79,102,2.798369
80,102,2.806131
81,102,2.806134
82,102,2.811875
83,102,2.809864
84,102,2.809726
85,102,2.809547
86,102,2.805462
87,102,2.816747
88,102,2.804868
89,102,2.812199
90,102,2.804077
91,102,2.807466
92,102,2.803096
93,102,2.810241
94,102,2.798074
95,102,2.801264
96,102,2.812639
97,102,2.812914
98,102,2.813136
99,102,2.809465
100,102,2.805747
101,102,2.809688
102,102,2.809723
103,102,2.809717
104,102,2.805813
105,102,2.805714
106,102,2.801675
107,102,2.809179
108,102,2.808952
109,102,2.804807
110,102,2.812167
111,102,2.815626
112,102,2.801786
113,102,2.802318
114,102,2.802803
115,102,2.810954
116,102,2.811343
117,102,2.807839
118,102,2.796574
119,102,2.804526
120,102,2.800872
121,102,2.816439
122,102,2.812692
123,102,2.797340
124,102,2.805057
125,102,2.808874
126,102,2.816496
127,102,2.816366
128,102,2.792994
129,102,2.793797
130,102,2.792620
131,102,2.799110
132,102,2.795905
133,102,2.798442
134,102,2.791288
135,102,2.801432
136,102,2.798034
137,102,2.794602
138,102,2.787256
139,102,2.783721
140,102,2.803249
141,102,2.799617
142,102,2.803639
143,102,2.799910
144,102,2.799987
145,102,2.803874
146,102,2.800003
147,102,2.803790
148,102,2.795983
149,102,2.807387
150,102,2.799440
151,102,2.803035
152,102,2.798877
153,102,2.802378
154,102,2.813543
155,102,2.809244
156,102,2.808750
157,102,2.796650
158,102,2.799920
159,102,2.799282
160,102,2.803162
161,102,2.795748
162,102,2.799840
163,102,2.792326
164,102,2.800183
165,102,2.804134
166,102,2.800332
167,102,2.800342
168,102,2.777183
169,102,2.807916
170,102,2.803932
171,102,2.803749
172,102,2.799672
173,102,2.795541
174,102,2.802922
175,102,2.798703
176,102,2.798283
177,102,2.801674
178,102,2.793454
179,102,2.796749
180,102,2.792285
181,102,2.787778
182,102,2.794775
183,102,2.794023
184,102,2.789363
185,102,2.800070
186,102,2.795311
187,102,2.794360
188,102,2.793352
189,102,2.788446
190,102,2.787336
191,102,2.782326
192,102,2.788817
193,102,2.787555
194,102,2.790087
195,102,2.792571
196,102,2.791141
197,102,2.793515
198,102,2.792293
199,102,2.794560
200,102,2.789071
201,102,2.791224
202,102,2.789471
203,102,2.795365
204,102,2.793488
205,102,2.791556
206,102,2.797268
207,102,2.795206
208,102,2.781529
209,102,2.787051
210,102,2.780944
211,102,2.782482
212,102,2.783953
213,102,2.785350
214,102,2.786683
215,102,2.780240
216,102,2.777571
217,102,2.782542
218,102,2.775879
219,102,2.784546
220,102,2.781583
221,102,2.770836
222,102,2.775420
223,102,2.776063
224,102,2.772776
225,102,2.773257
226,102,2.765945
227,102,2.773950
228,102,2.766459
229,102,2.770435
230,102,2.774315
231,102,2.770387
232,102,2.762514
233,102,2.773804
234,102,2.769579
235,102,2.772953
236,102,2.768514
237,102,2.767810
238,102,2.759293
239,102,2.758365
240,102,2.749611
241,102,2.748441
242,102,2.750997
243,102,2.745712
244,102,2.748007
245,102,2.750165
246,102,2.740624
247,102,2.742498
248,102,2.740371
249,102,2.741945
250,102,2.743362
251,102,2.744610
252,102,2.745699
253,102,2.738912
254,102,2.735800
255,102,2.732507
0,103,2.753459
1,103,2.757426
2,103,2.749688
3,103,2.766852
4,103,2.760761
5,103,2.766095
6,103,2.763592
7,103,2.764815
8,103,2.762054
9,103,2.766884
10,103,2.763891
11,103,2.756931
12,103,2.757563
13,103,2.758087
14,103,2.758510
15,103,2.762674
16,103,2.782148
17,103,2.778405
18,103,2.774564
19,103,2.784113
20,103,2.782010
21,103,2.789447
22,103,2.783311
23,103,2.779013
24,103,2.772702
25,103,2.781719
26,103,2.782948
27,103,2.776390
28,103,2.775532
29,103,2.776529
30,103,2.779370
31,103,2.778282
32,103,2.794459
33,103,2.791299
34,103,2.791920
35,103,2.796325
36,103,2.794888
37,103,2.797229
38,103,2.799503
39,103,2.794006
40,103,2.792298
41,103,2.794385
42,103,2.788697
43,103,2.790652
44,103,2.786767
45,103,2.786675
46,103,2.788457
47,103,2.790173
48,103,2.799536
49,103,2.801137
50,103,2.794982
51,103,2.804176
52,103,2.797903
53,103,2.795155
54,103,2.796497
55,103,2.797777
56,103,2.799005
57,103,2.800186
58,103,2.801309
59,103,2.790821
60,103,2.791847
61,103,2.794742
62,103,2.793733
63,103,2.794607
64,103,2.814689
65,103,2.803898
66,103,2.804623
67,103,2.816851
68,103,2.813626
69,103,2.814199
70,103,2.810870
71,103,2.803647
72,103,2.807928
73,103,2.808315
74,103,2.812501
75,103,2.803161
76,103,2.801472
77,103,2.805523
78,103,2.797961
79,103,2.801917
80,103,2.809672
81,103,2.809681
82,103,2.805784
83,103,2.813404
84,103,2.805560
85,103,2.813086
86,103,2.809000
87,103,2.812579
88,103,2.810325
89,103,2.811883
90,103,2.807614
91,103,2.799437
92,103,2.802778
93,103,2.794505
94,103,2.797749
95,103,2.802871
96,103,2.820022
97,103,2.808739
98,103,2.808968
99,103,2.820701
100,103,2.813130
101,103,2.809365
102,103,2.809399
103,103,2.809394
104,103,2.805489
105,103,2.809243
106,103,2.809090
107,103,2.801148
108,103,2.808627
109,103,2.808335
110,103,2.804136
111,103,2.807594
112,103,2.801449
113,103,2.805845
114,103,2.802477
115,103,2.802923
116,103,2.807158
117,103,2.807507
118,103,2.807801
119,103,2.815758
120,103,2.812105
121,103,2.804555
122,103,2.804661
123,103,2.808573
124,103,2.816290
125,103,2.816254
126,103,2.808465
127,103,2.816040
128,103,2.792664
129,103,2.801174
130,103,2.798070
131,103,2.796855
132,103,2.803282
133,103,2.800041
134,103,2.785181
135,103,2.777988
136,103,2.793854
137,103,2.794269
138,103,2.786923
139,103,2.783388
140,103,2.783659
141,103,2.787734
142,103,2.803314
143,103,2.797660
144,103,2.795809
145,103,2.799691
146,103,2.803532
147,103,2.799614
148,103,2.795659
149,103,2.807026
150,103,2.802969
151,103,2.802711
152,103,2.817817
153,103,2.817465
154,103,2.809367
155,103,2.810847
156,103,2.796868
157,103,2.800186
158,103,2.799597
159,103,2.798959
160,103,2.802845
161,103,2.799279
162,103,2.795665
163,103,2.799717
164,103,2.799862
165,103,2.796114
166,103,2.796165
167,103,2.800022
168,103,2.823103
169,103,2.819161
170,103,2.807473
171,103,2.803436
172,103,2.799360
173,103,2.799082
174,103,2.802617
175,103,2.794539
176,103,2.801831
177,103,2.793658
178,103,2.793149
179,103,2.792586
180,103,2.788128
181,103,2.787467
182,103,2.790618
183,103,2.793713
184,103,2.812176
185,103,2.807466
186,103,2.795007
187,103,2.794056
188,103,2.789195
189,103,2.784290
190,103,2.787032
191,103,2.789729
192,103,2.788520
193,103,2.791105
194,103,2.785937
195,103,2.784568
196,103,2.790843
197,103,2.785512
198,103,2.787830
199,103,2.786233
200,103,2.815407
201,103,2.805996
202,103,2.792667
203,103,2.795067
204,103,2.793196
205,103,2.787411
206,103,2.789263
207,103,2.787208
208,103,2.785088
209,103,2.782905
210,103,2.784503
211,103,2.778335
212,103,2.783659
213,103,2.781208
214,103,2.786394
215,103,2.779944
216,103,2.800398
217,103,2.793810
218,103,2.775588
219,103,2.780408
220,103,2.785144
221,103,2.774396
222,103,2.775127
223,103,2.771923
224,103,2.768636
225,103,2.769116
226,103,2.769510
227,103,2.769808
228,103,2.766169
229,103,2.773997
230,103,2.766318
231,103,2.762396
232,103,2.781492
233,103,2.785075
234,103,2.765438
235,103,2.772665
236,103,2.760519
237,103,2.759821
238,103,2.755156
239,103,2.761933
240,103,2.745473
241,103,2.744301
242,103,2.742997
243,103,2.741570
244,103,2.743864
245,103,2.738315
246,103,2.736479
247,103,2.746058
248,103,2.759348
249,103,2.760921
250,103,2.743072
251,103,2.744326
252,103,2.737709
253,103,2.734772
254,103,2.743218
255,103,2.739923
0,104,2.760852
1,104,2.762885
2,104,2.764781
3,104,2.764608
4,104,2.760445
5,104,2.765780
6,104,2.763270
7,104,2.764494
8,104,2.761741
9,104,2.762720
10,104,2.767433
11,104,2.756621
12,104,2.761107
13,104,2.761623
14,104,2.769746
15,104,2.762353
16,104,2.777974
17,104,2.781938
18,104,2.785803
19,104,2.785721
20,104,2.781692
21,104,2.785277
22,104,2.781068
23,104,2.780623
24,104,2.783945
25,104,2.779478
26,104,2.782634
27,104,2.774150
28,104,2.773292
29,104,2.780062
30,104,2.779050
31,104,2.785669
32,104,2.796066
33,104,2.800612
34,104,2.797381
35,104,2.799859
36,104,2.790710
37,104,2.793052
38,104,2.793400
39,104,2.793682
40,104,2.799679
41,104,2.794054
42,104,2.796072
43,104,2.786469
44,104,2.792216
45,104,2.790205
46,104,2.787775
47,104,2.801061
48,104,2.802731
49,104,2.804343
50,104,2.807825
51,104,2.805479
52,104,2.801143
53,104,2.802532
54,104,2.798087
55,104,2.801294
56,104,2.794823
57,104,2.794071
58,104,2.799046
59,104,2.794337
60,104,2.789577
61,104,2.792479
62,104,2.789543
63,104,2.794263
64,104,2.814351
65,104,2.811266
66,104,2.811984
67,104,2.810727
68,104,2.805576
69,104,2.811927
70,104,2.808597
71,104,2.807154
72,104,2.807581
73,104,2.811814
74,104,2.800595
75,104,2.800880
76,104,2.797272
77,104,2.801315
78,104,2.801457
79,104,2.797708
80,104,2.809315
81,104,2.813177
82,104,2.811205
83,104,2.816899
84,104,2.814833
85,104,2.812727
86,104,2.812493
87,104,2.804513
88,104,2.808037
89,104,2.809595
90,104,2.809170
91,104,2.795221
92,104,2.802407
93,104,2.805699
94,104,2.805082
95,104,2.798645
96,104,2.811955
97,104,2.819928
98,104,2.812451
99,104,2.816478
100,104,2.808907
101,104,2.812848
102,104,2.814808
103,104,2.812876
104,104,2.805118
105,104,2.805012
106,104,2.810645
107,104,2.804673
108,104,2.804407
109,104,2.809881
110,104,2.807615
111,104,2.807221
112,104,2.804928
113,104,2.809315
114,104,2.809802
115,104,2.810240
116,104,2.806785
117,104,2.799422
118,104,2.803575
119,104,2.811528
120,104,2.811733
121,104,2.804175
122,104,2.800428
123,104,2.804340
124,104,2.815910
125,104,2.812021
126,104,2.811938
127,104,2.811807
128,104,2.803838
129,104,2.800789
130,104,2.799613
131,104,2.798398
132,104,2.795193
133,104,2.807364
134,104,2.800210
135,104,2.777614
136,104,2.781930
137,104,2.786190
138,104,2.786556
139,104,2.790720
140,104,2.783284
141,104,2.796985
142,104,2.799092
143,104,2.803067
144,104,2.803143
145,104,2.799319
146,104,2.803153
147,104,2.799241
148,104,2.802967
149,104,2.802802
150,104,2.821855
151,104,2.821605
152,104,2.796256
153,104,2.824800
154,104,2.816703
155,104,2.804698
156,104,2.804203
157,104,2.799816
158,104,2.803079
159,104,2.802449
160,104,2.802475
161,104,2.798909
162,104,2.803009
163,104,2.803201
164,104,2.795648
165,104,2.807305
166,104,2.822775
167,104,2.826632
168,104,2.799627
169,104,2.818802
170,104,2.818673
171,104,2.803078
172,104,2.799002
173,104,2.798724
174,104,2.802260
175,104,2.798034
176,104,2.797622
177,104,2.797154
178,104,2.796646
179,104,2.792237
180,104,2.791625
181,104,2.787119
182,104,2.824938
183,104,2.816481
184,104,2.792564
185,104,2.807118
186,104,2.806218
187,104,2.786003
188,104,2.788848
189,104,2.795501
190,104,2.786691
191,104,2.789388
192,104,2.792025
193,104,2.790764
194,104,2.789449
195,104,2.788073
196,104,2.786649
197,104,2.789024
198,104,2.810606
199,104,2.812868
200,104,2.788096
201,104,2.809507
202,104,2.803890
203,104,2.790509
204,104,2.784772
205,104,2.782820
206,104,2.788520
207,104,2.786452
208,104,2.780467
209,104,2.785976
210,104,2.780320
211,104,2.781850
212,104,2.783321
213,104,2.780870
214,104,2.805320
215,104,2.798876
216,104,2.780802
217,104,2.801183
218,104,2.798372
219,104,2.776222
220,104,2.777111
221,104,2.777922
222,104,2.774799
223,104,2.775448
224,104,2.772160
225,104,2.768787
226,104,2.765327
227,104,2.765631
228,104,2.769698
229,104,2.769819
230,104,2.785256
231,104,2.785186
232,104,2.769606
233,104,2.777041
234,104,2.772814
235,104,2.764629
236,104,2.767894
237,104,2.763342
238,104,2.758675
239,104,2.761598
240,104,2.741284
241,104,2.743965
242,104,2.746519
243,104,2.737394
244,104,2.743539
245,104,2.741842
246,104,2.770827
247,104,2.761140
248,104,2.735894
249,104,2.760582
250,104,2.758152
251,104,2.740140
252,104,2.741227
253,104,2.742142
254,104,2.742880
255,104,2.735740
0,105,2.759292
1,105,2.757511
2,105,2.764431
3,105,2.762324
4,105,2.765868
5,105,2.765425
6,105,2.760989
7,105,2.764140
8,105,2.765242
9,105,2.758507
10,105,2.755516
11,105,2.760116
12,105,2.756898
13,105,2.761267
14,105,2.757832
15,105,2.761999
16,105,2.781474
17,105,2.785429
18,105,2.775811
19,105,2.775730
20,105,2.789039
21,105,2.782993
22,105,2.780711
23,105,2.787964
24,105,2.779729
25,105,2.779115
26,105,2.778418
27,105,2.777641
28,105,2.776784
29,105,2.779702
30,105,2.778682
31,105,2.775669
32,105,2.795699
33,105,2.794466
34,105,2.790729
35,105,2.795148
36,105,2.797572
37,105,2.799927
38,105,2.794509
39,105,2.792879
40,105,2.795036
41,105,2.789424
42,105,2.787601
43,105,2.789570
44,105,2.785697
45,105,2.793323
46,105,2.791257
47,105,2.789131
48,105,2.802359
49,105,2.807824
50,105,2.801674
51,105,2.799320
52,105,2.804616
53,105,2.802152
54,105,2.799634
55,105,2.797070
56,105,2.802150
57,105,2.799471
58,105,2.792887
59,105,2.790105
60,105,2.787270
61,105,2.792091
62,105,2.785311
63,105,2.793883
64,105,2.812037
65,105,2.810878
66,105,2.803890
67,105,2.808419
68,105,2.812892
69,105,2.809610
70,105,2.806280
71,105,2.808690
72,105,2.807191
73,105,2.803717
74,105,2.804048
75,105,2.800488
76,105,2.800724
77,105,2.800913
78,105,2.797211
79,105,2.797306
80,105,2.805059
81,105,2.812774
82,105,2.801169
83,105,2.810716
84,105,2.812502
85,105,2.812313
86,105,2.812087
87,105,2.811804
88,105,2.811483
89,105,2.801473
90,105,2.802982
91,105,2.802509
92,105,2.800070
93,105,2.801426
94,105,2.800817
95,105,2.800150
96,105,2.819245
97,105,2.811806
98,105,2.804330
99,105,2.812217
100,105,2.818122
101,105,2.820137
102,105,2.812464
103,105,2.812458
104,105,2.810480
105,105,2.808445
106,105,2.808300
107,105,2.800401
108,105,2.807841
109,105,2.803688
110,105,2.807195
111,105,2.806808
112,105,2.812213
113,105,2.808885
114,105,2.797823
115,105,2.802114
116,105,2.802512
117,105,2.802854
118,105,2.803146
119,105,2.811100
120,105,2.811304
121,105,2.811458
122,105,2.811566
123,105,2.803919
124,105,2.815490
125,105,2.811601
126,105,2.803812
127,105,2.807533
128,105,2.803412
129,105,2.798437
130,105,2.801114
131,105,2.794121
132,105,2.798635
133,105,2.795382
134,105,2.776680
135,105,2.781036
136,105,2.781500
137,105,2.778054
138,105,2.782282
139,105,2.782594
140,105,2.780937
141,105,2.785007
142,105,2.783253
143,105,2.783384
144,105,2.802725
145,105,2.802753
146,105,2.800807
147,105,2.806528
148,105,2.798695
149,105,2.802384
150,105,2.804099
151,105,2.801923
152,105,2.803544
153,105,2.816676
154,105,2.823991
155,105,2.800427
156,105,2.801867
157,105,2.799399
158,105,2.804587
159,105,2.800105
160,105,2.802058
161,105,2.802353
162,105,2.794887
163,105,2.802793
164,105,2.806791
165,105,2.799193
166,105,2.799244
167,105,2.799257
168,105,2.803067
169,105,2.818397
170,105,2.818261
171,105,2.798822
172,105,2.802452
173,105,2.790616
174,105,2.798005
175,105,2.789926
176,105,2.789514
177,105,2.796761
178,105,2.796244
179,105,2.795689
180,105,2.795085
181,105,2.790571
182,105,2.797575
183,105,2.792972
184,105,2.796025
185,105,2.814431
186,105,2.809679
187,105,2.793317
188,105,2.792317
189,105,2.791256
190,105,2.782447
191,105,2.788997
192,105,2.787789
193,105,2.790380
194,105,2.789057
195,105,2.787689
196,105,2.790118
197,105,2.788640
198,105,2.787105
199,105,2.789367
200,105,2.787719
201,105,2.805269
202,105,2.803505
203,105,2.782417
204,105,2.788240
205,105,2.786295
206,105,2.791995
207,105,2.786073
208,105,2.783941
209,105,2.785597
210,105,2.783334
211,105,2.784858
212,105,2.786315
213,105,2.783850
214,105,2.781315
215,105,2.778710
216,105,2.783737
217,105,2.800250
218,105,2.789718
219,105,2.771405
220,105,2.772278
221,105,2.776924
222,105,2.778274
223,105,2.771216
224,105,2.775633
225,105,2.768406
226,105,2.768807
227,105,2.776816
228,105,2.773176
229,105,2.769443
230,105,2.769469
231,105,2.761692
232,105,2.765375
233,105,2.784376
234,105,2.780149
235,105,2.764257
236,105,2.763667
237,105,2.766819
238,105,2.766005
239,105,2.761230
240,105,2.748620
241,105,2.739741
242,105,2.746147
243,105,2.744727
244,105,2.743164
245,105,2.745319
246,105,2.743480
247,105,2.745359
248,105,2.735522
249,105,2.764061
250,105,2.761630
251,105,2.747470
252,105,2.736996
253,105,2.737919
254,105,2.741090
255,105,2.737755
0,106,2.760824
1,106,2.759046
2,106,2.755184
3,106,2.756969
4,106,2.764385
5,106,2.760117
6,106,2.765340
7,106,2.762739
8,106,2.760004
9,106,2.761009
10,106,2.758043
11,106,2.762657
12,106,2.759463
13,106,2.763854
14,106,2.760442
15,106,2.760777
16,106,2.784117
17,106,2.782323
18,106,2.772726
19,106,2.776507
20,106,2.787910
21,106,2.791515
22,106,2.787315
23,106,2.790743
24,106,2.778673
25,106,2.778067
26,106,2.777387
27,106,2.776627
28,106,2.775786
29,106,2.774858
30,106,2.773863
31,106,2.776645
32,106,2.798616
33,106,2.797398
34,106,2.786468
35,106,2.798593
36,106,2.808722
37,106,2.803372
38,106,2.799882
39,106,2.794399
40,106,2.798483
41,106,2.789009
42,106,2.791039
43,106,2.793008
44,106,2.787209
45,106,2.790982
46,106,2.790843
47,106,2.792571
48,106,2.801946
49,106,2.801632
50,106,2.801261
51,106,2.802760
52,106,2.804203
53,106,2.801739
54,106,2.806926
55,106,2.800501
56,106,2.799801
57,106,2.795196
58,106,2.796318
59,106,2.789682
60,106,2.790700
61,106,2.793594
62,106,2.792584
63,106,2.789598
64,106,2.809678
65,106,2.810454
66,106,2.807318
67,106,2.804134
68,106,2.816311
69,106,2.809177
70,106,2.811625
71,106,2.806330
72,106,2.808682
73,106,2.799429
74,106,2.799759
75,106,2.803895
76,106,2.792582
77,106,2.802402
78,106,2.796764
79,106,2.804564
80,106,2.814252
81,106,2.810399
82,106,2.808425
83,106,2.808340
84,106,2.812051
85,106,2.806083
86,106,2.815488
87,106,2.813277
88,106,2.811029
89,106,2.802945
90,106,2.804444
91,106,2.802053
92,106,2.805383
93,106,2.800969
94,106,2.794570
95,106,2.791985
96,106,2.814929
97,106,2.819058
98,106,2.807719
99,106,2.815606
100,106,2.811879
101,106,2.815820
102,106,2.815861
103,106,2.808140
104,106,2.811941
105,106,2.807979
106,106,2.803980
107,106,2.807640
108,106,2.803517
109,106,2.803220
110,106,2.802881
111,106,2.802487
112,106,2.807871
113,106,2.808417
114,106,2.805051
115,106,2.801646
116,106,2.798174
117,106,2.798524
118,106,2.806531
119,106,2.802926
120,106,2.795425
121,106,2.807137
122,106,2.799540
123,106,2.811147
124,106,2.815012
125,106,2.811123
126,106,2.799482
127,106,2.803203
128,106,2.802928
129,106,2.803735
130,106,2.789073
131,106,2.797492
132,106,2.790448
133,106,2.794911
134,106,2.787768
135,106,2.792124
136,106,2.781030
137,106,2.779511
138,106,2.781804
139,106,2.784048
140,106,2.782396
141,106,2.782616
142,106,2.780859
143,106,2.779057
144,106,2.809964
145,106,2.806139
146,106,2.802266
147,106,2.807977
148,106,2.802083
149,106,2.799992
150,106,2.801706
151,106,2.803384
152,106,2.803078
153,106,2.806588
154,106,2.804262
155,106,2.796109
156,106,2.803329
157,106,2.802786
158,106,2.809911
159,106,2.797713
160,106,2.797749
161,106,2.794183
162,106,2.794433
163,106,2.802331
164,106,2.798633
165,106,2.806437
166,106,2.806498
167,106,2.802659
168,106,2.806469
169,106,2.806389
170,106,2.798546
171,106,2.802225
172,106,2.798151
173,106,2.797873
174,106,2.797557
175,106,2.797193
176,106,2.792920
177,106,2.792461
178,106,2.791954
179,106,2.791399
180,106,2.798491
181,106,2.797839
182,106,2.793286
183,106,2.796388
184,106,2.787883
185,106,2.790877
186,106,2.793831
187,106,2.792881
188,106,2.788028
189,106,2.790829
190,106,2.785873
191,106,2.788560
192,106,2.787352
193,106,2.789944
194,106,2.784777
195,106,2.791114
196,106,2.789690
197,106,2.788212
198,106,2.790530
199,106,2.788939
200,106,2.791144
201,106,2.789438
202,106,2.791527
203,106,2.789703
204,106,2.791672
205,106,2.785874
206,106,2.791573
207,106,2.793357
208,106,2.783519
209,106,2.785174
210,106,2.782912
211,106,2.788288
212,106,2.785891
213,106,2.779573
214,106,2.780890
215,106,2.778294
216,106,2.779468
217,106,2.776716
218,106,2.773889
219,106,2.770986
220,106,2.771858
221,106,2.772651
222,106,2.773373
223,106,2.774003
224,106,2.766844
225,106,2.771157
226,106,2.771531
227,106,2.764119
228,106,2.772018
229,106,2.772118
230,106,2.772123
231,106,2.760483
232,106,2.771850
233,106,2.763851
234,106,2.767316
235,106,2.766813
236,106,2.766200
237,106,2.765485
238,106,2.760793
239,106,2.759836
240,106,2.743358
241,106,2.742158
242,106,2.740831
243,106,2.747089
244,106,2.745498
245,106,2.743780
246,106,2.745764
247,106,2.739897
248,106,2.741597
249,106,2.746986
250,106,2.736816
251,106,2.741885
252,106,2.742944
253,106,2.736114
254,106,2.740676
255,106,2.733485
0,107,2.756538
1,107,2.756677
2,107,2.762459
3,107,2.760383
4,107,2.762020
5,107,2.763533
6,107,2.764904
7,107,2.773864
8,107,2.763423
9,107,2.760578
10,107,2.761455
11,107,2.758365
12,107,2.755172
13,107,2.763416
14,107,2.760006
15,107,2.762258
16,107,2.779830
17,107,2.778027
18,107,2.776136
19,107,2.776065
20,107,2.783617
21,107,2.787223
22,107,2.783024
23,107,2.786452
24,107,2.778225
25,107,2.779557
26,107,2.782731
27,107,2.780035
28,107,2.775342
29,107,2.776341
30,107,2.777272
31,107,2.780055
32,107,2.792385
33,107,2.791168
34,107,2.791806
35,107,2.790447
36,107,2.796714
37,107,2.799070
38,107,2.793654
39,107,2.805509
40,107,2.798025
41,107,2.800119
42,107,2.786739
43,107,2.788708
44,107,2.786752
45,107,2.792452
46,107,2.784607
47,107,2.788262
48,107,2.797637
49,107,2.801176
50,107,2.804658
51,107,2.804221
52,107,2.803738
53,107,2.808979
54,107,2.802608
55,107,2.811594
56,107,2.801262
57,107,2.800510
58,107,2.795852
59,107,2.793069
60,107,2.794088
61,107,2.795055
62,107,2.794045
63,107,2.792984
64,107,2.805359
65,107,2.802272
66,107,2.802989
67,107,2.805583
68,107,2.815834
69,107,2.812551
70,107,2.801514
71,107,2.817399
72,107,2.806277
73,107,2.802802
74,107,2.801205
75,107,2.799561
76,107,2.811355
77,107,2.799984
78,107,2.803988
79,107,2.800228
80,107,2.807979
81,107,2.807978
82,107,2.800224
83,107,2.807844
84,107,2.807701
85,107,2.807511
86,107,2.811137
87,107,2.822410
88,107,2.806666
89,107,2.804370
90,107,2.802016
91,107,2.801540
92,107,2.797174
93,107,2.800454
94,107,2.792138
95,107,2.799173
96,107,2.816356
97,107,2.814695
98,107,2.814913
99,107,2.815095
100,107,2.809451
101,107,2.819160
102,107,2.811496
103,107,2.823038
104,107,2.815281
105,107,2.811318
106,107,2.811172
107,107,2.810979
108,107,2.806854
109,107,2.806563
110,107,2.802365
111,107,2.805821
112,107,2.811207
113,107,2.811743
114,107,2.819946
115,107,2.801119
116,107,2.805363
117,107,2.798008
118,107,2.806010
119,107,2.798558
120,107,2.798748
121,107,2.802758
122,107,2.802867
123,107,2.806778
124,107,2.799085
125,107,2.806755
126,107,2.798965
127,107,2.794981
128,107,2.798553
129,107,2.795508
130,107,2.790493
131,107,2.793118
132,107,2.788001
133,107,2.792455
134,107,2.775681
135,107,2.778120
136,107,2.772807
137,107,2.777075
138,107,2.785140
139,107,2.781605
140,107,2.785722
141,107,2.778248
142,107,2.780347
143,107,2.778542
144,107,2.801735
145,107,2.807552
146,107,2.801752
147,107,2.797831
148,107,2.801569
149,107,2.793699
150,107,2.797340
151,107,2.802871
152,107,2.804492
153,107,2.796444
154,107,2.799896
155,107,2.799459
156,107,2.795111
157,107,2.802273
158,107,2.797840
159,107,2.797211
160,107,2.801090
161,107,2.797535
162,107,2.801628
163,107,2.801831
164,107,2.798124
165,107,2.802085
166,107,2.794442
167,107,2.806004
168,107,2.798267
169,107,2.802040
170,107,2.801903
171,107,2.797877
172,107,2.801509
173,107,2.801231
174,107,2.797062
175,107,2.796700
176,107,2.796289
177,107,2.791978
178,107,2.799167
179,107,2.794759
180,107,2.794156
181,107,2.793505
182,107,2.794731
183,107,2.792055
184,107,2.791245
185,107,2.790396
186,107,2.785644
187,107,2.788547
188,107,2.783694
189,107,2.790348
190,107,2.785392
191,107,2.791942
192,107,2.794587
193,107,2.793326
194,107,2.784306
195,107,2.790643
196,107,2.796925
197,107,2.791593
198,107,2.786206
199,107,2.788468
200,107,2.790672
201,107,2.788966
202,107,2.787201
203,107,2.789230
204,107,2.787346
205,107,2.789264
206,107,2.787257
207,107,2.789040
208,107,2.786907
209,107,2.788562
210,107,2.786298
211,107,2.783968
212,107,2.785434
213,107,2.782968
214,107,2.780432
215,107,2.781677
216,107,2.775156
217,107,2.780108
218,107,2.773428
219,107,2.774376
220,107,2.771405
221,107,2.779903
222,107,2.780614
223,107,2.773538
224,107,2.766388
225,107,2.770700
226,107,2.774925
227,107,2.771366
228,107,2.763852
229,107,2.767815
230,107,2.771671
231,107,2.763872
232,107,2.771396
233,107,2.767248
234,107,2.763007
235,107,2.762502
236,107,2.754182
237,107,2.768877
238,107,2.756478
239,107,2.763236
240,107,2.746746
241,107,2.745555
242,107,2.748078
243,107,2.754336
244,107,2.741185
245,107,2.747171
246,107,2.745311
247,107,2.743295
248,107,2.741141
249,107,2.746527
250,107,2.740209
251,107,2.737570
252,107,2.734774
253,107,2.739512
254,107,2.736355
255,107,2.733026
0,108,2.754138
1,108,2.758131
2,108,2.758124
3,108,2.759902
4,108,2.763479
5,108,2.759203
6,108,2.758649
7,108,2.779157
8,108,2.759098
9,108,2.763948
10,108,2.755194
11,108,2.757896
12,108,2.758546
13,108,2.762938
14,108,2.759529
15,108,2.759856
16,108,2.781271
17,108,2.783333
18,108,2.777579
19,108,2.783300
20,108,2.783135
21,108,2.784817
22,108,2.778692
23,108,2.793668
24,108,2.777748
25,108,2.784848
26,108,2.776465
27,108,2.777622
28,108,2.778710
29,108,2.777782
30,108,2.780641
31,108,2.775719
32,108,2.793829
33,108,2.792613
34,108,2.793240
35,108,2.789955
36,108,2.792381
37,108,2.798579
38,108,2.800869
39,108,2.810788
40,108,2.789830
41,108,2.797704
42,108,2.786239
43,108,2.782430
44,108,2.793970
45,108,2.788111
46,108,2.791814
47,108,2.787763
48,108,2.800992
49,108,2.802594
50,108,2.800297
51,108,2.797943
52,108,2.803240
53,108,2.800776
54,108,2.798246
55,108,2.813011
56,108,2.796901
57,108,2.801928
58,108,2.799197
59,108,2.796413
60,108,2.793579
61,108,2.794546
62,108,2.793524
63,108,2.796316
64,108,2.806764
65,108,2.801751
66,108,2.802326
67,108,2.799150
68,108,2.799778
69,108,2.811916
70,108,2.812447
71,108,2.820635
72,108,2.805659
73,108,2.802193
74,108,2.800605
75,108,2.800908
76,108,2.799225
77,108,2.803274
78,108,2.791865
79,108,2.799672
80,108,2.807432
81,108,2.807437
82,108,2.807399
83,108,2.807303
84,108,2.807159
85,108,2.806967
86,108,2.806728
87,108,2.829571
88,108,2.802267
89,108,2.809591
90,108,2.801468
91,108,2.797137
92,108,2.804317
93,108,2.797976
94,108,2.799280
95,108,2.798608
96,108,2.815798
97,108,2.816063
98,108,2.810513
99,108,2.810683
100,108,2.814671
101,108,2.810895
102,108,2.814789
103,108,2.830183
104,108,2.810867
105,108,2.810756
106,108,2.810610
107,108,2.806564
108,108,2.800517
109,108,2.806000
110,108,2.801797
111,108,2.805256
112,108,2.814484
113,108,2.826590
114,108,2.827076
115,108,2.804399
116,108,2.804799
117,108,2.801291
118,108,2.801582
119,108,2.805688
120,108,2.798184
121,108,2.794489
122,108,2.802301
123,108,2.802362
124,108,2.798521
125,108,2.802339
126,108,2.794549
127,108,2.794417
128,108,2.797982
129,108,2.798792
130,108,2.791850
131,108,2.792549
132,108,2.781654
133,108,2.791899
134,108,2.786672
135,108,2.791039
136,108,2.779936
137,108,2.776499
138,108,2.773024
139,108,2.777188
140,108,2.773605
141,108,2.777674
142,108,2.777858
143,108,2.777981
144,108,2.801172
145,108,2.803125
146,108,2.801190
147,108,2.801121
148,108,2.802935
149,108,2.800844
150,108,2.804484
151,108,2.802311
152,108,2.800078
153,108,2.799737
154,108,2.799336
155,108,2.798899
156,108,2.798403
157,108,2.803651
158,108,2.789574
159,108,2.796651
160,108,2.800530
161,108,2.796976
162,108,2.801081
163,108,2.797421
164,108,2.801431
165,108,2.805393
166,108,2.801592
167,108,2.797755
168,108,2.801576
169,108,2.793781
170,108,2.801361
171,108,2.797336
172,108,2.800969
173,108,2.792996
174,108,2.800375
175,108,2.796080
176,108,2.799513
177,108,2.791340
178,108,2.798530
179,108,2.794113
180,108,2.789648
181,108,2.792829
182,108,2.792119
183,108,2.795212
184,108,2.794403
185,108,2.793545
186,108,2.792636
187,108,2.791676
188,108,2.790666
189,108,2.797309
190,108,2.792572
191,108,2.783711
192,108,2.794062
193,108,2.792800
194,108,2.787644
195,108,2.793981
196,108,2.784852
197,108,2.787225
198,108,2.793396
199,108,2.791805
200,108,2.794009
201,108,2.792302
202,108,2.790549
203,108,2.788724
204,108,2.786839
205,108,2.786820
206,108,2.790591
207,108,2.788532
208,108,2.786398
209,108,2.784200
210,108,2.781947
211,108,2.783469
212,108,2.781071
213,108,2.778604
214,108,2.787637
215,108,2.785028
216,108,2.782348
217,108,2.779606
218,108,2.776777
219,108,2.785441
220,108,2.778606
221,108,2.779396
222,108,2.772412
223,108,2.780746
224,108,2.769743
225,108,2.770201
226,108,2.766719
227,108,2.770865
228,108,2.771055
229,108,2.767311
230,108,2.771166
231,108,2.771083
232,108,2.767035
233,108,2.770603
234,108,2.762509
235,108,2.762001
236,108,2.761397
237,108,2.768374
238,108,2.759837
239,108,2.762730
240,108,2.746250
241,108,2.737352
242,108,2.743726
243,108,2.746129
244,108,2.740693
245,108,2.742813
246,108,2.748657
247,108,2.742798
248,108,2.744482
249,108,2.742173
250,108,2.739706
251,108,2.740929
252,108,2.741972
253,108,2.739002
254,108,2.739708
255,108,2.736377
0,109,2.758195
1,109,2.762220
2,109,2.756465
3,109,2.762125
4,109,2.765719
5,109,2.761472
6,109,2.762871
7,109,2.764142
8,109,2.755655
9,109,2.762470
10,109,2.755668
11,109,2.760308
12,109,2.760981
13,109,2.757691
14,109,2.758159
15,109,2.758507
16,109,2.781870
17,109,2.782014
18,109,2.782073
19,109,2.780850
20,109,2.778760
21,109,2.782370
22,109,2.785877
23,109,2.787370
24,109,2.777230
25,109,2.786257
26,109,2.779789
27,109,2.775180
28,109,2.774330
29,109,2.781108
30,109,2.778190
31,109,2.779036
32,109,2.797158
33,109,2.792078
34,109,2.794644
35,109,2.793274
36,109,2.795701
37,109,2.798046
38,109,2.796484
39,109,2.794844
40,109,2.789298
41,109,2.783676
42,109,2.789561
43,109,2.783826
44,109,2.781490
45,109,2.787203
46,109,2.787065
47,109,2.786879
48,109,2.800120
49,109,2.805585
50,109,2.797520
51,109,2.800958
52,109,2.798548
53,109,2.807654
54,109,2.805146
55,109,2.806438
56,109,2.796105
57,109,2.801143
58,109,2.790716
59,109,2.791796
60,109,2.792813
61,109,2.795716
62,109,2.790863
63,109,2.791739
64,109,2.811828
65,109,2.804898
66,109,2.805624
67,109,2.806289
68,109,2.810769
69,109,2.803643
70,109,2.808026
71,109,2.808508
72,109,2.801237
73,109,2.799697
74,109,2.801961
75,109,2.802252
76,109,2.798642
77,109,2.798838
78,109,2.798986
79,109,2.799087
80,109,2.810699
81,109,2.810717
82,109,2.810676
83,109,2.810588
84,109,2.806600
85,109,2.808343
86,109,2.810039
87,109,2.809774
88,109,2.797890
89,109,2.808997
90,109,2.804713
91,109,2.800394
92,109,2.796014
93,109,2.795439
94,109,2.796753
95,109,2.799933
96,109,2.817119
97,109,2.821248
98,109,2.819539
99,109,2.813929
100,109,2.817917
101,109,2.814140
102,109,2.812255
103,109,2.814164
104,109,2.802553
105,109,2.810146
106,109,2.810000
107,109,2.805941
108,109,2.809538
109,109,2.801542
110,109,2.806963
111,109,2.808503
112,109,2.813871
113,109,2.806701
114,109,2.811043
115,109,2.807640
116,109,2.804167
117,109,2.796814
118,109,2.793264
119,109,2.793513
120,109,2.801425
121,109,2.797730
122,109,2.801677
123,109,2.801738
124,109,2.797897
125,109,2.805567
126,109,2.801630
127,109,2.786087
128,109,2.787718
129,109,2.790455
130,109,2.787366
131,109,2.788066
132,109,2.781025
133,109,2.785491
134,109,2.778351
135,109,2.786571
136,109,2.787036
137,109,2.791296
138,109,2.791663
139,109,2.774643
140,109,2.774919
141,109,2.778992
142,109,2.773382
143,109,2.773518
144,109,2.804415
145,109,2.808294
146,109,2.800580
147,109,2.802437
148,109,2.796534
149,109,2.800235
150,109,2.801949
151,109,2.795923
152,109,2.803322
153,109,2.804908
154,109,2.798727
155,109,2.802144
156,109,2.803574
157,109,2.801116
158,109,2.800536
159,109,2.799895
160,109,2.799934
161,109,2.804087
162,109,2.796622
163,109,2.796827
164,109,2.793133
165,109,2.797084
166,109,2.801001
167,109,2.801013
168,109,2.797120
169,109,2.804726
170,109,2.808445
171,109,2.800558
172,109,2.796477
173,109,2.796201
174,109,2.795877
175,109,2.795494
176,109,2.798927
177,109,2.798461
178,109,2.794093
179,109,2.797382
180,109,2.796770
181,109,2.799962
182,109,2.787694
183,109,2.790788
184,109,2.793832
185,109,2.792974
186,109,2.788212
187,109,2.794958
188,109,2.793948
189,109,2.789045
190,109,2.787932
191,109,2.790618
192,109,2.789400
193,109,2.788128
194,109,2.786802
195,109,2.789274
196,109,2.787852
197,109,2.786361
198,109,2.792520
199,109,2.794770
200,109,2.789269
201,109,2.787550
202,109,2.789625
203,109,2.787788
204,109,2.789756
205,109,2.791650
206,109,2.785776
207,109,2.783704
208,109,2.789262
209,109,2.787050
210,109,2.784784
211,109,2.782439
212,109,2.788234
213,109,2.785766
214,109,2.779375
215,109,2.788337
216,109,2.785655
217,109,2.782913
218,109,2.780082
219,109,2.781041
220,109,2.778057
221,109,2.782711
222,109,2.775714
223,109,2.772500
224,109,2.769190
225,109,2.769659
226,109,2.770028
227,109,2.766468
228,109,2.762816
229,109,2.770617
230,109,2.766777
231,109,2.766693
232,109,2.766496
233,109,2.770063
234,109,2.765821
235,109,2.765311
236,109,2.768558
237,109,2.763055
238,109,2.758333
239,109,2.757359
240,109,2.748559
241,109,2.747340
242,109,2.742127
243,109,2.744502
244,109,2.742891
245,109,2.741141
246,109,2.739249
247,109,2.744903
248,109,2.742715
249,109,2.740372
250,109,2.741724
251,109,2.742912
252,109,2.736225
253,109,2.740924
254,109,2.737738
255,109,2.738220
0,110,2.755699
1,110,2.753947
2,110,2.757826
3,110,2.757709
4,110,2.763231
5,110,2.762839
6,110,2.758461
7,110,2.763586
8,110,2.757027
9,110,2.761904
10,110,2.758956
11,110,2.759745
12,110,2.756567
13,110,2.757131
14,110,2.757600
15,110,2.763730
16,110,2.781314
17,110,2.779533
18,110,2.777654
19,110,2.777604
20,110,2.777460
21,110,2.786869
22,110,2.780763
23,110,2.788053
24,110,2.775993
25,110,2.775405
26,110,2.778600
27,110,2.777848
28,110,2.773162
29,110,2.776117
30,110,2.777054
31,110,2.781769
32,110,2.792188
33,110,2.790988
34,110,2.793557
35,110,2.788362
36,110,2.794643
37,110,2.795076
38,110,2.803160
39,110,2.795754
40,110,2.788296
41,110,2.792318
42,110,2.796291
43,110,2.794408
44,110,2.784771
45,110,2.786619
46,110,2.784567
47,110,2.786295
48,110,2.807242
49,110,2.808854
50,110,2.802716
51,110,2.796509
52,110,2.805670
53,110,2.803218
54,110,2.800698
55,110,2.803916
56,110,2.795509
57,110,2.785135
58,110,2.797826
59,110,2.798906
60,110,2.788363
61,110,2.793193
62,110,2.794119
63,110,2.796908
64,110,2.807365
65,110,2.806214
66,110,2.810793
67,110,2.801838
68,110,2.806305
69,110,2.810736
70,110,2.807413
71,110,2.807895
72,110,2.796770
73,110,2.801009
74,110,2.799420
75,110,2.805489
76,110,2.801879
77,110,2.798221
78,110,2.798368
79,110,2.798468
80,110,2.810079
81,110,2.810085
82,110,2.806190
83,110,2.802248
84,110,2.807890
85,110,2.807706
86,110,2.813254
87,110,2.812974
88,110,2.808808
89,110,2.804581
90,110,2.800305
91,110,2.799835
92,110,2.807021
93,110,2.794793
94,110,2.796093
95,110,2.793492
96,110,2.816478
97,110,2.816742
98,110,2.809252
99,110,2.809435
100,110,2.813409
101,110,2.813484
102,110,2.813526
103,110,2.809654
104,110,2.805749
105,110,2.801783
106,110,2.801636
107,110,2.807208
108,110,2.808884
109,110,2.804735
110,110,2.800530
111,110,2.809768
112,110,2.817037
113,110,2.813734
114,110,2.810381
115,110,2.806957
116,110,2.795800
117,110,2.796153
118,110,2.796451
119,110,2.804412
120,110,2.796899
121,110,2.800906
122,110,2.797163
123,110,2.804930
124,110,2.801089
125,110,2.801054
126,110,2.785559
127,110,2.793132
128,110,2.792829
129,110,2.791714
130,110,2.790552
131,110,2.791253
132,110,2.784211
133,110,2.788678
134,110,2.789242
135,110,2.793600
136,110,2.794078
137,110,2.788715
138,110,2.769810
139,110,2.775907
140,110,2.780029
141,110,2.772553
142,110,2.772725
143,110,2.776700
144,110,2.803757
145,110,2.805709
146,110,2.797995
147,110,2.803704
148,110,2.803582
149,110,2.799577
150,110,2.797439
151,110,2.801046
152,110,2.800739
153,110,2.810030
154,110,2.798071
155,110,2.797635
156,110,2.804857
157,110,2.804312
158,110,2.799880
159,110,2.795399
160,110,2.795426
161,110,2.791874
162,110,2.795981
163,110,2.796207
164,110,2.796357
165,110,2.800313
166,110,2.804221
167,110,2.808082
168,110,2.804177
169,110,2.800238
170,110,2.800105
171,110,2.796071
172,110,2.795843
173,110,2.799421
174,110,2.795245
175,110,2.794874
176,110,2.806014
177,110,2.801695
178,110,2.801181
179,110,2.792912
180,110,2.800006
181,110,2.787787
182,110,2.790931
183,110,2.790172
184,110,2.797069
185,110,2.792357
186,110,2.787596
187,110,2.790489
188,110,2.785639
189,110,2.788430
190,110,2.783463
191,110,2.786150
192,110,2.796489
193,110,2.791377
194,110,2.790051
195,110,2.788671
196,110,2.787249
197,110,2.793463
198,110,2.791916
199,110,2.786460
200,110,2.792517
201,110,2.794651
202,110,2.785180
203,110,2.791048
204,110,2.789149
205,110,2.791056
206,110,2.789034
207,110,2.790815
208,110,2.780961
209,110,2.786467
210,110,2.784187
211,110,2.785707
212,110,2.787146
213,110,2.784676
214,110,2.782122
215,110,2.779511
216,110,2.780666
217,110,2.777908
218,110,2.778914
219,110,2.779857
220,110,2.776869
221,110,2.773787
222,110,2.770639
223,110,2.778952
224,110,2.767930
225,110,2.772234
226,110,2.772597
227,110,2.765151
228,110,2.761480
229,110,2.765421
230,110,2.765400
231,110,2.769148
232,110,2.765090
233,110,2.768635
234,110,2.764370
235,110,2.763836
236,110,2.763207
237,110,2.762465
238,110,2.765460
239,110,2.760632
240,110,2.747977
241,110,2.750609
242,110,2.741541
243,110,2.743914
244,110,2.738448
245,110,2.740548
246,110,2.742507
247,110,2.748172
248,110,2.749835
249,110,2.743638
250,110,2.737281
251,110,2.742319
252,110,2.739483
253,110,2.736473
254,110,2.737137
255,110,2.737617
0,111,2.755103
1,111,2.761058
2,111,2.755308
3,111,2.753266
4,111,2.766481
5,111,2.764164
6,111,2.763641
7,111,2.762989
8,111,2.764138
9,111,2.761311
10,111,2.756438
11,111,2.759155
12,111,2.755979
13,111,2.760382
14,111,2.758913
15,111,2.763117
16,111,2.776850
17,111,2.778924
18,111,2.777046
19,111,2.778924
20,111,2.784575
21,111,2.784339
22,111,2.780161
23,111,2.783599
24,111,2.779245
25,111,2.778658
26,111,2.777988
27,111,2.781089
28,111,2.772551
29,111,2.777434
30,111,2.778372
31,111,2.777308
32,111,2.791580
33,111,2.794221
34,111,2.789098
35,111,2.791596
36,111,2.794025
37,111,2.792532
38,111,2.798691
39,111,2.800917
40,111,2.797298
41,111,2.785924
42,111,2.793736
43,111,2.789927
44,111,2.784144
45,111,2.785991
46,111,2.780087
47,111,2.793374
48,111,2.802763
49,111,2.800522
50,111,2.798238
51,111,2.803588
52,111,2.797325
53,111,2.806431
54,111,2.803925
55,111,2.809056
56,111,2.802588
57,111,2.796054
58,111,2.795260
59,111,2.790547
60,111,2.795428
61,111,2.794479
62,111,2.797317
63,111,2.794340
64,111,2.806724
65,111,2.799780
66,111,2.800505
67,111,2.806961
68,111,2.805662
69,111,2.810079
70,111,2.804829
71,111,2.807237
72,111,2.807670
73,111,2.804202
74,111,2.796834
75,111,2.800962
76,111,2.797351
77,111,2.793692
78,111,2.793838
79,111,2.797790
80,111,2.805548
81,111,2.809405
82,111,2.809362
83,111,2.805419
84,111,2.809134
85,111,2.808949
86,111,2.808716
87,111,2.810362
88,111,2.808107
89,111,2.800025
90,111,2.799616
91,111,2.806849
92,111,2.796697
93,111,2.801907
94,111,2.797437
95,111,2.796785
96,111,2.811924
97,111,2.812187
98,111,2.812417
99,111,2.812585
100,111,2.816559
101,111,2.820500
102,111,2.812822
103,111,2.808949
104,111,2.808896
105,111,2.804929
106,111,2.808635
107,111,2.808427
108,111,2.804328
109,111,2.804018
110,111,2.807526
111,111,2.803287
112,111,2.820179
113,111,2.809171
114,111,2.809662
115,111,2.810100
116,111,2.798943
117,111,2.799290
118,111,2.791874
119,111,2.795983
120,111,2.792333
121,111,2.792492
122,111,2.800307
123,111,2.796515
124,111,2.788807
125,111,2.792625
126,111,2.784835
127,111,2.792408
128,111,2.795949
129,111,2.792909
130,111,2.789821
131,111,2.792462
132,111,2.783497
133,111,2.784112
134,111,2.788529
135,111,2.785191
136,111,2.785647
137,111,2.786063
138,111,2.771033
139,111,2.771345
140,111,2.769687
141,111,2.771848
142,111,2.768164
143,111,2.772139
144,111,2.804977
145,111,2.806928
146,111,2.806906
147,111,2.802996
148,111,2.802876
149,111,2.802725
150,111,2.804438
151,111,2.802267
152,111,2.798107
153,111,2.797767
154,111,2.797380
155,111,2.796930
156,111,2.796447
157,111,2.797843
158,111,2.799175
159,111,2.798548
160,111,2.802503
161,111,2.806634
162,111,2.795321
163,111,2.799373
164,111,2.799524
165,111,2.799627
166,111,2.803522
167,111,2.799679
168,111,2.799641
169,111,2.795703
170,111,2.795570
171,111,2.795390
172,111,2.795163
173,111,2.791036
174,111,2.794566
175,111,2.798049
176,111,2.801484
177,111,2.801018
178,111,2.792798
179,111,2.792235
180,111,2.791624
181,111,2.790978
182,111,2.797974
183,111,2.793363
184,111,2.792554
185,111,2.791696
186,111,2.790787
187,111,2.789842
188,111,2.796537
189,111,2.791622
190,111,2.786655
191,111,2.785503
192,111,2.795842
193,111,2.794569
194,111,2.793257
195,111,2.784170
196,111,2.786587
197,111,2.796668
198,111,2.791268
199,111,2.797383
200,111,2.791868
201,111,2.790162
202,111,2.792236
203,111,2.794250
204,111,2.788512
205,111,2.782713
206,111,2.784543
207,111,2.782472
208,111,2.788027
209,111,2.787753
210,111,2.779694
211,111,2.777360
212,111,2.782650
213,111,2.780180
214,111,2.785345
215,111,2.782719
216,111,2.780034
217,111,2.784981
218,111,2.778279
219,111,2.786927
220,111,2.780085
221,111,2.777017
222,111,2.770000
223,111,2.778326
224,111,2.767304
225,111,2.771606
226,111,2.764263
227,111,2.768373
228,111,2.764701
229,111,2.764788
230,111,2.768632
231,111,2.768525
232,111,2.764465
233,111,2.764156
234,111,2.771448
235,111,2.763221
236,111,2.758722
237,111,2.765684
238,111,2.757119
239,111,2.759995
240,111,2.751191
241,111,2.749968
242,111,2.744764
243,111,2.747151
244,111,2.745535
245,111,2.743781
246,111,2.745737
247,111,2.739842
248,111,2.741502
249,111,2.739154
250,111,2.744353
251,111,2.741683
252,111,2.735007
253,111,2.747406
254,111,2.736508
255,111,2.736984
0,112,2.764808
1,112,2.766943
2,112,2.768914
3,112,2.766903
4,112,2.764752
5,112,2.766301
6,112,2.767733
7,112,2.769035
8,112,2.766358
9,112,2.767394
10,112,2.768327
11,112,2.772995
12,112,2.769843
13,112,2.770432
14,112,2.774750
15,112,2.775124
16,112,2.794658
17,112,2.790974
18,112,2.787191
19,112,2.791016
20,112,2.790893
21,112,2.782972
22,112,2.794928
23,112,2.790662
24,112,2.786309
25,112,2.797282
26,112,2.788907
27,112,2.795862
28,112,2.795031
29,112,2.797973
30,112,2.793133
31,112,2.795922
32,112,2.806343
33,112,2.805131
34,112,2.807701
35,112,2.810199
36,112,2.808775
37,112,2.807298
38,112,2.805738
39,112,2.811817
40,112,2.810125
41,112,2.808369
42,112,2.806564
43,112,2.808534
44,112,2.806590
45,112,2.804599
46,112,2.814092
47,112,2.808115
48,112,2.805947
49,112,2.815264
50,112,2.812965
51,112,2.810625
52,112,2.812067
53,112,2.809615
54,112,2.807094
55,112,2.812224
56,112,2.805758
57,112,2.810781
58,112,2.819619
59,112,2.820685
60,112,2.814008
61,112,2.814970
62,112,2.819749
63,112,2.816772
64,112,2.821435
65,112,2.822210
66,112,2.811362
67,112,2.819744
68,112,2.824224
69,112,2.817096
70,112,2.821464
71,112,2.818092
72,112,2.822377
73,112,2.822747
74,112,2.823083
75,112,2.823372
76,112,2.827466
77,112,2.819953
78,112,2.820099
79,112,2.827888
80,112,2.820233
81,112,2.824090
82,112,2.820193
83,112,2.823954
84,112,2.816110
85,112,2.815923
86,112,2.819542
87,112,2.819260
88,112,2.822783
89,112,2.826259
90,112,2.825833
91,112,2.825360
92,112,2.821000
93,112,2.820430
94,112,2.827516
95,112,2.822995
96,112,2.826524
97,112,2.826811
98,112,2.823182
99,112,2.823392
100,112,2.825439
101,112,2.817822
102,112,2.819774
103,112,2.823621
104,112,2.827406
105,112,2.823438
106,112,2.827144
107,112,2.823082
108,112,2.822835
109,112,2.822530
110,112,2.827965
111,112,2.821776
112,112,2.823261
113,112,2.823813
114,112,2.820447
115,112,2.813185
116,112,2.809736
117,112,2.813928
118,112,2.818085
119,112,2.814484
120,112,2.806986
121,112,2.818703
122,112,2.818798
123,112,2.818858
124,112,2.811166
125,112,2.811130
126,112,2.811046
127,112,2.814766
128,112,2.806739
129,112,2.807554
130,112,2.798686
131,112,2.801329
132,112,2.798141
133,112,2.794891
134,112,2.795472
135,112,2.795987
136,112,2.790674
137,112,2.796861
138,112,2.801081
139,112,2.801414
140,112,2.805535
141,112,2.805751
142,112,2.802085
143,112,2.802207
144,112,2.821543
145,112,2.825437
146,112,2.815781
147,112,2.813800
148,112,2.817532
149,112,2.821234
150,112,2.821022
151,112,2.818851
152,112,2.820485
153,112,2.827836
154,112,2.827449
155,112,2.830852
156,112,2.811105
157,112,2.808533
158,112,2.813724
159,112,2.809218
160,112,2.824867
161,112,2.821309
162,112,2.813850
163,112,2.814050
164,112,2.821892
165,112,2.818144
166,112,2.814349
167,112,2.822064
168,112,2.818175
169,112,2.818090
170,112,2.825664
171,112,2.825485
172,112,2.805994
173,112,2.801868
174,112,2.801546
175,112,2.808882
176,112,2.816170
177,112,2.815720
178,112,2.811353
179,112,2.814643
180,112,2.814032
181,112,2.809519
182,112,2.812663
183,112,2.808067
184,112,2.814964
185,112,2.814106
186,112,2.820918
187,112,2.816105
188,112,2.807389
189,112,2.798621
190,112,2.801374
191,112,2.796355
192,112,2.814414
193,112,2.813141
194,112,2.811814
195,112,2.814300
196,112,2.816717
197,112,2.811387
198,112,2.813691
199,112,2.812101
200,112,2.806586
201,112,2.816438
202,112,2.818526
203,112,2.816686
204,112,2.803243
205,112,2.801281
206,112,2.803125
207,112,2.801053
208,112,2.806608
209,112,2.812113
210,112,2.805993
211,112,2.811350
212,112,2.801243
213,112,2.798772
214,112,2.803921
215,112,2.805161
216,112,2.802475
217,112,2.803569
218,112,2.804587
219,112,2.805512
220,112,2.787111
221,112,2.791747
222,112,2.784744
223,112,2.789216
224,112,2.793603
225,112,2.794052
226,112,2.798266
227,112,2.794684
228,112,2.791010
229,112,2.791095
230,112,2.794938
231,112,2.790977
232,112,2.794621
233,112,2.794310
234,112,2.793021
235,112,2.792476
236,112,2.776410
237,112,2.775641
238,112,2.767051
239,112,2.773753
240,112,2.780333
241,112,2.771377
242,112,2.770015
243,112,2.768504
244,112,2.770711
245,112,2.765073
246,112,2.770850
247,112,2.776497
248,112,2.770418
249,112,2.775742
250,112,2.777053
251,112,2.774363
252,112,2.752223
253,112,2.753024
254,112,2.749809
255,112,2.746391
0,113,2.767982
1,113,2.766250
2,113,2.764387
3,113,2.770084
4,113,2.764066
5,113,2.765634
6,113,2.767051
7,113,2.768355
8,113,2.761811
9,113,2.766719
10,113,2.771506
11,113,2.780012
12,113,2.773010
13,113,2.769748
14,113,2.774067
15,113,2.778296
16,113,2.790126
17,113,2.794149
18,113,2.794204
19,113,2.786472
20,113,2.790204
21,113,2.793843
22,113,2.783889
23,113,2.785421
24,113,2.784939
25,113,2.795931
26,113,2.791427
27,113,2.794546
28,113,2.797585
29,113,2.796691
30,113,2.791867
31,113,2.794673
32,113,2.805109
33,113,2.807766
34,113,2.818056
35,113,2.809010
36,113,2.807601
37,113,2.806123
38,113,2.800724
39,113,2.810669
40,113,2.808991
41,113,2.811100
42,113,2.813146
43,113,2.807424
44,113,2.817066
45,113,2.803515
46,113,2.805314
47,113,2.807054
48,113,2.812604
49,113,2.818080
50,113,2.811940
51,113,2.817301
52,113,2.811064
53,113,2.812461
54,113,2.806098
55,113,2.815107
56,113,2.812489
57,113,2.817522
58,113,2.814813
59,113,2.815888
60,113,2.816927
61,113,2.821752
62,113,2.814983
63,113,2.819706
64,113,2.820541
65,113,2.817457
66,113,2.822046
67,113,2.818863
68,113,2.819499
69,113,2.820087
70,113,2.812904
71,113,2.817247
72,113,2.821542
73,113,2.825848
74,113,2.822332
75,113,2.826473
76,113,2.826697
77,113,2.823037
78,113,2.827035
79,113,2.827132
80,113,2.819476
81,113,2.819463
82,113,2.819418
83,113,2.819325
84,113,2.819185
85,113,2.822850
86,113,2.818762
87,113,2.822332
88,113,2.818148
89,113,2.825475
90,113,2.821195
91,113,2.824573
92,113,2.824049
93,113,2.823477
94,113,2.826709
95,113,2.822202
96,113,2.821888
97,113,2.822159
98,113,2.826235
99,113,2.826411
100,113,2.818851
101,113,2.826652
102,113,2.818972
103,113,2.818966
104,113,2.818897
105,113,2.826487
106,113,2.826340
107,113,2.826129
108,113,2.825887
109,113,2.825575
110,113,2.825238
111,113,2.832533
112,113,2.822452
113,113,2.815272
114,113,2.819629
115,113,2.823935
116,113,2.812765
117,113,2.813113
118,113,2.809567
119,113,2.817530
120,113,2.813868
121,113,2.814027
122,113,2.825694
123,113,2.818051
124,113,2.814211
125,113,2.818028
126,113,2.814091
127,113,2.810106
128,113,2.811700
129,113,2.814443
130,113,2.803650
131,113,2.804366
132,113,2.797327
133,113,2.797942
134,113,2.798497
135,113,2.795160
136,113,2.795643
137,113,2.797985
138,113,2.807984
139,113,2.802516
140,113,2.804728
141,113,2.808800
142,113,2.801265
143,113,2.812959
144,113,2.824591
145,113,2.816926
146,113,2.814976
147,113,2.820699
148,113,2.812875
149,113,2.812726
150,113,2.816365
151,113,2.816121
152,113,2.811977
153,113,2.830886
154,113,2.826647
155,113,2.829969
156,113,2.814050
157,113,2.817363
158,113,2.809069
159,113,2.808432
160,113,2.824081
161,113,2.824361
162,113,2.816904
163,113,2.817104
164,113,2.821110
165,113,2.821216
166,113,2.821275
167,113,2.813580
168,113,2.813544
169,113,2.825019
170,113,2.821035
171,113,2.824710
172,113,2.805220
173,113,2.808799
174,113,2.808478
175,113,2.808125
176,113,2.819267
177,113,2.811096
178,113,2.810582
179,113,2.817726
180,113,2.817131
181,113,2.816471
182,113,2.811909
183,113,2.807153
184,113,2.814040
185,113,2.817025
186,113,2.823827
187,113,2.822857
188,113,2.806424
189,113,2.805367
190,113,2.804242
191,113,2.806933
192,113,2.817261
193,113,2.815993
194,113,2.806949
195,113,2.809424
196,113,2.807976
197,113,2.810341
198,113,2.808780
199,113,2.807179
200,113,2.809372
201,113,2.819197
202,113,2.817420
203,113,2.819436
204,113,2.798258
205,113,2.800152
206,113,2.798131
207,113,2.803751
208,113,2.805439
209,113,2.807077
210,113,2.800944
211,113,2.802449
212,113,2.800016
213,113,2.809089
214,113,2.798827
215,113,2.800052
216,113,2.797351
217,113,2.809987
218,113,2.810988
219,113,2.808060
220,113,2.785789
221,113,2.786555
222,113,2.787240
223,113,2.787841
224,113,2.796063
225,113,2.792640
226,113,2.792981
227,113,2.793232
228,113,2.785685
229,113,2.785750
230,113,2.785718
231,113,2.785588
232,113,2.789210
233,113,2.788876
234,113,2.792307
235,113,2.791760
236,113,2.771838
237,113,2.778773
238,113,2.774050
239,113,2.776897
240,113,2.771916
241,113,2.766810
242,113,2.769299
243,113,2.771638
244,113,2.769989
245,113,2.768219
246,113,2.766288
247,113,2.768062
248,113,2.765851
249,113,2.782729
250,113,2.772497
251,113,2.777492
252,113,2.747660
253,113,2.752311
254,113,2.760634
255,113,2.749525
0,114,2.777595
1,114,2.764338
2,114,2.774065
3,114,2.775924
4,114,2.766083
5,114,2.771533
6,114,2.769126
7,114,2.770459
8,114,2.767794
9,114,2.772728
10,114,2.773671
11,114,2.766809
12,114,2.772282
13,114,2.769023
14,114,2.773342
15,114,2.769868
16,114,2.793259
17,114,2.793414
18,114,2.793487
19,114,2.789592
20,114,2.789473
21,114,2.793113
22,114,2.788940
23,114,2.788547
24,114,2.784214
25,114,2.787501
26,114,2.790687
27,114,2.793807
28,114,2.792995
29,114,2.795955
30,114,2.794985
31,114,2.801627
32,114,2.812064
33,114,2.810869
34,114,2.809602
35,114,2.808263
36,114,2.806855
37,114,2.813083
38,114,2.815390
39,114,2.813778
40,114,2.812100
41,114,2.814210
42,114,2.808551
43,114,2.810534
44,114,2.804750
45,114,2.806610
46,114,2.804557
47,114,2.810149
48,114,2.819553
49,114,2.817323
50,114,2.815036
51,114,2.816545
52,114,2.814144
53,114,2.819411
54,114,2.816900
55,114,2.818188
56,114,2.815568
57,114,2.816766
58,114,2.814040
59,114,2.815115
60,114,2.808449
61,114,2.820978
62,114,2.814193
63,114,2.815078
64,114,2.827455
65,114,2.824388
66,114,2.821253
67,114,2.821939
68,114,2.826412
69,114,2.826999
70,114,2.827521
71,114,2.820305
72,114,2.816877
73,114,2.817270
74,114,2.825321
75,114,2.825601
76,114,2.825850
77,114,2.826051
78,114,2.826188
79,114,2.830147
80,114,2.822500
81,114,2.822511
82,114,2.822448
83,114,2.822354
84,114,2.826066
85,114,2.829730
86,114,2.825641
87,114,2.825356
88,114,2.825024
89,114,2.828496
90,114,2.828068
91,114,2.827591
92,114,2.823213
93,114,2.826492
94,114,2.825869
95,114,2.829049
96,114,2.828745
97,114,2.827089
98,114,2.829239
99,114,2.825579
100,114,2.825707
101,114,2.833493
102,114,2.821969
103,114,2.829673
104,114,2.821898
105,114,2.825633
106,114,2.825486
107,114,2.829126
108,114,2.825037
109,114,2.828577
110,114,2.828240
111,114,2.827830
112,114,2.825435
113,114,2.822119
114,114,2.818771
115,114,2.815346
116,114,2.815752
117,114,2.816109
118,114,2.812563
119,114,2.812803
120,114,2.816864
121,114,2.817020
122,114,2.817132
123,114,2.813341
124,114,2.821042
125,114,2.817154
126,114,2.813217
127,114,2.813084
128,114,2.812741
129,114,2.805854
130,114,2.798913
131,114,2.807337
132,114,2.796463
133,114,2.800932
134,114,2.795719
135,114,2.798151
136,114,2.802471
137,114,2.802905
138,114,2.807125
139,114,2.803590
140,114,2.803858
141,114,2.807943
142,114,2.804261
143,114,2.806327
144,114,2.827590
145,114,2.819925
146,114,2.817974
147,114,2.815991
148,114,2.815874
149,114,2.819579
150,114,2.815512
151,114,2.815269
152,114,2.811125
153,114,2.826104
154,114,2.818003
155,114,2.823339
156,114,2.820921
157,114,2.828069
158,114,2.812070
159,114,2.815285
160,114,2.823231
161,114,2.823528
162,114,2.816072
163,114,2.812421
164,114,2.816429
165,114,2.820388
166,114,2.812742
167,114,2.820460
168,114,2.816572
169,114,2.824195
170,114,2.820212
171,114,2.820034
172,114,2.812104
173,114,2.815683
174,114,2.811454
175,114,2.799517
176,114,2.818355
177,114,2.814028
178,114,2.813522
179,114,2.812950
180,114,2.812330
181,114,2.811677
182,114,2.814811
183,114,2.810190
184,114,2.813241
185,114,2.820078
186,114,2.811470
187,114,2.814353
188,114,2.813348
189,114,2.812275
190,114,2.807313
191,114,2.806135
192,114,2.812626
193,114,2.815194
194,114,2.813872
195,114,2.812495
196,114,2.807193
197,114,2.809558
198,114,2.808014
199,114,2.810248
200,114,2.808588
201,114,2.814576
202,114,2.805094
203,114,2.814798
204,114,2.809047
205,114,2.810940
206,114,2.805066
207,114,2.802980
208,114,2.804666
209,114,2.806304
210,114,2.800170
211,114,2.801674
212,114,2.803110
213,114,2.804476
214,114,2.801919
215,114,2.803143
216,114,2.800440
217,114,2.809222
218,114,2.798664
219,114,2.795735
220,114,2.796579
221,114,2.797344
222,114,2.782616
223,114,2.787068
224,114,2.802994
225,114,2.795734
226,114,2.796073
227,114,2.792470
228,114,2.788774
229,114,2.788837
230,114,2.792674
231,114,2.788689
232,114,2.780750
233,114,2.784267
234,114,2.787696
235,114,2.787147
236,114,2.778781
237,114,2.785731
238,114,2.773283
239,114,2.772293
240,114,2.771162
241,114,2.777611
242,114,2.772393
243,114,2.770876
244,114,2.764265
245,114,2.770150
246,114,2.768206
247,114,2.766094
248,114,2.763849
249,114,2.772987
250,114,2.770424
251,114,2.767677
252,114,2.764777
253,114,2.765555
254,114,2.750720
255,114,2.747275
0,115,2.769127
1,115,2.767430
2,115,2.769437
3,115,2.763611
4,115,2.765331
5,115,2.770765
6,115,2.772213
7,115,2.765843
8,115,2.767033
9,115,2.764246
10,115,2.772915
11,115,2.769889
12,115,2.770601
13,115,2.771220
14,115,2.771710
15,115,2.772111
16,115,2.791654
17,115,2.787996
18,115,2.791925
19,115,2.788070
20,115,2.787953
21,115,2.787761
22,115,2.791312
23,115,2.790938
24,115,2.790477
25,115,2.789912
26,115,2.793133
27,115,2.788566
28,115,2.791605
29,115,2.790730
30,115,2.793630
31,115,2.792582
32,115,2.803035
33,115,2.805709
34,115,2.804457
35,115,2.806968
36,115,2.806065
37,115,2.812294
38,115,2.814602
39,115,2.809138
40,115,2.807461
41,115,2.809571
42,115,2.811618
43,115,2.809749
44,115,2.811653
45,115,2.809661
46,115,2.803755
47,115,2.809366
48,115,2.814900
49,115,2.812670
50,115,2.814236
51,115,2.815745
52,115,2.813344
53,115,2.810888
54,115,2.819936
55,115,2.825076
56,115,2.818621
57,115,2.819801
58,115,2.817075
59,115,2.814297
60,115,2.815337
61,115,2.816307
62,115,2.813373
63,115,2.818094
64,115,2.822783
65,115,2.819698
66,115,2.820433
67,115,2.817248
68,115,2.821719
69,115,2.822306
70,115,2.826680
71,115,2.819464
72,115,2.823740
73,115,2.824133
74,115,2.820606
75,115,2.824756
76,115,2.832710
77,115,2.821334
78,115,2.825340
79,115,2.821593
80,115,2.821632
81,115,2.825495
82,115,2.821605
83,115,2.821502
84,115,2.817516
85,115,2.821188
86,115,2.832519
87,115,2.828332
88,115,2.824146
89,115,2.823746
90,115,2.831021
91,115,2.830543
92,115,2.830016
93,115,2.829440
94,115,2.832668
95,115,2.828141
96,115,2.827866
97,115,2.824283
98,115,2.830285
99,115,2.824680
100,115,2.819028
101,115,2.822961
102,115,2.821086
103,115,2.824924
104,115,2.824848
105,115,2.828582
106,115,2.828435
107,115,2.824369
108,115,2.827990
109,115,2.835383
110,115,2.825407
111,115,2.826929
112,115,2.824515
113,115,2.817347
114,115,2.817854
115,115,2.822144
116,115,2.818698
117,115,2.815202
118,115,2.819337
119,115,2.819596
120,115,2.819806
121,115,2.827672
122,115,2.820059
123,115,2.816269
124,115,2.816282
125,115,2.816246
126,115,2.816162
127,115,2.819882
128,115,2.807971
129,115,2.812644
130,115,2.805702
131,115,2.798716
132,115,2.801310
133,115,2.790369
134,115,2.796733
135,115,2.801102
136,115,2.801569
137,115,2.805838
138,115,2.804290
139,115,2.806535
140,115,2.806803
141,115,2.807041
142,115,2.803358
143,115,2.807350
144,115,2.815127
145,115,2.815169
146,115,2.811290
147,115,2.818939
148,115,2.814971
149,115,2.818676
150,115,2.814610
151,115,2.818220
152,115,2.817862
153,115,2.817515
154,115,2.828660
155,115,2.824364
156,115,2.816167
157,115,2.815627
158,115,2.818892
159,115,2.814402
160,115,2.810772
161,115,2.811071
162,115,2.815174
163,115,2.815378
164,115,2.819386
165,115,2.815642
166,115,2.815702
167,115,2.815734
168,115,2.815699
169,115,2.819445
170,115,2.815453
171,115,2.815266
172,115,2.811179
173,115,2.803210
174,115,2.806733
175,115,2.806355
176,115,2.809800
177,115,2.813179
178,115,2.804951
179,115,2.812103
180,115,2.811483
181,115,2.810813
182,115,2.810112
183,115,2.809344
184,115,2.812396
185,115,2.815380
186,115,2.818331
187,115,2.813507
188,115,2.808651
189,115,2.803742
190,115,2.802616
191,115,2.801455
192,115,2.811781
193,115,2.802808
194,115,2.805339
195,115,2.807815
196,115,2.810217
197,115,2.812582
198,115,2.811038
199,115,2.809436
200,115,2.807759
201,115,2.813746
202,115,2.815822
203,115,2.813984
204,115,2.804380
205,115,2.802420
206,115,2.800398
207,115,2.806017
208,115,2.796161
209,115,2.797780
210,115,2.795498
211,115,2.797001
212,115,2.798454
213,115,2.807525
214,115,2.801114
215,115,2.806189
216,115,2.803486
217,115,2.804561
218,115,2.805560
219,115,2.802629
220,115,2.787442
221,115,2.784354
222,115,2.788872
223,115,2.781747
224,115,2.789948
225,115,2.790375
226,115,2.790695
227,115,2.787071
228,115,2.791079
229,115,2.783415
230,115,2.787212
231,115,2.783223
232,115,2.782968
233,115,2.786461
234,115,2.789867
235,115,2.785440
236,115,2.773216
237,115,2.780122
238,115,2.771519
239,115,2.774336
240,115,2.761639
241,115,2.768059
242,115,2.766665
243,115,2.768971
244,115,2.767307
245,115,2.769357
246,115,2.763537
247,115,2.765294
248,115,2.770752
249,115,2.772180
250,115,2.769615
251,115,2.766883
252,115,2.752422
253,115,2.753175
254,115,2.757620
255,115,2.750320
0,116,2.770943
1,116,2.769280
2,116,2.767466
3,116,2.769358
4,116,2.767255
5,116,2.768866
6,116,2.766490
7,116,2.775561
8,116,2.769072
9,116,2.770165
10,116,2.775951
11,116,2.772947
12,116,2.765955
13,116,2.766556
14,116,2.770901
15,116,2.771305
16,116,2.790849
17,116,2.791027
18,116,2.791125
19,116,2.791105
20,116,2.791008
21,116,2.794652
22,116,2.790498
23,116,2.790127
24,116,2.793502
25,116,2.792956
26,116,2.796160
27,116,2.791595
28,116,2.794635
29,116,2.797614
30,116,2.788957
31,116,2.795615
32,116,2.809922
33,116,2.812597
34,116,2.807475
35,116,2.806152
36,116,2.804760
37,116,2.814837
38,116,2.809454
39,116,2.811710
40,116,2.817752
41,116,2.812152
42,116,2.806506
43,116,2.804651
44,116,2.806585
45,116,2.804606
46,116,2.806418
47,116,2.804318
48,116,2.813717
49,116,2.819204
50,116,2.813076
51,116,2.814596
52,116,2.816060
53,116,2.817468
54,116,2.818820
55,116,2.816266
56,116,2.821362
57,116,2.822552
58,116,2.815984
59,116,2.813215
60,116,2.818100
61,116,2.815246
62,116,2.816362
63,116,2.817230
64,116,2.829605
65,116,2.822685
66,116,2.823402
67,116,2.824069
68,116,2.824705
69,116,2.825273
70,116,2.825792
71,116,2.830135
72,116,2.822851
73,116,2.827096
74,116,2.827421
75,116,2.823865
76,116,2.820241
77,116,2.824294
78,116,2.820574
79,116,2.824532
80,116,2.824588
81,116,2.824598
82,116,2.828431
83,116,2.824511
84,116,2.828250
85,116,2.827894
86,116,2.831537
87,116,2.827426
88,116,2.823267
89,116,2.826765
90,116,2.822510
91,116,2.833522
92,116,2.825307
93,116,2.824553
94,116,2.827798
95,116,2.827142
96,116,2.826881
97,116,2.831022
98,116,2.825484
99,116,2.827604
100,116,2.823897
101,116,2.827849
102,116,2.835606
103,116,2.827904
104,116,2.831713
105,116,2.823721
106,116,2.827403
107,116,2.831060
108,116,2.826981
109,116,2.834393
110,116,2.826344
111,116,2.833656
112,116,2.827390
113,116,2.824084
114,116,2.816886
115,116,2.817344
116,116,2.810047
117,116,2.818110
118,116,2.822272
119,116,2.826384
120,116,2.826594
121,116,2.830608
122,116,2.823014
123,116,2.830782
124,116,2.823089
125,116,2.819201
126,116,2.822969
127,116,2.826689
128,116,2.810914
129,116,2.815588
130,116,2.808647
131,116,2.801662
132,116,2.806183
133,116,2.799096
134,116,2.793884
135,116,2.805960
136,116,2.800647
137,116,2.804917
138,116,2.805284
139,116,2.809455
140,116,2.802017
141,116,2.813794
142,116,2.812037
143,116,2.810229
144,116,2.821859
145,116,2.825734
146,116,2.818002
147,116,2.821779
148,116,2.817812
149,116,2.821498
150,116,2.807751
151,116,2.815381
152,116,2.816989
153,116,2.820475
154,116,2.818134
155,116,2.827304
156,116,2.807530
157,116,2.816603
158,116,2.815995
159,116,2.821118
160,116,2.817488
161,116,2.817768
162,116,2.814149
163,116,2.822234
164,116,2.818518
165,116,2.814768
166,116,2.810948
167,116,2.814786
168,116,2.814723
169,116,2.818466
170,116,2.818309
171,116,2.818296
172,116,2.806485
173,116,2.810038
174,116,2.813542
175,116,2.809312
176,116,2.820445
177,116,2.819971
178,116,2.811762
179,116,2.807337
180,116,2.818295
181,116,2.813772
182,116,2.809220
183,116,2.804598
184,116,2.815357
185,116,2.818340
186,116,2.817439
187,116,2.812634
188,116,2.807759
189,116,2.798998
190,116,2.801743
191,116,2.808269
192,116,2.810908
193,116,2.813493
194,116,2.808040
195,116,2.806633
196,116,2.805190
197,116,2.811396
198,116,2.802135
199,116,2.804374
200,116,2.814261
201,116,2.816384
202,116,2.818447
203,116,2.812744
204,116,2.806980
205,116,2.805007
206,116,2.806823
207,116,2.800871
208,116,2.806412
209,116,2.804182
210,116,2.801886
211,116,2.803375
212,116,2.804794
213,116,2.802292
214,116,2.799718
215,116,2.797091
216,116,2.798224
217,116,2.806988
218,116,2.800264
219,116,2.797335
220,116,2.790455
221,116,2.791200
222,116,2.788030
223,116,2.784756
224,116,2.796808
225,116,2.793381
226,116,2.789846
227,116,2.790072
228,116,2.786373
229,116,2.786412
230,116,2.786374
231,116,2.786217
232,116,2.789831
233,116,2.785616
234,116,2.785168
235,116,2.780758
236,116,2.772364
237,116,2.775435
238,116,2.774515
239,116,2.773496
240,116,2.768502
241,116,2.771067
242,116,2.769670
243,116,2.771993
244,116,2.770326
245,116,2.764646
246,116,2.765358
247,116,2.763229
248,116,2.768653
249,116,2.770045
250,116,2.771296
251,116,2.768527
252,116,2.754028
253,116,2.754762
254,116,2.755313
255,116,2.755676
0,117,2.770096
1,117,2.764583
2,117,2.770478
3,117,2.764667
4,117,2.770273
5,117,2.771887
6,117,2.765660
7,117,2.767008
8,117,2.768228
9,117,2.765470
10,117,2.770296
11,117,2.767297
12,117,2.771889
13,117,2.764809
14,117,2.769177
15,117,2.769606
16,117,2.793025
17,117,2.789372
18,117,2.789471
19,117,2.789493
20,117,2.789398
21,117,2.793061
22,117,2.788927
23,117,2.792429
24,117,2.788116
25,117,2.791422
26,117,2.790812
27,117,2.790097
28,117,2.789321
29,117,2.792896
30,117,2.795799
31,117,2.794752
32,117,2.805208
33,117,2.804012
34,117,2.810468
35,117,2.812980
36,117,2.815441
37,117,2.821686
38,117,2.808579
39,117,2.814688
40,117,2.809153
41,117,2.807425
42,117,2.805634
43,117,2.803779
44,117,2.801841
45,117,2.811421
46,117,2.805528
47,117,2.799575
48,117,2.812828
49,117,2.814443
50,117,2.816021
51,117,2.817541
52,117,2.822858
53,117,2.816580
54,117,2.817972
55,117,2.823162
56,117,2.820395
57,117,2.821624
58,117,2.822801
59,117,2.820071
60,117,2.817290
61,117,2.821964
62,117,2.815226
63,117,2.819996
64,117,2.820862
65,117,2.817824
66,117,2.814538
67,117,2.822960
68,117,2.827479
69,117,2.824243
70,117,2.817105
71,117,2.821476
72,117,2.817894
73,117,2.814463
74,117,2.818758
75,117,2.822927
76,117,2.823194
77,117,2.827267
78,117,2.823384
79,117,2.823508
80,117,2.823585
81,117,2.819760
82,117,2.819741
83,117,2.823527
84,117,2.827265
85,117,2.830955
86,117,2.830541
87,117,2.830282
88,117,2.822270
89,117,2.829621
90,117,2.829218
91,117,2.832619
92,117,2.824413
93,117,2.820011
94,117,2.830639
95,117,2.829982
96,117,2.825881
97,117,2.822318
98,117,2.826412
99,117,2.826606
100,117,2.832531
101,117,2.830704
102,117,2.826902
103,117,2.830759
104,117,2.826863
105,117,2.830419
106,117,2.822575
107,117,2.830052
108,117,2.833683
109,117,2.829537
110,117,2.833047
111,117,2.832654
112,117,2.830221
113,117,2.826927
114,117,2.827436
115,117,2.820189
116,117,2.820598
117,117,2.817104
118,117,2.817408
119,117,2.829227
120,117,2.829438
121,117,2.821894
122,117,2.818154
123,117,2.829776
124,117,2.825938
125,117,2.822050
126,117,2.821965
127,117,2.825684
128,117,2.809896
129,117,2.810720
130,117,2.799941
131,117,2.798735
132,117,2.797478
133,117,2.800022
134,117,2.806369
135,117,2.799180
136,117,2.807352
137,117,2.805843
138,117,2.802350
139,117,2.808447
140,117,2.804863
141,117,2.808935
142,117,2.809104
143,117,2.809224
144,117,2.817001
145,117,2.813170
146,117,2.815068
147,117,2.820770
148,117,2.820659
149,117,2.816600
150,117,2.818302
151,117,2.810531
152,117,2.814064
153,117,2.817550
154,117,2.822914
155,117,2.820525
156,117,2.818087
157,117,2.827159
158,117,2.828477
159,117,2.833599
160,117,2.816484
161,117,2.816765
162,117,2.817244
163,117,2.821273
164,117,2.817548
165,117,2.821481
166,117,2.817662
167,117,2.809941
168,117,2.813732
169,117,2.825180
170,117,2.821372
171,117,2.817314
172,117,2.817061
173,117,2.816760
174,117,2.816411
175,117,2.819866
176,117,2.815568
177,117,2.815074
178,117,2.814733
179,117,2.814142
180,117,2.817354
181,117,2.816665
182,117,2.811919
183,117,2.811120
184,117,2.810471
185,117,2.813424
186,117,2.816326
187,117,2.811471
188,117,2.814271
189,117,2.817018
190,117,2.816060
191,117,2.810996
192,117,2.813585
193,117,2.808414
194,117,2.810893
195,117,2.805813
196,117,2.812036
197,117,2.814349
198,117,2.812752
199,117,2.803393
200,117,2.801881
201,117,2.811669
202,117,2.813691
203,117,2.815673
204,117,2.817614
205,117,2.811787
206,117,2.817456
207,117,2.815376
208,117,2.805505
209,117,2.803274
210,117,2.800976
211,117,2.802464
212,117,2.807755
213,117,2.797545
214,117,2.794970
215,117,2.796175
216,117,2.797327
217,117,2.802236
218,117,2.799384
219,117,2.796434
220,117,2.797258
221,117,2.801874
222,117,2.802535
223,117,2.791574
224,117,2.795918
225,117,2.796343
226,117,2.796658
227,117,2.796157
228,117,2.788564
229,117,2.792455
230,117,2.784669
231,117,2.780657
232,117,2.784249
233,117,2.791568
234,117,2.779538
235,117,2.786662
236,117,2.782116
237,117,2.785140
238,117,2.784215
239,117,2.787022
240,117,2.774294
241,117,2.769124
242,117,2.767698
243,117,2.769991
244,117,2.768294
245,117,2.770308
246,117,2.768325
247,117,2.758488
248,117,2.767761
249,117,2.773024
250,117,2.770418
251,117,2.767646
252,117,2.768553
253,117,2.769284
254,117,2.765978
255,117,2.762484
0,118,2.767966
1,118,2.762487
2,118,2.764539
3,118,2.766467
4,118,2.768251
5,118,2.766043
6,118,2.767551
7,118,2.765075
8,118,2.762470
9,118,2.767445
10,118,2.764570
11,118,2.765450
12,118,2.770990
13,118,2.771618
14,118,2.768283
15,118,2.768715
16,118,2.795989
17,118,2.788485
18,118,2.796292
19,118,2.796294
20,118,2.788495
21,118,2.792160
22,118,2.791881
23,118,2.795385
24,118,2.787221
25,118,2.790528
26,118,2.786045
27,118,2.793059
28,118,2.792264
29,118,2.787536
30,118,2.794309
31,118,2.789426
32,118,2.803730
33,118,2.806423
34,118,2.809085
35,118,2.811464
36,118,2.806277
37,118,2.808727
38,118,2.803401
39,118,2.809358
40,118,2.807752
41,118,2.806080
42,118,2.808196
43,118,2.810249
44,118,2.812031
45,118,2.802401
46,118,2.808121
47,118,2.809928
48,118,2.815321
49,118,2.817341
50,118,2.811255
51,118,2.816670
52,118,2.817967
53,118,2.819417
54,118,2.816959
55,118,2.822151
56,118,2.819583
57,118,2.824459
58,118,2.814079
59,118,2.819057
60,118,2.823983
61,118,2.817298
62,118,2.818060
63,118,2.818978
64,118,2.823698
65,118,2.824515
66,118,2.821429
67,118,2.818084
68,118,2.818751
69,118,2.819369
70,118,2.823790
71,118,2.816604
72,118,2.817075
73,118,2.821141
74,118,2.821515
75,118,2.821840
76,118,2.825971
77,118,2.826200
78,118,2.814824
79,118,2.822452
80,118,2.826402
81,118,2.818725
82,118,2.822558
83,118,2.822491
84,118,2.826229
85,118,2.826066
86,118,2.829494
87,118,2.829235
88,118,2.821222
89,118,2.828573
90,118,2.828169
91,118,2.827716
92,118,2.831068
93,118,2.830518
94,118,2.829702
95,118,2.825201
96,118,2.828620
97,118,2.828974
98,118,2.827289
99,118,2.829410
100,118,2.829556
101,118,2.825803
102,118,2.827780
103,118,2.833564
104,118,2.825814
105,118,2.833213
106,118,2.825369
107,118,2.829036
108,118,2.832628
109,118,2.836189
110,118,2.833920
111,118,2.833527
112,118,2.825296
113,118,2.825857
114,118,2.818662
115,118,2.822975
116,118,2.823385
117,118,2.823746
118,118,2.824057
119,118,2.824318
120,118,2.824529
121,118,2.824692
122,118,2.824804
123,118,2.817162
124,118,2.821029
125,118,2.817142
126,118,2.817056
127,118,2.816922
128,118,2.804975
129,118,2.813507
130,118,2.812360
131,118,2.807302
132,118,2.804119
133,118,2.808591
134,118,2.801454
135,118,2.798119
136,118,2.806292
137,118,2.802857
138,118,2.791666
139,118,2.791983
140,118,2.811515
141,118,2.811734
142,118,2.811903
143,118,2.806243
144,118,2.815945
145,118,2.814039
146,118,2.808231
147,118,2.808153
148,118,2.811866
149,118,2.811690
150,118,2.811465
151,118,2.819114
152,118,2.814942
153,118,2.822280
154,118,2.825717
155,118,2.823327
156,118,2.826668
157,118,2.820328
158,118,2.823571
159,118,2.815069
160,118,2.815490
161,118,2.811909
162,118,2.816201
163,118,2.816377
164,118,2.816505
165,118,2.812733
166,118,2.812766
167,118,2.816604
168,118,2.812689
169,118,2.816431
170,118,2.820339
171,118,2.816281
172,118,2.812174
173,118,2.811873
174,118,2.803818
175,118,2.814978
176,118,2.810584
177,118,2.810291
178,118,2.805885
179,118,2.812989
180,118,2.808485
181,118,2.811637
182,118,2.818592
183,118,2.818002
184,118,2.813299
185,118,2.820104
186,118,2.815299
187,118,2.814295
188,118,2.813240
189,118,2.808490
190,118,2.807330
191,118,2.813823
192,118,2.808704
193,118,2.807383
194,118,2.802366
195,118,2.804789
196,118,2.807156
197,118,2.805614
198,118,2.804015
199,118,2.817981
200,118,2.808561
201,118,2.814493
202,118,2.816512
203,118,2.814618
204,118,2.812875
205,118,2.807005
206,118,2.808778
207,118,2.806197
208,118,2.804187
209,118,2.798046
210,118,2.799544
211,118,2.797121
212,118,2.798695
213,118,2.799985
214,118,2.797351
215,118,2.798497
216,118,2.795716
217,118,2.796927
218,118,2.801700
219,118,2.794836
220,118,2.799451
221,118,2.792642
222,118,2.793241
223,118,2.786093
224,118,2.786586
225,118,2.786992
226,118,2.787286
227,118,2.783658
228,118,2.787642
229,118,2.791509
230,118,2.783742
231,118,2.787434
232,118,2.779465
233,118,2.790634
234,118,2.786307
235,118,2.789576
236,118,2.785028
237,118,2.780364
238,118,2.775584
239,118,2.778388
240,118,2.769510
241,118,2.768189
242,118,2.766759
243,118,2.761343
244,118,2.770060
245,118,2.764337
246,118,2.762344
247,118,2.767884
248,118,2.765564
249,118,2.770790
250,118,2.768147
251,118,2.769189
252,118,2.770058
253,118,2.759189
254,118,2.755865
255,118,2.756180
0,119,2.770886
1,119,2.769264
2,119,2.771319
3,119,2.777102
4,119,2.771184
5,119,2.768956
6,119,2.766615
7,119,2.767995
8,119,2.765393
9,119,2.770348
10,119,2.771350
11,119,2.764528
12,119,2.765295
13,119,2.765948
14,119,2.770342
15,119,2.766900
16,119,2.794198
17,119,2.786716
18,119,2.786885
19,119,2.794682
20,119,2.794452
21,119,2.794352
22,119,2.786454
23,119,2.789800
24,119,2.789427
25,119,2.796674
26,119,2.792053
27,119,2.787572
28,119,2.790714
29,119,2.794378
30,119,2.789417
31,119,2.792307
32,119,2.810531
33,119,2.801711
34,119,2.808009
35,119,2.814455
36,119,2.813125
37,119,2.807871
38,119,2.806183
39,119,2.808500
40,119,2.814602
41,119,2.812715
42,119,2.803276
43,119,2.805332
44,119,2.803472
45,119,2.805185
46,119,2.803203
47,119,2.801160
48,119,2.814469
49,119,2.816160
50,119,2.813723
51,119,2.823005
52,119,2.820671
53,119,2.818281
54,119,2.815618
55,119,2.820824
56,119,2.829827
57,119,2.823366
58,119,2.820703
59,119,2.813917
60,119,2.815003
61,119,2.816035
62,119,2.820869
63,119,2.818126
64,119,2.822630
65,119,2.815742
66,119,2.816510
67,119,2.824934
68,119,2.821749
69,119,2.826002
70,119,2.822719
71,119,2.827092
72,119,2.819858
73,119,2.820281
74,119,2.824289
75,119,2.820762
76,119,2.821040
77,119,2.821270
78,119,2.821452
79,119,2.817733
80,119,2.829156
81,119,2.817636
82,119,2.817626
83,119,2.825274
84,119,2.825168
85,119,2.832684
86,119,2.820914
87,119,2.828136
88,119,2.827829
89,119,2.831325
90,119,2.827068
91,119,2.822762
92,119,2.818407
93,119,2.825562
94,119,2.821109
95,119,2.827937
96,119,2.827519
97,119,2.831672
98,119,2.820365
99,119,2.830236
100,119,2.832309
101,119,2.828556
102,119,2.830534
103,119,2.830538
104,119,2.828568
105,119,2.832103
106,119,2.831964
107,119,2.831778
108,119,2.831523
109,119,2.827378
110,119,2.828962
111,119,2.826643
112,119,2.820319
113,119,2.820882
114,119,2.821394
115,119,2.821857
116,119,2.826121
117,119,2.822631
118,119,2.822943
119,119,2.830916
120,119,2.831128
121,119,2.819732
122,119,2.815992
123,119,2.819909
124,119,2.823776
125,119,2.823741
126,119,2.823656
127,119,2.819668
128,119,2.805782
129,119,2.808537
130,119,2.809316
131,119,2.806185
132,119,2.814562
133,119,2.815183
134,119,2.786856
135,119,2.795080
136,119,2.805181
137,119,2.801754
138,119,2.790562
139,119,2.792806
140,119,2.789221
141,119,2.795218
142,119,2.806944
143,119,2.807063
144,119,2.814838
145,119,2.809078
146,119,2.809048
147,119,2.810896
148,119,2.806905
149,119,2.812507
150,119,2.816135
151,119,2.818015
152,119,2.836959
153,119,2.832738
154,119,2.820763
155,119,2.828004
156,119,2.823638
157,119,2.822958
158,119,2.822338
159,119,2.823595
160,119,2.818237
161,119,2.814882
162,119,2.818959
163,119,2.811430
164,119,2.811558
165,119,2.811639
166,119,2.811672
167,119,2.811657
168,119,2.830859
169,119,2.819413
170,119,2.819255
171,119,2.815149
172,119,2.807180
173,119,2.818427
174,119,2.810361
175,119,2.806100
176,119,2.805865
177,119,2.813066
178,119,2.804806
179,119,2.808056
180,119,2.811256
181,119,2.810554
182,119,2.802318
183,119,2.809222
184,119,2.835340
185,119,2.826731
186,119,2.821925
187,119,2.817287
188,119,2.812378
189,119,2.815121
190,119,2.810107
191,119,2.812745
192,119,2.807844
193,119,2.802398
194,119,2.804862
195,119,2.807272
196,119,2.801920
197,119,2.812143
198,119,2.802825
199,119,2.805007
200,119,2.830248
201,119,2.824606
202,119,2.819127
203,119,2.813365
204,119,2.803689
205,119,2.813215
206,119,2.803635
207,119,2.809180
208,119,2.799250
209,119,2.793105
210,119,2.794599
211,119,2.800101
212,119,2.801458
213,119,2.798892
214,119,2.796254
215,119,2.801473
216,119,2.817952
217,119,2.811239
218,119,2.796968
219,119,2.801659
220,119,2.790859
221,119,2.795388
222,119,2.792356
223,119,2.789013
224,119,2.789436
225,119,2.789771
226,119,2.786393
227,119,2.785796
228,119,2.781985
229,119,2.781930
230,119,2.785861
231,119,2.785608
232,119,2.808369
233,119,2.796582
234,119,2.780603
235,119,2.783777
236,119,2.779367
237,119,2.782313
238,119,2.777458
239,119,2.776382
240,119,2.771329
241,119,2.762319
242,119,2.764713
243,119,2.759266
244,119,2.765240
245,119,2.759513
246,119,2.757493
247,119,2.759200
248,119,2.783845
249,119,2.781362
250,119,2.767157
251,119,2.768219
252,119,2.761377
253,119,2.758209
254,119,2.758734
255,119,2.759044
0,120,2.772513
1,120,2.778631
2,120,2.776866
3,120,2.771125
4,120,2.769067
5,120,2.774624
6,120,2.768534
7,120,2.769772
8,120,2.767272
9,120,2.768498
10,120,2.769359
11,120,2.766488
12,120,2.771205
13,120,2.767863
14,120,2.768502
15,120,2.761325
16,120,2.793175
17,120,2.801178
18,120,2.797521
19,120,2.801235
20,120,2.793530
21,120,2.793435
22,120,2.796866
23,120,2.796588
24,120,2.792368
25,120,2.791679
26,120,2.791139
27,120,2.790515
28,120,2.793661
29,120,2.784937
30,120,2.791776
31,120,2.798538
32,120,2.808845
33,120,2.815456
34,120,2.814287
35,120,2.813045
36,120,2.807650
37,120,2.810120
38,120,2.816374
39,120,2.810772
40,120,2.805333
41,120,2.807534
42,120,2.805816
43,120,2.803807
44,120,2.805816
45,120,2.804291
46,120,2.802312
47,120,2.803896
48,120,2.817208
49,120,2.822755
50,120,2.820538
51,120,2.821889
52,120,2.823411
53,120,2.817170
54,120,2.818580
55,120,2.819934
56,120,2.817154
57,120,2.822253
58,120,2.823446
59,120,2.820732
60,120,2.817738
61,120,2.818773
62,120,2.812050
63,120,2.812982
64,120,2.821568
65,120,2.822169
66,120,2.822948
67,120,2.831383
68,120,2.824357
69,120,2.821133
70,120,2.821485
71,120,2.825869
72,120,2.822589
73,120,2.826866
74,120,2.827241
75,120,2.819632
76,120,2.816058
77,120,2.820141
78,120,2.820323
79,120,2.824310
80,120,2.824396
81,120,2.820349
82,120,2.824192
83,120,2.824135
84,120,2.831734
85,120,2.831580
86,120,2.827526
87,120,2.827276
88,120,2.826743
89,120,2.826320
90,120,2.829768
91,120,2.825461
92,120,2.824958
93,120,2.828259
94,120,2.823805
95,120,2.830622
96,120,2.832145
97,120,2.828593
98,120,2.830771
99,120,2.832902
100,120,2.829206
101,120,2.827404
102,120,2.835162
103,120,2.827460
104,120,2.831269
105,120,2.827089
106,120,2.834655
107,120,2.826763
108,120,2.830365
109,120,2.822368
110,120,2.827805
111,120,2.833192
112,120,2.822996
113,120,2.831266
114,120,2.824075
115,120,2.824539
116,120,2.824961
117,120,2.821471
118,120,2.821784
119,120,2.825899
120,120,2.826113
121,120,2.822424
122,120,2.818687
123,120,2.826456
124,120,2.822618
125,120,2.818730
126,120,2.826350
127,120,2.818510
128,120,2.818094
129,120,2.818925
130,120,2.813925
131,120,2.810796
132,120,2.807616
133,120,2.817869
134,120,2.810745
135,120,2.791999
136,120,2.784762
137,120,2.789033
138,120,2.791327
139,120,2.793571
140,120,2.793844
141,120,2.801767
142,120,2.803860
143,120,2.802052
144,120,2.813679
145,120,2.815624
146,120,2.805961
147,120,2.809734
148,120,2.805745
149,120,2.817126
150,120,2.838091
151,120,2.839981
152,120,2.820396
153,120,2.839291
154,120,2.831168
155,120,2.819046
156,120,2.826227
157,120,2.825655
158,120,2.815401
159,120,2.824362
160,120,2.813226
161,120,2.817588
162,120,2.817812
163,120,2.810284
164,120,2.818118
165,120,2.814346
166,120,2.837496
167,120,2.833620
168,120,2.814517
169,120,2.829808
170,120,2.825787
171,120,2.814013
172,120,2.809896
173,120,2.813436
174,120,2.801517
175,120,2.809046
176,120,2.804736
177,120,2.808083
178,120,2.807528
179,120,2.806923
180,120,2.810123
181,120,2.809651
182,120,2.835868
183,120,2.835065
184,120,2.810918
185,120,2.825414
186,120,2.828532
187,120,2.812104
188,120,2.807182
189,120,2.809913
190,120,2.812592
191,120,2.811594
192,120,2.806460
193,120,2.808978
194,120,2.811440
195,120,2.802289
196,120,2.808723
197,120,2.803312
198,120,2.836372
199,120,2.830846
200,120,2.810081
201,120,2.835260
202,120,2.829556
203,120,2.812233
204,120,2.810259
205,120,2.812308
206,120,2.806356
207,120,2.808045
208,120,2.794258
209,120,2.799901
210,120,2.797539
211,120,2.794614
212,120,2.799806
213,120,2.797455
214,120,2.821768
215,120,2.822891
216,120,2.796970
217,120,2.817443
218,120,2.810633
219,120,2.792186
220,120,2.789306
221,120,2.793815
222,120,2.786682
223,120,2.794875
224,120,2.787808
225,120,2.788121
226,120,2.784490
227,120,2.788713
228,120,2.784897
229,120,2.780984
230,120,2.807795
231,120,2.801999
232,120,2.784300
233,120,2.803097
234,120,2.795060
235,120,2.778965
236,120,2.782020
237,120,2.785205
238,120,2.780320
239,120,2.786872
240,120,2.765536
241,120,2.767957
242,120,2.766392
243,120,2.761090
244,120,2.766957
245,120,2.761121
246,120,2.790067
247,120,2.791639
248,120,2.758379
249,120,2.783008
250,120,2.776394
251,120,2.754249
252,120,2.758951
253,120,2.763447
254,120,2.756225
255,120,2.756491
0,121,2.770339
1,121,2.772458
2,121,2.766978
3,121,2.769052
4,121,2.770725
5,121,2.773624
6,121,2.767286
7,121,2.768776
8,121,2.766282
9,121,2.763409
10,121,2.764519
11,121,2.765507
12,121,2.769980
13,121,2.774590
14,121,2.767528
15,121,2.765888
16,121,2.791360
17,121,2.799390
18,121,2.791659
19,121,2.787929
20,121,2.795659
21,121,2.795344
22,121,2.791327
23,121,2.794925
24,121,2.794336
25,121,2.790051
26,121,2.785679
27,121,2.788929
28,121,2.791854
29,121,2.779529
30,121,2.794094
31,121,2.785800
32,121,2.807901
33,121,2.810662
34,121,2.805404
35,121,2.808020
36,121,2.818269
37,121,2.809184
38,121,2.807497
39,121,2.809834
40,121,2.812104
41,121,2.806363
42,121,2.808503
43,121,2.802872
44,121,2.804884
45,121,2.806595
46,121,2.796925
47,121,2.806459
48,121,2.823638
49,121,2.817403
50,121,2.811348
51,121,2.824499
52,121,2.822181
53,121,2.819570
54,121,2.813288
55,121,2.818508
56,121,2.819821
57,121,2.821088
58,121,2.814577
59,121,2.815718
60,121,2.816807
61,121,2.817605
62,121,2.810884
63,121,2.811817
64,121,2.820405
65,121,2.828941
66,121,2.817925
67,121,2.818655
68,121,2.827042
69,121,2.819967
70,121,2.824401
71,121,2.820841
72,121,2.821324
73,121,2.817906
74,121,2.818291
75,121,2.818628
76,121,2.818676
77,121,2.815064
78,121,2.815289
79,121,2.823129
80,121,2.819362
81,121,2.827106
82,121,2.815296
83,121,2.815238
84,121,2.826690
85,121,2.830389
86,121,2.822481
87,121,2.829936
88,121,2.833244
89,121,2.821338
90,121,2.820942
91,121,2.828203
92,121,2.819898
93,121,2.823198
94,121,2.822596
95,121,2.825796
96,121,2.825160
97,121,2.831241
98,121,2.825714
99,121,2.829772
100,121,2.829929
101,121,2.833891
102,121,2.830106
103,121,2.833962
104,121,2.830066
105,121,2.829974
106,121,2.821882
107,121,2.833253
108,121,2.821449
109,121,2.826937
110,121,2.832375
111,121,2.826204
112,121,2.825620
113,121,2.826187
114,121,2.822851
115,121,2.819473
116,121,2.816035
117,121,2.816399
118,121,2.820566
119,121,2.828536
120,121,2.828755
121,121,2.821213
122,121,2.825181
123,121,2.823319
124,121,2.825261
125,121,2.821373
126,121,2.817435
127,121,2.828858
128,121,2.820721
129,121,2.821555
130,121,2.810776
131,121,2.807649
132,121,2.812188
133,121,2.816662
134,121,2.790263
135,121,2.786930
136,121,2.787408
137,121,2.795531
138,121,2.792046
139,121,2.796216
140,121,2.792631
141,121,2.796705
142,121,2.791093
143,121,2.793136
144,121,2.818247
145,121,2.812485
146,121,2.818233
147,121,2.812372
148,121,2.812238
149,121,2.812060
150,121,2.812082
151,121,2.811808
152,121,2.811487
153,121,2.838087
154,121,2.837579
155,121,2.819766
156,121,2.813462
157,121,2.820594
158,121,2.819971
159,121,2.823152
160,121,2.812262
161,121,2.808683
162,121,2.812761
163,121,2.812938
164,121,2.809234
165,121,2.817011
166,121,2.813182
167,121,2.813158
168,121,2.809476
169,121,2.832473
170,121,2.828452
171,121,2.808971
172,121,2.804854
173,121,2.808394
174,121,2.808275
175,121,2.811718
176,121,2.815113
177,121,2.810753
178,121,2.806227
179,121,2.809465
180,121,2.809041
181,121,2.808327
182,121,2.807563
183,121,2.806748
184,121,2.809736
185,121,2.828325
186,121,2.827358
187,121,2.814780
188,121,2.809856
189,121,2.804880
190,121,2.811650
191,121,2.806568
192,121,2.805284
193,121,2.803946
194,121,2.810259
195,121,2.809051
196,121,2.803695
197,121,2.805986
198,121,2.812074
199,121,2.810296
200,121,2.808550
201,121,2.829861
202,121,2.827994
203,121,2.810897
204,121,2.805056
205,121,2.810709
206,121,2.804741
207,121,2.810509
208,121,2.800558
209,121,2.802098
210,121,2.795866
211,121,2.801367
212,121,2.794996
213,121,2.803966
214,121,2.793600
215,121,2.794963
216,121,2.792155
217,121,2.812388
218,121,2.817377
219,121,2.795073
220,121,2.788100
221,121,2.792603
222,121,2.793418
223,121,2.790048
224,121,2.790444
225,121,2.794133
226,121,2.790479
227,121,2.786732
228,121,2.786994
229,121,2.786910
230,121,2.786725
231,121,2.778734
232,121,2.790158
233,121,2.797369
234,121,2.804471
235,121,2.780896
236,121,2.776217
237,121,2.779125
238,121,2.782173
239,121,2.780988
240,121,2.764265
241,121,2.770791
242,121,2.769220
243,121,2.759806
244,121,2.762075
245,121,2.763937
246,121,2.761799
247,121,2.759775
248,121,2.768888
249,121,2.785546
250,121,2.779192
251,121,2.759460
252,121,2.760432
253,121,2.757099
254,121,2.757430
255,121,2.753991
0,122,2.769280
1,122,2.771396
2,122,2.758218
3,122,2.767737
4,122,2.773528
5,122,2.771470
6,122,2.772861
7,122,2.770532
8,122,2.768071
9,122,2.765219
10,122,2.762507
11,122,2.763526
12,122,2.768018
13,122,2.768804
14,122,2.765624
15,122,2.762075
16,122,2.789500
17,122,2.793445
18,122,2.793694
19,122,2.789989
20,122,2.797488
21,122,2.790487
22,122,2.794182
23,122,2.789824
24,122,2.793338
25,122,2.789057
26,122,2.788291
27,122,2.791546
28,122,2.783160
29,122,2.786250
30,122,2.796716
31,122,2.788090
32,122,2.806358
33,122,2.808888
34,122,2.807742
35,122,2.814229
36,122,2.812688
37,122,2.815180
38,122,2.809897
39,122,2.808398
40,122,2.806583
41,122,2.804951
42,122,2.799401
43,122,2.805096
44,122,2.795964
45,122,2.797917
46,122,2.799808
47,122,2.797538
48,122,2.814720
49,122,2.816432
50,122,2.813984
51,122,2.815580
52,122,2.820971
53,122,2.822452
54,122,2.823630
55,122,2.821148
56,122,2.818610
57,122,2.812166
58,122,2.816978
59,122,2.818132
60,122,2.807675
61,122,2.812576
62,122,2.813573
63,122,2.814270
64,122,2.822869
65,122,2.823712
66,122,2.816951
67,122,2.821286
68,122,2.821968
69,122,2.822600
70,122,2.823182
71,122,2.823716
72,122,2.823950
73,122,2.820532
74,122,2.820919
75,122,2.821256
76,122,2.813840
77,122,2.817682
78,122,2.817875
79,122,2.821872
80,122,2.825821
81,122,2.818163
82,122,2.818157
83,122,2.821699
84,122,2.833151
85,122,2.825291
86,122,2.828941
87,122,2.824837
88,122,2.824538
89,122,2.823934
90,122,2.831242
91,122,2.826943
92,122,2.822596
93,122,2.825904
94,122,2.825186
95,122,2.820680
96,122,2.831608
97,122,2.828057
98,122,2.824457
99,122,2.824662
100,122,2.832525
101,122,2.832635
102,122,2.832696
103,122,2.832710
104,122,2.830736
105,122,2.824865
106,122,2.836027
107,122,2.826207
108,122,2.824045
109,122,2.825675
110,122,2.829187
111,122,2.828795
112,122,2.824339
113,122,2.828761
114,122,2.821584
115,122,2.829756
116,122,2.818614
117,122,2.818980
118,122,2.830860
119,122,2.823420
120,122,2.812077
121,122,2.827656
122,122,2.820065
123,122,2.823983
124,122,2.823998
125,122,2.827816
126,122,2.812319
127,122,2.819630
128,122,2.817255
129,122,2.816427
130,122,2.805647
131,122,2.804462
132,122,2.795504
133,122,2.796127
134,122,2.804404
135,122,2.801082
136,122,2.791919
137,122,2.790411
138,122,2.794639
139,122,2.800735
140,122,2.791370
141,122,2.791587
142,122,2.791757
143,122,2.784168
144,122,2.818910
145,122,2.815074
146,122,2.807335
147,122,2.811103
148,122,2.807120
149,122,2.814648
150,122,2.810826
151,122,2.810552
152,122,2.817866
153,122,2.817486
154,122,2.813204
155,122,2.820433
156,122,2.823760
157,122,2.815480
158,122,2.826414
159,122,2.821888
160,122,2.811010
161,122,2.811284
162,122,2.811549
163,122,2.804011
164,122,2.819542
165,122,2.819613
166,122,2.815784
167,122,2.816014
168,122,2.815942
169,122,2.811968
170,122,2.807947
171,122,2.815435
172,122,2.803612
173,122,2.811257
174,122,2.806964
175,122,2.806544
176,122,2.813781
177,122,2.813263
178,122,2.808843
179,122,2.816184
180,122,2.811666
181,122,2.810950
182,122,2.814037
183,122,2.809368
184,122,2.808753
185,122,2.815541
186,122,2.806866
187,122,2.813551
188,122,2.808625
189,122,2.807750
190,122,2.806330
191,122,2.808940
192,122,2.803790
193,122,2.798837
194,122,2.812842
195,122,2.803675
196,122,2.809862
197,122,2.804434
198,122,2.810758
199,122,2.805215
200,122,2.811171
201,122,2.809361
202,122,2.807744
203,122,2.809666
204,122,2.811526
205,122,2.805618
206,122,2.803751
207,122,2.809273
208,122,2.799318
209,122,2.801108
210,122,2.798725
211,122,2.800125
212,122,2.800943
213,122,2.798590
214,122,2.803616
215,122,2.797010
216,122,2.794437
217,122,2.799239
218,122,2.796257
219,122,2.793196
220,122,2.794164
221,122,2.798646
222,122,2.787633
223,122,2.784498
224,122,2.792577
225,122,2.785155
226,122,2.789461
227,122,2.789562
228,122,2.785715
229,122,2.781770
230,122,2.785696
231,122,2.781552
232,122,2.785009
233,122,2.784773
234,122,2.788017
235,122,2.778662
236,122,2.778072
237,122,2.780950
238,122,2.776003
239,122,2.775055
240,122,2.769858
241,122,2.760950
242,122,2.770903
243,122,2.765307
244,122,2.763697
245,122,2.765523
246,122,2.767199
247,122,2.765148
248,122,2.762663
249,122,2.763868
250,122,2.757482
251,122,2.758350
252,122,2.759041
253,122,2.755983
254,122,2.752452
255,122,2.749014
0,123,2.770762
1,123,2.765201
2,123,2.767472
3,123,2.765460
4,123,2.763582
5,123,2.773119
6,123,2.762976
7,123,2.783797
8,123,2.765958
9,123,2.763128
10,123,2.772006
11,123,2.765077
12,123,2.766009
13,123,2.771597
14,123,2.768153
15,123,2.768723
16,123,2.788448
17,123,2.792390
18,123,2.788792
19,123,2.788945
20,123,2.792587
21,123,2.792547
22,123,2.796000
23,123,2.803480
24,123,2.795458
25,123,2.789010
26,123,2.786593
27,123,2.793722
28,123,2.785095
29,123,2.788207
30,123,2.787386
31,123,2.790339
32,123,2.808366
33,123,2.803461
34,123,2.802870
35,123,2.809101
36,123,2.811667
37,123,2.814163
38,123,2.808624
39,123,2.818688
40,123,2.809420
41,123,2.799827
42,123,2.801987
43,123,2.804081
44,123,2.798407
45,123,2.796265
46,123,2.802025
47,123,2.803870
48,123,2.816957
49,123,2.814830
50,123,2.816498
51,123,2.814255
52,123,2.819402
53,123,2.820898
54,123,2.814631
55,123,2.831696
56,123,2.817345
57,123,2.822462
58,123,2.812113
59,123,2.813269
60,123,2.814114
61,123,2.815165
62,123,2.812310
63,123,2.817110
64,123,2.817747
65,123,2.818591
66,123,2.815532
67,123,2.820128
68,123,2.824414
69,123,2.821205
70,123,2.821798
71,123,2.837753
72,123,2.822837
73,123,2.819253
74,123,2.827346
75,123,2.823831
76,123,2.820268
77,123,2.820510
78,123,2.824293
79,123,2.824438
80,123,2.820682
81,123,2.820730
82,123,2.824582
83,123,2.820417
84,123,2.820320
85,123,2.831734
86,123,2.823790
87,123,2.842802
88,123,2.823238
89,123,2.822889
90,123,2.829930
91,123,2.825631
92,123,2.821282
93,123,2.820737
94,123,2.816289
95,123,2.819497
96,123,2.832490
97,123,2.822893
98,123,2.827000
99,123,2.827206
100,123,2.827363
101,123,2.835178
102,123,2.831387
103,123,2.844885
104,123,2.831366
105,123,2.833188
106,123,2.832780
107,123,2.830665
108,123,2.826577
109,123,2.830145
110,123,2.825945
111,123,2.821701
112,123,2.826857
113,123,2.827429
114,123,2.839517
115,123,2.816869
116,123,2.813435
117,123,2.821515
118,123,2.810273
119,123,2.818245
120,123,2.814613
121,123,2.822484
122,123,2.826453
123,123,2.822667
124,123,2.818830
125,123,2.818525
126,123,2.814587
127,123,2.806745
128,123,2.817838
129,123,2.810972
130,123,2.802120
131,123,2.801208
132,123,2.801883
133,123,2.802519
134,123,2.783827
135,123,2.784348
136,123,2.788679
137,123,2.787172
138,123,2.793319
139,123,2.785937
140,123,2.788130
141,123,2.790272
142,123,2.788515
143,123,2.788631
144,123,2.809887
145,123,2.817609
146,123,2.813721
147,123,2.809786
148,123,2.813508
149,123,2.813329
150,123,2.817224
151,123,2.813036
152,123,2.814630
153,123,2.814249
154,123,2.823452
155,123,2.819121
156,123,2.810888
157,123,2.814165
158,123,2.821245
159,123,2.816985
160,123,2.817468
161,123,2.813880
162,123,2.814097
163,123,2.806559
164,123,2.814385
165,123,2.810604
166,123,2.810892
167,123,2.807015
168,123,2.806942
169,123,2.810674
170,123,2.810466
171,123,2.806386
172,123,2.809964
173,123,2.809903
174,123,2.809531
175,123,2.805257
176,123,2.804788
177,123,2.811974
178,123,2.803963
179,123,2.807198
180,123,2.806531
181,123,2.809667
182,123,2.812753
183,123,2.808174
184,123,2.807296
185,123,2.806366
186,123,2.805385
187,123,2.808204
188,123,2.811233
189,123,2.810095
190,123,2.805050
191,123,2.811511
192,123,2.806620
193,123,2.801414
194,123,2.803858
195,123,2.802393
196,123,2.801133
197,123,2.807261
198,123,2.809478
199,123,2.803931
200,123,2.810146
201,123,2.807964
202,123,2.809932
203,123,2.811838
204,123,2.810091
205,123,2.796461
206,123,2.798178
207,123,2.803683
208,123,2.805533
209,123,2.795494
210,123,2.793092
211,123,2.798592
212,123,2.799904
213,123,2.801145
214,123,2.806167
215,123,2.795969
216,123,2.793136
217,123,2.794079
218,123,2.795212
219,123,2.795999
220,123,2.792852
221,123,2.789891
222,123,2.785905
223,123,2.790195
224,123,2.790814
225,123,2.783369
226,123,2.783538
227,123,2.783613
228,123,2.787718
229,123,2.787601
230,123,2.787384
231,123,2.779634
232,123,2.783064
233,123,2.786388
234,123,2.786026
235,123,2.777570
236,123,2.780837
237,123,2.783708
238,123,2.778754
239,123,2.773956
240,123,2.768752
241,123,2.771124
242,123,2.765940
243,123,2.759198
244,123,2.764983
245,123,2.770909
246,123,2.760989
247,123,2.758909
248,123,2.764089
249,123,2.761399
250,123,2.762688
251,123,2.759659
252,123,2.756451
253,123,2.757210
254,123,2.753631
255,123,2.754009
0,124,2.768337
1,124,2.770511
2,124,2.768969
3,124,2.766984
4,124,2.761290
5,124,2.767011
6,124,2.768450
7,124,2.786526
8,124,2.768409
9,124,2.765862
10,124,2.763188
11,124,2.767815
12,124,2.768753
13,124,2.765722
14,124,2.766150
15,124,2.774454
16,124,2.786222
17,124,2.794313
18,124,2.790741
19,124,2.786790
20,124,2.790725
21,124,2.790710
22,124,2.794177
23,124,2.809386
24,124,2.789829
25,124,2.793026
26,124,2.792557
27,124,2.784674
28,124,2.787873
29,124,2.790990
30,124,2.789902
31,124,2.792861
32,124,2.807300
33,124,2.805981
34,124,2.812565
35,124,2.811369
36,124,2.805978
37,124,2.804640
38,124,2.807085
39,124,2.817166
40,124,2.807646
41,124,2.806035
42,124,2.800505
43,124,2.802348
44,124,2.800543
45,124,2.802527
46,124,2.793000
47,124,2.798703
48,124,2.815903
49,124,2.821485
50,124,2.822888
51,124,2.816795
52,124,2.814497
53,124,2.815727
54,124,2.817170
55,124,2.830114
56,124,2.816034
57,124,2.817043
58,124,2.814413
59,124,2.819435
60,124,2.812845
61,124,2.809787
62,124,2.810798
63,124,2.811757
64,124,2.824398
65,124,2.821122
66,124,2.821917
67,124,2.818809
68,124,2.823356
69,124,2.827583
70,124,2.828178
71,124,2.832576
72,124,2.813808
73,124,2.821960
74,124,2.818234
75,124,2.818583
76,124,2.815030
77,124,2.819134
78,124,2.815519
79,124,2.819245
80,124,2.827047
81,124,2.827095
82,124,2.819389
83,124,2.823193
84,124,2.830527
85,124,2.826529
86,124,2.822482
87,124,2.841504
88,124,2.821949
89,124,2.825388
90,124,2.824712
91,124,2.824264
92,124,2.819914
93,124,2.819367
94,124,2.822624
95,124,2.821978
96,124,2.832996
97,124,2.829178
98,124,2.821783
99,124,2.818137
100,124,2.827927
101,124,2.833816
102,124,2.826172
103,124,2.843523
104,124,2.830004
105,124,2.829921
106,124,2.829480
107,124,2.833144
108,124,2.832907
109,124,2.828776
110,124,2.824583
111,124,2.828038
112,124,2.829321
113,124,2.845306
114,124,2.841986
115,124,2.819340
116,124,2.819768
117,124,2.820137
118,124,2.816602
119,124,2.820728
120,124,2.813239
121,124,2.813409
122,124,2.817378
123,124,2.824870
124,124,2.824886
125,124,2.820999
126,124,2.813207
127,124,2.813070
128,124,2.816440
129,124,2.813431
130,124,2.796887
131,124,2.807249
132,124,2.794454
133,124,2.801140
134,124,2.795934
135,124,2.798392
136,124,2.787304
137,124,2.783878
138,124,2.784246
139,124,2.790343
140,124,2.788688
141,124,2.786978
142,124,2.792926
143,124,2.785335
144,124,2.816222
145,124,2.812384
146,124,2.818128
147,124,2.810341
148,124,2.812136
149,124,2.808105
150,124,2.819664
151,124,2.815526
152,124,2.815193
153,124,2.820590
154,124,2.812455
155,124,2.813902
156,124,2.821079
157,124,2.824355
158,124,2.812039
159,124,2.819337
160,124,2.816109
161,124,2.812521
162,124,2.816591
163,124,2.809054
164,124,2.813027
165,124,2.805393
166,124,2.809546
167,124,2.809510
168,124,2.813281
169,124,2.813150
170,124,2.805265
171,124,2.808891
172,124,2.808889
173,124,2.800859
174,124,2.804339
175,124,2.803917
176,124,2.811152
177,124,2.814757
178,124,2.806363
179,124,2.805734
180,124,2.805056
181,124,2.804327
182,124,2.807673
183,124,2.806844
184,124,2.813670
185,124,2.808885
186,124,2.811755
187,124,2.807138
188,124,2.809903
189,124,2.808763
190,124,2.807569
191,124,2.810446
192,124,2.808878
193,124,2.807510
194,124,2.806087
195,124,2.801027
196,124,2.807198
197,124,2.801753
198,124,2.807808
199,124,2.810224
200,124,2.812309
201,124,2.814334
202,124,2.812445
203,124,2.814620
204,124,2.804902
205,124,2.810532
206,124,2.804813
207,124,2.802608
208,124,2.800338
209,124,2.798000
210,124,2.795379
211,124,2.800596
212,124,2.794184
213,124,2.799534
214,124,2.804536
215,124,2.797906
216,124,2.799182
217,124,2.800105
218,124,2.797097
219,124,2.794010
220,124,2.794972
221,124,2.799426
222,124,2.796091
223,124,2.796802
224,124,2.785587
225,124,2.785841
226,124,2.790138
227,124,2.790207
228,124,2.782475
229,124,2.785680
230,124,2.789290
231,124,2.789229
232,124,2.784926
233,124,2.780515
234,124,2.787841
235,124,2.783208
236,124,2.782313
237,124,2.773884
238,124,2.776604
239,124,2.771492
240,124,2.770400
241,124,2.768884
242,124,2.763676
243,124,2.765742
244,124,2.767665
245,124,2.762036
246,124,2.771370
247,124,2.768992
248,124,2.762905
249,124,2.762729
250,124,2.763985
251,124,2.764764
252,124,2.753805
253,124,2.750675
254,124,2.754753
255,124,2.751239
0,125,2.773564
1,125,2.773168
2,125,2.775488
3,125,2.773500
4,125,2.771668
5,125,2.769691
6,125,2.767275
7,125,2.768875
8,125,2.766193
9,125,2.763678
10,125,2.764890
11,125,2.765685
12,125,2.766654
13,125,2.767214
14,125,2.771805
15,125,2.772432
16,125,2.791924
17,125,2.788483
18,125,2.796208
19,125,2.792562
20,125,2.792670
21,125,2.797007
22,125,2.796904
23,125,2.796707
24,125,2.788429
25,125,2.788054
26,125,2.783453
27,125,2.790611
28,125,2.786127
29,125,2.788982
30,125,2.795894
31,125,2.787314
32,125,2.809197
33,125,2.812023
34,125,2.807068
35,125,2.809463
36,125,2.808214
37,125,2.810747
38,125,2.805708
39,125,2.804236
40,125,2.806548
41,125,2.800809
42,125,2.799136
43,125,2.805104
44,125,2.799171
45,125,2.801159
46,125,2.795380
47,125,2.797245
48,125,2.818035
49,125,2.827485
50,125,2.817612
51,125,2.818961
52,125,2.820531
53,125,2.818191
54,125,2.819647
55,125,2.821042
56,125,2.810817
57,125,2.812097
58,125,2.809190
59,125,2.806509
60,125,2.807627
61,125,2.808692
62,125,2.813279
63,125,2.810387
64,125,2.826707
65,125,2.827565
66,125,2.824240
67,125,2.824996
68,125,2.825702
69,125,2.818652
70,125,2.826798
71,125,2.827344
72,125,2.816283
73,125,2.816730
74,125,2.820982
75,125,2.821050
76,125,2.817498
77,125,2.817750
78,125,2.810248
79,125,2.818108
80,125,2.825637
81,125,2.825695
82,125,2.821847
83,125,2.821799
84,125,2.821701
85,125,2.825123
86,125,2.828781
87,125,2.828538
88,125,2.820541
89,125,2.824053
90,125,2.823664
91,125,2.819083
92,125,2.826197
93,125,2.821796
94,125,2.821199
95,125,2.820551
96,125,2.829661
97,125,2.831612
98,125,2.828024
99,125,2.826314
100,125,2.832289
101,125,2.828546
102,125,2.832460
103,125,2.824768
104,125,2.824734
105,125,2.818872
106,125,2.824230
107,125,2.824051
108,125,2.823772
109,125,2.825425
110,125,2.819307
111,125,2.822770
112,125,2.831731
113,125,2.824601
114,125,2.825136
115,125,2.821756
116,125,2.818333
117,125,2.814851
118,125,2.819030
119,125,2.811593
120,125,2.807962
121,125,2.811983
122,125,2.819807
123,125,2.823435
124,125,2.819599
125,125,2.823417
126,125,2.819478
127,125,2.807783
128,125,2.807284
129,125,2.804276
130,125,2.801218
131,125,2.801949
132,125,2.806493
133,125,2.807413
134,125,2.794513
135,125,2.804667
136,125,2.805147
137,125,2.801713
138,125,2.802089
139,125,2.786995
140,125,2.787266
141,125,2.787482
142,125,2.787650
143,125,2.787764
144,125,2.814799
145,125,2.816738
146,125,2.808995
147,125,2.810841
148,125,2.814531
149,125,2.808563
150,125,2.818248
151,125,2.812183
152,125,2.813775
153,125,2.813393
154,125,2.809109
155,125,2.822114
156,125,2.815693
157,125,2.815105
158,125,2.812541
159,125,2.812142
160,125,2.814695
161,125,2.807255
162,125,2.811325
163,125,2.807642
164,125,2.811633
165,125,2.808129
166,125,2.811996
167,125,2.808109
168,125,2.811879
169,125,2.811748
170,125,2.807716
171,125,2.807773
172,125,2.811350
173,125,2.811024
174,125,2.806717
175,125,2.810138
176,125,2.813792
177,125,2.813261
178,125,2.804976
179,125,2.804346
180,125,2.799813
181,125,2.810924
182,125,2.810144
183,125,2.805460
184,125,2.812283
185,125,2.807497
186,125,2.806591
187,125,2.809396
188,125,2.808295
189,125,2.807142
190,125,2.810070
191,125,2.804956
192,125,2.811347
193,125,2.802271
194,125,2.804980
195,125,2.803498
196,125,2.809666
197,125,2.800364
198,125,2.814404
199,125,2.808840
200,125,2.810921
201,125,2.808999
202,125,2.803241
203,125,2.805128
204,125,2.803099
205,125,2.805143
206,125,2.806839
207,125,2.804617
208,125,2.802613
209,125,2.804110
210,125,2.797834
211,125,2.795340
212,125,2.804620
213,125,2.805837
214,125,2.803128
215,125,2.804485
216,125,2.797774
217,125,2.798692
218,125,2.799207
219,125,2.799951
220,125,2.792907
221,125,2.793776
222,125,2.794270
223,125,2.798530
224,125,2.791436
225,125,2.787813
226,125,2.787950
227,125,2.788287
228,125,2.784382
229,125,2.784231
230,125,2.784276
231,125,2.787776
232,125,2.783762
233,125,2.783198
234,125,2.786375
235,125,2.784945
236,125,2.780166
237,125,2.779121
238,125,2.774404
239,125,2.776965
240,125,2.768144
241,125,2.758888
242,125,2.768760
243,125,2.767243
244,125,2.761423
245,125,2.759619
246,125,2.765062
247,125,2.766495
248,125,2.768084
249,125,2.761489
250,125,2.762747
251,125,2.763516
252,125,2.760252
253,125,2.757124
254,125,2.753485
255,125,2.748410
0,126,2.764619
1,126,2.770673
2,126,2.765327
3,126,2.759515
4,126,2.773132
5,126,2.771192
6,126,2.764949
7,126,2.770437
8,126,2.763925
9,126,2.769150
10,126,2.766236
11,126,2.767358
12,126,2.764506
13,126,2.768938
14,126,2.769707
15,126,2.766208
16,126,2.790740
17,126,2.791159
18,126,2.787321
19,126,2.787535
20,126,2.791203
21,126,2.795073
22,126,2.791142
23,126,2.790674
24,126,2.786559
25,126,2.793912
26,126,2.785472
27,126,2.792652
28,126,2.787895
29,126,2.787204
30,126,2.786431
31,126,2.785285
32,126,2.808047
33,126,2.810877
34,126,2.805635
35,126,2.812169
36,126,2.807072
37,126,2.805466
38,126,2.811786
39,126,2.810331
40,126,2.804666
41,126,2.803076
42,126,2.801421
43,126,2.803263
44,126,2.797626
45,126,2.799631
46,126,2.797431
47,126,2.795459
48,126,2.816900
49,126,2.810654
50,126,2.812343
51,126,2.813973
52,126,2.815257
53,126,2.820625
54,126,2.825937
55,126,2.819635
56,126,2.816841
57,126,2.814281
58,126,2.811666
59,126,2.812561
60,126,2.809840
61,126,2.810918
62,126,2.804237
63,126,2.808962
64,126,2.823358
65,126,2.818439
66,126,2.819247
67,126,2.819715
68,126,2.820422
69,126,2.817227
70,126,2.821686
71,126,2.821952
72,126,2.814755
73,126,2.819066
74,126,2.815622
75,126,2.823754
76,126,2.816057
77,126,2.816310
78,126,2.812661
79,126,2.812816
80,126,2.824187
81,126,2.828098
82,126,2.828107
83,126,2.816510
84,126,2.820275
85,126,2.819809
86,126,2.827320
87,126,2.823224
88,126,2.819078
89,126,2.822590
90,126,2.826052
91,126,2.821460
92,126,2.817117
93,126,2.816578
94,126,2.819718
95,126,2.819069
96,126,2.830124
97,126,2.830438
98,126,2.828477
99,126,2.824841
100,126,2.826936
101,126,2.828982
102,126,2.830989
103,126,2.831003
104,126,2.823262
105,126,2.823180
106,126,2.822747
107,126,2.826421
108,126,2.830045
109,126,2.825879
110,126,2.821681
111,126,2.825144
112,126,2.826380
113,126,2.838517
114,126,2.823643
115,126,2.827970
116,126,2.816844
117,126,2.817216
118,126,2.817544
119,126,2.813966
120,126,2.810333
121,126,2.818210
122,126,2.814172
123,126,2.818094
124,126,2.818110
125,126,2.818075
126,126,2.802578
127,126,2.802441
128,126,2.809628
129,126,2.806624
130,126,2.805492
131,126,2.800460
132,126,2.801139
133,126,2.792147
134,126,2.798805
135,126,2.795485
136,126,2.795957
137,126,2.802164
138,126,2.785201
139,126,2.785518
140,126,2.781937
141,126,2.789857
142,126,2.784246
143,126,2.790138
144,126,2.817172
145,126,2.813331
146,126,2.809439
147,126,2.815118
148,126,2.813050
149,126,2.812861
150,126,2.816777
151,126,2.816491
152,126,2.812303
153,126,2.815773
154,126,2.815248
155,126,2.820536
156,126,2.814217
157,126,2.817480
158,126,2.813288
159,126,2.812599
160,126,2.817079
161,126,2.813493
162,126,2.809895
163,126,2.806202
164,126,2.810166
165,126,2.810526
166,126,2.810540
167,126,2.810506
168,126,2.810423
169,126,2.817998
170,126,2.813965
171,126,2.810128
172,126,2.809841
173,126,2.809506
174,126,2.805269
175,126,2.812541
176,126,2.808500
177,126,2.807968
178,126,2.811239
179,126,2.810608
180,126,2.806367
181,126,2.809336
182,126,2.812396
183,126,2.815406
184,126,2.814512
185,126,2.810006
186,126,2.809008
187,126,2.811811
188,126,2.810708
189,126,2.809845
190,126,2.804783
191,126,2.803520
192,126,2.809907
193,126,2.812398
194,126,2.810959
195,126,2.805610
196,126,2.807909
197,126,2.810445
198,126,2.804924
199,126,2.803196
200,126,2.811334
201,126,2.811413
202,126,2.805652
203,126,2.807535
204,126,2.805796
205,126,2.811405
206,126,2.797685
207,126,2.799606
208,126,2.800700
209,126,2.806032
210,126,2.803885
211,126,2.797520
212,126,2.806495
213,126,2.807989
214,126,2.805261
215,126,2.802458
216,126,2.803730
217,126,2.793068
218,126,2.793886
219,126,2.794923
220,126,2.791727
221,126,2.792300
222,126,2.796941
223,126,2.797343
224,126,2.793085
225,126,2.793592
226,126,2.782146
227,126,2.786017
228,126,2.786243
229,126,2.789919
230,126,2.789947
231,126,2.785714
232,126,2.785227
233,126,2.788794
234,126,2.784236
235,126,2.783418
236,126,2.778942
237,126,2.781742
238,126,2.780880
239,126,2.775727
240,126,2.769374
241,126,2.768104
242,126,2.766382
243,126,2.768691
244,126,2.770539
245,126,2.760680
246,126,2.766404
247,126,2.771650
248,126,2.761649
249,126,2.758863
250,126,2.763941
251,126,2.764664
252,126,2.757500
253,126,2.750482
254,126,2.752572
255,126,2.750946
0,127,2.765892
1,127,2.764271
2,127,2.766672
3,127,2.760888
4,127,2.770691
5,127,2.772641
6,127,2.777982
7,127,2.775801
8,127,2.769312
9,127,2.763013
10,127,2.767827
11,127,2.765129
12,127,2.766808
13,127,2.763848
14,127,2.768477
15,127,2.772680
16,127,2.788646
17,127,2.784929
18,127,2.785273
19,127,2.789366
20,127,2.793051
21,127,2.789241
22,127,2.792733
23,127,2.792587
24,127,2.792349
25,127,2.787861
26,127,2.791299
27,127,2.786638
28,127,2.786695
29,127,2.789861
30,127,2.784937
31,127,2.787943
32,127,2.806282
33,127,2.808830
34,127,2.803899
35,127,2.806298
36,127,2.808927
37,127,2.803778
38,127,2.805963
39,127,2.808380
40,127,2.806875
41,127,2.801150
42,127,2.799947
43,127,2.802084
44,127,2.800003
45,127,2.794306
46,127,2.796253
47,127,2.797837
48,127,2.822778
49,127,2.816836
50,127,2.814388
51,127,2.812181
52,127,2.813769
53,127,2.819151
54,127,2.816472
55,127,2.821743
56,127,2.819517
57,127,2.808954
58,127,2.806343
59,127,2.803677
60,127,2.808663
61,127,2.813296
62,127,2.806618
63,127,2.807594
64,127,2.815922
65,127,2.824500
66,127,2.813762
67,127,2.818384
68,127,2.826646
69,127,2.819599
70,127,2.820207
71,127,2.816913
72,127,2.820972
73,127,2.817579
74,127,2.814136
75,127,2.814497
76,127,2.810653
77,127,2.810916
78,127,2.814983
79,127,2.815175
80,127,2.826840
81,127,2.818888
82,127,2.822750
83,127,2.826563
84,127,2.822623
85,127,2.822486
86,127,2.829699
87,127,2.825611
88,127,2.825266
89,127,2.817218
90,127,2.816826
91,127,2.820238
92,127,2.815584
93,127,2.815043
94,127,2.818306
95,127,2.817665
96,127,2.828605
97,127,2.828920
98,127,2.828875
99,127,2.825240
100,127,2.825409
101,127,2.829382
102,127,2.837159
103,127,2.833328
104,127,2.833294
105,127,2.825505
106,127,2.825374
107,127,2.822955
108,127,2.816947
109,127,2.818566
110,127,2.816301
111,127,2.819757
112,127,2.832532
113,127,2.829260
114,127,2.829799
115,127,2.826423
116,127,2.815299
117,127,2.811827
118,127,2.812150
119,127,2.820132
120,127,2.816500
121,127,2.808968
122,127,2.816480
123,127,2.808843
124,127,2.808860
125,127,2.801119
126,127,2.804886
127,127,2.800895
128,127,2.808064
129,127,2.808916
130,127,2.802006
131,127,2.802754
132,127,2.801522
133,127,2.800223
134,127,2.797273
135,127,2.801659
136,127,2.805983
137,127,2.798706
138,127,2.787516
139,127,2.791692
140,127,2.788110
141,127,2.784472
142,127,2.784639
143,127,2.784751
144,127,2.819490
145,127,2.817574
146,127,2.811755
147,127,2.815508
148,127,2.813440
149,127,2.811636
150,127,2.811398
151,127,2.811111
152,127,2.812702
153,127,2.814161
154,127,2.809865
155,127,2.813226
156,127,2.816537
157,127,2.815946
158,127,2.809837
159,127,2.811073
160,127,2.819465
161,127,2.812016
162,127,2.808372
163,127,2.812385
164,127,2.812805
165,127,2.805162
166,127,2.816735
167,127,2.812848
168,127,2.805037
169,127,2.812601
170,127,2.808865
171,127,2.816332
172,127,2.812192
173,127,2.808003
174,127,2.807617
175,127,2.803635
176,127,2.814710
177,127,2.810212
178,127,2.809619
179,127,2.808976
180,127,2.804735
181,127,2.803991
182,127,2.807050
183,127,2.802352
184,127,2.805612
185,127,2.808517
186,127,2.807517
187,127,2.806465
188,127,2.809289
189,127,2.808120
190,127,2.803044
191,127,2.801767
192,127,2.808444
193,127,2.814763
194,127,2.809467
195,127,2.808271
196,127,2.810568
197,127,2.808954
198,127,2.811135
199,127,2.813560
200,127,2.807551
201,127,2.801835
202,127,2.807920
203,127,2.802081
204,127,2.800031
205,127,2.813328
206,127,2.803750
207,127,2.801506
208,127,2.806900
209,127,2.797122
210,127,2.802380
211,127,2.799863
212,127,2.805287
213,127,2.806480
214,127,2.799337
215,127,2.796822
216,127,2.793922
217,127,2.794797
218,127,2.795903
219,127,2.800471
220,127,2.793399
221,127,2.794260
222,127,2.787019
223,127,2.791562
224,127,2.795704
225,127,2.788196
226,127,2.788616
227,127,2.788627
228,127,2.787741
229,127,2.787853
230,127,2.783695
231,127,2.791309
232,127,2.783088
233,127,2.786316
234,127,2.782048
235,127,2.785052
236,127,2.784408
237,127,2.783323
238,127,2.778261
239,127,2.777253
240,127,2.771936
241,127,2.770669
242,127,2.765084
243,127,2.770918
244,127,2.764190
245,127,2.765850
246,127,2.756134
247,127,2.765190
248,127,2.762864
249,127,2.760034
250,127,2.757373
251,127,2.758049
252,127,2.758542
253,127,2.759193
254,127,2.751600
255,127,2.748008
0,128,2.767109
1,128,2.761666
2,128,2.767961
3,128,2.777617
4,128,2.775901
5,128,2.765998
6,128,2.767846
7,128,2.769553
8,128,2.771864
9,128,2.773279
10,128,2.774238
11,128,2.775401
12,128,2.772262
13,128,2.769333
14,128,2.777520
15,128,2.778215
16,128,2.786505
17,128,2.790511
18,128,2.787030
19,128,2.790830
20,128,2.790998
21,128,2.791068
22,128,2.786869
23,128,2.790601
24,128,2.794640
25,128,2.794319
26,128,2.797762
27,128,2.793097
28,128,2.796369
29,128,2.799243
30,128,2.798498
31,128,2.797672
32,128,2.808012
33,128,2.799326
34,128,2.797955
35,128,2.808383
36,128,2.803325
37,128,2.801736
38,128,2.800881
39,128,2.799450
40,128,2.801491
41,128,2.807630
42,128,2.805996
43,128,2.803986
44,128,2.802223
45,128,2.804248
46,128,2.802048
47,128,2.803949
48,128,2.813494
49,128,2.811111
50,128,2.812830
51,128,2.818669
52,128,2.812244
53,128,2.809925
54,128,2.815254
55,128,2.812511
56,128,2.810023
57,128,2.815185
58,128,2.812277
59,128,2.813477
60,128,2.806918
61,128,2.811864
62,128,2.808741
63,128,2.813773
64,128,2.818552
65,128,2.815261
66,128,2.816084
67,128,2.811076
68,128,2.817576
69,128,2.810228
70,128,2.810848
71,128,2.815271
72,128,2.811938
73,128,2.812183
74,128,2.816447
75,128,2.816809
76,128,2.817122
77,128,2.817070
78,128,2.817285
79,128,2.817451
80,128,2.817568
81,128,2.817636
82,128,2.813483
83,128,2.817297
84,128,2.813356
85,128,2.817072
86,128,2.816886
87,128,2.816332
88,128,2.808342
89,128,2.823420
90,128,2.815250
91,128,2.822514
92,128,2.821699
93,128,2.817305
94,128,2.816713
95,128,2.819924
96,128,2.826962
97,128,2.819581
98,128,2.821833
99,128,2.819803
100,128,2.823825
101,128,2.818166
102,128,2.820165
103,128,2.816336
104,128,2.820152
105,128,2.820069
106,128,2.823790
107,128,2.823286
108,128,2.823057
109,128,2.822761
110,128,2.822417
111,128,2.822020
112,128,2.815498
113,128,2.819946
114,128,2.812782
115,128,2.809409
116,128,2.809845
117,128,2.810228
118,128,2.810552
119,128,2.806978
120,128,2.807204
121,128,2.810906
122,128,2.807172
123,128,2.811095
124,128,2.811112
125,128,2.811077
126,128,2.810991
127,128,2.803147
128,128,2.810297
129,128,2.807299
130,128,2.800389
131,128,2.797286
132,128,2.790276
133,128,2.794770
134,128,2.783789
135,128,2.788503
136,128,2.792837
137,128,2.793265
138,128,2.797486
139,128,2.797810
140,128,2.798080
141,128,2.798294
142,128,2.798460
143,128,2.802427
144,128,2.817899
145,128,2.821762
146,128,2.814013
147,128,2.810063
148,128,2.813774
149,128,2.810054
150,128,2.813668
151,128,2.821087
152,128,2.816824
153,128,2.816429
154,128,2.823691
155,128,2.827050
156,128,2.807243
157,128,2.806973
158,128,2.806196
159,128,2.809346
160,128,2.814031
161,128,2.814289
162,128,2.810646
163,128,2.818512
164,128,2.807385
165,128,2.815154
166,128,2.811312
167,128,2.811268
168,128,2.807322
169,128,2.815204
170,128,2.815013
171,128,2.822480
172,128,2.799075
173,128,2.798738
174,128,2.806291
175,128,2.805845
176,128,2.813056
177,128,2.808659
178,128,2.804212
179,128,2.803883
180,128,2.803189
181,128,2.806296
182,128,2.809353
183,128,2.804793
184,128,2.811590
185,128,2.814482
186,128,2.817322
187,128,2.816571
188,128,2.800042
189,128,2.802723
190,128,2.805350
191,128,2.800531
192,128,2.806902
193,128,2.805227
194,128,2.804084
195,128,2.806423
196,128,2.800999
197,128,2.803223
198,128,2.809555
199,128,2.811662
200,128,2.809855
201,128,2.804450
202,128,2.817932
203,128,2.819794
204,128,2.798791
205,128,2.800095
206,128,2.794046
207,128,2.795953
208,128,2.801329
209,128,2.798932
210,128,2.796783
211,128,2.798099
212,128,2.810902
213,128,2.804687
214,128,2.798081
215,128,2.795251
216,128,2.800371
217,128,2.801240
218,128,2.805261
219,128,2.802422
220,128,2.787622
221,128,2.780442
222,128,2.785059
223,128,2.789264
224,128,2.786000
225,128,2.782320
226,128,2.786252
227,128,2.786562
228,128,2.782597
229,128,2.786565
230,128,2.790105
231,128,2.778129
232,128,2.784753
233,128,2.784098
234,128,2.783664
235,128,2.786636
236,128,2.770226
237,128,2.769442
238,128,2.760494
239,128,2.763315
240,128,2.761816
241,128,2.764036
242,128,2.762608
243,128,2.760698
244,128,2.758987
245,128,2.764489
246,128,2.762480
247,128,2.767673
248,128,2.760169
249,128,2.753442
250,128,2.758100
251,128,2.755228
252,128,2.740261
253,128,2.737021
254,128,2.737082
255,128,2.737302
0,129,2.768269
1,129,2.770563
2,129,2.765343
3,129,2.771175
4,129,2.765646
5,129,2.763476
6,129,2.770345
7,129,2.768209
8,129,2.765597
9,129,2.774752
10,129,2.771881
11,129,2.773077
12,129,2.773813
13,129,2.770915
14,129,2.775270
15,129,2.779848
16,129,2.787833
17,129,2.784487
18,129,2.792592
19,129,2.792556
20,129,2.788899
21,129,2.797148
22,129,2.785571
23,129,2.796685
24,129,2.788774
25,129,2.796183
26,129,2.795470
27,129,2.791145
28,129,2.797966
29,129,2.793473
30,129,2.800456
31,129,2.799327
32,129,2.802297
33,129,2.804865
34,129,2.804384
35,129,2.807111
36,129,2.809441
37,129,2.804316
38,129,2.802974
39,129,2.808944
40,129,2.799758
41,129,2.801739
42,129,2.800124
43,129,2.806148
44,129,2.804080
45,129,2.809976
46,129,2.804638
47,129,2.810075
48,129,2.808066
49,129,2.809849
50,129,2.811252
51,129,2.809063
52,129,2.810669
53,129,2.808044
54,129,2.813388
55,129,2.810970
56,129,2.808174
57,129,2.813351
58,129,2.814866
59,129,2.815748
60,129,2.809192
61,129,2.817993
62,129,2.811330
63,129,2.811999
64,129,2.816790
65,129,2.813823
66,129,2.810482
67,129,2.815119
68,129,2.815992
69,129,2.812810
70,129,2.813109
71,129,2.809827
72,129,2.818054
73,129,2.818525
74,129,2.814770
75,129,2.815143
76,129,2.815466
77,129,2.819642
78,129,2.823384
79,129,2.819697
80,129,2.815961
81,129,2.816029
82,129,2.819574
83,129,2.815691
84,129,2.815613
85,129,2.815454
86,129,2.811415
87,129,2.806996
88,129,2.822122
89,129,2.814083
90,129,2.821405
91,129,2.820972
92,129,2.820489
93,129,2.823362
94,129,2.822769
95,129,2.822125
96,129,2.817625
97,129,2.817951
98,129,2.820154
99,129,2.825868
100,129,2.822185
101,129,2.822306
102,129,2.818525
103,129,2.820475
104,129,2.820450
105,129,2.822303
106,129,2.822150
107,129,2.817781
108,129,2.825257
109,129,2.826893
110,129,2.828482
111,129,2.824233
112,129,2.821537
113,129,2.814429
114,129,2.814963
115,129,2.819307
116,129,2.812040
117,129,2.808572
118,129,2.805051
119,129,2.805326
120,129,2.809406
121,129,2.809245
122,129,2.805515
123,129,2.809437
124,129,2.805602
125,129,2.813274
126,129,2.805481
127,129,2.805342
128,129,2.808618
129,129,2.809478
130,129,2.798729
131,129,2.791761
132,129,2.792458
133,129,2.793101
134,129,2.789838
135,129,2.790711
136,129,2.791193
137,129,2.791613
138,129,2.795842
139,129,2.796165
140,129,2.800288
141,129,2.800505
142,129,2.800667
143,129,2.800780
144,129,2.816252
145,129,2.820113
146,129,2.816216
147,129,2.808415
148,129,2.808273
149,129,2.816122
150,129,2.819682
151,129,2.815531
152,129,2.815184
153,129,2.830199
154,129,2.829754
155,129,2.833112
156,129,2.813303
157,129,2.816771
158,129,2.808412
159,129,2.815413
160,129,2.820100
161,129,2.816506
162,129,2.809010
163,129,2.809528
164,129,2.805778
165,129,2.809684
166,129,2.805835
167,129,2.813496
168,129,2.817256
169,129,2.821296
170,129,2.821105
171,129,2.820812
172,129,2.805102
173,129,2.800901
174,129,2.800832
175,129,2.808091
176,129,2.811448
177,129,2.803197
178,129,2.806781
179,129,2.806000
180,129,2.805293
181,129,2.808389
182,129,2.804054
183,129,2.810901
184,129,2.802284
185,129,2.812880
186,129,2.816043
187,129,2.818828
188,129,2.798212
189,129,2.800880
190,129,2.803819
191,129,2.802525
192,129,2.808881
193,129,2.811655
194,129,2.802489
195,129,2.804824
196,129,2.799396
197,129,2.805795
198,129,2.799905
199,129,2.801995
200,129,2.808204
201,129,2.814026
202,129,2.812080
203,129,2.814251
204,129,2.792916
205,129,2.802338
206,129,2.792759
207,129,2.794345
208,129,2.795863
209,129,2.801494
210,129,2.794667
211,129,2.799817
212,129,2.809076
213,129,2.798670
214,129,2.792042
215,129,2.804933
216,129,2.794300
217,129,2.807037
218,129,2.811658
219,129,2.808492
220,129,2.786312
221,129,2.790684
222,129,2.786570
223,129,2.783381
224,129,2.787472
225,129,2.784102
226,129,2.784156
227,129,2.784113
228,129,2.784311
229,129,2.780218
230,129,2.784069
231,129,2.783622
232,129,2.786921
233,129,2.786600
234,129,2.785825
235,129,2.792023
236,129,2.764021
237,129,2.767068
238,129,2.761939
239,129,2.768240
240,129,2.759349
241,129,2.765385
242,129,2.763931
243,129,2.761982
244,129,2.760243
245,129,2.757999
246,129,2.752107
247,129,2.757257
248,129,2.754899
249,129,2.759719
250,129,2.755256
251,129,2.760054
252,129,2.741185
253,129,2.741759
254,129,2.737914
255,129,2.734240
0,130,2.769373
1,130,2.767846
2,130,2.766521
3,130,2.764678
4,130,2.771944
5,130,2.773625
6,130,2.775521
7,130,2.773068
8,130,2.763129
9,130,2.768467
10,130,2.769472
11,130,2.766849
12,130,2.767607
13,130,2.772447
14,130,2.769117
15,130,2.777578
16,130,2.789435
17,130,2.789971
18,130,2.790900
19,130,2.795057
20,130,2.798770
21,130,2.791170
22,130,2.798882
23,130,2.794601
24,130,2.798273
25,130,2.793809
26,130,2.801154
27,130,2.792662
28,130,2.795982
29,130,2.799217
30,130,2.798179
31,130,2.801856
32,130,2.808349
33,130,2.803543
34,130,2.806365
35,130,2.804925
36,130,2.799893
37,130,2.813718
38,130,2.804690
39,130,2.811003
40,130,2.805354
41,130,2.803824
42,130,2.806522
43,130,2.800660
44,130,2.806624
45,130,2.808339
46,130,2.810323
47,130,2.804539
48,130,2.813773
49,130,2.811719
50,130,2.813459
51,130,2.814807
52,130,2.812575
53,130,2.810592
54,130,2.811754
55,130,2.817045
56,130,2.818427
57,130,2.815568
58,130,2.812987
59,130,2.810351
60,130,2.811181
61,130,2.816143
62,130,2.805641
63,130,2.806838
64,130,2.819004
65,130,2.812187
66,130,2.809171
67,130,2.809622
68,130,2.818062
69,130,2.818746
70,130,2.815526
71,130,2.815774
72,130,2.808702
73,130,2.813027
74,130,2.817303
75,130,2.821193
76,130,2.806106
77,130,2.821792
78,130,2.818165
79,130,2.814151
80,130,2.814278
81,130,2.818219
82,130,2.814385
83,130,2.817869
84,130,2.817790
85,130,2.821515
86,130,2.817485
87,130,2.824965
88,130,2.824286
89,130,2.827804
90,130,2.819714
91,130,2.819280
92,130,2.814943
93,130,2.821768
94,130,2.817331
95,130,2.816562
96,130,2.827495
97,130,2.827821
98,130,2.820393
99,130,2.824130
100,130,2.820457
101,130,2.824461
102,130,2.822607
103,130,2.824557
104,130,2.820679
105,130,2.824458
106,130,2.826262
107,130,2.821851
108,130,2.823547
109,130,2.823267
110,130,2.822925
111,130,2.826381
112,130,2.819811
113,130,2.812695
114,130,2.813243
115,130,2.809884
116,130,2.810324
117,130,2.810711
118,130,2.807193
119,130,2.807474
120,130,2.803849
121,130,2.811380
122,130,2.811503
123,130,2.811575
124,130,2.807740
125,130,2.803853
126,130,2.803766
127,130,2.807480
128,130,2.806883
129,130,2.807745
130,130,2.793144
131,130,2.793897
132,130,2.798448
133,130,2.795239
134,130,2.791976
135,130,2.792852
136,130,2.793334
137,130,2.797617
138,130,2.794140
139,130,2.802168
140,130,2.794732
141,130,2.802655
142,130,2.798966
143,130,2.802929
144,130,2.822252
145,130,2.814554
146,130,2.810655
147,130,2.810561
148,130,2.810419
149,130,2.810530
150,130,2.810280
151,130,2.817686
152,130,2.817339
153,130,2.820794
154,130,2.824201
155,130,2.819746
156,130,2.826896
157,130,2.822783
158,130,2.806717
159,130,2.813716
160,130,2.810699
161,130,2.811005
162,130,2.811205
163,130,2.807847
164,130,2.807949
165,130,2.815708
166,130,2.811860
167,130,2.811815
168,130,2.808185
169,130,2.819592
170,130,2.803979
171,130,2.815287
172,130,2.811135
173,130,2.818831
174,130,2.810728
175,130,2.810185
176,130,2.809677
177,130,2.809458
178,130,2.797293
179,130,2.804341
180,130,2.803633
181,130,2.807064
182,130,2.810107
183,130,2.805393
184,130,2.808143
185,130,2.815210
186,130,2.814182
187,130,2.816954
188,130,2.811967
189,130,2.818820
190,130,2.806020
191,130,2.808576
192,130,2.807560
193,130,2.805864
194,130,2.800535
195,130,2.806708
196,130,2.805455
197,130,2.811512
198,130,2.809805
199,130,2.808375
200,130,2.806548
201,130,2.812365
202,130,2.810753
203,130,2.812183
204,130,2.810094
205,130,2.812131
206,130,2.794501
207,130,2.796068
208,130,2.801759
209,130,2.795485
210,130,2.796846
211,130,2.810036
212,130,2.807402
213,130,2.805036
214,130,2.801690
215,130,2.794965
216,130,2.796211
217,130,2.797036
218,130,2.797780
219,130,2.802641
220,130,2.799368
221,130,2.800208
222,130,2.785207
223,130,2.785527
224,130,2.778399
225,130,2.781637
226,130,2.785865
227,130,2.785795
228,130,2.789479
229,130,2.785709
230,130,2.785337
231,130,2.781360
232,130,2.784629
233,130,2.780436
234,130,2.783482
235,130,2.782559
236,130,2.772244
237,130,2.780713
238,130,2.767185
239,130,2.765744
240,130,2.756829
241,130,2.762827
242,130,2.761346
243,130,2.759358
244,130,2.761444
245,130,2.759159
246,130,2.753236
247,130,2.754490
248,130,2.751726
249,130,2.764579
250,130,2.753767
251,130,2.750859
252,130,2.745901
253,130,2.746436
254,130,2.734832
255,130,2.734969
0,131,2.762714
1,131,2.765072
2,131,2.768908
3,131,2.767065
4,131,2.765440
5,131,2.771002
6,131,2.772937
7,131,2.778216
8,131,2.764461
9,131,2.773324
10,131,2.767011
11,131,2.771766
12,131,2.769055
13,131,2.766222
14,131,2.770618
15,131,2.771406
16,131,2.788027
17,131,2.792424
18,131,2.792506
19,131,2.788986
20,131,2.788864
21,131,2.792848
22,131,2.796383
23,131,2.796322
24,131,2.791963
25,131,2.791717
26,131,2.795234
27,131,2.794461
28,131,2.798462
29,131,2.801355
30,131,2.792956
31,131,2.799540
32,131,2.806391
33,131,2.805459
34,131,2.807957
35,131,2.803019
36,131,2.797662
37,131,2.804137
38,131,2.806686
39,131,2.809308
40,131,2.807851
41,131,2.805981
42,131,2.804389
43,131,2.806583
44,131,2.804516
45,131,2.810434
46,131,2.804729
47,131,2.806324
48,131,2.812054
49,131,2.817379
50,131,2.811773
51,131,2.817310
52,131,2.810886
53,131,2.808601
54,131,2.813963
55,131,2.815073
56,131,2.808764
57,131,2.813957
58,131,2.811046
59,131,2.816370
60,131,2.809829
61,131,2.810598
62,131,2.811656
63,131,2.812662
64,131,2.813615
65,131,2.814172
66,131,2.815021
67,131,2.815818
68,131,2.808657
69,131,2.813195
70,131,2.817683
71,131,2.814414
72,131,2.814602
73,131,2.815086
74,131,2.815520
75,131,2.819409
76,131,2.819805
77,131,2.820081
78,131,2.816454
79,131,2.820134
80,131,2.808704
81,131,2.812635
82,131,2.812664
83,131,2.820350
84,131,2.816057
85,131,2.819782
86,131,2.827310
87,131,2.819377
88,131,2.822600
89,131,2.818421
90,131,2.817965
91,131,2.825235
92,131,2.820897
93,131,2.828067
94,131,2.823270
95,131,2.818780
96,131,2.825748
97,131,2.826075
98,131,2.826354
99,131,2.818877
100,131,2.816775
101,131,2.822686
102,131,2.830484
103,131,2.822802
104,131,2.822777
105,131,2.822703
106,131,2.826433
107,131,2.822050
108,131,2.825631
109,131,2.825363
110,131,2.828874
111,131,2.832332
112,131,2.818016
113,131,2.810914
114,131,2.811464
115,131,2.811961
116,131,2.816256
117,131,2.812793
118,131,2.813129
119,131,2.817264
120,131,2.817494
121,131,2.813459
122,131,2.809730
123,131,2.809801
124,131,2.809820
125,131,2.813639
126,131,2.809699
127,131,2.809559
128,131,2.808940
129,131,2.809806
130,131,2.795205
131,131,2.795961
132,131,2.788955
133,131,2.793454
134,131,2.797898
135,131,2.798796
136,131,2.799280
137,131,2.799709
138,131,2.803938
139,131,2.800408
140,131,2.800677
141,131,2.797041
142,131,2.801057
143,131,2.805021
144,131,2.808931
145,131,2.805083
146,131,2.808888
147,131,2.812650
148,131,2.808620
149,131,2.816481
150,131,2.820084
151,131,2.812079
152,131,2.815582
153,131,2.826743
154,131,2.826199
155,131,2.825692
156,131,2.817786
157,131,2.817179
158,131,2.820374
159,131,2.811961
160,131,2.809002
161,131,2.813105
162,131,2.802103
163,131,2.809960
164,131,2.806210
165,131,2.810116
166,131,2.806263
167,131,2.813914
168,131,2.810310
169,131,2.817863
170,131,2.817662
171,131,2.817411
172,131,2.801984
173,131,2.805477
174,131,2.805068
175,131,2.812315
176,131,2.804101
177,131,2.800039
178,131,2.803283
179,131,2.806477
180,131,2.801766
181,131,2.805197
182,131,2.812080
183,131,2.807353
184,131,2.806775
185,131,2.817356
186,131,2.816325
187,131,2.811388
188,131,2.802659
189,131,2.805310
190,131,2.807907
191,131,2.814649
192,131,2.805577
193,131,2.804154
194,131,2.798822
195,131,2.797634
196,131,2.803745
197,131,2.809461
198,131,2.804233
199,131,2.814009
200,131,2.812165
201,131,2.818314
202,131,2.816347
203,131,2.814316
204,131,2.804866
205,131,2.798855
206,131,2.800030
207,131,2.801929
208,131,2.791851
209,131,2.797466
210,131,2.794955
211,131,2.803931
212,131,2.797776
213,131,2.802754
214,131,2.796099
215,131,2.793573
216,131,2.794470
217,131,2.802732
218,131,2.799601
219,131,2.796388
220,131,2.785742
221,131,2.786213
222,131,2.786954
223,131,2.791103
224,131,2.775896
225,131,2.780221
226,131,2.780239
227,131,2.780522
228,131,2.779527
229,131,2.779592
230,131,2.779191
231,131,2.778684
232,131,2.786140
233,131,2.781561
234,131,2.781089
235,131,2.776280
236,131,2.775575
237,131,2.766672
238,131,2.769575
239,131,2.768124
240,131,2.754255
241,131,2.752510
242,131,2.754854
243,131,2.756679
244,131,2.754503
245,131,2.756409
246,131,2.750072
247,131,2.767076
248,131,2.756561
249,131,2.753969
250,131,2.758519
251,131,2.755575
252,131,2.744348
253,131,2.741029
254,131,2.739393
255,131,2.735634
0,132,2.763702
1,132,2.766479
2,132,2.769982
3,132,2.772021
4,132,2.766585
5,132,2.772176
6,132,2.766445
7,132,2.771750
8,132,2.769591
9,132,2.770774
10,132,2.768349
11,132,2.765422
12,132,2.770451
13,132,2.771133
14,132,2.768216
15,132,2.769586
16,132,2.785682
17,132,2.793595
18,132,2.790210
19,132,2.794058
20,132,2.794319
21,132,2.794479
22,132,2.794176
23,132,2.796068
24,132,2.793651
25,132,2.793430
26,132,2.801162
27,132,2.796893
28,132,2.803735
29,132,2.799296
30,132,2.798625
31,132,2.801367
32,132,2.808241
33,132,2.803120
34,132,2.802133
35,132,2.808418
36,132,2.807280
37,132,2.810441
38,132,2.812641
39,132,2.803567
40,132,2.803700
41,132,2.807973
42,132,2.810252
43,132,2.808257
44,132,2.802698
45,132,2.804426
46,132,2.798739
47,132,2.801078
48,132,2.814163
49,132,2.812131
50,132,2.817743
51,132,2.811383
52,132,2.809171
53,132,2.818105
54,132,2.808072
55,132,2.817245
56,132,2.814724
57,132,2.816068
58,132,2.813504
59,132,2.806678
60,132,2.811710
61,132,2.805129
62,132,2.809699
63,132,2.806865
64,132,2.811684
65,132,2.812774
66,132,2.813270
67,132,2.814069
68,132,2.814817
69,132,2.819011
70,132,2.819657
71,132,2.820253
72,132,2.816691
73,132,2.813324
74,132,2.817612
75,132,2.814144
76,132,2.817973
77,132,2.818260
78,132,2.814643
79,132,2.814830
80,132,2.822335
81,132,2.814708
82,132,2.810884
83,132,2.818570
84,132,2.821990
85,132,2.825724
86,132,2.821664
87,132,2.825290
88,132,2.821160
89,132,2.824320
90,132,2.823943
91,132,2.819664
92,132,2.822938
93,132,2.818549
94,132,2.817591
95,132,2.816952
96,132,2.823871
97,132,2.824209
98,132,2.824550
99,132,2.820927
100,132,2.820740
101,132,2.824724
102,132,2.820954
103,132,2.824841
104,132,2.824816
105,132,2.828595
106,132,2.824618
107,132,2.824446
108,132,2.823854
109,132,2.831246
110,132,2.821273
111,132,2.824730
112,132,2.816173
113,132,2.812927
114,132,2.813480
115,132,2.810126
116,132,2.806718
117,132,2.810962
118,132,2.815153
119,132,2.815437
120,132,2.811816
121,132,2.819329
122,132,2.811749
123,132,2.819528
124,132,2.807988
125,132,2.815659
126,132,2.811720
127,132,2.803874
128,132,2.807086
129,132,2.807956
130,132,2.804913
131,132,2.797965
132,132,2.794814
133,132,2.807032
134,132,2.788360
135,132,2.796977
136,132,2.801313
137,132,2.805595
138,132,2.804045
139,132,2.802441
140,132,2.802710
141,132,2.806779
142,132,2.806942
143,132,2.807052
144,132,2.814815
145,132,2.810966
146,132,2.810917
147,132,2.810802
148,132,2.811018
149,132,2.814669
150,132,2.814418
151,132,2.810265
152,132,2.821473
153,132,2.824841
154,132,2.824382
155,132,2.827726
156,132,2.815977
157,132,2.819221
158,132,2.814571
159,132,2.817704
160,132,2.811043
161,132,2.815147
162,132,2.815715
163,132,2.815867
164,132,2.808279
165,132,2.808323
166,132,2.808318
167,132,2.808627
168,132,2.816229
169,132,2.819929
170,132,2.811975
171,132,2.811713
172,132,2.804059
173,132,2.815257
174,132,2.814847
175,132,2.806682
176,132,2.806425
177,132,2.805855
178,132,2.797529
179,132,2.808416
180,132,2.808054
181,132,2.814987
182,132,2.810310
183,132,2.805581
184,132,2.812526
185,132,2.811534
186,132,2.814343
187,132,2.821311
188,132,2.804749
189,132,2.811249
190,132,2.810348
191,132,2.816470
192,132,2.803531
193,132,2.802093
194,132,2.804811
195,132,2.803259
196,132,2.813208
197,132,2.804193
198,132,2.802466
199,132,2.804531
200,132,2.818077
201,132,2.820008
202,132,2.810317
203,132,2.812483
204,132,2.806518
205,132,2.804702
206,132,2.798606
207,132,2.807855
208,132,2.798133
209,132,2.799041
210,132,2.804216
211,132,2.809682
212,132,2.807007
213,132,2.804621
214,132,2.790239
215,132,2.795044
216,132,2.800137
217,132,2.800932
218,132,2.794308
219,132,2.794287
220,132,2.787112
221,132,2.787927
222,132,2.792138
223,132,2.785072
224,132,2.785251
225,132,2.781855
226,132,2.785699
227,132,2.785592
228,132,2.785760
229,132,2.789306
230,132,2.772995
231,132,2.784016
232,132,2.779894
233,132,2.779136
234,132,2.782496
235,132,2.777654
236,132,2.768839
237,132,2.767990
238,132,2.770484
239,132,2.765529
240,132,2.760055
241,132,2.757548
242,132,2.759476
243,132,2.761650
244,132,2.759432
245,132,2.765160
246,132,2.747221
247,132,2.752634
248,132,2.753631
249,132,2.754857
250,132,2.759359
251,132,2.756377
252,132,2.741246
253,132,2.741739
254,132,2.740448
255,132,2.740088
0,133,2.764630
1,133,2.764916
2,133,2.767145
3,133,2.776921
4,133,2.775380
5,133,2.773294
6,133,2.775308
7,133,2.772936
8,133,2.763109
9,133,2.764317
10,133,2.765781
11,133,2.774437
12,133,2.767941
13,133,2.772498
14,133,2.766712
15,133,2.774865
16,133,2.787140
17,133,2.783513
18,133,2.787863
19,133,2.787877
20,133,2.799725
21,133,2.795684
22,133,2.795774
23,133,2.795391
24,133,2.791438
25,133,2.791590
26,133,2.795141
27,133,2.798602
28,133,2.805458
29,133,2.801042
30,133,2.800024
31,133,2.799296
32,133,2.805823
33,133,2.797229
34,133,2.803600
35,133,2.806965
36,133,2.813539
37,133,2.811966
38,133,2.802983
39,133,2.808973
40,133,2.803703
41,133,2.805701
42,133,2.804147
43,133,2.806378
44,133,2.800897
45,133,2.799131
46,133,2.804641
47,133,2.806602
48,133,2.808500
49,133,2.809971
50,133,2.811747
51,133,2.809610
52,133,2.814755
53,133,2.816665
54,133,2.810123
55,133,2.815447
56,133,2.813009
57,133,2.814002
58,133,2.815305
59,133,2.816553
60,133,2.809674
61,133,2.811035
62,133,2.808257
63,133,2.805059
64,133,2.813733
65,133,2.814649
66,133,2.815146
67,133,2.819810
68,133,2.816718
69,133,2.817563
70,133,2.813990
71,133,2.810735
72,133,2.807429
73,133,2.815262
74,133,2.811855
75,133,2.819957
76,133,2.820367
77,133,2.816430
78,133,2.816667
79,133,2.816855
80,133,2.816993
81,133,2.812856
82,133,2.816749
83,133,2.816730
84,133,2.816661
85,133,2.820020
86,133,2.819851
87,133,2.819633
88,133,2.819365
89,133,2.826306
90,133,2.825928
91,133,2.817795
92,133,2.821169
93,133,2.820641
94,133,2.819557
95,133,2.826622
96,133,2.822005
97,133,2.818492
98,133,2.822635
99,133,2.819022
100,133,2.818866
101,133,2.822851
102,133,2.822934
103,133,2.822967
104,133,2.824878
105,133,2.824794
106,133,2.822744
107,133,2.826424
108,133,2.825819
109,133,2.825518
110,133,2.825177
111,133,2.826709
112,133,2.818111
113,133,2.818721
114,133,2.815425
115,133,2.823642
116,133,2.820236
117,133,2.820630
118,133,2.817117
119,133,2.817404
120,133,2.813784
121,133,2.817437
122,133,2.817562
123,133,2.817635
124,133,2.809949
125,133,2.809916
126,133,2.805975
127,133,2.813540
128,133,2.812876
129,133,2.802192
130,133,2.803017
131,133,2.796070
132,133,2.789068
133,133,2.793569
134,133,2.794162
135,133,2.798950
136,133,2.803286
137,133,2.796011
138,133,2.800239
139,133,2.808268
140,133,2.800831
141,133,2.804903
142,133,2.805065
143,133,2.797467
144,133,2.812933
145,133,2.816788
146,133,2.812884
147,133,2.812772
148,133,2.813000
149,133,2.812797
150,133,2.812545
151,133,2.816030
152,133,2.819522
153,133,2.819112
154,133,2.822505
155,133,2.825847
156,133,2.829402
157,133,2.832634
158,133,2.835816
159,133,2.823535
160,133,2.816877
161,133,2.817128
162,133,2.813891
163,133,2.806328
164,133,2.810274
165,133,2.814171
166,133,2.818018
167,133,2.810618
168,133,2.814356
169,133,2.818046
170,133,2.817833
171,133,2.817945
172,133,2.817634
173,133,2.824900
174,133,2.820626
175,133,2.816674
176,133,2.812300
177,133,2.804023
178,133,2.803401
179,133,2.803100
180,133,2.802225
181,133,2.805293
182,133,2.808308
183,133,2.807790
184,133,2.806849
185,133,2.813561
186,133,2.816738
187,133,2.819264
188,133,2.821952
189,133,2.824586
190,133,2.823682
191,133,2.822353
192,133,2.801704
193,133,2.804487
194,133,2.802989
195,133,2.808820
196,133,2.815271
197,133,2.809734
198,133,2.815696
199,133,2.810410
200,133,2.816251
201,133,2.818176
202,133,2.816558
203,133,2.817940
204,133,2.816182
205,133,2.813986
206,133,2.811725
207,133,2.805916
208,133,2.799665
209,133,2.801051
210,133,2.802741
211,133,2.803985
212,133,2.801133
213,133,2.802216
214,133,2.799369
215,133,2.796823
216,133,2.797675
217,133,2.798824
218,133,2.799515
219,133,2.804355
220,133,2.797174
221,133,2.800772
222,133,2.801485
223,133,2.794023
224,133,2.782999
225,133,2.786910
226,133,2.783403
227,133,2.783269
228,133,2.779567
229,133,2.779231
230,133,2.782643
231,133,2.777739
232,133,2.773207
233,133,2.784365
234,133,2.779607
235,133,2.775123
236,133,2.777832
237,133,2.776959
238,133,2.775564
239,133,2.782142
240,133,2.761220
241,133,2.759824
242,133,2.760566
243,133,2.755005
244,133,2.752745
245,133,2.762296
246,133,2.755870
247,133,2.749692
248,133,2.750642
249,133,2.759538
250,133,2.756285
251,133,2.757118
252,133,2.753492
253,133,2.750092
254,133,2.754199
255,133,2.744477
0,134,2.765499
1,134,2.761988
2,134,2.771955
3,134,2.770612
4,134,2.768706
5,134,2.770503
6,134,2.768705
7,134,2.770212
8,134,2.768130
9,134,2.765511
10,134,2.763160
11,134,2.767986
12,134,2.769232
13,134,2.769958
14,134,2.771917
15,134,2.772386
16,134,2.788545
17,134,2.781085
18,134,2.785466
19,134,2.785498
20,134,2.793522
21,134,2.789498
22,134,2.789616
23,134,2.793103
24,134,2.793773
25,134,2.804760
26,134,2.796777
27,134,2.796028
28,134,2.795574
29,134,2.802358
30,134,2.797883
31,134,2.804502
32,134,2.803716
33,134,2.803058
34,134,2.802100
35,134,2.804917
36,134,2.799575
37,134,2.809949
38,134,2.808313
39,134,2.810838
40,134,2.805209
41,134,2.803741
42,134,2.802661
43,134,2.804520
44,134,2.806690
45,134,2.808418
46,134,2.802754
47,134,2.800879
48,134,2.810123
49,134,2.804271
50,134,2.813392
51,134,2.807758
52,134,2.809419
53,134,2.814498
54,134,2.816042
55,134,2.813675
56,134,2.810875
57,134,2.812249
58,134,2.805483
59,134,2.810844
60,134,2.808188
61,134,2.808952
62,134,2.813893
63,134,2.811075
64,134,2.815532
65,134,2.812608
66,134,2.817506
67,134,2.817942
68,134,2.810999
69,134,2.811710
70,134,2.820075
71,134,2.812599
72,134,2.813158
73,134,2.813761
74,134,2.809975
75,134,2.814225
76,134,2.814572
77,134,2.818340
78,134,2.814735
79,134,2.818820
80,134,2.815105
81,134,2.818662
82,134,2.822555
83,134,2.814839
84,134,2.818632
85,134,2.818107
86,134,2.817938
87,134,2.821572
88,134,2.821304
89,134,2.820985
90,134,2.820226
91,134,2.827423
92,134,2.819238
93,134,2.822561
94,134,2.818127
95,134,2.824806
96,134,2.823933
97,134,2.816567
98,134,2.818784
99,134,2.828658
100,134,2.824996
101,134,2.824769
102,134,2.819073
103,134,2.821033
104,134,2.821018
105,134,2.824806
106,134,2.818883
107,134,2.826415
108,134,2.827724
109,134,2.823581
110,134,2.823241
111,134,2.826701
112,134,2.816147
113,134,2.820613
114,134,2.817320
115,134,2.817824
116,134,2.822136
117,134,2.810973
118,134,2.811315
119,134,2.811604
120,134,2.815696
121,134,2.815481
122,134,2.815608
123,134,2.807977
124,134,2.807997
125,134,2.811816
126,134,2.811728
127,134,2.815440
128,134,2.803195
129,134,2.804073
130,134,2.812603
131,134,2.805658
132,134,2.802511
133,134,2.803173
134,134,2.792209
135,134,2.800852
136,134,2.801346
137,134,2.797924
138,134,2.779036
139,134,2.787064
140,134,2.806601
141,134,2.810668
142,134,2.803124
143,134,2.807084
144,134,2.807139
145,134,2.807138
146,134,2.810938
147,134,2.810828
148,134,2.803362
149,134,2.814718
150,134,2.814408
151,134,2.817949
152,134,2.813734
153,134,2.828734
154,134,2.824420
155,134,2.824192
156,134,2.831326
157,134,2.826851
158,134,2.822324
159,134,2.821600
160,134,2.807293
161,134,2.804074
162,134,2.804267
163,134,2.804410
164,134,2.808356
165,134,2.816109
166,134,2.808776
167,134,2.812564
168,134,2.808597
169,134,2.816139
170,134,2.812073
171,134,2.823696
172,134,2.823374
173,134,2.815296
174,134,2.807168
175,134,2.814786
176,134,2.802705
177,134,2.798158
178,134,2.797524
179,134,2.797222
180,134,2.800339
181,134,2.807257
182,134,2.810653
183,134,2.809578
184,134,2.808623
185,134,2.815704
186,134,2.814644
187,134,2.821236
188,134,2.820067
189,134,2.815375
190,134,2.817688
191,134,2.816344
192,134,2.799915
193,134,2.794606
194,134,2.800798
195,134,2.803462
196,134,2.809538
197,134,2.803651
198,134,2.809979
199,134,2.808158
200,134,2.810511
201,134,2.816272
202,134,2.814265
203,134,2.812577
204,134,2.822001
205,134,2.811645
206,134,2.805896
207,134,2.807400
208,134,2.793809
209,134,2.799028
210,134,2.796470
211,134,2.794227
212,134,2.791524
213,134,2.796839
214,134,2.797260
215,134,2.802020
216,134,2.799384
217,134,2.803986
218,134,2.801190
219,134,2.797921
220,134,2.802664
221,134,2.791519
222,134,2.791843
223,134,2.795590
224,134,2.780303
225,134,2.776876
226,134,2.776810
227,134,2.780896
228,134,2.784485
229,134,2.776811
230,134,2.780193
231,134,2.783867
232,134,2.778404
233,134,2.777983
234,134,2.773191
235,134,2.772538
236,134,2.775212
237,134,2.770463
238,134,2.772884
239,134,2.779437
240,134,2.754623
241,134,2.753200
242,134,2.757746
243,134,2.752156
244,134,2.753706
245,134,2.751667
246,134,2.752902
247,134,2.758248
248,134,2.755298
249,134,2.760305
250,134,2.757001
251,134,2.753943
252,134,2.754549
253,134,2.746822
254,134,2.743181
255,134,2.744947
0,135,2.766308
1,135,2.761520
2,135,2.765148
3,135,2.771555
4,135,2.773533
5,135,2.771507
6,135,2.773603
7,135,2.767433
8,135,2.769243
9,135,2.762797
10,135,2.768188
11,135,2.769187
12,135,2.758909
13,135,2.764499
14,135,2.768958
15,135,2.773707
16,135,2.789494
17,135,2.786311
18,135,2.778762
19,135,2.790774
20,135,2.794574
21,135,2.794821
22,135,2.790715
23,135,2.791533
24,135,2.794922
25,135,2.798616
26,135,2.797969
27,135,2.797630
28,135,2.792954
29,135,2.796293
30,135,2.795300
31,135,2.794620
32,135,2.806024
33,135,2.804773
34,135,2.799984
35,135,2.813991
36,135,2.805197
37,135,2.807496
38,135,2.806260
39,135,2.812268
40,135,2.807037
41,135,2.809914
42,135,2.811848
43,135,2.802545
44,135,2.800493
45,135,2.802616
46,135,2.796581
47,135,2.802430
48,135,2.815921
49,135,2.810064
50,135,2.811862
51,135,2.817063
52,135,2.818740
53,135,2.820358
54,135,2.809971
55,135,2.807621
56,135,2.813200
57,135,2.814189
58,135,2.807804
59,135,2.812534
60,135,2.806039
61,135,2.807195
62,135,2.807907
63,135,2.809159
64,135,2.813996
65,135,2.814538
66,135,2.815417
67,135,2.820097
68,135,2.816628
69,135,2.817352
70,135,2.814299
71,135,2.814518
72,135,2.822784
73,135,2.815587
74,135,2.816046
75,135,2.816062
76,135,2.816486
77,135,2.816784
78,135,2.816638
79,135,2.812984
80,135,2.816986
81,135,2.817085
82,135,2.805183
83,135,2.820584
84,135,2.816671
85,135,2.820414
86,135,2.819855
87,135,2.827303
88,135,2.823181
89,135,2.822862
90,135,2.825942
91,135,2.821669
92,135,2.821198
93,135,2.824419
94,135,2.816131
95,135,2.822795
96,135,2.821871
97,135,2.820296
98,135,2.818726
99,135,2.822821
100,135,2.821086
101,135,2.822751
102,135,2.826710
103,135,2.826744
104,135,2.826728
105,135,2.826663
106,135,2.826549
107,135,2.830198
108,135,2.821862
109,135,2.827362
110,135,2.821244
111,135,2.824696
112,135,2.817962
113,135,2.822432
114,135,2.815300
115,135,2.819660
116,135,2.812408
117,135,2.812814
118,135,2.809305
119,135,2.828865
120,135,2.821395
121,135,2.817316
122,135,2.809741
123,135,2.809816
124,135,2.817542
125,135,2.813655
126,135,2.813567
127,135,2.813425
128,135,2.808861
129,135,2.809743
130,135,2.802863
131,135,2.803626
132,135,2.808200
133,135,2.804998
134,135,2.782489
135,135,2.787292
136,135,2.799336
137,135,2.803628
138,135,2.784740
139,135,2.785069
140,135,2.789189
141,135,2.785550
142,135,2.801124
143,135,2.805083
144,135,2.812840
145,135,2.808986
146,135,2.808930
147,135,2.804971
148,135,2.812928
149,135,2.804972
150,135,2.808561
151,135,2.812101
152,135,2.838707
153,135,2.830589
154,135,2.822322
155,135,2.833762
156,135,2.821630
157,135,2.824858
158,135,2.820189
159,135,2.819452
160,135,2.813005
161,135,2.805947
162,135,2.806140
163,135,2.806306
164,135,2.806390
165,135,2.802571
166,135,2.810662
167,135,2.810597
168,135,2.829747
169,135,2.829544
170,135,2.814307
171,135,2.821739
172,135,2.817563
173,135,2.821042
174,135,2.817072
175,135,2.812735
176,135,2.804495
177,135,2.803910
178,135,2.799817
179,135,2.802983
180,135,2.802091
181,135,2.801686
182,135,2.804686
183,135,2.807635
184,135,2.833647
185,135,2.829179
186,135,2.812485
187,135,2.815210
188,135,2.818275
189,135,2.813185
190,135,2.815746
191,135,2.814793
192,135,2.797978
193,135,2.803924
194,135,2.802789
195,135,2.801201
196,135,2.807261
197,135,2.809803
198,135,2.811890
199,135,2.814311
200,135,2.835156
201,135,2.829341
202,135,2.820005
203,135,2.821769
204,135,2.811909
205,135,2.810085
206,135,2.807798
207,135,2.809213
208,135,2.791365
209,135,2.792710
210,135,2.790529
211,135,2.795583
212,135,2.797110
213,135,2.798164
214,135,2.795687
215,135,2.795988
216,135,2.816057
217,135,2.813330
218,135,2.798561
219,135,2.801449
220,135,2.792291
221,135,2.793082
222,135,2.789528
223,135,2.793994
224,135,2.781793
225,135,2.781795
226,135,2.782109
227,135,2.781915
228,135,2.778178
229,135,2.777781
230,135,2.777690
231,135,2.780932
232,135,2.807594
233,135,2.790397
234,135,2.782134
235,135,2.769482
236,135,2.768685
237,135,2.775050
238,135,2.777854
239,135,2.772400
240,135,2.755676
241,135,2.761505
242,135,2.752207
243,135,2.756954
244,135,2.754608
245,135,2.748684
246,135,2.753726
247,135,2.755185
248,135,2.775303
249,135,2.772568
250,135,2.757655
251,135,2.750705
252,135,2.743564
253,135,2.747341
254,135,2.738180
255,135,2.737645
0,136,2.763202
1,136,2.773873
2,136,2.773692
3,136,2.772439
4,136,2.774448
5,136,2.768600
6,136,2.770738
7,136,2.764596
8,136,2.766446
9,136,2.763879
10,136,2.765456
11,136,2.762626
12,136,2.763523
13,136,2.769564
14,136,2.766339
15,136,2.771122
16,136,2.786930
17,136,2.795337
18,136,2.795514
19,136,2.788292
20,136,2.788258
21,136,2.792387
22,136,2.792151
23,136,2.793003
24,136,2.796408
25,136,2.796276
26,136,2.799497
27,136,2.799183
28,136,2.794521
29,136,2.797885
30,136,2.796905
31,136,2.800101
32,136,2.807276
33,136,2.810294
34,136,2.812830
35,136,2.811839
36,136,2.806516
37,136,2.801523
38,136,2.803758
39,136,2.802472
40,136,2.808909
41,136,2.807467
42,136,2.802104
43,136,2.811684
44,136,2.806186
45,136,2.804075
46,136,2.798447
47,136,2.804308
48,136,2.817805
49,136,2.815827
50,136,2.817242
51,136,2.818995
52,136,2.816436
53,136,2.810365
54,136,2.812249
55,136,2.813355
56,136,2.810951
57,136,2.808090
58,136,2.809426
59,136,2.806853
60,136,2.807677
61,136,2.805222
62,136,2.806327
63,136,2.810830
64,136,2.819533
65,136,2.820478
66,136,2.817116
67,136,2.817955
68,136,2.811188
69,136,2.815364
70,136,2.816038
71,136,2.816661
72,136,2.812976
73,136,2.817350
74,136,2.817908
75,136,2.814060
76,136,2.814419
77,136,2.814729
78,136,2.814988
79,136,2.814826
80,136,2.822681
81,136,2.822780
82,136,2.818568
83,136,2.826273
84,136,2.822370
85,136,2.822244
86,136,2.829377
87,136,2.825315
88,136,2.825054
89,136,2.824744
90,136,2.824305
91,136,2.827321
92,136,2.822996
93,136,2.822472
94,136,2.821777
95,136,2.824994
96,136,2.819822
97,136,2.820175
98,136,2.824330
99,136,2.826554
100,136,2.828673
101,136,2.824547
102,136,2.822714
103,136,2.822760
104,136,2.824671
105,136,2.832311
106,136,2.828344
107,136,2.824326
108,136,2.827496
109,136,2.823375
110,136,2.819178
111,136,2.818785
112,136,2.815861
113,136,2.820347
114,136,2.817060
115,136,2.821433
116,136,2.818036
117,136,2.814592
118,136,2.814938
119,136,2.819089
120,136,2.819326
121,136,2.815240
122,136,2.811516
123,136,2.815445
124,136,2.815466
125,136,2.815432
126,136,2.811492
127,136,2.815202
128,136,2.806760
129,136,2.815352
130,136,2.804619
131,136,2.809251
132,136,2.802255
133,136,2.806773
134,136,2.807370
135,136,2.785228
136,136,2.785714
137,136,2.786153
138,136,2.790383
139,136,2.798416
140,136,2.794831
141,136,2.802754
142,136,2.802912
143,136,2.799166
144,136,2.810775
145,136,2.803066
146,136,2.810713
147,136,2.814462
148,136,2.810836
149,136,2.814474
150,136,2.837327
151,136,2.837013
152,136,2.813532
153,136,2.843851
154,136,2.831818
155,136,2.824005
156,136,2.823430
157,136,2.826525
158,136,2.825837
159,136,2.821245
160,136,2.807513
161,136,2.811610
162,136,2.804131
163,136,2.808117
164,136,2.808202
165,136,2.808649
166,136,2.831742
167,136,2.831666
168,136,2.804572
169,136,2.827514
170,136,2.827700
171,136,2.811954
172,136,2.815472
173,136,2.818940
174,136,2.818915
175,136,2.810724
176,136,2.806335
177,136,2.802180
178,136,2.801532
179,136,2.800833
180,136,2.803934
181,136,2.803539
182,136,2.825624
183,136,2.828559
184,136,2.808731
185,136,2.826972
186,136,2.822042
187,136,2.813611
188,136,2.808329
189,136,2.810931
190,136,2.817735
191,136,2.816373
192,136,2.795690
193,136,2.790767
194,136,2.796939
195,136,2.806580
196,136,2.805324
197,136,2.811307
198,136,2.840347
199,136,2.836984
200,136,2.813889
201,136,2.839298
202,136,2.829148
203,136,2.811628
204,136,2.809862
205,136,2.811476
206,136,2.809577
207,136,2.811056
208,136,2.793200
209,136,2.790584
210,136,2.791837
211,136,2.793427
212,136,2.794533
213,136,2.799828
214,136,2.820047
215,136,2.817070
216,136,2.794543
217,136,2.810654
218,136,2.811686
219,136,2.792956
220,136,2.797672
221,136,2.794180
222,136,2.791016
223,136,2.795049
224,136,2.779380
225,136,2.779354
226,136,2.779651
227,136,2.779428
228,136,2.771820
229,136,2.779098
230,136,2.805957
231,136,2.793756
232,136,2.774164
233,136,2.791602
234,136,2.787169
235,136,2.774482
236,136,2.777514
237,136,2.776136
238,136,2.775062
239,136,2.773422
240,136,2.756671
241,136,2.754754
242,136,2.756985
243,136,2.749693
244,136,2.759303
245,136,2.757199
246,136,2.769901
247,136,2.775178
248,136,2.752866
249,136,2.765505
250,136,2.769804
251,136,2.743550
252,136,2.740221
253,136,2.747794
254,136,2.742430
255,136,2.737982
0,137,2.767740
1,137,2.763049
2,137,2.765445
3,137,2.765557
4,137,2.775304
5,137,2.769486
6,137,2.767814
7,137,2.769407
8,137,2.763592
9,137,2.761052
10,137,2.758815
11,137,2.767569
12,137,2.768490
13,137,2.765866
14,137,2.767519
15,137,2.772336
16,137,2.784313
17,137,2.788899
18,137,2.785243
19,137,2.785758
20,137,2.789595
21,137,2.797183
22,137,2.797389
23,137,2.790147
24,137,2.797843
25,137,2.793465
26,137,2.793268
27,137,2.792561
28,137,2.796038
29,137,2.795157
30,137,2.798461
31,137,2.798045
32,137,2.805020
33,137,2.803793
34,137,2.802903
35,137,2.801519
36,137,2.812034
37,137,2.810499
38,137,2.805454
39,137,2.804283
40,137,2.802932
41,137,2.805363
42,137,2.799607
43,137,2.801902
44,137,2.799864
45,137,2.802025
46,137,2.800267
47,137,2.798434
48,137,2.811947
49,137,2.809576
50,137,2.803702
51,137,2.812766
52,137,2.814477
53,137,2.812186
54,137,2.809913
55,137,2.807582
56,137,2.816340
57,137,2.810042
58,137,2.803275
59,137,2.808675
60,137,2.806051
61,137,2.806811
62,137,2.804078
63,137,2.810922
64,137,2.813447
65,137,2.818443
66,137,2.811632
67,137,2.812060
68,137,2.820556
69,137,2.821293
70,137,2.813859
71,137,2.818468
72,137,2.811336
73,137,2.815295
74,137,2.815767
75,137,2.812335
76,137,2.808435
77,137,2.816519
78,137,2.809073
79,137,2.812716
80,137,2.816729
81,137,2.816839
82,137,2.809199
83,137,2.812629
84,137,2.820285
85,137,2.824037
86,137,2.823887
87,137,2.823215
88,137,2.822954
89,137,2.818790
90,137,2.818428
91,137,2.817587
92,137,2.820877
93,137,2.816499
94,137,2.823629
95,137,2.823001
96,137,2.823489
97,137,2.821917
98,137,2.818367
99,137,2.818621
100,137,2.826564
101,137,2.826708
102,137,2.824446
103,137,2.828343
104,137,2.830263
105,137,2.830191
106,137,2.818517
107,137,2.829910
108,137,2.825842
109,137,2.825104
110,137,2.828613
111,137,2.824368
112,137,2.817563
113,137,2.822040
114,137,2.822620
115,137,2.815429
116,137,2.812043
117,137,2.812454
118,137,2.808950
119,137,2.816955
120,137,2.821047
121,137,2.813097
122,137,2.813229
123,137,2.813305
124,137,2.821032
125,137,2.817147
126,137,2.813205
127,137,2.813062
128,137,2.812298
129,137,2.813190
130,137,2.798620
131,137,2.807093
132,137,2.811670
133,137,2.808471
134,137,2.782112
135,137,2.783100
136,137,2.783587
137,137,2.784027
138,137,2.792109
139,137,2.792437
140,137,2.785003
141,137,2.785215
142,137,2.785376
143,137,2.789332
144,137,2.808646
145,137,2.812494
146,137,2.808580
147,137,2.816589
148,137,2.804865
149,137,2.812356
150,137,2.815943
151,137,2.815559
152,137,2.811331
153,137,2.841728
154,137,2.841682
155,137,2.821891
156,137,2.825045
157,137,2.824407
158,137,2.819864
159,137,2.815269
160,137,2.809312
161,137,2.805694
162,137,2.809731
163,137,2.806013
164,137,2.809961
165,137,2.810412
166,137,2.814239
167,137,2.810311
168,137,2.814038
169,137,2.829657
170,137,2.829422
171,137,2.817578
172,137,2.817242
173,137,2.813425
174,137,2.809043
175,137,2.812399
176,137,2.804145
177,137,2.803967
178,137,2.799464
179,137,2.802469
180,137,2.805978
181,137,2.805162
182,137,2.804295
183,137,2.803793
184,137,2.806672
185,137,2.828551
186,137,2.820172
187,137,2.811321
188,137,2.810122
189,137,2.813137
190,137,2.811827
191,137,2.817886
192,137,2.801458
193,137,2.796113
194,137,2.806122
195,137,2.804932
196,137,2.803265
197,137,2.808891
198,137,2.811363
199,137,2.809502
200,137,2.815703
201,137,2.836835
202,137,2.830932
203,137,2.813396
204,137,2.807351
205,137,2.809364
206,137,2.810891
207,137,2.812769
208,137,2.794894
209,137,2.792358
210,137,2.793496
211,137,2.794654
212,137,2.796161
213,137,2.804875
214,137,2.806230
215,137,2.799378
216,137,2.798224
217,137,2.819890
218,137,2.812777
219,137,2.794448
220,137,2.791017
221,137,2.795633
222,137,2.792024
223,137,2.792607
224,137,2.784961
225,137,2.780714
226,137,2.780561
227,137,2.780741
228,137,2.780386
229,137,2.780362
230,137,2.779795
231,137,2.771851
232,137,2.778768
233,137,2.792752
234,137,2.799413
235,137,2.771721
236,137,2.774729
237,137,2.773313
238,137,2.772214
239,137,2.774387
240,137,2.753755
241,137,2.759502
242,137,2.752790
243,137,2.758213
244,137,2.748527
245,137,2.754096
246,137,2.751339
247,137,2.752728
248,137,2.749630
249,137,2.766084
250,137,2.766478
251,137,2.747888
252,137,2.740664
253,137,2.738870
254,137,2.742759
255,137,2.734397
0,138,2.761121
1,138,2.767574
2,138,2.762299
3,138,2.761171
4,138,2.778688
5,138,2.778019
6,138,2.772537
7,138,2.774160
8,138,2.772238
9,138,2.765873
10,138,2.759374
11,138,2.764749
12,138,2.765695
13,138,2.763108
14,138,2.768644
15,138,2.769642
16,138,2.785493
17,138,2.789673
18,138,2.782624
19,138,2.786586
20,138,2.798586
21,138,2.790780
22,138,2.794868
23,138,2.787649
24,138,2.799226
25,138,2.791011
26,138,2.794695
27,138,2.794003
28,138,2.793222
29,138,2.792785
30,138,2.795685
31,138,2.795717
32,138,2.809993
33,138,2.805353
34,138,2.800205
35,138,2.803113
36,138,2.809370
37,138,2.808273
38,138,2.811482
39,138,2.805945
40,138,2.808467
41,138,2.798936
42,138,2.809024
43,138,2.803208
44,138,2.805454
45,138,2.799933
46,138,2.798182
47,138,2.799795
48,138,2.809475
49,138,2.811386
50,138,2.808958
51,138,2.814949
52,138,2.816240
53,138,2.817896
54,138,2.815215
55,138,2.812901
56,138,2.810528
57,138,2.803821
58,138,2.805454
59,138,2.806328
60,138,2.807571
61,138,2.804906
62,138,2.801762
63,138,2.806694
64,138,2.819475
65,138,2.812305
66,138,2.813213
67,138,2.813642
68,138,2.822151
69,138,2.819192
70,138,2.819453
71,138,2.820090
72,138,2.816823
73,138,2.813075
74,138,2.809797
75,138,2.821778
76,138,2.814444
77,138,2.814335
78,138,2.810753
79,138,2.814864
80,138,2.818445
81,138,2.822408
82,138,2.810910
83,138,2.814772
84,138,2.821988
85,138,2.821888
86,138,2.817884
87,138,2.817683
88,138,2.816993
89,138,2.820477
90,138,2.823967
91,138,2.819700
92,138,2.822646
93,138,2.822021
94,138,2.817590
95,138,2.820813
96,138,2.823163
97,138,2.823528
98,138,2.818120
99,138,2.820300
100,138,2.828210
101,138,2.820658
102,138,2.828041
103,138,2.824232
104,138,2.824226
105,138,2.824171
106,138,2.820185
107,138,2.831578
108,138,2.823656
109,138,2.822916
110,138,2.822573
111,138,2.824108
112,138,2.823039
113,138,2.815974
114,138,2.816547
115,138,2.817074
116,138,2.817544
117,138,2.810245
118,138,2.818308
119,138,2.822463
120,138,2.811145
121,138,2.810890
122,138,2.811024
123,138,2.818807
124,138,2.818829
125,138,2.814943
126,138,2.803296
127,138,2.810858
128,138,2.813921
129,138,2.810965
130,138,2.796394
131,138,2.801031
132,138,2.797891
133,138,2.800486
134,138,2.799170
135,138,2.792467
136,138,2.785248
137,138,2.777983
138,138,2.789925
139,138,2.790246
140,138,2.790518
141,138,2.786881
142,138,2.783185
143,138,2.787141
144,138,2.814159
145,138,2.810299
146,138,2.810236
147,138,2.806702
148,138,2.802683
149,138,2.814026
150,138,2.813701
151,138,2.817227
152,138,2.812998
153,138,2.820276
154,138,2.820140
155,138,2.819602
156,138,2.819012
157,138,2.814519
158,138,2.825240
159,138,2.816780
160,138,2.810995
161,138,2.803525
162,138,2.807563
163,138,2.811571
164,138,2.812085
165,138,2.812109
166,138,2.804378
167,138,2.808134
168,138,2.812288
169,138,2.812102
170,138,2.808013
171,138,2.811580
172,138,2.819310
173,138,2.811207
174,138,2.810759
175,138,2.814113
176,138,2.806291
177,138,2.797859
178,138,2.801049
179,138,2.804620
180,138,2.803854
181,138,2.803036
182,138,2.805838
183,138,2.805335
184,138,2.800496
185,138,2.803308
186,138,2.806497
187,138,2.808965
188,138,2.811603
189,138,2.810763
190,138,2.813290
191,138,2.808486
192,138,2.802900
193,138,2.801392
194,138,2.796403
195,138,2.806337
196,138,2.800800
197,138,2.811045
198,138,2.812725
199,138,2.811277
200,138,2.813189
201,138,2.815038
202,138,2.817254
203,138,2.815121
204,138,2.817207
205,138,2.810627
206,138,2.804860
207,138,2.806298
208,138,2.799959
209,138,2.793984
210,138,2.791355
211,138,2.792391
212,138,2.805011
213,138,2.798726
214,138,2.795781
215,138,2.797047
216,138,2.797796
217,138,2.802754
218,138,2.794969
219,138,2.795450
220,138,2.792433
221,138,2.788887
222,138,2.789546
223,138,2.785817
224,138,2.774733
225,138,2.773872
226,138,2.774134
227,138,2.777702
228,138,2.777763
229,138,2.781572
230,138,2.777120
231,138,2.773008
232,138,2.772186
233,138,2.774582
234,138,2.773502
235,138,2.772756
236,138,2.775282
237,138,2.778139
238,138,2.772700
239,138,2.779146
240,138,2.758486
241,138,2.760339
242,138,2.757440
243,138,2.758966
244,138,2.749248
245,138,2.758164
246,138,2.748125
247,138,2.749479
248,138,2.754036
249,138,2.751187
250,138,2.747675
251,138,2.742921
252,138,2.751026
253,138,2.746883
254,138,2.735314
255,138,2.738942
0,139,2.757840
1,139,2.760477
2,139,2.762944
3,139,2.761864
4,139,2.767855
5,139,2.773691
6,139,2.773348
7,139,2.782706
8,139,2.769267
9,139,2.762931
10,139,2.764164
11,139,2.769578
12,139,2.766696
13,139,2.764146
14,139,2.764868
15,139,2.766439
16,139,2.782766
17,139,2.779262
18,139,2.779951
19,139,2.787786
20,139,2.788258
21,139,2.795883
22,139,2.787994
23,139,2.800511
24,139,2.796259
25,139,2.796212
26,139,2.787920
27,139,2.791540
28,139,2.790774
29,139,2.794216
30,139,2.793276
31,139,2.797191
32,139,2.803774
33,139,2.799158
34,139,2.801728
35,139,2.804659
36,139,2.807074
37,139,2.809852
38,139,2.804943
39,139,2.819117
40,139,2.805812
41,139,2.808285
42,139,2.802545
43,139,2.801027
44,139,2.803302
45,139,2.801636
46,139,2.799467
47,139,2.801523
48,139,2.810785
49,139,2.808861
50,139,2.807241
51,139,2.808598
52,139,2.818036
53,139,2.811567
54,139,2.817032
55,139,2.822003
56,139,2.812233
57,139,2.805954
58,139,2.806888
59,139,2.808202
60,139,2.801318
61,139,2.806373
62,139,2.803891
63,139,2.808389
64,139,2.817123
65,139,2.809953
66,139,2.810875
67,139,2.815763
68,139,2.816130
69,139,2.820736
70,139,2.813731
71,139,2.821645
72,139,2.814651
73,139,2.819040
74,139,2.819083
75,139,2.815664
76,139,2.816047
77,139,2.812144
78,139,2.812416
79,139,2.812637
80,139,2.816661
81,139,2.812483
82,139,2.808709
83,139,2.812572
84,139,2.815936
85,139,2.819698
86,139,2.819522
87,139,2.830879
88,139,2.822469
89,139,2.818313
90,139,2.814106
91,139,2.817467
92,139,2.816546
93,139,2.816028
94,139,2.819311
95,139,2.822412
96,139,2.825228
97,139,2.817435
98,139,2.817750
99,139,2.812283
100,139,2.822120
101,139,2.826127
102,139,2.821924
103,139,2.837394
104,139,2.825830
105,139,2.819995
106,139,2.825668
107,139,2.829327
108,139,2.819479
109,139,2.824515
110,139,2.820321
111,139,2.819930
112,139,2.820745
113,139,2.821390
114,139,2.829683
115,139,2.807096
116,139,2.811414
117,139,2.807978
118,139,2.808338
119,139,2.808642
120,139,2.812741
121,139,2.816323
122,139,2.812606
123,139,2.812685
124,139,2.808855
125,139,2.816528
126,139,2.804881
127,139,2.800883
128,139,2.803918
129,139,2.808673
130,139,2.801808
131,139,2.802595
132,139,2.795617
133,139,2.796287
134,139,2.773782
135,139,2.778641
136,139,2.782992
137,139,2.779580
138,139,2.787669
139,139,2.787996
140,139,2.784409
141,139,2.784625
142,139,2.780930
143,139,2.784885
144,139,2.811901
145,139,2.811892
146,139,2.811826
147,139,2.804456
148,139,2.804289
149,139,2.811729
150,139,2.811452
151,139,2.814977
152,139,2.814600
153,139,2.817932
154,139,2.821751
155,139,2.817358
156,139,2.816767
157,139,2.815989
158,139,2.811431
159,139,2.811130
160,139,2.812613
161,139,2.809038
162,139,2.809213
163,139,2.801633
164,139,2.806012
165,139,2.806036
166,139,2.809853
167,139,2.805914
168,139,2.810080
169,139,2.813747
170,139,2.809604
171,139,2.817012
172,139,2.809406
173,139,2.809007
174,139,2.808462
175,139,2.808397
176,139,2.796278
177,139,2.799517
178,139,2.802706
179,139,2.802285
180,139,2.801506
181,139,2.800675
182,139,2.804088
183,139,2.803151
184,139,2.805809
185,139,2.801345
186,139,2.804089
187,139,2.802926
188,139,2.806003
189,139,2.804468
190,139,2.806980
191,139,2.806025
192,139,2.800717
193,139,2.803500
194,139,2.801609
195,139,2.796114
196,139,2.798709
197,139,2.812359
198,139,2.807126
199,139,2.812948
200,139,2.810604
201,139,2.809025
202,139,2.814643
203,139,2.812935
204,139,2.810717
205,139,2.805023
206,139,2.802191
207,139,2.803607
208,139,2.801546
209,139,2.791262
210,139,2.796763
211,139,2.797892
212,139,2.798824
213,139,2.792080
214,139,2.804971
215,139,2.801923
216,139,2.799244
217,139,2.796033
218,139,2.800227
219,139,2.792977
220,139,2.793798
221,139,2.790225
222,139,2.787015
223,139,2.783259
224,139,2.776011
225,139,2.775115
226,139,2.779212
227,139,2.778897
228,139,2.775086
229,139,2.774561
230,139,2.770538
231,139,2.773647
232,139,2.773255
233,139,2.775154
234,139,2.774505
235,139,2.769882
236,139,2.772370
237,139,2.775201
238,139,2.773575
239,139,2.772288
240,139,2.758829
241,139,2.756066
242,139,2.758178
243,139,2.755805
244,139,2.746054
245,139,2.747217
246,139,2.748702
247,139,2.746166
248,139,2.746819
249,139,2.751637
250,139,2.750416
251,139,2.743262
252,139,2.739765
253,139,2.735563
254,139,2.739359
255,139,2.735232
0,140,2.758348
1,140,2.761023
2,140,2.759672
3,140,2.766346
4,140,2.768519
5,140,2.771016
6,140,2.769024
7,140,2.786148
8,140,2.766237
9,140,2.767635
10,140,2.765042
11,140,2.766643
12,140,2.767639
13,140,2.761274
14,140,2.765873
15,140,2.766499
16,140,2.783837
17,140,2.780354
18,140,2.781077
19,140,2.785078
20,140,2.785121
21,140,2.781668
22,140,2.793062
23,140,2.804816
24,140,2.793674
25,140,2.797508
26,140,2.789232
27,140,2.796276
28,140,2.788275
29,140,2.787435
30,140,2.790817
31,140,2.794309
32,140,2.809064
33,140,2.807872
34,140,2.799348
35,140,2.797998
36,140,2.804728
37,140,2.803776
38,140,2.806487
39,140,2.820233
40,140,2.803534
41,140,2.809431
42,140,2.800297
43,140,2.802202
44,140,2.801085
45,140,2.798990
46,140,2.797277
47,140,2.798904
48,140,2.812473
49,140,2.810119
50,140,2.804668
51,140,2.814184
52,140,2.815485
53,140,2.809469
54,140,2.818355
55,140,2.827939
56,140,2.809727
57,140,2.811170
58,140,2.800997
59,140,2.805730
60,140,2.803150
61,140,2.811861
62,140,2.805306
63,140,2.806403
64,140,2.818554
65,140,2.811837
66,140,2.808648
67,140,2.813373
68,140,2.814191
69,140,2.814505
70,140,2.815219
71,140,2.827565
72,140,2.812300
73,140,2.812848
74,140,2.813345
75,140,2.817272
76,140,2.813803
77,140,2.814137
78,140,2.810111
79,140,2.810343
80,140,2.822113
81,140,2.817923
82,140,2.812214
83,140,2.814160
84,140,2.817971
85,140,2.813565
86,140,2.821129
87,140,2.832495
88,140,2.820229
89,140,2.819870
90,140,2.823367
91,140,2.819108
92,140,2.814798
93,140,2.817565
94,140,2.816993
95,140,2.816370
96,140,2.822934
97,140,2.820908
98,140,2.819298
99,140,2.811859
100,140,2.819817
101,140,2.823825
102,140,2.827783
103,140,2.842780
104,140,2.825441
105,140,2.823459
106,140,2.819500
107,140,2.823158
108,140,2.822941
109,140,2.824122
110,140,2.821855
111,140,2.819539
112,140,2.826090
113,140,2.838298
114,140,2.838889
115,140,2.820159
116,140,2.812930
117,140,2.809497
118,140,2.806007
119,140,2.817871
120,140,2.810414
121,140,2.813987
122,140,2.810271
123,140,2.810350
124,140,2.810373
125,140,2.814193
126,140,2.810252
127,140,2.806253
128,140,2.805408
129,140,2.806315
130,140,2.799450
131,140,2.792533
132,140,2.789411
133,140,2.797789
134,140,2.790698
135,140,2.791729
136,140,2.784522
137,140,2.784963
138,140,2.781495
139,140,2.785675
140,140,2.778239
141,140,2.786159
142,140,2.786316
143,140,2.786416
144,140,2.809577
145,140,2.809565
146,140,2.813350
147,140,2.805997
148,140,2.809682
149,140,2.805563
150,140,2.816843
151,140,2.812662
152,140,2.819906
153,140,2.812229
154,140,2.811739
155,140,2.822755
156,140,2.814331
157,140,2.813675
158,140,2.812968
159,140,2.808825
160,140,2.806511
161,140,2.806738
162,140,2.806914
163,140,2.803671
164,140,2.807589
165,140,2.799898
166,140,2.807568
167,140,2.803605
168,140,2.815480
169,140,2.815282
170,140,2.811182
171,140,2.803638
172,140,2.810919
173,140,2.798951
174,140,2.810048
175,140,2.809995
176,140,2.809313
177,140,2.808687
178,140,2.804615
179,140,2.800033
180,140,2.803105
181,140,2.798702
182,140,2.797805
183,140,2.800707
184,140,2.807864
185,140,2.798883
186,140,2.801612
187,140,2.808595
188,140,2.811215
189,140,2.806073
190,140,2.808760
191,140,2.803494
192,140,2.798625
193,140,2.797097
194,140,2.799362
195,140,2.801687
196,140,2.799969
197,140,2.802498
198,140,2.808364
199,140,2.806461
200,140,2.808805
201,140,2.810215
202,140,2.808565
203,140,2.806393
204,140,2.804611
205,140,2.806159
206,140,2.807154
207,140,2.805154
208,140,2.794920
209,140,2.788926
210,140,2.793958
211,140,2.795523
212,140,2.792127
213,140,2.793526
214,140,2.798238
215,140,2.799480
216,140,2.796326
217,140,2.801259
218,140,2.794085
219,140,2.794305
220,140,2.790793
221,140,2.791511
222,140,2.791671
223,140,2.784501
224,140,2.780620
225,140,2.776304
226,140,2.776059
227,140,2.780037
228,140,2.771880
229,140,2.779502
230,140,2.779311
231,140,2.782386
232,140,2.781009
233,140,2.772270
234,140,2.771597
235,140,2.774173
236,140,2.773253
237,140,2.776057
238,140,2.766686
239,140,2.773076
240,140,2.754545
241,140,2.756773
242,140,2.751147
243,140,2.748730
244,140,2.750503
245,140,2.747765
246,140,2.749214
247,140,2.750494
248,140,2.749652
249,140,2.750541
250,140,2.755096
251,140,2.739684
252,140,2.743848
253,140,2.743438
254,140,2.739480
255,140,2.731452
0,141,2.766497
1,141,2.761503
2,141,2.760690
3,141,2.766913
4,141,2.765267
5,141,2.763958
6,141,2.773557
7,141,2.771447
8,141,2.758123
9,141,2.760720
10,141,2.762009
11,141,2.763649
12,141,2.764672
13,141,2.761714
14,141,2.762968
15,141,2.767470
16,141,2.783892
17,141,2.785242
18,141,2.785522
19,141,2.790021
20,141,2.786231
21,141,2.786662
22,141,2.794222
23,141,2.790123
24,141,2.786398
25,141,2.786722
26,141,2.786638
27,141,2.785992
28,141,2.793429
29,141,2.784899
30,141,2.792160
31,141,2.791817
32,141,2.806131
33,141,2.805418
34,141,2.808011
35,141,2.803285
36,141,2.805721
37,141,2.809102
38,141,2.807519
39,141,2.806326
40,141,2.804598
41,141,2.803261
42,141,2.805244
43,141,2.800380
44,141,2.806065
45,141,2.800586
46,141,2.798431
47,141,2.804379
48,141,2.821358
49,141,2.812152
50,141,2.813581
51,141,2.807704
52,141,2.817176
53,141,2.810717
54,141,2.812685
55,141,2.817653
56,141,2.803758
57,141,2.800903
58,141,2.806158
59,141,2.807041
60,141,2.804727
61,141,2.805948
62,141,2.806652
63,141,2.807763
64,141,2.819915
65,141,2.817259
66,141,2.814344
67,141,2.814765
68,141,2.811744
69,141,2.816525
70,141,2.820629
71,141,2.813587
72,141,2.806494
73,141,2.806588
74,141,2.811045
75,141,2.811024
76,141,2.811420
77,141,2.811765
78,141,2.808259
79,141,2.815728
80,141,2.819763
81,141,2.816042
82,141,2.819514
83,141,2.815681
84,141,2.819503
85,141,2.815094
86,141,2.811077
87,141,2.822442
88,141,2.810639
89,141,2.817572
90,141,2.809445
91,141,2.816742
92,141,2.816283
93,141,2.815290
94,141,2.814608
95,141,2.813982
96,141,2.828199
97,141,2.824725
98,141,2.820780
99,141,2.821047
100,141,2.823189
101,141,2.823382
102,141,2.825414
103,141,2.828839
104,141,2.821138
105,141,2.824929
106,141,2.817117
107,141,2.826591
108,141,2.820556
109,141,2.820299
110,141,2.819476
111,141,2.821006
112,141,2.827514
113,141,2.816610
114,141,2.821058
115,141,2.817744
116,141,2.818233
117,141,2.807096
118,141,2.811314
119,141,2.807769
120,141,2.808020
121,141,2.815434
122,141,2.811719
123,141,2.804094
124,141,2.811824
125,141,2.815645
126,141,2.811702
127,141,2.792292
128,141,2.799124
129,141,2.800036
130,141,2.797039
131,141,2.790124
132,141,2.798562
133,141,2.791530
134,141,2.784440
135,141,2.789338
136,141,2.793690
137,141,2.794132
138,141,2.794517
139,141,2.783286
140,141,2.779708
141,141,2.787625
142,141,2.780075
143,141,2.780174
144,141,2.814891
145,141,2.811024
146,141,2.807584
147,141,2.803617
148,141,2.811116
149,141,2.810888
150,141,2.814461
151,141,2.810207
152,141,2.813669
153,141,2.817563
154,141,2.813217
155,141,2.812558
156,141,2.811952
157,141,2.819000
158,141,2.810918
159,141,2.810146
160,141,2.807996
161,141,2.808224
162,141,2.808430
163,141,2.805171
164,141,2.805237
165,141,2.805251
166,141,2.809055
167,141,2.809434
168,141,2.809287
169,141,2.809089
170,141,2.808785
171,141,2.816655
172,141,2.808589
173,141,2.808177
174,141,2.808088
175,141,2.807564
176,141,2.803136
177,141,2.802979
178,141,2.802158
179,141,2.797563
180,141,2.804474
181,141,2.796391
182,141,2.799157
183,141,2.806367
184,141,2.805349
185,141,2.800424
186,141,2.799766
187,141,2.806046
188,141,2.804798
189,141,2.803962
190,141,2.806454
191,141,2.804745
192,141,2.796020
193,141,2.794475
194,141,2.801044
195,141,2.799381
196,141,2.801157
197,141,2.803682
198,141,2.805676
199,141,2.811929
200,141,2.806092
201,141,2.808366
202,141,2.801970
203,141,2.804100
204,141,2.809547
205,141,2.803368
206,141,2.805296
207,141,2.802329
208,141,2.796397
209,141,2.789921
210,141,2.791550
211,141,2.796486
212,141,2.794112
213,141,2.790595
214,141,2.799610
215,141,2.792659
216,141,2.793808
217,141,2.794398
218,141,2.791528
219,141,2.787397
220,141,2.792041
221,141,2.792264
222,141,2.785170
223,141,2.785208
224,141,2.774073
225,141,2.777439
226,141,2.769458
227,141,2.773417
228,141,2.769080
229,141,2.776682
230,141,2.775981
231,141,2.774711
232,141,2.777612
233,141,2.769329
234,141,2.776337
235,141,2.771169
236,141,2.774076
237,141,2.768649
238,141,2.763589
239,141,2.772647
240,141,2.751368
241,141,2.749712
242,141,2.751253
243,141,2.753149
244,141,2.751036
245,141,2.748249
246,141,2.753514
247,141,2.745634
248,141,2.753851
249,141,2.746993
250,141,2.743801
251,141,2.743742
252,141,2.736303
253,141,2.740216
254,141,2.735678
255,141,2.727599
0,142,2.757722
1,142,2.762435
2,142,2.757303
3,142,2.763563
4,142,2.761952
5,142,2.772248
6,142,2.774174
7,142,2.775949
8,142,2.766522
9,142,2.756447
10,142,2.761644
11,142,2.764448
12,142,2.765498
13,142,2.762566
14,142,2.763857
15,142,2.764531
16,142,2.780496
17,142,2.781426
18,142,2.782670
19,142,2.783350
20,142,2.791138
21,142,2.787261
22,142,2.795327
23,142,2.791246
24,142,2.787551
25,142,2.787898
26,142,2.791213
27,142,2.791066
28,142,2.786492
29,142,2.790015
30,142,2.789117
31,142,2.792466
32,142,2.799747
33,142,2.806765
34,142,2.801665
35,142,2.808043
36,142,2.803263
37,142,2.809487
38,142,2.808952
39,142,2.807306
40,142,2.794504
41,142,2.796567
42,142,2.806739
43,142,2.797573
44,142,2.803740
45,142,2.801659
46,142,2.799986
47,142,2.801626
48,142,2.815234
49,142,2.805576
50,142,2.811337
51,142,2.808857
52,142,2.810643
53,142,2.811893
54,142,2.813882
55,142,2.815474
56,142,2.804976
57,142,2.802598
58,142,2.807394
59,142,2.809020
60,142,2.802132
61,142,2.807222
62,142,2.804550
63,142,2.801566
64,142,2.818037
65,142,2.814714
66,142,2.815666
67,142,2.808859
68,142,2.813242
69,142,2.810171
70,142,2.810422
71,142,2.814951
72,142,2.807989
73,142,2.811924
74,142,2.808582
75,142,2.812894
76,142,2.808967
77,142,2.817094
78,142,2.809684
79,142,2.809445
80,142,2.817343
81,142,2.813655
82,142,2.817103
83,142,2.813281
84,142,2.813260
85,142,2.817021
86,142,2.816400
87,142,2.820069
88,142,2.808223
89,142,2.811288
90,142,2.810941
91,142,2.822100
92,142,2.813847
93,142,2.812839
94,142,2.816126
95,142,2.807803
96,142,2.825770
97,142,2.818445
98,142,2.816354
99,142,2.820534
100,142,2.818825
101,142,2.818991
102,142,2.819107
103,142,2.822536
104,142,2.814835
105,142,2.818641
106,142,2.818519
107,142,2.818361
108,142,2.818152
109,142,2.815931
110,142,2.813168
111,142,2.820479
112,142,2.825017
113,142,2.825687
114,142,2.814728
115,142,2.815269
116,142,2.808047
117,142,2.804620
118,142,2.804989
119,142,2.809158
120,142,2.805558
121,142,2.809607
122,142,2.813099
123,142,2.809329
124,142,2.805501
125,142,2.813175
126,142,2.793821
127,142,2.797527
128,142,2.808180
129,142,2.793686
130,142,2.794543
131,142,2.797264
132,142,2.796085
133,142,2.789055
134,142,2.794027
135,142,2.790732
136,142,2.795085
137,142,2.795535
138,142,2.780507
139,142,2.776981
140,142,2.781103
141,142,2.785168
142,142,2.777617
143,142,2.781569
144,142,2.808579
145,142,2.812415
146,142,2.805133
147,142,2.808846
148,142,2.812521
149,142,2.804586
150,142,2.813876
151,142,2.807756
152,142,2.815069
153,142,2.815027
154,142,2.810670
155,142,2.810113
156,142,2.809505
157,142,2.812559
158,142,2.812332
159,142,2.807704
160,142,2.809463
161,142,2.821240
162,142,2.805996
163,142,2.806604
164,142,2.798971
165,142,2.802829
166,142,2.802782
167,142,2.810881
168,142,2.802992
169,142,2.806636
170,142,2.803010
171,142,2.806484
172,142,2.806113
173,142,2.809542
174,142,2.801848
175,142,2.805063
176,142,2.804475
177,142,2.804319
178,142,2.803627
179,142,2.798875
180,142,2.802403
181,142,2.801542
182,142,2.804481
183,142,2.803996
184,142,2.802763
185,142,2.805529
186,142,2.801016
187,142,2.807525
188,142,2.810349
189,142,2.805176
190,142,2.803799
191,142,2.802846
192,142,2.801354
193,142,2.796114
194,142,2.802199
195,142,2.796665
196,142,2.799257
197,142,2.808645
198,142,2.799544
199,142,2.809163
200,142,2.799935
201,142,2.801721
202,142,2.803006
203,142,2.805129
204,142,2.802850
205,142,2.800985
206,142,2.806274
207,142,2.803765
208,142,2.793487
209,142,2.795179
210,142,2.792460
211,142,2.794004
212,142,2.787281
213,142,2.795779
214,142,2.796589
215,142,2.793954
216,142,2.790748
217,142,2.791801
218,142,2.791594
219,142,2.792459
220,142,2.785038
221,142,2.789578
222,142,2.786321
223,142,2.790182
224,142,2.778230
225,142,2.778022
226,142,2.774359
227,142,2.773947
228,142,2.773930
229,142,2.769451
230,142,2.780776
231,142,2.779476
232,142,2.770783
233,142,2.774034
234,142,2.774731
235,142,2.768106
236,142,2.774839
237,142,2.773225
238,142,2.767000
239,142,2.768935
240,142,2.755834
241,142,2.746441
242,142,2.751789
243,142,2.749799
244,142,2.747651
245,142,2.747310
246,142,2.748651
247,142,2.753672
248,142,2.742571
249,142,2.743378
250,142,2.740142
251,142,2.743878
252,142,2.740245
253,142,2.744111
254,142,2.733938
255,142,2.725763
0,143,2.754168
1,143,2.756994
2,143,2.764025
3,143,2.766502
4,143,2.768813
5,143,2.772769
6,143,2.770875
7,143,2.772682
8,143,2.774858
9,143,2.764813
10,143,2.766187
11,143,2.764084
12,143,2.761334
13,143,2.763358
14,143,2.760835
15,143,2.765386
16,143,2.781375
17,143,2.782340
18,143,2.778833
19,143,2.782920
20,143,2.784430
21,143,2.792132
22,143,2.788671
23,143,2.792315
24,143,2.792006
25,143,2.784391
26,143,2.784647
27,143,2.784527
28,143,2.787674
29,143,2.786879
30,143,2.786489
31,143,2.789373
32,143,2.808723
33,143,2.799864
34,143,2.799119
35,143,2.801657
36,143,2.808459
37,143,2.803136
38,143,2.805993
39,143,2.804846
40,143,2.803136
41,143,2.801843
42,143,2.796138
43,143,2.799031
44,143,2.800879
45,143,2.799293
46,143,2.793300
47,143,2.795434
48,143,2.812833
49,143,2.810971
50,143,2.808559
51,143,2.806571
52,143,2.815593
53,143,2.813824
54,143,2.807300
55,143,2.808910
56,143,2.814313
57,143,2.811465
58,143,2.809326
59,143,2.806351
60,143,2.803806
61,143,2.800717
62,143,2.798060
63,143,2.810981
64,143,2.826978
65,143,2.816440
66,143,2.813064
67,143,2.810299
68,143,2.814509
69,143,2.819157
70,143,2.816046
71,143,2.812523
72,143,2.813150
73,143,2.813724
74,143,2.809901
75,143,2.814312
76,143,2.807016
77,143,2.806879
78,143,2.807185
79,143,2.811338
80,143,2.818740
81,143,2.818883
82,143,2.818975
83,143,2.814665
84,143,2.814644
85,143,2.818425
86,143,2.810095
87,143,2.821438
88,143,2.821203
89,143,2.817063
90,143,2.816145
91,143,2.815744
92,143,2.815292
93,143,2.810935
94,143,2.809750
95,143,2.812983
96,143,2.827043
97,143,2.819801
98,143,2.819624
99,143,2.819903
100,143,2.820171
101,143,2.824191
102,143,2.818528
103,143,2.824372
104,143,2.820021
105,143,2.814195
106,143,2.816024
107,143,2.819693
108,143,2.811778
109,143,2.815347
110,143,2.814497
111,143,2.814103
112,143,2.826302
113,143,2.823125
114,143,2.816023
115,143,2.812715
116,143,2.809359
117,143,2.805934
118,143,2.802453
119,143,2.806624
120,143,2.806879
121,143,2.807077
122,143,2.802854
123,143,2.795231
124,143,2.802962
125,143,2.795224
126,143,2.795134
127,143,2.798839
128,143,2.797904
129,143,2.798826
130,143,2.803536
131,143,2.796642
132,143,2.793526
133,143,2.794203
134,143,2.787644
135,143,2.792056
136,143,2.792557
137,143,2.793008
138,143,2.777981
139,143,2.782160
140,143,2.774728
141,143,2.774939
142,143,2.782798
143,143,2.775189
144,143,2.817608
145,143,2.806031
146,143,2.810319
147,143,2.806330
148,143,2.810004
149,143,2.809722
150,143,2.809431
151,143,2.809088
152,143,2.809120
153,143,2.812517
154,143,2.808158
155,143,2.811452
156,143,2.810713
157,143,2.806187
158,143,2.805971
159,143,2.805031
160,143,2.810811
161,143,2.811030
162,143,2.807879
163,143,2.804133
164,143,2.800336
165,143,2.808046
166,143,2.804634
167,143,2.804527
168,143,2.800516
169,143,2.807964
170,143,2.808194
171,143,2.804019
172,143,2.803646
173,143,2.803629
174,143,2.806996
175,143,2.802605
176,143,2.806365
177,143,2.813294
178,143,2.804883
179,143,2.800769
180,143,2.799959
181,143,2.798916
182,143,2.790778
183,143,2.805208
184,143,2.800319
185,143,2.803351
186,143,2.798342
187,143,2.797129
188,143,2.800209
189,143,2.802465
190,143,2.801566
191,143,2.800116
192,143,2.799101
193,143,2.797213
194,143,2.795574
195,143,2.796296
196,143,2.796463
197,143,2.795136
198,143,2.800575
199,143,2.802963
200,143,2.800941
201,143,2.798853
202,143,2.797196
203,143,2.802230
204,143,2.796573
205,143,2.801910
206,143,2.799968
207,143,2.797459
208,143,2.794850
209,143,2.792182
210,143,2.793791
211,143,2.790973
212,143,2.792430
213,143,2.788853
214,143,2.790139
215,143,2.790842
216,143,2.791965
217,143,2.788649
218,143,2.788912
219,143,2.789763
220,143,2.786167
221,143,2.790691
222,143,2.786910
223,143,2.783542
224,143,2.778763
225,143,2.775181
226,143,2.774839
227,143,2.774907
228,143,2.774869
229,143,2.774209
230,143,2.773016
231,143,2.772107
232,143,2.775453
233,143,2.774828
234,143,2.769707
235,143,2.768835
236,143,2.773926
237,143,2.768916
238,143,2.771477
239,143,2.765664
240,143,2.752532
241,143,2.754666
242,143,2.752262
243,143,2.748935
244,143,2.746720
245,143,2.747652
246,143,2.745103
247,143,2.746232
248,143,2.746634
249,143,2.747399
250,143,2.744120
251,143,2.738489
252,143,2.738621
253,143,2.734690
254,143,2.731904
255,143,2.725603
0,144,2.673490
1,144,2.676900
2,144,2.683440
3,144,2.685955
4,144,2.680596
5,144,2.683316
6,144,2.681487
7,144,2.684590
8,144,2.686811
9,144,2.688356
10,144,2.685906
11,144,2.691550
12,144,2.692680
13,144,2.689827
14,144,2.692255
15,144,2.692978
16,144,2.708991
17,144,2.709993
18,144,2.710361
19,144,2.710617
20,144,2.715131
21,144,2.708331
22,144,2.712096
23,144,2.716271
24,144,2.708274
25,144,2.716101
26,144,2.715616
27,144,2.708076
28,144,2.715600
29,144,2.718672
30,144,2.722163
31,144,2.725060
32,144,2.731725
33,144,2.727890
34,144,2.730521
35,144,2.737427
36,144,2.736045
37,144,2.731236
38,144,2.734108
39,144,2.732482
40,144,2.731284
41,144,2.733365
42,144,2.735875
43,144,2.730588
44,144,2.732944
45,144,2.730879
46,144,2.733099
47,144,2.730900
48,144,2.737251
49,144,2.738762
50,144,2.740708
51,144,2.742092
52,144,2.743914
53,144,2.737813
54,144,2.743353
55,144,2.736774
56,144,2.742194
57,144,2.739644
58,144,2.741083
59,144,2.738611
60,144,2.739434
61,144,2.736849
62,144,2.741647
63,144,2.738939
64,144,2.751085
65,144,2.740561
66,144,2.745583
67,144,2.742143
68,144,2.743005
69,144,2.747162
70,144,2.744209
71,144,2.744901
72,144,2.737329
73,144,2.741769
74,144,2.741898
75,144,2.746223
76,144,2.742791
77,144,2.750357
78,144,2.739174
79,144,2.747136
80,144,2.750683
81,144,2.746983
82,144,2.743247
83,144,2.742774
84,144,2.746617
85,144,2.738831
86,144,2.746413
87,144,2.745722
88,144,2.749349
89,144,2.745156
90,144,2.748150
91,144,2.747758
92,144,2.747219
93,144,2.750566
94,144,2.749483
95,144,2.744890
96,144,2.749345
97,144,2.749738
98,144,2.748216
99,144,2.751828
100,144,2.748204
101,144,2.748382
102,144,2.748528
103,144,2.748593
104,144,2.751937
105,144,2.751887
106,144,2.753715
107,144,2.751640
108,144,2.751394
109,144,2.754979
110,144,2.750785
111,144,2.751790
112,144,2.750460
113,144,2.751140
114,144,2.747896
115,144,2.736897
116,144,2.737388
117,144,2.737820
118,144,2.742054
119,144,2.742370
120,144,2.742632
121,144,2.746685
122,144,2.738596
123,144,2.738680
124,144,2.742559
125,144,2.734822
126,144,2.734731
127,144,2.738436
128,144,2.733615
129,144,2.730692
130,144,2.727711
131,144,2.724658
132,144,2.721558
133,144,2.718384
134,144,2.719546
135,144,2.712401
136,144,2.720617
137,144,2.717207
138,144,2.729156
139,144,2.725629
140,144,2.725897
141,144,2.733816
142,144,2.726263
143,144,2.730211
144,144,2.745658
145,144,2.746163
146,144,2.742229
147,144,2.742099
148,144,2.749582
149,144,2.745488
150,144,2.749049
151,144,2.752483
152,144,2.752602
153,144,2.752145
154,144,2.755381
155,144,2.754810
156,144,2.734923
157,144,2.738623
158,144,2.737743
159,144,2.733099
160,144,2.746591
161,144,2.746849
162,144,2.743675
163,144,2.743782
164,144,2.743843
165,144,2.736132
166,144,2.744298
167,144,2.740309
168,144,2.740140
169,144,2.748140
170,144,2.755574
171,144,2.747474
172,144,2.739384
173,144,2.739460
174,144,2.738868
175,144,2.738318
176,144,2.738227
177,144,2.741424
178,144,2.738642
179,144,2.734529
180,144,2.739484
181,144,2.738606
182,144,2.737992
183,144,2.740849
184,144,2.738380
185,144,2.750759
186,144,2.749360
187,144,2.750567
188,144,2.731945
189,144,2.734965
190,144,2.733281
191,144,2.735666
192,144,2.738501
193,144,2.740769
194,144,2.735443
195,144,2.739506
196,144,2.736309
197,144,2.738323
198,144,2.744126
199,144,2.742268
200,144,2.740225
201,144,2.750185
202,144,2.744159
203,144,2.749677
204,144,2.731944
205,144,2.741622
206,144,2.731456
207,144,2.731361
208,144,2.730154
209,144,2.731827
210,144,2.729060
211,144,2.726731
212,144,2.735369
213,144,2.736129
214,144,2.729181
215,144,2.734226
216,144,2.734820
217,144,2.735846
218,144,2.736089
219,144,2.740260
220,144,2.721742
221,144,2.716098
222,144,2.722440
223,144,2.721592
224,144,2.718091
225,144,2.714490
226,144,2.723749
227,144,2.718017
228,144,2.717431
229,144,2.716341
230,144,2.723747
231,144,2.717023
232,144,2.718419
233,144,2.719161
234,144,2.720315
235,144,2.718344
236,144,2.693636
237,144,2.705936
238,144,2.700762
239,144,2.704537
240,144,2.691374
241,144,2.693475
242,144,2.689744
243,144,2.695359
244,144,2.685402
245,144,2.693988
246,144,2.689473
247,144,2.682857
248,144,2.688983
249,144,2.680467
250,144,2.690589
251,144,2.686457
252,144,2.673057
253,144,2.671003
254,144,2.666803
255,144,2.663722
0,145,2.676018
1,145,2.680970
2,145,2.683697
3,145,2.682397
4,145,2.680927
5,145,2.679844
6,145,2.685756
7,145,2.683806
8,145,2.686104
9,145,2.685038
10,145,2.686471
11,145,2.684452
12,145,2.689463
13,145,2.690490
14,145,2.688071
15,145,2.684991
16,145,2.709751
17,145,2.706937
18,145,2.711181
19,145,2.707606
20,145,2.708301
21,145,2.708360
22,145,2.708312
23,145,2.713373
24,145,2.713101
25,145,2.708877
26,145,2.716638
27,145,2.716075
28,145,2.720005
29,145,2.715908
30,145,2.718907
31,145,2.718486
32,145,2.729018
33,145,2.727907
34,145,2.735563
35,145,2.730419
36,145,2.733419
37,145,2.735823
38,145,2.730961
39,145,2.733758
40,145,2.732583
41,145,2.734674
42,145,2.736692
43,145,2.731448
44,145,2.733796
45,145,2.739958
46,145,2.733980
47,145,2.732301
48,145,2.730457
49,145,2.740193
50,145,2.741646
51,145,2.747401
52,145,2.741023
53,145,2.743149
54,145,2.740488
55,145,2.742132
56,145,2.739351
57,145,2.737321
58,145,2.745968
59,145,2.739660
60,145,2.732780
61,145,2.738166
62,145,2.739381
63,145,2.740027
64,145,2.744983
65,145,2.753426
66,145,2.746704
67,145,2.747117
68,145,2.744139
69,145,2.745119
70,145,2.733801
71,145,2.746064
72,145,2.742345
73,145,2.746911
74,145,2.743595
75,145,2.743559
76,145,2.743991
77,145,2.744442
78,145,2.744239
79,145,2.748359
80,145,2.752464
81,145,2.752093
82,145,2.744490
83,145,2.744541
84,145,2.744007
85,145,2.743945
86,145,2.751537
87,145,2.750803
88,145,2.746723
89,145,2.742591
90,145,2.746041
91,145,2.745113
92,145,2.752374
93,145,2.751770
94,145,2.747356
95,145,2.750056
96,145,2.752400
97,145,2.750953
98,145,2.743591
99,145,2.749126
100,145,2.751334
101,145,2.749587
102,145,2.749714
103,145,2.749799
104,145,2.745423
105,145,2.753091
106,145,2.756832
107,145,2.752830
108,145,2.760288
109,145,2.756179
110,145,2.755845
111,145,2.754903
112,145,2.751602
113,145,2.752287
114,145,2.745195
115,145,2.741906
116,145,2.742400
117,145,2.735139
118,145,2.739375
119,145,2.743546
120,145,2.739958
121,145,2.740160
122,145,2.735911
123,145,2.739850
124,145,2.736024
125,145,2.743698
126,145,2.732049
127,145,2.735752
128,145,2.734753
129,145,2.731836
130,145,2.725002
131,145,2.721966
132,145,2.722707
133,145,2.723401
134,145,2.716874
135,145,2.725141
136,145,2.721799
137,145,2.729948
138,145,2.734192
139,145,2.726818
140,145,2.730938
141,145,2.735003
142,145,2.735153
143,145,2.731394
144,145,2.750692
145,145,2.751208
146,145,2.747273
147,145,2.743293
148,145,2.746923
149,145,2.750534
150,145,2.750176
151,145,2.745967
152,145,2.749952
153,145,2.757101
154,145,2.760433
155,145,2.759859
156,145,2.743691
157,145,2.739687
158,145,2.738946
159,145,2.737985
160,145,2.743993
161,145,2.744739
162,145,2.737192
163,145,2.745020
164,145,2.737360
165,145,2.741739
166,145,2.741665
167,145,2.741546
168,145,2.741376
169,145,2.753192
170,145,2.752909
171,145,2.752574
172,145,2.733367
173,145,2.740625
174,145,2.736271
175,145,2.736244
176,145,2.739365
177,145,2.738697
178,145,2.738500
179,145,2.739492
180,145,2.736727
181,145,2.744065
182,145,2.735414
183,145,2.739986
184,145,2.739444
185,145,2.751808
186,145,2.755006
187,145,2.749668
188,145,2.732957
189,145,2.734048
190,145,2.730707
191,145,2.741013
192,145,2.735617
193,145,2.738389
194,145,2.736727
195,145,2.734652
196,145,2.744935
197,145,2.743077
198,145,2.741677
199,145,2.739287
200,145,2.737747
201,145,2.751031
202,145,2.757064
203,145,2.750490
204,145,2.725553
205,145,2.734699
206,145,2.738519
207,145,2.734038
208,145,2.731402
209,145,2.728686
210,145,2.728347
211,145,2.731260
212,145,2.735949
213,145,2.732909
214,145,2.726464
215,145,2.735348
216,145,2.735916
217,145,2.740096
218,145,2.740473
219,145,2.737440
220,145,2.726079
221,145,2.722865
222,145,2.722096
223,145,2.722526
224,145,2.719007
225,145,2.722555
226,145,2.716907
227,145,2.718320
228,145,2.715406
229,145,2.717122
230,145,2.712402
231,145,2.719670
232,145,2.715263
233,145,2.716863
234,145,2.719892
235,145,2.718942
236,145,2.698045
237,145,2.700684
238,145,2.699333
239,145,2.697284
240,145,2.696347
241,145,2.692606
242,145,2.693927
243,145,2.686022
244,145,2.689514
245,145,2.686489
246,145,2.687715
247,145,2.679590
248,145,2.683695
249,145,2.692041
250,145,2.692486
251,145,2.688292
252,145,2.669064
253,145,2.668886
254,145,2.662708
255,145,2.661595
0,146,2.680526
1,146,2.679658
2,146,2.678608
3,146,2.681234
4,146,2.681757
5,146,2.680159
6,146,2.686105
7,146,2.684190
8,146,2.678828
9,146,2.680464
10,146,2.678103
11,146,2.683862
12,146,2.690036
13,146,2.683385
14,146,2.680457
15,146,2.689510
16,146,2.709449
17,146,2.710004
18,146,2.711940
19,146,2.716093
20,146,2.712429
21,146,2.713050
22,146,2.709171
23,146,2.716745
24,146,2.717870
25,146,2.713664
26,146,2.713214
27,146,2.713204
28,146,2.716418
29,146,2.716941
30,146,2.716103
31,146,2.719029
32,146,2.733960
33,146,2.732863
34,146,2.736697
35,146,2.731567
36,146,2.734062
37,146,2.737007
38,146,2.735494
39,146,2.731129
40,146,2.737155
41,146,2.739783
42,146,2.737958
43,146,2.736062
44,146,2.731244
45,146,2.733047
46,146,2.731457
47,146,2.733125
48,146,2.743377
49,146,2.737195
50,146,2.739180
51,146,2.748281
52,146,2.746287
53,146,2.747909
54,146,2.745779
55,146,2.746914
56,146,2.744664
57,146,2.742128
58,146,2.739747
59,146,2.744487
60,146,2.738137
61,146,2.743014
62,146,2.732687
63,146,2.733333
64,146,2.746011
65,146,2.751134
66,146,2.747750
67,146,2.744840
68,146,2.745371
69,146,2.746196
70,146,2.750820
71,146,2.747154
72,146,2.747945
73,146,2.748014
74,146,2.744710
75,146,2.745207
76,146,2.737494
77,146,2.745582
78,146,2.741523
79,146,2.745704
80,146,2.753626
81,146,2.749399
82,146,2.749529
83,146,2.745727
84,146,2.741332
85,146,2.760544
86,146,2.752708
87,146,2.752542
88,146,2.744074
89,146,2.747597
90,146,2.743412
91,146,2.750185
92,146,2.745801
93,146,2.749155
94,146,2.744749
95,146,2.747315
96,146,2.745835
97,146,2.750094
98,146,2.744735
99,146,2.750256
100,146,2.744718
101,146,2.754571
102,146,2.750846
103,146,2.754776
104,146,2.750946
105,146,2.754210
106,146,2.754097
107,146,2.757800
108,146,2.753746
109,146,2.753458
110,146,2.751193
111,146,2.757951
112,146,2.752670
113,146,2.757213
114,146,2.750125
115,146,2.746841
116,146,2.739643
117,146,2.736237
118,146,2.736617
119,146,2.736944
120,146,2.744917
121,146,2.748973
122,146,2.741415
123,146,2.740946
124,146,2.740974
125,146,2.740943
126,146,2.736999
127,146,2.732996
128,146,2.731964
129,146,2.732905
130,146,2.726071
131,146,2.723038
132,146,2.723796
133,146,2.725053
134,146,2.721834
135,146,2.722396
136,146,2.722908
137,146,2.727213
138,146,2.727597
139,146,2.735634
140,146,2.728200
141,146,2.736117
142,146,2.728560
143,146,2.732505
144,146,2.747948
145,146,2.752329
146,146,2.744536
147,146,2.744383
148,146,2.744191
149,146,2.755507
150,146,2.747441
151,146,2.747638
152,146,2.743288
153,146,2.762081
154,146,2.750000
155,146,2.753156
156,146,2.748664
157,146,2.744672
158,146,2.736067
159,146,2.735258
160,146,2.752833
161,146,2.745924
162,146,2.736441
163,146,2.738465
164,146,2.748146
165,146,2.744823
166,146,2.738977
167,146,2.744607
168,146,2.743043
169,146,2.742811
170,146,2.746316
171,146,2.745970
172,146,2.748040
173,146,2.753369
174,146,2.733495
175,146,2.741176
176,146,2.740558
177,146,2.737820
178,146,2.735698
179,146,2.742617
180,146,2.742138
181,146,2.737380
182,146,2.742199
183,146,2.739795
184,146,2.742358
185,146,2.745610
186,146,2.736713
187,146,2.745097
188,146,2.742134
189,146,2.748466
190,146,2.737938
191,146,2.736144
192,146,2.728804
193,146,2.735425
194,146,2.733744
195,146,2.743741
196,146,2.738073
197,146,2.740583
198,146,2.738643
199,146,2.742544
200,146,2.736608
201,146,2.744628
202,146,2.738560
203,146,2.747907
204,146,2.745542
205,146,2.739792
206,146,2.741139
207,146,2.737173
208,146,2.728204
209,146,2.729857
210,146,2.732821
211,146,2.732395
212,146,2.730747
213,146,2.728223
214,146,2.733323
215,146,2.735874
216,146,2.731177
217,146,2.736719
218,146,2.733759
219,146,2.730165
220,146,2.734732
221,146,2.735354
222,146,2.722990
223,146,2.727255
224,146,2.715460
225,146,2.719527
226,146,2.715785
227,146,2.720124
228,146,2.723854
229,146,2.719211
230,146,2.713086
231,146,2.720330
232,146,2.718176
233,146,2.719378
234,146,2.714675
235,146,2.709279
236,146,2.713949
237,146,2.710780
238,146,2.696091
239,146,2.700318
240,146,2.694767
241,146,2.696194
242,146,2.690338
243,146,2.688177
244,146,2.688332
245,146,2.683293
246,146,2.686370
247,146,2.683489
248,146,2.683683
249,146,2.690058
250,146,2.684678
251,146,2.681022
252,146,2.678717
253,146,2.676517
254,146,2.666387
255,146,2.663732
0,147,2.680550
1,147,2.679724
2,147,2.678715
3,147,2.677528
4,147,2.672897
5,147,2.679075
6,147,2.681236
7,147,2.684506
8,147,2.683045
9,147,2.680861
10,147,2.682384
11,147,2.684333
12,147,2.689429
13,147,2.686685
14,147,2.688727
15,147,2.686262
16,147,2.706226
17,147,2.714511
18,147,2.707826
19,147,2.712025
20,147,2.705467
21,147,2.709976
22,147,2.713823
23,147,2.713711
24,147,2.710197
25,147,2.710688
26,147,2.717961
27,147,2.717982
28,147,2.713507
29,147,2.716645
30,147,2.716387
31,147,2.720036
32,147,2.730596
33,147,2.733912
34,147,2.728892
35,147,2.736512
36,147,2.731314
37,147,2.733742
38,147,2.736635
39,147,2.735056
40,147,2.734483
41,147,2.732740
42,147,2.735318
43,147,2.741137
44,147,2.731952
45,147,2.738157
46,147,2.736047
47,147,2.745968
48,147,2.739871
49,147,2.738510
50,147,2.739976
51,147,2.745770
52,147,2.739402
53,147,2.741573
54,147,2.742774
55,147,2.748307
56,147,2.737828
57,147,2.743545
58,147,2.736788
59,147,2.738219
60,147,2.735198
61,147,2.744474
62,147,2.737474
63,147,2.738665
64,147,2.751035
65,147,2.748250
66,147,2.748719
67,147,2.745825
68,147,2.746902
69,147,2.751049
70,147,2.740276
71,147,2.752160
72,147,2.745122
73,147,2.749589
74,147,2.745751
75,147,2.750208
76,147,2.742400
77,147,2.742794
78,147,2.747051
79,147,2.750632
80,147,2.754713
81,147,2.751065
82,147,2.746772
83,147,2.746834
84,147,2.746840
85,147,2.746231
86,147,2.746127
87,147,2.749786
88,147,2.749007
89,147,2.748737
90,147,2.744490
91,147,2.747958
92,147,2.746955
93,147,2.746359
94,147,2.745804
95,147,2.749049
96,147,2.746901
97,147,2.751163
98,147,2.751519
99,147,2.744172
100,147,2.747702
101,147,2.747892
102,147,2.755758
103,147,2.759687
104,147,2.752007
105,147,2.751401
106,147,2.751312
107,147,2.756917
108,147,2.754788
109,147,2.754516
110,147,2.758032
111,147,2.755137
112,147,2.745958
113,147,2.742800
114,147,2.743423
115,147,2.740143
116,147,2.736803
117,147,2.744959
118,147,2.749202
119,147,2.745679
120,147,2.747875
121,147,2.748083
122,147,2.742451
123,147,2.738115
124,147,2.741997
125,147,2.741966
126,147,2.741875
127,147,2.745577
128,147,2.736805
129,147,2.730046
130,147,2.727081
131,147,2.716345
132,147,2.720957
133,147,2.726084
134,147,2.719002
135,147,2.727282
136,147,2.731649
137,147,2.735954
138,147,2.732492
139,147,2.732823
140,147,2.733093
141,147,2.733303
142,147,2.729597
143,147,2.733540
144,147,2.741276
145,147,2.741816
146,147,2.741725
147,147,2.745430
148,147,2.741385
149,147,2.744939
150,147,2.744633
151,147,2.748617
152,147,2.748197
153,147,2.751577
154,147,2.754793
155,147,2.750351
156,147,2.738719
157,147,2.741732
158,147,2.740974
159,147,2.736309
160,147,2.746798
161,147,2.739294
162,147,2.739444
163,147,2.735702
164,147,2.736299
165,147,2.747841
166,147,2.740048
167,147,2.741845
168,147,2.744148
169,147,2.751567
170,147,2.751272
171,147,2.747627
172,147,2.735583
173,147,2.742826
174,147,2.742865
175,147,2.740252
176,147,2.737695
177,147,2.733711
178,147,2.732820
179,147,2.735872
180,147,2.737495
181,147,2.740250
182,147,2.741753
183,147,2.740724
184,147,2.747345
185,147,2.746520
186,147,2.743386
187,147,2.748451
188,147,2.735301
189,147,2.733910
190,147,2.736864
191,147,2.739210
192,147,2.730167
193,147,2.734308
194,147,2.731232
195,147,2.732966
196,147,2.733607
197,147,2.737490
198,147,2.736078
199,147,2.745199
200,147,2.741719
201,147,2.749182
202,147,2.747495
203,147,2.748575
204,147,2.737106
205,147,2.732723
206,147,2.738451
207,147,2.743027
208,147,2.725479
209,147,2.722715
210,147,2.728134
211,147,2.729069
212,147,2.726019
213,147,2.735040
214,147,2.724161
215,147,2.729166
216,147,2.732851
217,147,2.737669
218,147,2.734135
219,147,2.738777
220,147,2.733695
221,147,2.723334
222,147,2.719973
223,147,2.727508
224,147,2.712392
225,147,2.715582
226,147,2.711232
227,147,2.715048
228,147,2.722609
229,147,2.725636
230,147,2.721414
231,147,2.716079
232,147,2.718728
233,147,2.716050
234,147,2.720953
235,147,2.711662
236,147,2.695909
237,147,2.704240
238,147,2.702214
239,147,2.704483
240,147,2.691194
241,147,2.690646
242,147,2.681512
243,147,2.686987
244,147,2.680737
245,147,2.685276
246,147,2.682533
247,147,2.687315
248,147,2.687451
249,147,2.680645
250,147,2.690589
251,147,2.681064
252,147,2.663002
253,147,2.666529
254,147,2.658271
255,147,2.661339
0,148,2.682827
1,148,2.678229
2,148,2.677298
3,148,2.682055
4,148,2.680734
5,148,2.683096
6,148,2.677588
7,148,2.676363
8,148,2.678244
9,148,2.679975
10,148,2.682746
11,148,2.680887
12,148,2.686013
13,148,2.679445
14,148,2.680450
15,148,2.685757
16,148,2.710646
17,148,2.711251
18,148,2.704031
19,148,2.712678
20,148,2.712933
21,148,2.713078
22,148,2.706856
23,148,2.714471
24,148,2.714276
25,148,2.710693
26,148,2.710299
27,148,2.718286
28,148,2.710538
29,148,2.717545
30,148,2.712903
31,148,2.712585
32,148,2.731561
33,148,2.731051
34,148,2.733750
35,148,2.736367
36,148,2.732363
37,148,2.738656
38,148,2.737165
39,148,2.740006
40,148,2.742215
41,148,2.737729
42,148,2.735923
43,148,2.734599
44,148,2.740356
45,148,2.738806
46,148,2.729553
47,148,2.735088
48,148,2.737258
49,148,2.735368
50,148,2.745099
51,148,2.746506
52,148,2.748403
53,148,2.746190
54,148,2.740244
55,148,2.741389
56,148,2.735321
57,148,2.744358
58,148,2.742011
59,148,2.742904
60,148,2.740712
61,148,2.737624
62,148,2.735034
63,148,2.735684
64,148,2.752469
65,148,2.745289
66,148,2.746317
67,148,2.746919
68,148,2.743974
69,148,2.744267
70,148,2.745066
71,148,2.749806
72,148,2.742221
73,148,2.746702
74,148,2.746823
75,148,2.743481
76,148,2.743940
77,148,2.740004
78,148,2.740348
79,148,2.740639
80,148,2.751912
81,148,2.752088
82,148,2.747791
83,148,2.747872
84,148,2.744029
85,148,2.754974
86,148,2.754855
87,148,2.754698
88,148,2.750637
89,148,2.749741
90,148,2.745564
91,148,2.745188
92,148,2.747939
93,148,2.743593
94,148,2.746899
95,148,2.746173
96,148,2.747804
97,148,2.748225
98,148,2.748661
99,148,2.748966
100,148,2.748684
101,148,2.748875
102,148,2.754793
103,148,2.756818
104,148,2.756843
105,148,2.756222
106,148,2.752280
107,148,2.752139
108,148,2.755754
109,148,2.757419
110,148,2.755157
111,148,2.750916
112,148,2.754567
113,148,2.747563
114,148,2.736644
115,148,2.741075
116,148,2.737739
117,148,2.742047
118,148,2.742441
119,148,2.746627
120,148,2.743051
121,148,2.743262
122,148,2.739559
123,148,2.751208
124,148,2.746797
125,148,2.742913
126,148,2.742822
127,148,2.746522
128,148,2.733861
129,148,2.727110
130,148,2.727998
131,148,2.717265
132,148,2.718620
133,148,2.727026
134,148,2.723811
135,148,2.724387
136,148,2.728764
137,148,2.729216
138,148,2.733459
139,148,2.737642
140,148,2.734058
141,148,2.734267
142,148,2.730562
143,148,2.738354
144,148,2.746672
145,148,2.738934
146,148,2.742693
147,148,2.746403
148,148,2.750017
149,148,2.749762
150,148,2.749454
151,148,2.745747
152,148,2.749177
153,148,2.752454
154,148,2.755768
155,148,2.747472
156,148,2.739569
157,148,2.742714
158,148,2.734089
159,148,2.737115
160,148,2.747798
161,148,2.748034
162,148,2.736616
163,148,2.748262
164,148,2.745023
165,148,2.744996
166,148,2.741065
167,148,2.745328
168,148,2.748988
169,148,2.752596
170,148,2.744528
171,148,2.748593
172,148,2.740475
173,148,2.739912
174,148,2.736101
175,148,2.743226
176,148,2.743027
177,148,2.738477
178,148,2.733874
179,148,2.741174
180,148,2.740305
181,148,2.739381
182,148,2.742619
183,148,2.737722
184,148,2.737187
185,148,2.749278
186,148,2.746128
187,148,2.741559
188,148,2.744074
189,148,2.737177
190,148,2.737638
191,148,2.736677
192,148,2.738622
193,148,2.733676
194,148,2.735812
195,148,2.738449
196,148,2.740085
197,148,2.750290
198,148,2.730972
199,148,2.740632
200,148,2.748140
201,148,2.746513
202,148,2.736550
203,148,2.743946
204,148,2.735757
205,148,2.735769
206,148,2.733217
207,148,2.742183
208,148,2.729837
209,148,2.727615
210,148,2.728602
211,148,2.731409
212,148,2.730865
213,148,2.731600
214,148,2.725116
215,148,2.728869
216,148,2.729906
217,148,2.737989
218,148,2.736925
219,148,2.735772
220,148,2.723559
221,148,2.724128
222,148,2.722675
223,148,2.724399
224,148,2.719979
225,148,2.719552
226,148,2.715748
227,148,2.715691
228,148,2.720718
229,148,2.721409
230,148,2.717140
231,148,2.716017
232,148,2.713436
233,148,2.714585
234,148,2.713928
235,148,2.714794
236,148,2.694336
237,148,2.698185
238,148,2.702492
239,148,2.697023
240,148,2.690143
241,148,2.691440
242,148,2.685481
243,148,2.687065
244,148,2.688483
245,148,2.691040
246,148,2.682930
247,148,2.676074
248,148,2.690220
249,148,2.690060
250,148,2.684545
251,148,2.678823
252,148,2.670962
253,148,2.660469
254,148,2.663669
255,148,2.662778
0,149,2.678841
1,149,2.674287
2,149,2.677252
3,149,2.684501
4,149,2.679401
5,149,2.677982
6,149,2.677723
7,149,2.676548
8,149,2.674612
9,149,2.676376
10,149,2.681845
11,149,2.680061
12,149,2.681392
13,149,2.679845
14,149,2.684731
15,149,2.690079
16,149,2.710121
17,149,2.703069
18,149,2.712290
19,149,2.709416
20,149,2.709695
21,149,2.713714
22,149,2.706649
23,149,2.706600
24,149,2.707289
25,149,2.710866
26,149,2.711069
27,149,2.710595
28,149,2.714639
29,149,2.710681
30,149,2.709908
31,149,2.716750
32,149,2.731784
33,149,2.727561
34,149,2.734699
35,149,2.737329
36,149,2.732172
37,149,2.735809
38,149,2.734330
39,149,2.736625
40,149,2.731710
41,149,2.733854
42,149,2.737014
43,149,2.738998
44,149,2.740910
45,149,2.731763
46,149,2.733995
47,149,2.728548
48,149,2.745582
49,149,2.740418
50,149,2.738043
51,149,2.740024
52,149,2.745226
53,149,2.743021
54,149,2.740948
55,149,2.742096
56,149,2.739899
57,149,2.745091
58,149,2.738909
59,149,2.739805
60,149,2.737633
61,149,2.738399
62,149,2.739679
63,149,2.740330
64,149,2.749428
65,149,2.746673
66,149,2.743292
67,149,2.748323
68,149,2.748672
69,149,2.745686
70,149,2.746081
71,149,2.746829
72,149,2.743095
73,149,2.743858
74,149,2.744435
75,149,2.748234
76,149,2.744940
77,149,2.744769
78,149,2.741272
79,149,2.745482
80,149,2.745140
81,149,2.741475
82,149,2.745484
83,149,2.752679
84,149,2.748846
85,149,2.752655
86,149,2.744268
87,149,2.751827
88,149,2.747729
89,149,2.743023
90,149,2.742708
91,149,2.742260
92,149,2.741829
93,149,2.748351
94,149,2.747802
95,149,2.747200
96,149,2.752572
97,149,2.741436
98,149,2.747585
99,149,2.749886
100,149,2.750140
101,149,2.749781
102,149,2.749921
103,149,2.753861
104,149,2.755824
105,149,2.751945
106,149,2.753171
107,149,2.754956
108,149,2.754762
109,149,2.758313
110,149,2.754138
111,149,2.751817
112,149,2.747700
113,149,2.744554
114,149,2.745199
115,149,2.749635
116,149,2.742459
117,149,2.742918
118,149,2.743315
119,149,2.747503
120,149,2.751631
121,149,2.755701
122,149,2.740442
123,149,2.744386
124,149,2.739961
125,149,2.736078
126,149,2.743691
127,149,2.747391
128,149,2.734694
129,149,2.727949
130,149,2.728853
131,149,2.721976
132,149,2.723349
133,149,2.720198
134,149,2.728543
135,149,2.725278
136,149,2.729645
137,149,2.726245
138,149,2.730489
139,149,2.730819
140,149,2.731093
141,149,2.727447
142,149,2.735299
143,149,2.735384
144,149,2.747568
145,149,2.739826
146,149,2.743587
147,149,2.743410
148,149,2.747059
149,149,2.746802
150,149,2.747024
151,149,2.750505
152,149,2.749989
153,149,2.749502
154,149,2.752814
155,149,2.756546
156,149,2.748183
157,149,2.755030
158,149,2.750401
159,149,2.749571
160,149,2.741060
161,149,2.737400
162,149,2.745246
163,149,2.745938
164,149,2.738258
165,149,2.738220
166,149,2.738130
167,149,2.742431
168,149,2.738339
169,149,2.753494
170,149,2.749919
171,149,2.749479
172,149,2.756761
173,149,2.753016
174,149,2.752374
175,149,2.751781
176,149,2.740158
177,149,2.739312
178,149,2.738547
179,149,2.738310
180,149,2.733404
181,149,2.736899
182,149,2.735906
183,149,2.738493
184,149,2.734105
185,149,2.742565
186,149,2.741663
187,149,2.746145
188,149,2.745369
189,149,2.747520
190,149,2.746615
191,149,2.750852
192,149,2.731584
193,149,2.732414
194,149,2.728751
195,149,2.735237
196,149,2.734923
197,149,2.739344
198,149,2.741195
199,149,2.735433
200,149,2.740993
201,149,2.747066
202,149,2.746711
203,149,2.748316
204,149,2.748389
205,149,2.749739
206,149,2.747743
207,149,2.746482
208,149,2.725060
209,149,2.729952
210,149,2.725129
211,149,2.724069
212,149,2.729293
213,149,2.732510
214,149,2.728625
215,149,2.725880
216,149,2.730169
217,149,2.733031
218,149,2.735804
219,149,2.737150
220,149,2.732016
221,149,2.732568
222,149,2.732431
223,149,2.731959
224,149,2.716188
225,149,2.712469
226,149,2.708644
227,149,2.719525
228,149,2.718393
229,149,2.716142
230,149,2.717025
231,149,2.708760
232,149,2.703185
233,149,2.715840
234,149,2.708494
235,149,2.711258
236,149,2.710034
237,149,2.708058
238,149,2.707268
239,149,2.707516
240,149,2.694128
241,149,2.689596
242,149,2.689379
243,149,2.687622
244,149,2.687040
245,149,2.687578
246,149,2.686642
247,149,2.679742
248,149,2.680358
249,149,2.685915
250,149,2.684478
251,149,2.684443
252,149,2.680337
253,149,2.671500
254,149,2.670790
255,149,2.667914
0,150,2.680925
1,150,2.668750
2,150,2.680132
3,150,2.680586
4,150,2.679379
5,150,2.677999
6,150,2.672599
7,150,2.675362
8,150,2.673492
9,150,2.676561
10,150,2.678210
11,150,2.691884
12,150,2.677834
13,150,2.679058
14,150,2.680146
15,150,2.686631
16,150,2.702846
17,150,2.711232
18,150,2.707938
19,150,2.708980
20,150,2.702540
21,150,2.706582
22,150,2.706662
23,150,2.714936
24,150,2.707097
25,150,2.715396
26,150,2.707926
27,150,2.711323
28,150,2.710771
29,150,2.714568
30,150,2.714559
31,150,2.713711
32,150,2.728775
33,150,2.723898
34,150,2.731151
35,150,2.730528
36,150,2.733089
37,150,2.731717
38,150,2.735290
39,150,2.737598
40,150,2.735975
41,150,2.742567
42,150,2.725908
43,150,2.740043
44,150,2.734259
45,150,2.736109
46,150,2.735084
47,150,2.736782
48,150,2.742848
49,150,2.732853
50,150,2.739193
51,150,2.740612
52,150,2.741966
53,150,2.740354
54,150,2.741569
55,150,2.743305
56,150,2.732838
57,150,2.742473
58,150,2.735726
59,150,2.737208
60,150,2.738326
61,150,2.743532
62,150,2.736537
63,150,2.733923
64,150,2.750160
65,150,2.743568
66,150,2.744040
67,150,2.745236
68,150,2.745585
69,150,2.750319
70,150,2.743599
71,150,2.747625
72,150,2.744480
73,150,2.748521
74,150,2.741405
75,150,2.741942
76,150,2.741923
77,150,2.746196
78,150,2.742116
79,150,2.742488
80,150,2.750445
81,150,2.742341
82,150,2.746364
83,150,2.749700
84,150,2.742026
85,150,2.749700
86,150,2.749013
87,150,2.748842
88,150,2.744789
89,150,2.752242
90,150,2.739704
91,150,2.747040
92,150,2.742674
93,150,2.745429
94,150,2.744888
95,150,2.744169
96,150,2.748147
97,150,2.746127
98,150,2.750351
99,150,2.746817
100,150,2.745203
101,150,2.746722
102,150,2.752676
103,150,2.752764
104,150,2.750873
105,150,2.754700
106,150,2.754006
107,150,2.761547
108,150,2.757500
109,150,2.753400
110,150,2.753040
111,150,2.756500
112,150,2.744607
113,150,2.749172
114,150,2.745969
115,150,2.746557
116,150,2.747092
117,150,2.743702
118,150,2.744103
119,150,2.744448
120,150,2.744725
121,150,2.748797
122,150,2.745099
123,150,2.737486
124,150,2.741370
125,150,2.740722
126,150,2.736777
127,150,2.740475
128,150,2.735448
129,150,2.728710
130,150,2.729613
131,150,2.734922
132,150,2.735704
133,150,2.736407
134,150,2.721638
135,150,2.729932
136,150,2.726595
137,150,2.727056
138,150,2.708183
139,150,2.723924
140,150,2.731902
141,150,2.735960
142,150,2.728399
143,150,2.740041
144,150,2.744533
145,150,2.740640
146,150,2.744380
147,150,2.748080
148,150,2.744022
149,150,2.747559
150,150,2.747852
151,150,2.747398
152,150,2.746962
153,150,2.754178
154,150,2.753520
155,150,2.749673
156,150,2.745022
157,150,2.748150
158,150,2.747371
159,150,2.746978
160,150,2.738053
161,150,2.738279
162,150,2.734557
163,150,2.739095
164,150,2.739120
165,150,2.735230
166,150,2.743426
167,150,2.743273
168,150,2.739216
169,150,2.750459
170,150,2.743035
171,150,2.750367
172,150,2.757555
173,150,2.746107
174,150,2.745450
175,150,2.745442
176,150,2.739003
177,150,2.736213
178,150,2.736032
179,150,2.739052
180,150,2.738576
181,150,2.741476
182,150,2.740467
183,150,2.743631
184,150,2.738647
185,150,2.745759
186,150,2.742332
187,150,2.750650
188,150,2.751799
189,150,2.742370
190,150,2.747242
191,150,2.741828
192,150,2.725058
193,150,2.727217
194,150,2.726054
195,150,2.731942
196,150,2.730271
197,150,2.739872
198,150,2.738443
199,150,2.739783
200,150,2.738210
201,150,2.747534
202,150,2.745825
203,150,2.746823
204,150,2.746887
205,150,2.744954
206,150,2.739899
207,150,2.737806
208,150,2.717705
209,150,2.717388
210,150,2.717730
211,150,2.724948
212,150,2.726306
213,150,2.725059
214,150,2.731371
215,150,2.733790
216,150,2.723240
217,150,2.735718
218,150,2.731357
219,150,2.735932
220,150,2.734634
221,150,2.732636
222,150,2.728403
223,150,2.728721
224,150,2.710990
225,150,2.713029
226,150,2.708279
227,150,2.705615
228,150,2.715013
229,150,2.714664
230,150,2.715508
231,150,2.711971
232,150,2.707387
233,150,2.713612
234,150,2.716478
235,150,2.709581
236,150,2.705237
237,150,2.703186
238,150,2.705473
239,150,2.703760
240,150,2.686485
241,150,2.684433
242,150,2.678367
243,150,2.681768
244,150,2.686925
245,150,2.683553
246,150,2.688353
247,150,2.683719
248,150,2.684250
249,150,2.683921
250,150,2.682120
251,150,2.680106
252,150,2.679801
253,150,2.677460
254,150,2.662486
255,150,2.663354
0,151,2.676777
1,151,2.680707
2,151,2.668384
3,151,2.682845
4,151,2.681715
5,151,2.680409
6,151,2.677072
7,151,2.679250
8,151,2.677416
9,151,2.675426
10,151,2.680991
11,151,2.675479
12,151,2.674209
13,151,2.675463
14,151,2.680434
15,151,2.681420
16,151,2.706014
17,151,2.703918
18,151,2.704503
19,151,2.708821
20,151,2.705931
21,151,2.710019
22,151,2.707194
23,151,2.707798
24,151,2.711538
25,151,2.719027
26,151,2.714856
27,151,2.708137
28,151,2.711456
29,151,2.714680
30,151,2.710709
31,151,2.714466
32,151,2.732809
33,151,2.724697
34,151,2.727455
35,151,2.738479
36,151,2.737801
37,151,2.736441
38,151,2.735001
39,151,2.738512
40,151,2.736901
41,151,2.746772
42,151,2.737903
43,151,2.732729
44,151,2.731404
45,151,2.729411
46,151,2.742758
47,151,2.733971
48,151,2.739462
49,151,2.737776
50,151,2.735839
51,151,2.745566
52,151,2.739221
53,151,2.740517
54,151,2.738853
55,151,2.740010
56,151,2.741704
57,151,2.739205
58,151,2.736912
59,151,2.737814
60,151,2.739535
61,151,2.736454
62,151,2.730061
63,151,2.730961
64,151,2.747558
65,151,2.740382
66,151,2.741455
67,151,2.742068
68,151,2.743019
69,151,2.751018
70,151,2.748168
71,151,2.744486
72,151,2.745346
73,151,2.749856
74,151,2.746000
75,151,2.738948
76,151,2.738825
77,151,2.743111
78,151,2.743560
79,151,2.743266
80,151,2.751234
81,151,2.743162
82,151,2.739457
83,151,2.751110
84,151,2.746685
85,151,2.750517
86,151,2.738863
87,151,2.745812
88,151,2.745622
89,151,2.745324
90,151,2.744394
91,151,2.740102
92,151,2.739678
93,151,2.746278
94,151,2.745633
95,151,2.745036
96,151,2.750846
97,151,2.746804
98,151,2.747188
99,151,2.747578
100,151,2.747846
101,151,2.751322
102,151,2.759180
103,151,2.751587
104,151,2.753549
105,151,2.755459
106,151,2.754739
107,151,2.756533
108,151,2.758231
109,151,2.750277
110,151,2.753789
111,151,2.751463
112,151,2.745907
113,151,2.753709
114,151,2.746659
115,151,2.747251
116,151,2.743938
117,151,2.740552
118,151,2.740965
119,151,2.749012
120,151,2.749298
121,151,2.741810
122,151,2.741969
123,151,2.745918
124,151,2.742097
125,151,2.745920
126,151,2.741340
127,151,2.737332
128,151,2.736119
129,151,2.729388
130,151,2.727080
131,151,2.727930
132,151,2.736406
133,151,2.733273
134,151,2.714663
135,151,2.715242
136,151,2.723473
137,151,2.727780
138,151,2.716620
139,151,2.716948
140,151,2.717219
141,151,2.717424
142,151,2.732978
143,151,2.733693
144,151,2.737565
145,151,2.737521
146,151,2.737412
147,151,2.733405
148,151,2.744710
149,151,2.740588
150,151,2.744678
151,151,2.744292
152,151,2.766971
153,151,2.758668
154,151,2.746554
155,151,2.754151
156,151,2.745772
157,151,2.744892
158,151,2.744098
159,151,2.740027
160,151,2.742715
161,151,2.735193
162,151,2.735344
163,151,2.734109
164,151,2.734125
165,151,2.737926
166,151,2.740372
167,151,2.744035
168,151,2.763083
169,151,2.759579
170,151,2.747628
171,151,2.751095
172,151,2.749252
173,151,2.746823
174,151,2.742415
175,151,2.742292
176,151,2.733912
177,151,2.737650
178,151,2.729000
179,151,2.733932
180,151,2.735567
181,151,2.738265
182,151,2.735924
183,151,2.734845
184,151,2.758518
185,151,2.752144
186,151,2.740992
187,151,2.746049
188,151,2.738881
189,151,2.739671
190,151,2.743932
191,151,2.746814
192,151,2.725911
193,151,2.728323
194,151,2.726548
195,151,2.729171
196,151,2.724956
197,151,2.727439
198,151,2.729249
199,151,2.733098
200,151,2.757879
201,151,2.756231
202,151,2.738020
203,151,2.747779
204,151,2.738203
205,151,2.739504
206,151,2.740809
207,151,2.745800
208,151,2.720505
209,151,2.717057
210,151,2.724341
211,151,2.725767
212,151,2.720721
213,151,2.725188
214,151,2.718031
215,151,2.722963
216,151,2.748999
217,151,2.740857
218,151,2.732022
219,151,2.736579
220,151,2.728865
221,151,2.734356
222,151,2.725122
223,151,2.724797
224,151,2.709582
225,151,2.706857
226,151,2.711972
227,151,2.707973
228,151,2.711567
229,151,2.705724
230,151,2.709062
231,151,2.710354
232,151,2.728859
233,151,2.721557
234,151,2.711719
235,151,2.706691
236,151,2.704734
237,151,2.699427
238,151,2.697828
239,151,2.698666
240,151,2.680672
241,151,2.680509
242,151,2.676331
243,151,2.685472
244,151,2.675662
245,151,2.681827
246,151,2.674987
247,151,2.679518
248,151,2.705044
249,151,2.691842
250,151,2.677994
251,151,2.673958
252,151,2.673553
253,151,2.669066
254,151,2.664342
255,151,2.662530
0,152,2.675478
1,152,2.678844
2,152,2.685868
3,152,2.678770
4,152,2.681535
5,152,2.676417
6,152,2.675635
7,152,2.677883
8,152,2.679971
9,152,2.683168
10,152,2.677208
11,152,2.675597
12,152,2.673196
13,152,2.682214
14,152,2.675683
15,152,2.681668
16,152,2.710158
17,152,2.710916
18,152,2.707698
19,152,2.712064
20,152,2.710199
21,152,2.706605
22,152,2.710604
23,152,2.706787
24,152,2.708211
25,152,2.708014
26,152,2.711569
27,152,2.703465
28,152,2.711296
29,152,2.715321
30,152,2.706909
31,152,2.714437
32,152,2.728960
33,152,2.736378
34,152,2.735914
35,152,2.734749
36,152,2.737353
37,152,2.737254
38,152,2.731974
39,152,2.738173
40,152,2.737769
41,152,2.736093
42,152,2.734341
43,152,2.733128
44,152,2.731734
45,152,2.730361
46,152,2.732158
47,152,2.733885
48,152,2.736602
49,152,2.742032
50,152,2.744154
51,152,2.742149
52,152,2.739662
53,152,2.741575
54,152,2.747028
55,152,2.741097
56,152,2.742197
57,152,2.740318
58,152,2.745136
59,152,2.738948
60,152,2.735941
61,152,2.737613
62,152,2.734476
63,152,2.731894
64,152,2.744288
65,152,2.749286
66,152,2.753823
67,152,2.750992
68,152,2.743636
69,152,2.744722
70,152,2.748801
71,152,2.745738
72,152,2.749847
73,152,2.746665
74,152,2.742807
75,152,2.739623
76,152,2.743974
77,152,2.739943
78,152,2.740407
79,152,2.740108
80,152,2.751990
81,152,2.752202
82,152,2.755584
83,152,2.747999
84,152,2.739704
85,152,2.747390
86,152,2.751168
87,152,2.742700
88,152,2.754035
89,152,2.746085
90,152,2.748935
91,152,2.737015
92,152,2.740452
93,152,2.747588
94,152,2.742557
95,152,2.745697
96,152,2.751443
97,152,2.751334
98,152,2.747867
99,152,2.748199
100,152,2.748528
101,152,2.756449
102,152,2.752142
103,152,2.752241
104,152,2.752291
105,152,2.759980
106,152,2.759243
107,152,2.755257
108,152,2.755071
109,152,2.750925
110,152,2.750603
111,152,2.754058
112,152,2.754211
113,152,2.746592
114,152,2.743413
115,152,2.744011
116,152,2.744555
117,152,2.741182
118,152,2.745443
119,152,2.741942
120,152,2.753789
121,152,2.741709
122,152,2.738759
123,152,2.746562
124,152,2.746595
125,152,2.746566
126,152,2.738767
127,152,2.745665
128,152,2.736708
129,152,2.742202
130,152,2.727708
131,152,2.732414
132,152,2.733187
133,152,2.741614
134,152,2.734565
135,152,2.712029
136,152,2.704850
137,152,2.709165
138,152,2.713409
139,152,2.717596
140,152,2.714014
141,152,2.737333
142,152,2.725918
143,152,2.730500
144,152,2.743800
145,152,2.730468
146,152,2.738068
147,152,2.741729
148,152,2.741511
149,152,2.741241
150,152,2.776168
151,152,2.771928
152,152,2.748276
153,152,2.767035
154,152,2.763151
155,152,2.747117
156,152,2.746298
157,152,2.745556
158,152,2.748612
159,152,2.740523
160,152,2.739547
161,152,2.739763
162,152,2.732818
163,152,2.732894
164,152,2.729046
165,152,2.732850
166,152,2.740662
167,152,2.740889
168,152,2.744486
169,152,2.756398
170,152,2.757990
171,152,2.744034
172,152,2.742289
173,152,2.745530
174,152,2.747517
175,152,2.748821
176,152,2.738371
177,152,2.730552
178,152,2.733443
179,152,2.733208
180,152,2.736144
181,152,2.733044
182,152,2.757673
183,152,2.756578
184,152,2.732697
185,152,2.760372
186,152,2.746233
187,152,2.740770
188,152,2.743840
189,152,2.736596
190,152,2.741160
191,152,2.739564
192,152,2.730483
193,152,2.730678
194,152,2.727580
195,152,2.729196
196,152,2.727885
197,152,2.729739
198,152,2.755267
199,152,2.756556
200,152,2.735704
201,152,2.756542
202,152,2.754339
203,152,2.736495
204,152,2.736542
205,152,2.739846
206,152,2.735256
207,152,2.742774
208,152,2.712417
209,152,2.717841
210,152,2.723187
211,152,2.722047
212,152,2.718888
213,152,2.725271
214,152,2.745686
215,152,2.746750
216,152,2.723267
217,152,2.741476
218,152,2.744182
219,152,2.724200
220,152,2.724774
221,152,2.731031
222,152,2.728846
223,152,2.722489
224,152,2.707233
225,152,2.704713
226,152,2.708507
227,152,2.715097
228,152,2.710292
229,152,2.709871
230,152,2.732447
231,152,2.729860
232,152,2.706157
233,152,2.724482
234,152,2.721484
235,152,2.702941
236,152,2.695895
237,152,2.702085
238,152,2.696571
239,152,2.694758
240,152,2.680564
241,152,2.682867
242,152,2.678617
243,152,2.679978
244,152,2.677312
245,152,2.681491
246,152,2.705429
247,152,2.700632
248,152,2.683690
249,152,2.695441
250,152,2.688947
251,152,2.673299
252,152,2.665133
253,152,2.674151
254,152,2.665465
255,152,2.664236
0,153,2.673417
1,153,2.670739
2,153,2.670103
3,153,2.680837
4,153,2.683680
5,153,2.679311
6,153,2.674095
7,153,2.677764
8,153,2.672183
9,153,2.674148
10,153,2.672107
11,153,2.674428
12,153,2.673276
13,153,2.678472
14,153,2.679678
15,153,2.680748
16,153,2.701603
17,153,2.707313
18,153,2.700269
19,153,2.708514
20,153,2.709580
21,153,2.709884
22,153,2.707147
23,153,2.711058
24,153,2.707156
25,153,2.703789
26,153,2.700512
27,153,2.707839
28,153,2.704144
29,153,2.715128
30,153,2.711358
31,153,2.710577
32,153,2.725750
33,153,2.728642
34,153,2.728270
35,153,2.727750
36,153,2.738074
37,153,2.744461
38,153,2.732740
39,153,2.735098
40,153,2.737377
41,153,2.740208
42,153,2.727465
43,153,2.729502
44,153,2.732093
45,153,2.734480
46,153,2.728579
47,153,2.730942
48,153,2.740764
49,153,2.739122
50,153,2.736787
51,153,2.742089
52,153,2.744496
53,153,2.749656
54,153,2.739967
55,153,2.737648
56,153,2.743232
57,153,2.736569
58,153,2.738492
59,153,2.739400
60,153,2.732542
61,153,2.738088
62,153,2.734952
63,153,2.732388
64,153,2.744786
65,153,2.749800
66,153,2.738930
67,153,2.743820
68,153,2.751874
69,153,2.745273
70,153,2.745498
71,153,2.746302
72,153,2.747195
73,153,2.735685
74,153,2.736315
75,153,2.728656
76,153,2.740726
77,153,2.744482
78,153,2.741022
79,153,2.741363
80,153,2.744911
81,153,2.748986
82,153,2.744686
83,153,2.744792
84,153,2.748698
85,153,2.748043
86,153,2.747978
87,153,2.751684
88,153,2.743145
89,153,2.739004
90,153,2.738705
91,153,2.741549
92,153,2.737202
93,153,2.740583
94,153,2.743138
95,153,2.746399
96,153,2.748199
97,153,2.748701
98,153,2.748970
99,153,2.749239
100,153,2.752930
101,153,2.757049
102,153,2.752700
103,153,2.752826
104,153,2.756726
105,153,2.749006
106,153,2.756642
107,153,2.751972
108,153,2.755638
109,153,2.751491
110,153,2.751186
111,153,2.754643
112,153,2.743182
113,153,2.747110
114,153,2.743925
115,153,2.740686
116,153,2.745089
117,153,2.737867
118,153,2.738287
119,153,2.746347
120,153,2.742182
121,153,2.741555
122,153,2.740927
123,153,2.743269
124,153,2.751010
125,153,2.743275
126,153,2.739329
127,153,2.739172
128,153,2.741741
129,153,2.742730
130,153,2.732090
131,153,2.736799
132,153,2.733737
133,153,2.730608
134,153,2.712002
135,153,2.712594
136,153,2.716965
137,153,2.717429
138,153,2.713974
139,153,2.714308
140,153,2.718430
141,153,2.726340
142,153,2.718773
143,153,2.692547
144,153,2.743267
145,153,2.743349
146,153,2.738641
147,153,2.742301
148,153,2.745935
149,153,2.746266
150,153,2.745930
151,153,2.753163
152,153,2.745004
153,153,2.767505
154,153,2.767596
155,153,2.743721
156,153,2.739178
157,153,2.742129
158,153,2.745832
159,153,2.741113
160,153,2.738265
161,153,2.736514
162,153,2.741163
163,153,2.731588
164,153,2.739293
165,153,2.734108
166,153,2.740119
167,153,2.740345
168,153,2.738066
169,153,2.764691
170,153,2.756639
171,153,2.739463
172,153,2.740926
173,153,2.748114
174,153,2.744216
175,153,2.745506
176,153,2.735683
177,153,2.734928
178,153,2.734117
179,153,2.737567
180,153,2.738562
181,153,2.739938
182,153,2.731177
183,153,2.732632
184,153,2.737003
185,153,2.755029
186,153,2.750521
187,153,2.741184
188,153,2.740400
189,153,2.738916
190,153,2.739622
191,153,2.739932
192,153,2.726992
193,153,2.727166
194,153,2.727917
195,153,2.733361
196,153,2.726266
197,153,2.730663
198,153,2.732005
199,153,2.732404
200,153,2.735950
201,153,2.753082
202,153,2.750696
203,153,2.737321
204,153,2.734278
205,153,2.736156
206,153,2.737959
207,153,2.737121
208,153,2.717006
209,153,2.715996
210,153,2.721331
211,153,2.727883
212,153,2.720836
213,153,2.720130
214,153,2.718657
215,153,2.724822
216,153,2.725766
217,153,2.742032
218,153,2.741387
219,153,2.724701
220,153,2.727183
221,153,2.726989
222,153,2.716875
223,153,2.720965
224,153,2.708884
225,153,2.705058
226,153,2.704044
227,153,2.707682
228,153,2.704764
229,153,2.706244
230,153,2.704647
231,153,2.709045
232,153,2.706279
233,153,2.724574
234,153,2.718479
235,153,2.701804
236,153,2.703576
237,153,2.698174
238,153,2.700331
239,153,2.701040
240,153,2.682908
241,153,2.682637
242,153,2.682201
243,153,2.683520
244,153,2.679339
245,153,2.687273
246,153,2.684158
247,153,2.680850
248,153,2.677344
249,153,2.687364
250,153,2.691103
251,153,2.674641
252,153,2.670225
253,153,2.663647
254,153,2.664533
255,153,2.657411
0,154,2.672877
1,154,2.676379
2,154,2.671977
3,154,2.671236
4,154,2.682556
5,154,2.682879
6,154,2.673851
7,154,2.672359
8,154,2.674554
9,154,2.676588
10,154,2.676552
11,154,2.678247
12,154,2.672088
13,154,2.669639
14,154,2.670903
15,154,2.676997
16,154,2.701748
17,154,2.706439
18,154,2.699447
19,154,2.700036
20,154,2.713047
21,154,2.710183
22,154,2.714251
23,154,2.706649
24,154,2.707531
25,154,2.704199
26,154,2.703961
27,154,2.711327
28,154,2.703983
29,154,2.707931
30,154,2.711131
31,154,2.710386
32,154,2.729535
33,154,2.733090
34,154,2.724351
35,154,2.727084
36,154,2.742586
37,154,2.741281
38,154,2.736041
39,154,2.739668
40,154,2.734254
41,154,2.732614
42,154,2.735395
43,154,2.730283
44,154,2.736109
45,154,2.730946
46,154,2.733260
47,154,2.731151
48,154,2.741173
49,154,2.743219
50,154,2.737679
51,154,2.739136
52,154,2.752484
53,154,2.746733
54,154,2.747981
55,154,2.742459
56,154,2.743568
57,154,2.733055
58,154,2.731149
59,154,2.728207
60,154,2.729701
61,154,2.730771
62,154,2.735988
63,154,2.732795
64,154,2.745844
65,154,2.750229
66,154,2.740009
67,154,2.740414
68,154,2.745264
69,154,2.749590
70,154,2.746612
71,154,2.746780
72,154,2.743837
73,154,2.743883
74,154,2.733091
75,154,2.741838
76,154,2.741454
77,154,2.737951
78,154,2.737700
79,154,2.745822
80,154,2.753157
81,154,2.753391
82,154,2.745897
83,154,2.745352
84,154,2.749275
85,154,2.744757
86,154,2.752392
87,154,2.748421
88,154,2.747581
89,154,2.739599
90,154,2.747015
91,154,2.745923
92,154,2.745514
93,154,2.737247
94,154,2.744424
95,154,2.743039
96,154,2.752480
97,154,2.741472
98,154,2.748671
99,154,2.748940
100,154,2.757298
101,154,2.753674
102,154,2.749347
103,154,2.757164
104,154,2.749521
105,154,2.753368
106,154,2.749437
107,154,2.752485
108,154,2.756119
109,154,2.748173
110,154,2.751685
111,154,2.751290
112,154,2.747463
113,154,2.751382
114,154,2.744362
115,154,2.744982
116,154,2.741684
117,154,2.742173
118,154,2.738744
119,154,2.746808
120,154,2.743250
121,154,2.741400
122,154,2.735939
123,154,2.747598
124,154,2.743781
125,154,2.747605
126,154,2.739806
127,154,2.743501
128,154,2.734470
129,154,2.731615
130,154,2.720990
131,154,2.721850
132,154,2.722643
133,154,2.723369
134,154,2.724029
135,154,2.724623
136,154,2.709741
137,154,2.714056
138,154,2.718307
139,154,2.718640
140,154,2.718908
141,154,2.722965
142,154,2.719251
143,154,2.716155
144,154,2.742734
145,154,2.742816
146,154,2.739102
147,154,2.738936
148,154,2.738666
149,154,2.742915
150,154,2.746357
151,154,2.749808
152,154,2.745402
153,154,2.744881
154,154,2.748717
155,154,2.748078
156,154,2.747238
157,154,2.742625
158,154,2.738636
159,154,2.737584
160,154,2.733004
161,154,2.737735
162,154,2.733994
163,154,2.737910
164,154,2.735978
165,154,2.738497
166,154,2.739575
167,154,2.739802
168,154,2.727023
169,154,2.742141
170,154,2.737864
171,154,2.743896
172,154,2.741404
173,154,2.745389
174,154,2.736975
175,154,2.740178
176,154,2.732429
177,154,2.735364
178,154,2.731345
179,154,2.734135
180,154,2.733187
181,154,2.736695
182,154,2.739269
183,154,2.738798
184,154,2.737369
185,154,2.736771
186,154,2.739311
187,154,2.738314
188,154,2.744578
189,154,2.736025
190,154,2.736069
191,154,2.737015
192,154,2.725339
193,154,2.730001
194,154,2.728166
195,154,2.728460
196,154,2.730337
197,154,2.734729
198,154,2.732191
199,154,2.730657
200,154,2.736761
201,154,2.730109
202,154,2.736060
203,154,2.737432
204,154,2.735015
205,154,2.736883
206,154,2.730315
207,154,2.739171
208,154,2.715096
209,154,2.714719
210,154,2.719423
211,154,2.723988
212,154,2.721425
213,154,2.721960
214,154,2.718550
215,154,2.719567
216,154,2.720496
217,154,2.716070
218,154,2.724504
219,154,2.721284
220,154,2.720346
221,154,2.720766
222,154,2.721085
223,154,2.720630
224,154,2.704435
225,154,2.704418
226,154,2.708144
227,154,2.711081
228,154,2.705882
229,154,2.709239
230,154,2.700917
231,154,2.707199
232,154,2.701381
233,154,2.704209
234,154,2.701124
235,154,2.701063
236,154,2.698411
237,154,2.696799
238,154,2.695037
239,154,2.693122
240,154,2.682641
241,154,2.680952
242,154,2.688147
243,154,2.685537
244,154,2.682749
245,154,2.685558
246,154,2.683964
247,154,2.682494
248,154,2.675044
249,154,2.678944
250,154,2.671071
251,154,2.674668
252,154,2.667485
253,154,2.664652
254,154,2.661572
255,154,2.656311
0,155,2.670608
1,155,2.674200
2,155,2.670598
3,155,2.671467
4,155,2.674434
5,155,2.681071
6,155,2.672120
7,155,2.686113
8,155,2.678165
9,155,2.676384
10,155,2.671286
11,155,2.676898
12,155,2.674655
13,155,2.677304
14,155,2.678600
15,155,2.679757
16,155,2.696875
17,155,2.701621
18,155,2.699578
19,155,2.704047
20,155,2.704542
21,155,2.713301
22,155,2.706800
23,155,2.718485
24,155,2.710796
25,155,2.702999
26,155,2.704326
27,155,2.711712
28,155,2.707439
29,155,2.706920
30,155,2.707740
31,155,2.710865
32,155,2.721603
33,155,2.720691
34,155,2.724899
35,155,2.727647
36,155,2.734162
37,155,2.741891
38,155,2.740518
39,155,2.750622
40,155,2.730483
41,155,2.733294
42,155,2.735442
43,155,2.734319
44,155,2.732986
45,155,2.727190
46,155,2.729685
47,155,2.733854
48,155,2.733609
49,155,2.739732
50,155,2.734003
51,155,2.739318
52,155,2.741373
53,155,2.743094
54,155,2.745005
55,155,2.753900
56,155,2.739962
57,155,2.737819
58,155,2.731100
59,155,2.732996
60,155,2.729996
61,155,2.739439
62,155,2.736307
63,155,2.737630
64,155,2.746184
65,155,2.743526
66,155,2.740148
67,155,2.741438
68,155,2.741787
69,155,2.750633
70,155,2.739299
71,155,2.751691
72,155,2.744245
73,155,2.741105
74,155,2.741218
75,155,2.741534
76,155,2.741150
77,155,2.738398
78,155,2.734291
79,155,2.738575
80,155,2.750433
81,155,2.746194
82,155,2.746376
83,155,2.749698
84,155,2.749762
85,155,2.742067
86,155,2.745179
87,155,2.764335
88,155,2.748724
89,155,2.743959
90,155,2.739763
91,155,2.754829
92,155,2.742094
93,155,2.741629
94,155,2.744851
95,155,2.739717
96,155,2.745113
97,155,2.745679
98,155,2.742238
99,155,2.745822
100,155,2.753822
101,155,2.757957
102,155,2.750427
103,155,2.761431
104,155,2.749930
105,155,2.749929
106,155,2.753722
107,155,2.752882
108,155,2.748851
109,155,2.748566
110,155,2.748244
111,155,2.747851
112,155,2.751657
113,155,2.756269
114,155,2.756271
115,155,2.741485
116,155,2.738192
117,155,2.742538
118,155,2.735261
119,155,2.743336
120,155,2.743633
121,155,2.747717
122,155,2.747884
123,155,2.740281
124,155,2.744171
125,155,2.747995
126,155,2.740196
127,155,2.732331
128,155,2.730965
129,155,2.728118
130,155,2.725198
131,155,2.729915
132,155,2.723020
133,155,2.723749
134,155,2.709000
135,155,2.705743
136,155,2.706273
137,155,2.714450
138,155,2.707142
139,155,2.715180
140,155,2.715447
141,155,2.719502
142,155,2.716489
143,155,2.720413
144,155,2.743536
145,155,2.739625
146,155,2.735651
147,155,2.735444
148,155,2.742918
149,155,2.743267
150,155,2.739065
151,155,2.742427
152,155,2.741958
153,155,2.742020
154,155,2.745285
155,155,2.744507
156,155,2.747651
157,155,2.743571
158,155,2.738888
159,155,2.741671
160,155,2.745035
161,155,2.738186
162,155,2.734462
163,155,2.734509
164,155,2.735183
165,155,2.735113
166,155,2.733031
167,155,2.743159
168,155,2.739010
169,155,2.738704
170,155,2.738947
171,155,2.742375
172,155,2.738043
173,155,2.741929
174,155,2.735552
175,155,2.737366
176,155,2.740500
177,155,2.735712
178,155,2.737475
179,155,2.730614
180,155,2.730326
181,155,2.733159
182,155,2.732535
183,155,2.735243
184,155,2.738319
185,155,2.744753
186,155,2.736389
187,155,2.734715
188,155,2.737778
189,155,2.739800
190,155,2.738877
191,155,2.739148
192,155,2.731972
193,155,2.726327
194,155,2.732847
195,155,2.730536
196,155,2.729208
197,155,2.730577
198,155,2.729104
199,155,2.738450
200,155,2.736377
201,155,2.734685
202,155,2.736104
203,155,2.733760
204,155,2.731167
205,155,2.729172
206,155,2.730398
207,155,2.727564
208,155,2.721474
209,155,2.714697
210,155,2.711610
211,155,2.716822
212,155,2.717438
213,155,2.721789
214,155,2.719026
215,155,2.715458
216,155,2.719526
217,155,2.726109
218,155,2.721040
219,155,2.722103
220,155,2.714897
221,155,2.713370
222,155,2.715975
223,155,2.720002
224,155,2.712365
225,155,2.706546
226,155,2.702825
227,155,2.702538
228,155,2.709841
229,155,2.705466
230,155,2.703070
231,155,2.702275
232,155,2.705205
233,155,2.706076
234,155,2.697941
235,155,2.697803
236,155,2.694377
237,155,2.696583
238,155,2.689641
239,155,2.695363
240,155,2.673236
241,155,2.682485
242,155,2.685785
243,155,2.683591
244,155,2.680722
245,155,2.683447
246,155,2.687172
247,155,2.683727
248,155,2.684184
249,155,2.672577
250,155,2.676163
251,155,2.669892
252,155,2.663389
253,155,2.664361
254,155,2.662332
255,155,2.653099
0,156,2.668955
1,156,2.674266
2,156,2.666145
3,156,2.677092
4,156,2.672437
5,156,2.675302
6,156,2.671711
7,156,2.689598
8,156,2.676493
9,156,2.675494
10,156,2.673623
11,156,2.671596
12,156,2.670646
13,156,2.679850
14,156,2.681206
15,156,2.678569
16,156,2.704576
17,156,2.701645
18,156,2.702439
19,156,2.703107
20,156,2.707505
21,156,2.708912
22,156,2.702183
23,156,2.721619
24,156,2.702416
25,156,2.710960
26,156,2.710784
27,156,2.703485
28,156,2.707777
29,156,2.711130
30,156,2.706680
31,156,2.706669
32,156,2.725886
33,156,2.724991
34,156,2.724006
35,156,2.728145
36,156,2.734675
37,156,2.737266
38,156,2.736599
39,156,2.743489
40,156,2.734261
41,156,2.736513
42,156,2.736070
43,156,2.734300
44,156,2.736306
45,156,2.731722
46,156,2.733568
47,156,2.731488
48,156,2.734333
49,156,2.739806
50,156,2.734325
51,156,2.736231
52,156,2.737634
53,156,2.743497
54,156,2.745149
55,156,2.757901
56,156,2.736942
57,156,2.741848
58,156,2.735809
59,156,2.737052
60,156,2.734731
61,156,2.735526
62,156,2.728830
63,156,2.730171
64,156,2.742582
65,156,2.743794
66,156,2.740416
67,156,2.741725
68,156,2.745926
69,156,2.747086
70,156,2.747308
71,156,2.759715
72,156,2.740712
73,156,2.741438
74,156,2.745404
75,156,2.738305
76,156,2.735107
77,156,2.738757
78,156,2.739189
79,156,2.738944
80,156,2.746962
81,156,2.742720
82,156,2.742914
83,156,2.746928
84,156,2.746307
85,156,2.742473
86,156,2.745582
87,156,2.760870
88,156,2.749150
89,156,2.744327
90,156,2.740192
91,156,2.743709
92,156,2.734820
93,156,2.742069
94,156,2.741449
95,156,2.744011
96,156,2.745463
97,156,2.745943
98,156,2.742593
99,156,2.746096
100,156,2.746457
101,156,2.750552
102,156,2.750770
103,156,2.769444
104,156,2.757962
105,156,2.754114
106,156,2.754049
107,156,2.750053
108,156,2.745305
109,156,2.748872
110,156,2.748567
111,156,2.748176
112,156,2.751909
113,156,2.764248
114,156,2.768078
115,156,2.741740
116,156,2.742316
117,156,2.742815
118,156,2.735549
119,156,2.739768
120,156,2.740069
121,156,2.736455
122,156,2.740477
123,156,2.744435
124,156,2.744473
125,156,2.748298
126,156,2.732792
127,156,2.732632
128,156,2.731223
129,156,2.728382
130,156,2.725480
131,156,2.722495
132,156,2.715589
133,156,2.727892
134,156,2.713145
135,156,2.725311
136,156,2.714283
137,156,2.718600
138,156,2.707447
139,156,2.715484
140,156,2.708049
141,156,2.715954
142,156,2.716807
143,156,2.720729
144,156,2.736143
145,156,2.739934
146,156,2.735965
147,156,2.739609
148,156,2.740092
149,156,2.739742
150,156,2.743166
151,156,2.746602
152,156,2.746031
153,156,2.746208
154,156,2.745493
155,156,2.744836
156,156,2.743974
157,156,2.740056
158,156,2.739049
159,156,2.742000
160,156,2.737712
161,156,2.742430
162,156,2.734840
163,156,2.740656
164,156,2.731702
165,156,2.739327
166,156,2.739192
167,156,2.741586
168,156,2.747112
169,156,2.739030
170,156,2.735504
171,156,2.734985
172,156,2.739043
173,156,2.736454
174,156,2.737769
175,156,2.737656
176,156,2.731144
177,156,2.732811
178,156,2.730029
179,156,2.731736
180,156,2.726716
181,156,2.727607
182,156,2.736612
183,156,2.739303
184,156,2.734670
185,156,2.737234
186,156,2.732721
187,156,2.731025
188,156,2.736014
189,156,2.736085
190,156,2.731307
191,156,2.737338
192,156,2.724374
193,156,2.730267
194,156,2.728694
195,156,2.731280
196,156,2.729260
197,156,2.727436
198,156,2.732975
199,156,2.735280
200,156,2.728654
201,156,2.726954
202,156,2.728536
203,156,2.731769
204,156,2.725987
205,156,2.729214
206,156,2.722577
207,156,2.728111
208,156,2.720721
209,156,2.714524
210,156,2.719805
211,156,2.719809
212,156,2.717202
213,156,2.718363
214,156,2.721890
215,156,2.719005
216,156,2.716031
217,156,2.716053
218,156,2.723734
219,156,2.716606
220,156,2.717086
221,156,2.713990
222,156,2.708469
223,156,2.712474
224,156,2.701974
225,156,2.703107
226,156,2.706763
227,156,2.702599
228,156,2.701157
229,156,2.705649
230,156,2.703026
231,156,2.708814
232,156,2.703982
233,156,2.697090
234,156,2.695118
235,156,2.692517
236,156,2.696732
237,156,2.695020
238,156,2.695081
239,156,2.689207
240,156,2.679134
241,156,2.676750
242,156,2.687679
243,156,2.683021
244,156,2.682435
245,156,2.679296
246,156,2.681742
247,156,2.679378
248,156,2.679488
249,156,2.669754
250,156,2.665719
251,156,2.672828
252,156,2.664290
253,156,2.655507
254,156,2.658030
255,156,2.650538
0,157,2.664305
1,157,2.675745
2,157,2.675421
3,157,2.674897
4,157,2.670326
5,157,2.678612
6,157,2.677487
7,157,2.683892
8,157,2.671592
9,157,2.673805
10,157,2.673310
11,157,2.671319
12,157,2.669176
13,157,2.674591
14,157,2.672155
15,157,2.678437
16,157,2.707233
17,157,2.708210
18,157,2.701352
19,157,2.703115
20,157,2.703687
21,157,2.704139
22,157,2.705180
23,157,2.706341
24,157,2.702572
25,157,2.706400
26,157,2.702414
27,157,2.707582
28,157,2.707221
29,157,2.706760
30,157,2.710841
31,157,2.710167
32,157,2.725506
33,157,2.728499
34,157,2.724403
35,157,2.731051
36,157,2.730601
37,157,2.733876
38,157,2.736398
39,157,2.739530
40,157,2.730931
41,157,2.737047
42,157,2.731526
43,157,2.738729
44,157,2.733040
45,157,2.731130
46,157,2.730340
47,157,2.728270
48,157,2.737687
49,157,2.740476
50,157,2.742034
51,157,2.743523
52,157,2.742198
53,157,2.743540
54,157,2.745892
55,157,2.743238
56,157,2.732813
57,157,2.734919
58,157,2.732061
59,157,2.733686
60,157,2.738714
61,157,2.731805
62,157,2.733515
63,157,2.738032
64,157,2.754742
65,157,2.751676
66,157,2.741289
67,157,2.745775
68,157,2.742966
69,157,2.743447
70,157,2.744367
71,157,2.744531
72,157,2.737789
73,157,2.741681
74,157,2.738645
75,157,2.738561
76,157,2.739232
77,157,2.742878
78,157,2.739552
79,157,2.743076
80,157,2.758812
81,157,2.751425
82,157,2.754772
83,157,2.747241
84,157,2.746614
85,157,2.746646
86,157,2.750466
87,157,2.749637
88,157,2.741779
89,157,2.741525
90,157,2.740531
91,157,2.740133
92,157,2.739740
93,157,2.738470
94,157,2.737956
95,157,2.741119
96,157,2.749474
97,157,2.753911
98,157,2.754339
99,157,2.750199
100,157,2.750506
101,157,2.754657
102,157,2.750993
103,157,2.750417
104,157,2.742788
105,157,2.746645
106,157,2.746579
107,157,2.750318
108,157,2.741668
109,157,2.745287
110,157,2.744948
111,157,2.744558
112,157,2.755938
113,157,2.745152
114,157,2.745131
115,157,2.745769
116,157,2.738644
117,157,2.735295
118,157,2.735740
119,157,2.736110
120,157,2.732567
121,157,2.736661
122,157,2.740685
123,157,2.740792
124,157,2.736978
125,157,2.740803
126,157,2.736856
127,157,2.728989
128,157,2.723684
129,157,2.716999
130,157,2.717949
131,157,2.726542
132,157,2.723491
133,157,2.720386
134,157,2.717200
135,157,2.721662
136,157,2.718350
137,157,2.722667
138,157,2.726925
139,157,2.711844
140,157,2.712114
141,157,2.708459
142,157,2.717036
143,157,2.709396
144,157,2.736366
145,157,2.740152
146,157,2.740011
147,157,2.739832
148,157,2.740278
149,157,2.739979
150,157,2.743401
151,157,2.742983
152,157,2.742408
153,157,2.738634
154,157,2.741882
155,157,2.741083
156,157,2.736503
157,157,2.743994
158,157,2.743145
159,157,2.738198
160,157,2.738695
161,157,2.742729
162,157,2.738968
163,157,2.735876
164,157,2.739701
165,157,2.731891
166,157,2.740169
167,157,2.739922
168,157,2.743509
169,157,2.732277
170,157,2.739597
171,157,2.739063
172,157,2.735419
173,157,2.734740
174,157,2.734827
175,157,2.737856
176,157,2.737108
177,157,2.740868
178,157,2.728272
179,157,2.731907
180,157,2.734573
181,157,2.730376
182,157,2.732891
183,157,2.736272
184,157,2.734782
185,157,2.734180
186,157,2.734741
187,157,2.735654
188,157,2.734156
189,157,2.736835
190,157,2.735202
191,157,2.733865
192,157,2.732095
193,157,2.734818
194,157,2.730605
195,157,2.725481
196,157,2.725652
197,157,2.727383
198,157,2.729750
199,157,2.734737
200,157,2.733099
201,157,2.735244
202,157,2.728402
203,157,2.726536
204,157,2.723352
205,157,2.725176
206,157,2.730776
207,157,2.721520
208,157,2.721171
209,157,2.722667
210,157,2.715029
211,157,2.716345
212,157,2.721430
213,157,2.713466
214,157,2.718360
215,157,2.723165
216,157,2.723275
217,157,2.715605
218,157,2.714334
219,157,2.716006
220,157,2.715728
221,157,2.716068
222,157,2.711572
223,157,2.713608
224,157,2.707107
225,157,2.705072
226,157,2.703877
227,157,2.709296
228,157,2.703038
229,157,2.698729
230,157,2.701832
231,157,2.704806
232,157,2.699944
233,157,2.701490
234,157,2.695587
235,157,2.699914
236,157,2.692536
237,157,2.689500
238,157,2.689493
239,157,2.691253
240,157,2.680537
241,157,2.680537
242,157,2.679829
243,157,2.678943
244,157,2.679799
245,157,2.678538
246,157,2.677383
247,157,2.673757
248,157,2.672996
249,157,2.672794
250,157,2.672369
251,157,2.662150
252,157,2.666986
253,157,2.660015
254,157,2.654714
255,157,2.649147
0,158,2.665569
1,158,2.673252
2,158,2.665314
3,158,2.668732
4,158,2.677350
5,158,2.676490
6,158,2.683151
7,158,2.678827
8,158,2.669723
9,158,2.673366
10,158,2.671602
11,158,2.669680
12,158,2.671456
13,158,2.674308
14,158,2.671905
15,158,2.677067
16,158,2.698233
17,158,2.699268
18,158,2.701252
19,158,2.698148
20,158,2.698772
21,158,2.703127
22,158,2.704488
23,158,2.709307
24,158,2.705584
25,158,2.702656
26,158,2.702545
27,158,2.706182
28,158,2.706579
29,158,2.703122
30,158,2.702582
31,158,2.709651
32,158,2.721233
33,158,2.728807
34,158,2.720166
35,158,2.727545
36,158,2.730267
37,158,2.737467
38,158,2.736167
39,158,2.731556
40,158,2.730074
41,158,2.729811
42,158,2.728154
43,158,2.726420
44,158,2.733563
45,158,2.731663
46,158,2.729689
47,158,2.728842
48,158,2.734414
49,158,2.739916
50,158,2.738797
51,158,2.736441
52,158,2.737869
53,158,2.744195
54,158,2.741624
55,158,2.743217
56,158,2.737357
57,158,2.738431
58,158,2.732781
59,158,2.729864
60,158,2.731046
61,158,2.732555
62,158,2.733293
63,158,2.731100
64,158,2.739411
65,158,2.744767
66,158,2.741390
67,158,2.742025
68,158,2.743087
69,158,2.743375
70,158,2.744505
71,158,2.744667
72,158,2.734089
73,158,2.737979
74,158,2.734960
75,158,2.734872
76,158,2.735560
77,158,2.743778
78,158,2.735891
79,158,2.736283
80,158,2.747514
81,158,2.747786
82,158,2.747311
83,158,2.743610
84,158,2.751426
85,158,2.750726
86,158,2.746841
87,158,2.749870
88,158,2.741987
89,158,2.737927
90,158,2.744571
91,158,2.744242
92,158,2.736070
93,158,2.738728
94,158,2.738115
95,158,2.737543
96,158,2.753495
97,158,2.750138
98,158,2.742954
99,158,2.743329
100,158,2.750666
101,158,2.747068
102,158,2.755007
103,158,2.747457
104,158,2.750631
105,158,2.750643
106,158,2.746740
107,158,2.746609
108,158,2.749539
109,158,2.745410
110,158,2.745095
111,158,2.744700
112,158,2.752138
113,158,2.756786
114,158,2.745953
115,158,2.745851
116,158,2.734869
117,158,2.735388
118,158,2.735837
119,158,2.732366
120,158,2.736526
121,158,2.744477
122,158,2.740801
123,158,2.740909
124,158,2.740950
125,158,2.744776
126,158,2.729270
127,158,2.725254
128,158,2.727609
129,158,2.720933
130,158,2.725753
131,158,2.722775
132,158,2.715890
133,158,2.712787
134,158,2.709615
135,158,2.717931
136,158,2.726169
137,158,2.730495
138,158,2.707782
139,158,2.708118
140,158,2.704528
141,158,2.709336
142,158,2.709467
143,158,2.709530
144,158,2.744201
145,158,2.740276
146,158,2.736290
147,158,2.739919
148,158,2.736572
149,158,2.736205
150,158,2.743545
151,158,2.735327
152,158,2.747149
153,158,2.742640
154,158,2.734198
155,158,2.737376
156,158,2.741095
157,158,2.744150
158,158,2.735413
159,158,2.738344
160,158,2.736987
161,158,2.739060
162,158,2.735311
163,158,2.739931
164,158,2.739892
165,158,2.735946
166,158,2.738427
167,158,2.736288
168,158,2.735960
169,158,2.736363
170,158,2.730112
171,158,2.736171
172,158,2.735555
173,158,2.738834
174,158,2.731097
175,158,2.738107
176,158,2.737927
177,158,2.729403
178,158,2.729073
179,158,2.735837
180,158,2.730777
181,158,2.730435
182,158,2.729076
183,158,2.728605
184,158,2.730946
185,158,2.730344
186,158,2.732528
187,158,2.731794
188,158,2.726424
189,158,2.729097
190,158,2.728165
191,158,2.729953
192,158,2.730809
193,158,2.724722
194,158,2.727363
195,158,2.727291
196,158,2.727453
197,158,2.727954
198,158,2.729143
199,158,2.731421
200,158,2.725201
201,158,2.722989
202,158,2.725040
203,158,2.725767
204,158,2.723803
205,158,2.721763
206,158,2.722199
207,158,2.731549
208,158,2.721554
209,158,2.717832
210,158,2.713439
211,158,2.712815
212,158,2.716476
213,158,2.717590
214,158,2.714763
215,158,2.718081
216,158,2.716981
217,158,2.711152
218,158,2.715623
219,158,2.715409
220,158,2.717756
221,158,2.719135
222,158,2.715476
223,158,2.712899
224,158,2.706162
225,158,2.702154
226,158,2.701884
227,158,2.700487
228,158,2.703064
229,158,2.706263
230,158,2.697778
231,158,2.701531
232,158,2.702391
233,158,2.692726
234,158,2.690174
235,158,2.692511
236,158,2.698552
237,158,2.692884
238,158,2.693428
239,158,2.687411
240,158,2.680455
241,158,2.681805
242,158,2.675275
243,158,2.682455
244,158,2.683225
245,158,2.678024
246,158,2.676477
247,158,2.674962
248,158,2.671029
249,158,2.669928
250,158,2.669398
251,158,2.660929
252,158,2.661841
253,158,2.656680
254,158,2.655111
255,158,2.649419
0,159,2.674414
1,159,2.670636
2,159,2.666645
3,159,2.675611
4,159,2.675804
5,159,2.675027
6,159,2.681768
7,159,2.680623
8,159,2.680711
9,159,2.671479
10,159,2.669787
11,159,2.667935
12,159,2.671051
13,159,2.672712
14,159,2.674226
15,159,2.679449
16,159,2.704545
17,159,2.695201
18,159,2.696133
19,159,2.696936
20,159,2.702506
21,159,2.703035
22,159,2.707296
23,159,2.708328
24,159,2.709444
25,159,2.705634
26,159,2.705567
27,159,2.705393
28,159,2.702112
29,159,2.702443
30,159,2.705795
31,159,2.709834
32,159,2.716825
33,159,2.727575
34,159,2.724276
35,159,2.723267
36,159,2.729876
37,159,2.733213
38,159,2.732652
39,159,2.735135
40,159,2.730444
41,159,2.728894
42,159,2.727990
43,159,2.726847
44,159,2.725046
45,159,2.727747
46,159,2.726314
47,159,2.728128
48,159,2.738060
49,159,2.732734
50,159,2.734320
51,159,2.736277
52,159,2.738435
53,159,2.736359
54,159,2.742223
55,159,2.743444
56,159,2.744967
57,159,2.727507
58,159,2.732714
59,159,2.737505
60,159,2.731402
61,159,2.736369
62,159,2.726278
63,159,2.734937
64,159,2.747102
65,159,2.748627
66,159,2.745249
67,159,2.738691
68,159,2.746965
69,159,2.740280
70,159,2.744548
71,159,2.745443
72,159,2.745707
73,159,2.742625
74,159,2.738886
75,159,2.739534
76,159,2.739499
77,159,2.736172
78,159,2.732136
79,159,2.740247
80,159,2.751474
81,159,2.751758
82,159,2.744321
83,159,2.743737
84,159,2.751567
85,159,2.747007
86,159,2.746987
87,159,2.746910
88,159,2.745991
89,159,2.738088
90,159,2.737019
91,159,2.740552
92,159,2.740096
93,159,2.738891
94,159,2.738288
95,159,2.737605
96,159,2.749612
97,159,2.742510
98,159,2.739101
99,159,2.747265
100,159,2.746821
101,159,2.754841
102,159,2.751189
103,159,2.743653
104,159,2.754534
105,159,2.742991
106,159,2.739085
107,159,2.746686
108,159,2.742635
109,159,2.737785
110,159,2.741288
111,159,2.744748
112,159,2.752110
113,159,2.756766
114,159,2.749793
115,159,2.745827
116,159,2.742567
117,159,2.735386
118,159,2.731987
119,159,2.740078
120,159,2.732689
121,159,2.736790
122,159,2.733116
123,159,2.733227
124,159,2.733269
125,159,2.725536
126,159,2.725441
127,159,2.729130
128,159,2.731439
129,159,2.728625
130,159,2.729591
131,159,2.726634
132,159,2.712046
133,159,2.720505
134,159,2.717335
135,159,2.721800
136,159,2.714637
137,159,2.722816
138,159,2.707809
139,159,2.704291
140,159,2.700704
141,159,2.709382
142,159,2.705657
143,159,2.709570
144,159,2.744237
145,159,2.740308
146,159,2.736294
147,159,2.744578
148,159,2.740422
149,159,2.736257
150,159,2.739661
151,159,2.739227
152,159,2.735550
153,159,2.734876
154,159,2.741959
155,159,2.744991
156,159,2.741161
157,159,2.740193
158,159,2.735470
159,159,2.730497
160,159,2.742856
161,159,2.741100
162,159,2.735412
163,159,2.743893
164,159,2.736134
165,159,2.734104
166,159,2.736589
167,159,2.740217
168,159,2.732923
169,159,2.740283
170,159,2.735944
171,159,2.734302
172,159,2.731743
173,159,2.735756
174,159,2.731125
175,159,2.734268
176,159,2.734088
177,159,2.737107
178,159,2.732924
179,159,2.731965
180,159,2.735335
181,159,2.730398
182,159,2.733614
183,159,2.732401
184,159,2.725829
185,159,2.730265
186,159,2.729314
187,159,2.731691
188,159,2.730579
189,159,2.725115
190,159,2.731887
191,159,2.729796
192,159,2.732575
193,159,2.731053
194,159,2.729099
195,159,2.723551
196,159,2.723376
197,159,2.727725
198,159,2.725770
199,159,2.727302
200,159,2.721310
201,159,2.729203
202,159,2.722800
203,159,2.726161
204,159,2.725374
205,159,2.724683
206,159,2.718688
207,159,2.721505
208,159,2.720513
209,159,2.721968
210,159,2.714980
211,159,2.715508
212,159,2.708988
213,159,2.717082
214,159,2.717327
215,159,2.718229
216,159,2.718268
217,159,2.717037
218,159,2.714959
219,159,2.714627
220,159,2.715007
221,159,2.715284
222,159,2.708022
223,159,2.709991
224,159,2.704145
225,159,2.706846
226,159,2.700749
227,159,2.705329
228,159,2.701795
229,159,2.697235
230,159,2.700254
231,159,2.699289
232,159,2.695104
233,159,2.694993
234,159,2.693587
235,159,2.693962
236,159,2.692903
237,159,2.694872
238,159,2.688977
239,159,2.691163
240,159,2.682186
241,159,2.679605
242,159,2.669141
243,159,2.677758
244,159,2.669195
245,159,2.673536
246,159,2.673823
247,159,2.671975
248,159,2.666229
249,159,2.663900
250,159,2.663267
251,159,2.662396
252,159,2.658521
253,159,2.653205
254,159,2.647660
255,159,2.641839
0,160,2.683940
1,160,2.691816
2,160,2.689585
3,160,2.696995
4,160,2.700352
5,160,2.699661
6,160,2.694928
7,160,2.699180
8,160,2.701754
9,160,2.704156
10,160,2.710244
11,160,2.709783
12,160,2.703959
13,160,2.709539
14,160,2.703412
15,160,2.708697
16,160,2.727331
17,160,2.716897
18,160,2.721739
19,160,2.723676
20,160,2.724381
21,160,2.721109
22,160,2.719642
23,160,2.722885
24,160,2.727695
25,160,2.723930
26,160,2.723908
27,160,2.728513
28,160,2.732109
29,160,2.735601
30,160,2.732852
31,160,2.736125
32,160,2.739301
33,160,2.739283
34,160,2.738399
35,160,2.742022
36,160,2.751286
37,160,2.744337
38,160,2.746934
39,160,2.746977
40,160,2.749390
41,160,2.747869
42,160,2.750709
43,160,2.757459
44,160,2.752387
45,160,2.758227
46,160,2.756286
47,160,2.755519
48,160,2.757269
49,160,2.755570
50,160,2.750199
51,160,2.751722
52,160,2.749755
53,160,2.751869
54,160,2.757428
55,160,2.750948
56,160,2.756703
57,160,2.754305
58,160,2.755322
59,160,2.753499
60,160,2.754377
61,160,2.756242
62,160,2.753131
63,160,2.753811
64,160,2.767002
65,160,2.759843
66,160,2.757466
67,160,2.761735
68,160,2.766908
69,160,2.755636
70,160,2.764510
71,160,2.760817
72,160,2.761081
73,160,2.758014
74,160,2.765833
75,160,2.762642
76,160,2.763363
77,160,2.763146
78,160,2.763720
79,160,2.763378
80,160,2.767659
81,160,2.763340
82,160,2.759770
83,160,2.759180
84,160,2.755465
85,160,2.755520
86,160,2.762449
87,160,2.762382
88,160,2.761456
89,160,2.765077
90,160,2.757118
91,160,2.759814
92,160,2.763290
93,160,2.762765
94,160,2.765335
95,160,2.764661
96,160,2.754117
97,160,2.757809
98,160,2.762202
99,160,2.758739
100,160,2.766055
101,160,2.758618
102,160,2.762721
103,160,2.762891
104,160,2.766038
105,160,2.766063
106,160,2.769877
107,160,2.769757
108,160,2.765705
109,160,2.764687
110,160,2.768214
111,160,2.771676
112,160,2.759690
113,160,2.756649
114,160,2.757389
115,160,2.745716
116,160,2.750168
117,160,2.754551
118,160,2.751157
119,160,2.751547
120,160,2.748015
121,160,2.752123
122,160,2.748452
123,160,2.752417
124,160,2.756313
125,160,2.744729
126,160,2.748486
127,160,2.752174
128,160,2.750583
129,160,2.747778
130,160,2.744908
131,160,2.745806
132,160,2.738928
133,160,2.731978
134,160,2.732663
135,160,2.733288
136,160,2.733831
137,160,2.738158
138,160,2.750120
139,160,2.742748
140,160,2.743013
141,160,2.747859
142,160,2.747984
143,160,2.751894
144,160,2.771145
145,160,2.767211
146,160,2.763204
147,160,2.763801
148,160,2.759643
149,160,2.759259
150,160,2.762731
151,160,2.766053
152,160,2.770192
153,160,2.769515
154,160,2.768757
155,160,2.771916
156,160,2.756387
157,160,2.755569
158,160,2.754513
159,160,2.754161
160,160,2.766001
161,160,2.760380
162,160,2.767009
163,160,2.755463
164,160,2.755413
165,160,2.761835
166,160,2.767444
167,160,2.759460
168,160,2.767581
169,160,2.767223
170,160,2.771343
171,160,2.770864
172,160,2.750951
173,160,2.754969
174,160,2.750320
175,160,2.758065
176,160,2.757121
177,160,2.760888
178,160,2.757867
179,160,2.763433
180,160,2.754482
181,160,2.759159
182,160,2.766225
183,160,2.759215
184,160,2.758419
185,160,2.757815
186,160,2.763807
187,160,2.763070
188,160,2.747709
189,160,2.748762
190,160,2.742869
191,160,2.741856
192,160,2.755058
193,160,2.753903
194,160,2.744975
195,160,2.754073
196,160,2.752705
197,160,2.746212
198,160,2.746619
199,160,2.754184
200,160,2.747900
201,160,2.753859
202,160,2.755368
203,160,2.760407
204,160,2.746308
205,160,2.742305
206,160,2.741320
207,160,2.738480
208,160,2.743856
209,160,2.745820
210,160,2.741383
211,160,2.738788
212,160,2.735407
213,160,2.735709
214,160,2.737872
215,160,2.734885
216,160,2.731805
217,160,2.736694
218,160,2.741107
219,160,2.741568
220,160,2.721798
221,160,2.727040
222,160,2.729095
223,160,2.720474
224,160,2.716508
225,160,2.716280
226,160,2.710295
227,160,2.713660
228,160,2.713049
229,160,2.715077
230,160,2.721892
231,160,2.720870
232,160,2.722775
233,160,2.720271
234,160,2.726507
235,160,2.732596
236,160,2.713491
237,160,2.712161
238,160,2.717752
239,160,2.707767
240,160,2.699212
241,160,2.688846
242,160,2.689858
243,160,2.686832
244,160,2.691319
245,160,2.686261
246,160,2.686454
247,160,2.690288
248,160,2.688125
249,160,2.678129
250,160,2.683167
251,160,2.686036
252,160,2.661686
253,160,2.664047
254,160,2.662116
255,160,2.656169
0,161,2.688696
1,161,2.694553
2,161,2.694563
3,161,2.694362
4,161,2.701662
5,161,2.701059
6,161,2.697932
7,161,2.696913
8,161,2.703419
9,161,2.702046
10,161,2.700502
11,161,2.700132
12,161,2.702083
13,161,2.703878
14,161,2.705522
15,161,2.705162
16,161,2.721896
17,161,2.723079
18,161,2.724126
19,161,2.722281
20,161,2.715335
21,161,2.715968
22,161,2.717492
23,161,2.717858
24,161,2.718108
25,161,2.730574
26,161,2.731514
27,161,2.731406
28,161,2.731191
29,161,2.731721
30,161,2.735132
31,161,2.743062
32,161,2.739354
33,161,2.738600
34,161,2.741604
35,161,2.737536
36,161,2.741102
37,161,2.747670
38,161,2.739408
39,161,2.749640
40,161,2.741154
41,161,2.748111
42,161,2.746521
43,161,2.753136
44,161,2.755225
45,161,2.761849
46,161,2.760463
47,161,2.750751
48,161,2.753780
49,161,2.755467
50,161,2.757082
51,161,2.751372
52,161,2.753592
53,161,2.751553
54,161,2.752863
55,161,2.755260
56,161,2.752571
57,161,2.754430
58,161,2.755816
59,161,2.760625
60,161,2.751046
61,161,2.755717
62,161,2.752916
63,161,2.754361
64,161,2.759104
65,161,2.764269
66,161,2.765001
67,161,2.764256
68,161,2.759051
69,161,2.755484
70,161,2.760524
71,161,2.764534
72,161,2.754012
73,161,2.765599
74,161,2.762633
75,161,2.758683
76,161,2.763274
77,161,2.766904
78,161,2.763642
79,161,2.763294
80,161,2.763738
81,161,2.763265
82,161,2.759710
83,161,2.763751
84,161,2.759265
85,161,2.759337
86,161,2.754695
87,161,2.754621
88,161,2.758352
89,161,2.761192
90,161,2.760948
91,161,2.759783
92,161,2.763268
93,161,2.766607
94,161,2.757502
95,161,2.768501
96,161,2.761724
97,161,2.753742
98,161,2.762005
99,161,2.758629
100,161,2.755113
101,161,2.770050
102,161,2.762559
103,161,2.766597
104,161,2.766702
105,161,2.762068
106,161,2.765880
107,161,2.769638
108,161,2.773304
109,161,2.772226
110,161,2.768071
111,161,2.767676
112,161,2.759465
113,161,2.752579
114,161,2.753341
115,161,2.754017
116,161,2.746102
117,161,2.742794
118,161,2.747111
119,161,2.751359
120,161,2.747836
121,161,2.748090
122,161,2.752130
123,161,2.752245
124,161,2.744584
125,161,2.748411
126,161,2.744463
127,161,2.748149
128,161,2.750362
129,161,2.747568
130,161,2.740844
131,161,2.741763
132,161,2.742593
133,161,2.739499
134,161,2.732493
135,161,2.744667
136,161,2.733663
137,161,2.734136
138,161,2.742245
139,161,2.742584
140,161,2.747514
141,161,2.755413
142,161,2.747832
143,161,2.751738
144,161,2.763280
145,161,2.767045
146,161,2.763046
147,161,2.767469
148,161,2.759444
149,161,2.762969
150,161,2.770208
151,161,2.759008
152,161,2.762247
153,161,2.776964
154,161,2.772471
155,161,2.776287
156,161,2.763964
157,161,2.759118
158,161,2.758042
159,161,2.750184
160,161,2.765931
161,161,2.758352
162,161,2.751524
163,161,2.755376
164,161,2.759168
165,161,2.759816
166,161,2.753854
167,161,2.758206
168,161,2.759828
169,161,2.767095
170,161,2.771310
171,161,2.772651
172,161,2.751581
173,161,2.756744
174,161,2.754004
175,161,2.754048
176,161,2.756938
177,161,2.758781
178,161,2.755741
179,161,2.755531
180,161,2.754264
181,161,2.757777
182,161,2.756356
183,161,2.755885
184,161,2.750455
185,161,2.769115
186,161,2.767378
187,161,2.770492
188,161,2.750103
189,161,2.748452
190,161,2.743308
191,161,2.745370
192,161,2.749689
193,161,2.753533
194,161,2.751900
195,161,2.754446
196,161,2.751859
197,161,2.758108
198,161,2.744555
199,161,2.746022
200,161,2.748193
201,161,2.760559
202,161,2.762568
203,161,2.756250
204,161,2.736127
205,161,2.739238
206,161,2.737057
207,161,2.742502
208,161,2.740676
209,161,2.740162
210,161,2.740820
211,161,2.737413
212,161,2.734699
213,161,2.738873
214,161,2.730182
215,161,2.732174
216,161,2.732140
217,161,2.740485
218,161,2.736341
219,161,2.738688
220,161,2.720879
221,161,2.724045
222,161,2.720276
223,161,2.726029
224,161,2.711436
225,161,2.712290
226,161,2.709969
227,161,2.719964
228,161,2.715447
229,161,2.718509
230,161,2.716457
231,161,2.718421
232,161,2.717202
233,161,2.729326
234,161,2.726570
235,161,2.726813
236,161,2.713418
237,161,2.711999
238,161,2.705958
239,161,2.709383
240,161,2.693371
241,161,2.692189
242,161,2.687337
243,161,2.688077
244,161,2.684769
245,161,2.679596
246,161,2.685471
247,161,2.683427
248,161,2.675382
249,161,2.684446
250,161,2.685591
251,161,2.676787
252,161,2.660024
253,161,2.664188
254,161,2.654595
255,161,2.650240
0,162,2.685614
1,162,2.691599
2,162,2.687855
3,162,2.695455
4,162,2.687437
5,162,2.702335
6,162,2.699315
7,162,2.698380
8,162,2.697262
9,162,2.703673
10,162,2.703596
11,162,2.698074
12,162,2.700096
13,162,2.701960
14,162,2.698028
15,162,2.707264
16,162,2.724060
17,162,2.725304
18,162,2.723692
19,162,2.720784
20,162,2.721599
21,162,2.722286
22,162,2.721949
23,162,2.724292
24,162,2.724591
25,162,2.722662
26,162,2.718857
27,162,2.734205
28,162,2.731061
29,162,2.730764
30,162,2.730363
31,162,2.734530
32,162,2.742397
33,162,2.741680
34,162,2.745474
35,162,2.744551
36,162,2.743536
37,162,2.750832
38,162,2.742696
39,162,2.753616
40,162,2.748366
41,162,2.754591
42,162,2.754411
43,162,2.748900
44,162,2.759291
45,162,2.761313
46,162,2.756330
47,162,2.758722
48,162,2.756651
49,162,2.754995
50,162,2.753541
51,162,2.751240
52,162,2.753164
53,162,2.755339
54,162,2.760935
55,162,2.758331
56,162,2.756822
57,162,2.757925
58,162,2.759318
59,162,2.749498
60,162,2.758428
61,162,2.755395
62,162,2.753081
63,162,2.754064
64,162,2.763173
65,162,2.763995
66,162,2.760629
67,162,2.762077
68,162,2.758579
69,162,2.763724
70,162,2.763949
71,162,2.761234
72,162,2.757478
73,162,2.754612
74,162,2.762431
75,162,2.763123
76,162,2.763085
77,162,2.755947
78,162,2.755759
79,162,2.760056
80,162,2.763570
81,162,2.760039
82,162,2.763403
83,162,2.763603
84,162,2.759111
85,162,2.763050
86,162,2.762252
87,162,2.762191
88,162,2.758227
89,162,2.761059
90,162,2.760771
91,162,2.760469
92,162,2.763067
93,162,2.766495
94,162,2.761233
95,162,2.764418
96,162,2.765266
97,162,2.762054
98,162,2.753999
99,162,2.766051
100,162,2.758757
101,162,2.765921
102,162,2.766187
103,162,2.774053
104,162,2.762613
105,162,2.765678
106,162,2.769502
107,162,2.769394
108,162,2.773059
109,162,2.765135
110,162,2.767821
111,162,2.771288
112,162,2.759138
113,162,2.756114
114,162,2.756883
115,162,2.757567
116,162,2.745796
117,162,2.742485
118,162,2.742964
119,162,2.739517
120,162,2.751403
121,162,2.747812
122,162,2.751852
123,162,2.751971
124,162,2.752018
125,162,2.748140
126,162,2.744191
127,162,2.755582
128,162,2.750039
129,162,2.743402
130,162,2.740548
131,162,2.737602
132,162,2.734599
133,162,2.739226
134,162,2.736062
135,162,2.744396
136,162,2.737236
137,162,2.741572
138,162,2.745834
139,162,2.746166
140,162,2.743414
141,162,2.755163
142,162,2.751432
143,162,2.751481
144,162,2.766871
145,162,2.759075
146,162,2.763583
147,162,2.763376
148,162,2.759202
149,162,2.770358
150,162,2.769962
151,162,2.766388
152,162,2.765757
153,162,2.765170
154,162,2.764390
155,162,2.764505
156,162,2.775134
157,162,2.774121
158,162,2.758629
159,162,2.757464
160,162,2.759950
161,162,2.760096
162,162,2.760981
163,162,2.755196
164,162,2.757856
165,162,2.765434
166,162,2.755574
167,162,2.758005
168,162,2.761540
169,162,2.766865
170,162,2.763381
171,162,2.762779
172,162,2.762902
173,162,2.762271
174,162,2.758390
175,162,2.749930
176,162,2.757455
177,162,2.760427
178,162,2.752387
179,162,2.759085
180,162,2.750891
181,162,2.755533
182,162,2.754888
183,162,2.753360
184,162,2.754743
185,162,2.760761
186,162,2.760083
187,162,2.754380
188,162,2.757418
189,162,2.757329
190,162,2.750595
191,162,2.753057
192,162,2.751166
193,162,2.749602
194,162,2.743712
195,162,2.750106
196,162,2.748283
197,162,2.749880
198,162,2.751726
199,162,2.753960
200,162,2.750971
201,162,2.758825
202,162,2.750655
203,162,2.751771
204,162,2.749180
205,162,2.750920
206,162,2.732521
207,162,2.737331
208,162,2.738813
209,162,2.735700
210,162,2.740052
211,162,2.737410
212,162,2.737817
213,162,2.734980
214,162,2.738199
215,162,2.731306
216,162,2.739728
217,162,2.741455
218,162,2.729592
219,162,2.731054
220,162,2.735181
221,162,2.735350
222,162,2.722919
223,162,2.726699
224,162,2.719921
225,162,2.712830
226,162,2.712385
227,162,2.715670
228,162,2.713889
229,162,2.716895
230,162,2.712064
231,162,2.712802
232,162,2.719227
233,162,2.729361
234,162,2.718817
235,162,2.726697
236,162,2.719012
237,162,2.718873
238,162,2.707533
239,162,2.710880
240,162,2.685157
241,162,2.686224
242,162,2.682767
243,162,2.689197
244,162,2.681946
245,162,2.678344
246,162,2.676652
247,162,2.676432
248,162,2.683693
249,162,2.679164
250,162,2.672464
251,162,2.671249
252,162,2.673628
253,162,2.666108
254,162,2.654458
255,162,2.649935
0,163,2.687116
1,163,2.689373
2,163,2.693433
3,163,2.688715
4,163,2.692350
5,163,2.697384
6,163,2.696724
7,163,2.695874
8,163,2.694839
9,163,2.697477
10,163,2.701349
11,163,2.699755
12,163,2.702680
13,163,2.708465
14,163,2.699956
15,163,2.705405
16,163,2.726117
17,163,2.723570
18,163,2.729739
19,163,2.719184
20,163,2.720054
21,163,2.718009
22,163,2.722453
23,163,2.719068
24,163,2.720405
25,163,2.720613
26,163,2.725367
27,163,2.726264
28,163,2.733821
29,163,2.729713
30,163,2.737906
31,163,2.733572
32,163,2.736843
33,163,2.740800
34,163,2.744658
35,163,2.739917
36,163,2.747366
37,163,2.746277
38,163,2.741932
39,163,2.749152
40,163,2.751638
41,163,2.750818
42,163,2.753121
43,163,2.748231
44,163,2.762712
45,163,2.757055
46,163,2.763423
47,163,2.753744
48,163,2.753003
49,163,2.750867
50,163,2.752991
51,163,2.757270
52,163,2.752979
53,163,2.754831
54,163,2.756166
55,163,2.758634
56,163,2.755968
57,163,2.757463
58,163,2.755448
59,163,2.752919
60,163,2.761522
61,163,2.751917
62,163,2.752676
63,163,2.750612
64,163,2.762793
65,163,2.759766
66,163,2.764908
67,163,2.761721
68,163,2.759027
69,163,2.759534
70,163,2.763609
71,163,2.764768
72,163,2.757155
73,163,2.765867
74,163,2.761978
75,163,2.766686
76,163,2.762793
77,163,2.759523
78,163,2.759331
79,163,2.763642
80,163,2.759446
81,163,2.755928
82,163,2.759287
83,163,2.751829
84,163,2.755827
85,163,2.758955
86,163,2.758977
87,163,2.761953
88,163,2.757972
89,163,2.756970
90,163,2.764399
91,163,2.764107
92,163,2.762843
93,163,2.762337
94,163,2.765705
95,163,2.760350
96,163,2.760997
97,163,2.757802
98,163,2.761390
99,163,2.761809
100,163,2.762237
101,163,2.757887
102,163,2.765821
103,163,2.766021
104,163,2.766140
105,163,2.765330
106,163,2.773008
107,163,2.772900
108,163,2.772748
109,163,2.772492
110,163,2.771326
111,163,2.778649
112,163,2.762544
113,163,2.747985
114,163,2.756469
115,163,2.749455
116,163,2.749229
117,163,2.753639
118,163,2.754123
119,163,2.758387
120,163,2.758725
121,163,2.762838
122,163,2.751473
123,163,2.751594
124,163,2.751642
125,163,2.751618
126,163,2.747669
127,163,2.747500
128,163,2.749612
129,163,2.746837
130,163,2.743983
131,163,2.741058
132,163,2.738058
133,163,2.734984
134,163,2.735687
135,163,2.736306
136,163,2.744568
137,163,2.741198
138,163,2.741608
139,163,2.741944
140,163,2.746916
141,163,2.747104
142,163,2.751076
143,163,2.754975
144,163,2.754948
145,163,2.754852
146,163,2.751683
147,163,2.759133
148,163,2.758858
149,163,2.758453
150,163,2.757968
151,163,2.766056
152,163,2.769275
153,163,2.772412
154,163,2.767900
155,163,2.771735
156,163,2.759227
157,163,2.762226
158,163,2.754266
159,163,2.756933
160,163,2.750044
161,163,2.754870
162,163,2.758773
163,163,2.749127
164,163,2.755647
165,163,2.759359
166,163,2.759117
167,163,2.765465
168,163,2.759296
169,163,2.775066
170,163,2.770759
171,163,2.767114
172,163,2.754978
173,163,2.758063
174,163,2.754184
175,163,2.755339
176,163,2.749381
177,163,2.752336
178,163,2.748149
179,163,2.752903
180,163,2.750487
181,163,2.754873
182,163,2.752538
183,163,2.758692
184,163,2.754297
185,163,2.767997
186,163,2.759612
187,163,2.762405
188,163,2.745363
189,163,2.751841
190,163,2.751996
191,163,2.744819
192,163,2.747570
193,163,2.749038
194,163,2.740084
195,163,2.745226
196,163,2.743827
197,163,2.743819
198,163,2.751085
199,163,2.747037
200,163,2.751103
201,163,2.747974
202,163,2.749951
203,163,2.751289
204,163,2.737685
205,163,2.738600
206,163,2.728078
207,163,2.741188
208,163,2.733487
209,163,2.732929
210,163,2.731598
211,163,2.732777
212,163,2.733048
213,163,2.733302
214,163,2.738043
215,163,2.738050
216,163,2.732950
217,163,2.734634
218,163,2.734263
219,163,2.730768
220,163,2.718564
221,163,2.718689
222,163,2.725579
223,163,2.728364
224,163,2.712718
225,163,2.712365
226,163,2.703139
227,163,2.710224
228,163,2.705623
229,163,2.715175
230,163,2.715220
231,163,2.717898
232,163,2.721142
233,163,2.727359
234,163,2.725722
235,163,2.718762
236,163,2.711005
237,163,2.712719
238,163,2.710916
239,163,2.710331
240,163,2.686453
241,163,2.683584
242,163,2.686653
243,163,2.683364
244,163,2.682845
245,163,2.683000
246,163,2.677331
247,163,2.675081
248,163,2.678383
249,163,2.671816
250,163,2.678491
251,163,2.669417
252,163,2.658188
253,163,2.657237
254,163,2.655091
255,163,2.650404
0,164,2.687637
1,164,2.690027
2,164,2.690336
3,164,2.690425
4,164,2.694154
5,164,2.699299
6,164,2.694874
7,164,2.692182
8,164,2.697007
9,164,2.695871
10,164,2.695986
11,164,2.694466
12,164,2.692779
13,164,2.702489
14,164,2.697920
15,164,2.699582
16,164,2.716506
17,164,2.726775
18,164,2.720268
19,164,2.721330
20,164,2.726111
21,164,2.727989
22,164,2.720928
23,164,2.725301
24,164,2.722849
25,164,2.730811
26,164,2.727100
27,164,2.725028
28,164,2.728777
29,164,2.728566
30,164,2.736813
31,164,2.732519
32,164,2.740497
33,164,2.739837
34,164,2.739080
35,164,2.743650
36,164,2.742687
37,164,2.745485
38,164,2.748888
39,164,2.749564
40,164,2.750811
41,164,2.757894
42,164,2.756374
43,164,2.755374
44,164,2.761381
45,164,2.760984
46,164,2.759113
47,164,2.757700
48,164,2.747956
49,164,2.751010
50,164,2.756516
51,164,2.754243
52,164,2.756207
53,164,2.762298
54,164,2.752520
55,164,2.761497
56,164,2.756207
57,164,2.757332
58,164,2.758756
59,164,2.756699
60,164,2.754099
61,164,2.754936
62,164,2.756838
63,164,2.753684
64,164,2.762308
65,164,2.763689
66,164,2.760593
67,164,2.761841
68,164,2.758584
69,164,2.766582
70,164,2.760140
71,164,2.756639
72,164,2.761409
73,164,2.761606
74,164,2.762397
75,164,2.762439
76,164,2.766957
77,164,2.759141
78,164,2.759782
79,164,2.759418
80,164,2.763763
81,164,2.763272
82,164,2.755909
83,164,2.759182
84,164,2.759339
85,164,2.754754
86,164,2.758641
87,164,2.761609
88,164,2.761494
89,164,2.757483
90,164,2.764070
91,164,2.756019
92,164,2.758661
93,164,2.765871
94,164,2.765395
95,164,2.767734
96,164,2.764444
97,164,2.761149
98,164,2.760879
99,164,2.757539
100,164,2.761756
101,164,2.765972
102,164,2.765388
103,164,2.769415
104,164,2.773401
105,164,2.769601
106,164,2.776420
107,164,2.768618
108,164,2.772295
109,164,2.772085
110,164,2.770873
111,164,2.774338
112,164,2.758153
113,164,2.755162
114,164,2.752095
115,164,2.752807
116,164,2.749591
117,164,2.745423
118,164,2.753618
119,164,2.754034
120,164,2.758229
121,164,2.754646
122,164,2.758694
123,164,2.762670
124,164,2.755014
125,164,2.758843
126,164,2.754893
127,164,2.754723
128,164,2.749079
129,164,2.746314
130,164,2.743475
131,164,2.736702
132,164,2.737559
133,164,2.742193
134,164,2.739046
135,164,2.735825
136,164,2.736382
137,164,2.740719
138,164,2.748834
139,164,2.746194
140,164,2.750309
141,164,2.754351
142,164,2.750614
143,164,2.754509
144,164,2.754479
145,164,2.758228
146,164,2.755053
147,164,2.758685
148,164,2.758346
149,164,2.765631
150,164,2.762236
151,164,2.765520
152,164,2.768721
153,164,2.768115
154,164,2.772034
155,164,2.771150
156,164,2.758790
157,164,2.757752
158,164,2.753645
159,164,2.760351
160,164,2.757370
161,164,2.760278
162,164,2.758390
163,164,2.756436
164,164,2.759134
165,164,2.764738
166,164,2.755701
167,164,2.763131
168,164,2.764652
169,164,2.763089
170,164,2.768400
171,164,2.764758
172,164,2.758387
173,164,2.754592
174,164,2.753724
175,164,2.757632
176,164,2.752759
177,164,2.752684
178,164,2.751511
179,164,2.758796
180,164,2.757683
181,164,2.760958
182,164,2.748155
183,164,2.755122
184,164,2.765302
185,164,2.764402
186,164,2.758725
187,164,2.759896
188,164,2.754886
189,164,2.751231
190,164,2.749904
191,164,2.748032
192,164,2.746531
193,164,2.753050
194,164,2.748614
195,164,2.749204
196,164,2.751196
197,164,2.752728
198,164,2.746827
199,164,2.743252
200,164,2.749812
201,164,2.751855
202,164,2.745563
203,164,2.750458
204,164,2.738183
205,164,2.737959
206,164,2.737653
207,164,2.739646
208,164,2.735307
209,164,2.732132
210,164,2.731456
211,164,2.731067
212,164,2.728270
213,164,2.738110
214,164,2.729330
215,164,2.725393
216,164,2.731014
217,164,2.729628
218,164,2.731130
219,164,2.729519
220,164,2.722023
221,164,2.724196
222,164,2.720311
223,164,2.725945
224,164,2.716970
225,164,2.714640
226,164,2.713053
227,164,2.716230
228,164,2.709647
229,164,2.714410
230,164,2.703680
231,164,2.710149
232,164,2.721018
233,164,2.719463
234,164,2.723538
235,164,2.720342
236,164,2.710586
237,164,2.712225
238,164,2.713696
239,164,2.701954
240,164,2.691478
241,164,2.692376
242,164,2.681850
243,164,2.678469
244,164,2.678738
245,164,2.684576
246,164,2.667228
247,164,2.674508
248,164,2.677703
249,164,2.680659
250,164,2.673736
251,164,2.668370
252,164,2.655092
253,164,2.653096
254,164,2.646961
255,164,2.647879
0,165,2.680313
1,165,2.678985
2,165,2.687105
3,165,2.691148
4,165,2.694975
5,165,2.692532
6,165,2.690125
7,165,2.691374
8,165,2.690506
9,165,2.697159
10,165,2.697374
11,165,2.695931
12,165,2.694320
13,165,2.693884
14,165,2.691916
15,165,2.697499
16,165,2.722195
17,165,2.724839
18,165,2.726100
19,165,2.719516
20,165,2.725477
21,165,2.726305
22,165,2.723151
23,165,2.724764
24,165,2.721337
25,165,2.721644
26,165,2.726651
27,165,2.726704
28,165,2.723635
29,165,2.732065
30,165,2.727917
31,165,2.731370
32,165,2.739400
33,165,2.734926
34,165,2.741912
35,165,2.741860
36,165,2.749473
37,165,2.749175
38,165,2.751900
39,165,2.754535
40,165,2.750044
41,165,2.756342
42,165,2.760166
43,165,2.754723
44,165,2.761351
45,165,2.755731
46,165,2.762149
47,165,2.761043
48,165,2.755176
49,165,2.745891
50,165,2.747565
51,165,2.754330
52,165,2.759699
53,165,2.757737
54,165,2.755244
55,165,2.761639
56,165,2.755142
57,165,2.760524
58,165,2.758567
59,165,2.759921
60,165,2.753132
61,165,2.759004
62,165,2.755926
63,165,2.756940
64,165,2.762268
65,165,2.759263
66,165,2.757011
67,165,2.761290
68,165,2.761887
69,165,2.763023
70,165,2.763462
71,165,2.760614
72,165,2.753190
73,165,2.764944
74,165,2.758045
75,165,2.758086
76,165,2.758766
77,165,2.758652
78,165,2.759207
79,165,2.758940
80,165,2.763301
81,165,2.758949
82,165,2.759308
83,165,2.758722
84,165,2.758891
85,165,2.762005
86,165,2.754345
87,165,2.762030
88,165,2.761056
89,165,2.760908
90,165,2.755927
91,165,2.759446
92,165,2.762958
93,165,2.761591
94,165,2.766803
95,165,2.764340
96,165,2.763813
97,165,2.752934
98,165,2.753437
99,165,2.756935
100,165,2.768940
101,165,2.765397
102,165,2.760954
103,165,2.765023
104,165,2.765158
105,165,2.769060
106,165,2.768155
107,165,2.771911
108,165,2.767916
109,165,2.771523
110,165,2.774152
111,165,2.773780
112,165,2.761342
113,165,2.754508
114,165,2.751465
115,165,2.759890
116,165,2.756682
117,165,2.756353
118,165,2.749152
119,165,2.753426
120,165,2.757625
121,165,2.761751
122,165,2.758101
123,165,2.762079
124,165,2.750571
125,165,2.750548
126,165,2.754304
127,165,2.754132
128,165,2.744582
129,165,2.745680
130,165,2.746695
131,165,2.736090
132,165,2.733098
133,165,2.737735
134,165,2.746161
135,165,2.742941
136,165,2.743499
137,165,2.740130
138,165,2.748252
139,165,2.749485
140,165,2.745892
141,165,2.749931
142,165,2.750045
143,165,2.750083
144,165,2.757753
145,165,2.753796
146,165,2.758351
147,165,2.765784
148,165,2.757789
149,165,2.761219
150,165,2.761606
151,165,2.761123
152,165,2.756615
153,165,2.771288
154,165,2.767505
155,165,2.774463
156,165,2.769636
157,165,2.769467
158,165,2.764668
159,165,2.763454
160,165,2.757764
161,165,2.754007
162,165,2.757900
163,165,2.754883
164,165,2.758640
165,165,2.758449
166,165,2.760977
167,165,2.764541
168,165,2.755359
169,165,2.770267
170,165,2.765933
171,165,2.766147
172,165,2.763614
173,165,2.769454
174,165,2.768567
175,165,2.768627
176,165,2.759881
177,165,2.755765
178,165,2.754764
179,165,2.754343
180,165,2.753212
181,165,2.754559
182,165,2.755221
183,165,2.750628
184,165,2.747871
185,165,2.759884
186,165,2.758888
187,165,2.761131
188,165,2.758042
189,165,2.762922
190,165,2.756883
191,165,2.751600
192,165,2.749626
193,165,2.749946
194,165,2.748673
195,165,2.747960
196,165,2.750388
197,165,2.748413
198,165,2.747906
199,165,2.739961
200,165,2.745922
201,165,2.744634
202,165,2.752356
203,165,2.749790
204,165,2.747708
205,165,2.747933
206,165,2.745673
207,165,2.742681
208,165,2.740237
209,165,2.733000
210,165,2.729679
211,165,2.730809
212,165,2.734956
213,165,2.732031
214,165,2.731220
215,165,2.726160
216,165,2.727876
217,165,2.728376
218,165,2.730701
219,165,2.732023
220,165,2.731322
221,165,2.732357
222,165,2.738057
223,165,2.734010
224,165,2.713412
225,165,2.716809
226,165,2.716230
227,165,2.714423
228,165,2.708830
229,165,2.719393
230,165,2.713219
231,165,2.711919
232,165,2.714328
233,165,2.715305
234,165,2.711605
235,165,2.719306
236,165,2.713900
237,165,2.717389
238,165,2.718781
239,165,2.714643
240,165,2.684818
241,165,2.681776
242,165,2.682394
243,165,2.686926
244,165,2.673613
245,165,2.679352
246,165,2.671506
247,165,2.670973
248,165,2.668277
249,165,2.673044
250,165,2.669854
251,165,2.668188
252,165,2.660560
253,165,2.660357
254,165,2.657936
255,165,2.645190
0,166,2.685331
1,166,2.687988
2,166,2.687589
3,166,2.691736
4,166,2.687957
5,166,2.687818
6,166,2.696806
7,166,2.692366
8,166,2.691585
9,166,2.690617
10,166,2.690934
11,166,2.693423
12,166,2.695741
13,166,2.695398
14,166,2.701207
15,166,2.699154
16,166,2.720065
17,166,2.718938
18,166,2.720261
19,166,2.717591
20,166,2.723628
21,166,2.724512
22,166,2.717561
23,166,2.726949
24,166,2.719721
25,166,2.723932
26,166,2.721295
27,166,2.729102
28,166,2.729089
29,166,2.729873
30,166,2.726628
31,166,2.737829
32,166,2.738205
33,166,2.741476
34,166,2.745442
35,166,2.740792
36,166,2.739900
37,166,2.747354
38,166,2.747113
39,166,2.750475
40,166,2.745332
41,166,2.748464
42,166,2.754691
43,166,2.760835
44,166,2.760647
45,166,2.762759
46,166,2.757655
47,166,2.763447
48,166,2.754285
49,166,2.753056
50,166,2.751402
51,166,2.749158
52,166,2.758869
53,166,2.757319
54,166,2.759137
55,166,2.756581
56,166,2.755217
57,166,2.756363
58,166,2.757820
59,166,2.758817
60,166,2.757103
61,166,2.757957
62,166,2.759067
63,166,2.757092
64,166,2.753876
65,166,2.759441
66,166,2.763793
67,166,2.756776
68,166,2.761854
69,166,2.762382
70,166,2.758968
71,166,2.756138
72,166,2.760272
73,166,2.761165
74,166,2.757437
75,166,2.758348
76,166,2.762024
77,166,2.755076
78,166,2.754770
79,166,2.751525
80,166,2.762730
81,166,2.759252
82,166,2.762598
83,166,2.759038
84,166,2.758334
85,166,2.758477
86,166,2.757649
87,166,2.757637
88,166,2.756655
89,166,2.764223
90,166,2.756278
91,166,2.758910
92,166,2.754653
93,166,2.764907
94,166,2.768202
95,166,2.763709
96,166,2.763069
97,166,2.756061
98,166,2.752823
99,166,2.752365
100,166,2.756681
101,166,2.760915
102,166,2.760305
103,166,2.768197
104,166,2.764493
105,166,2.768413
106,166,2.767493
107,166,2.771263
108,166,2.767245
109,166,2.774704
110,166,2.770582
111,166,2.773110
112,166,2.756713
113,166,2.761463
114,166,2.754563
115,166,2.755304
116,166,2.755957
117,166,2.755622
118,166,2.748418
119,166,2.752705
120,166,2.764616
121,166,2.761045
122,166,2.761247
123,166,2.753671
124,166,2.757577
125,166,2.749849
126,166,2.749751
127,166,2.753431
128,166,2.747678
129,166,2.744935
130,166,2.745966
131,166,2.743055
132,166,2.751641
133,166,2.748590
134,166,2.737742
135,166,2.738388
136,166,2.742800
137,166,2.739438
138,166,2.728288
139,166,2.733401
140,166,2.749070
141,166,2.749256
142,166,2.753217
143,166,2.745545
144,166,2.757062
145,166,2.746295
146,166,2.749981
147,166,2.757412
148,166,2.757056
149,166,2.764322
150,166,2.760955
151,166,2.764218
152,166,2.763545
153,166,2.766773
154,166,2.770712
155,166,2.769803
156,166,2.768809
157,166,2.768827
158,166,2.763825
159,166,2.758737
160,166,2.757163
161,166,2.753419
162,166,2.749593
163,166,2.758158
164,166,2.761887
165,166,2.758724
166,166,2.758437
167,166,2.756209
168,166,2.760517
169,166,2.765869
170,166,2.762317
171,166,2.769352
172,166,2.771543
173,166,2.763015
174,166,2.761066
175,166,2.758321
176,166,2.750437
177,166,2.747366
178,166,2.747227
179,166,2.753632
180,166,2.757213
181,166,2.755754
182,166,2.753157
183,166,2.757580
184,166,2.752894
185,166,2.755254
186,166,2.761960
187,166,2.757015
188,166,2.763012
189,166,2.755970
190,166,2.749210
191,166,2.750754
192,166,2.743848
193,166,2.743286
194,166,2.741572
195,166,2.740211
196,166,2.748997
197,166,2.743627
198,166,2.747316
199,166,2.751416
200,166,2.740553
201,166,2.746415
202,166,2.751633
203,166,2.748746
204,166,2.742198
205,166,2.743860
206,166,2.737096
207,166,2.737702
208,166,2.723010
209,166,2.732008
210,166,2.724790
211,166,2.731665
212,166,2.732962
213,166,2.730001
214,166,2.730798
215,166,2.732606
216,166,2.723555
217,166,2.738583
218,166,2.726496
219,166,2.725835
220,166,2.733659
221,166,2.724036
222,166,2.724875
223,166,2.724631
224,166,2.703968
225,166,2.709239
226,166,2.705782
227,166,2.709680
228,166,2.710687
229,166,2.713485
230,166,2.709158
231,166,2.713574
232,166,2.712064
233,166,2.714881
234,166,2.714963
235,166,2.716813
236,166,2.719018
237,166,2.703165
238,166,2.704476
239,166,2.706013
240,166,2.674176
241,166,2.674897
242,166,2.675423
243,166,2.672131
244,166,2.670278
245,166,2.670135
246,166,2.666011
247,166,2.674999
248,166,2.670264
249,166,2.672986
250,166,2.669557
251,166,2.663999
252,166,2.656238
253,166,2.652046
254,166,2.654326
255,166,2.643332
0,167,2.681594
1,167,2.674803
2,167,2.681166
3,167,2.689268
4,167,2.685588
5,167,2.693250
6,167,2.689869
7,167,2.693227
8,167,2.692536
9,167,2.691654
10,167,2.688222
11,167,2.690792
12,167,2.689335
13,167,2.695415
14,167,2.694969
15,167,2.692986
16,167,2.713965
17,167,2.720628
18,167,2.714310
19,167,2.727113
20,167,2.721667
21,167,2.726463
22,167,2.723421
23,167,2.725173
24,167,2.717999
25,167,2.722260
26,167,2.727394
27,167,2.719837
28,167,2.727577
29,167,2.728419
30,167,2.728211
31,167,2.729646
32,167,2.740764
33,167,2.732517
34,167,2.736533
35,167,2.747332
36,167,2.743387
37,167,2.742419
38,167,2.745211
39,167,2.744764
40,167,2.748232
41,167,2.751405
42,167,2.749957
43,167,2.752906
44,167,2.755128
45,167,2.757860
46,167,2.753070
47,167,2.751741
48,167,2.753613
49,167,2.748227
50,167,2.750804
51,167,2.760633
52,167,2.754471
53,167,2.760255
54,167,2.761640
55,167,2.756553
56,167,2.757785
57,167,2.755495
58,167,2.765157
59,167,2.754984
60,167,2.759771
61,167,2.758005
62,167,2.755270
63,167,2.752131
64,167,2.765516
65,167,2.758384
66,167,2.759165
67,167,2.760483
68,167,2.761101
69,167,2.765482
70,167,2.762741
71,167,2.763109
72,167,2.760237
73,167,2.756594
74,167,2.760570
75,167,2.757498
76,167,2.753611
77,167,2.758241
78,167,2.754075
79,167,2.758552
80,167,2.758194
81,167,2.758582
82,167,2.754217
83,167,2.766083
84,167,2.757664
85,167,2.761675
86,167,2.756986
87,167,2.760838
88,167,2.760762
89,167,2.759688
90,167,2.755640
91,167,2.754409
92,167,2.754016
93,167,2.761330
94,167,2.759857
95,167,2.759226
96,167,2.762335
97,167,2.755220
98,167,2.755852
99,167,2.763177
100,167,2.763571
101,167,2.767821
102,167,2.768136
103,167,2.767436
104,167,2.767567
105,167,2.767648
106,167,2.770563
107,167,2.766627
108,167,2.766494
109,167,2.773965
110,167,2.769795
111,167,2.776180
112,167,2.751985
113,167,2.756730
114,167,2.757559
115,167,2.754457
116,167,2.755117
117,167,2.751859
118,167,2.751432
119,167,2.759577
120,167,2.763786
121,167,2.752514
122,167,2.756576
123,167,2.756707
124,167,2.756762
125,167,2.760594
126,167,2.760495
127,167,2.756468
128,167,2.742953
129,167,2.736368
130,167,2.748975
131,167,2.746069
132,167,2.743101
133,167,2.751611
134,167,2.729220
135,167,2.726015
136,167,2.738133
137,167,2.742478
138,167,2.728426
139,167,2.728762
140,167,2.740576
141,167,2.736906
142,167,2.752423
143,167,2.756305
144,167,2.748553
145,167,2.753224
146,167,2.749164
147,167,2.756580
148,167,2.752422
149,167,2.755833
150,167,2.760098
151,167,2.759490
152,167,2.782037
153,167,2.786064
154,167,2.773661
155,167,2.765026
156,167,2.760334
157,167,2.760183
158,167,2.759013
159,167,2.765676
160,167,2.756475
161,167,2.752718
162,167,2.749800
163,167,2.749748
164,167,2.753463
165,167,2.754160
166,167,2.757767
167,167,2.762162
168,167,2.784826
169,167,2.772826
170,167,2.765426
171,167,2.764738
172,167,2.761156
173,167,2.760315
174,167,2.760295
175,167,2.763313
176,167,2.747725
177,167,2.746560
178,167,2.746425
179,167,2.745102
180,167,2.748445
181,167,2.758762
182,167,2.754237
183,167,2.749622
184,167,2.773214
185,167,2.766507
186,167,2.753358
187,167,2.756114
188,167,2.752996
189,167,2.753113
190,167,2.753675
191,167,2.750685
192,167,2.748250
193,167,2.743184
194,167,2.741459
195,167,2.742593
196,167,2.741141
197,167,2.742978
198,167,2.740475
199,167,2.740191
200,167,2.767310
201,167,2.760154
202,167,2.750503
203,167,2.747886
204,167,2.741912
205,167,2.746787
206,167,2.743592
207,167,2.744393
208,167,2.726493
209,167,2.727066
210,167,2.727340
211,167,2.727674
212,167,2.728643
213,167,2.721025
214,167,2.725637
215,167,2.725467
216,167,2.748222
217,167,2.738152
218,167,2.728832
219,167,2.732889
220,167,2.730112
221,167,2.722368
222,167,2.726997
223,167,2.732482
224,167,2.703171
225,167,2.704495
226,167,2.711510
227,167,2.697998
228,167,2.712430
229,167,2.707461
230,167,2.708834
231,167,2.703552
232,167,2.728945
233,167,2.722042
234,167,2.714347
235,167,2.706490
236,167,2.708599
237,167,2.711930
238,167,2.701601
239,167,2.701106
240,167,2.676886
241,167,2.671738
242,167,2.670499
243,167,2.674536
244,167,2.670656
245,167,2.668482
246,167,2.664223
247,167,2.659614
248,167,2.681732
249,167,2.678556
250,167,2.670186
251,167,2.668356
252,167,2.654687
253,167,2.650360
254,167,2.647263
255,167,2.636478
0,168,2.677709
1,168,2.682592
2,168,2.689095
3,168,2.689599
4,168,2.682170
5,168,2.689933
6,168,2.685924
7,168,2.687194
8,168,2.686590
9,168,2.688708
10,168,2.693089
11,168,2.691888
12,168,2.690510
13,168,2.692814
14,168,2.688609
15,168,2.698257
16,168,2.719306
17,168,2.718348
18,168,2.727506
19,168,2.724962
20,168,2.723446
21,168,2.724449
22,168,2.721465
23,168,2.719435
24,168,2.720020
25,168,2.720481
26,168,2.725679
27,168,2.718172
28,168,2.722107
29,168,2.723009
30,168,2.726698
31,168,2.723458
32,168,2.738472
33,168,2.738868
34,168,2.742936
35,168,2.742215
36,168,2.746024
37,168,2.745091
38,168,2.744799
39,168,2.751369
40,168,2.750837
41,168,2.749506
42,168,2.760540
43,168,2.751970
44,168,2.761926
45,168,2.756990
46,168,2.755208
47,168,2.753913
48,168,2.748996
49,168,2.759055
50,168,2.760784
51,168,2.755232
52,168,2.757689
53,168,2.759650
54,168,2.757655
55,168,2.762828
56,168,2.761540
57,168,2.758856
58,168,2.756492
59,168,2.749804
60,168,2.755866
61,168,2.752884
62,168,2.757875
63,168,2.755966
64,168,2.764322
65,168,2.761345
66,168,2.762757
67,168,2.759614
68,168,2.760233
69,168,2.761436
70,168,2.761893
71,168,2.763169
72,168,2.755553
73,168,2.755762
74,168,2.760482
75,168,2.756680
76,168,2.757559
77,168,2.757312
78,168,2.754184
79,168,2.757760
80,168,2.758231
81,168,2.769357
82,168,2.761132
83,168,2.759481
84,168,2.761662
85,168,2.760905
86,168,2.757141
87,168,2.760072
88,168,2.760009
89,168,2.758925
90,168,2.758740
91,168,2.753645
92,168,2.757116
93,168,2.760504
94,168,2.755248
95,168,2.762334
96,168,2.758456
97,168,2.762080
98,168,2.758763
99,168,2.767034
100,168,2.762712
101,168,2.763112
102,168,2.767234
103,168,2.770379
104,168,2.766691
105,168,2.766773
106,168,2.770631
107,168,2.765748
108,168,2.769447
109,168,2.769211
110,168,2.768951
111,168,2.763721
112,168,2.747123
113,168,2.751894
114,168,2.756585
115,168,2.749639
116,168,2.754172
117,168,2.750920
118,168,2.754327
119,168,2.758625
120,168,2.758993
121,168,2.755429
122,168,2.759493
123,168,2.763480
124,168,2.759684
125,168,2.755810
126,168,2.757638
127,168,2.757462
128,168,2.753521
129,168,2.754654
130,168,2.744144
131,168,2.745113
132,168,2.738296
133,168,2.746810
134,168,2.751392
135,168,2.721219
136,168,2.733349
137,168,2.726136
138,168,2.723666
139,168,2.735560
140,168,2.731965
141,168,2.747557
142,168,2.755365
143,168,2.751537
144,168,2.747632
145,168,2.748451
146,168,2.752124
147,168,2.755685
148,168,2.751457
149,168,2.759664
150,168,2.782335
151,168,2.777871
152,168,2.757912
153,168,2.788913
154,168,2.780493
155,168,2.768000
156,168,2.764083
157,168,2.762978
158,168,2.761990
159,168,2.761681
160,168,2.753744
161,168,2.751900
162,168,2.747071
163,168,2.752780
164,168,2.750701
165,168,2.753333
166,168,2.776191
167,168,2.784446
168,168,2.757006
169,168,2.772895
170,168,2.774199
171,168,2.757086
172,168,2.756296
173,168,2.755573
174,168,2.767114
175,168,2.761231
176,168,2.752603
177,168,2.746560
178,168,2.743362
179,168,2.748935
180,168,2.749430
181,168,2.748829
182,168,2.772538
183,168,2.771773
184,168,2.755807
185,168,2.765516
186,168,2.768343
187,168,2.751243
188,168,2.746194
189,168,2.748754
190,168,2.750694
191,168,2.753077
192,168,2.748076
193,168,2.741658
194,168,2.739906
195,168,2.740446
196,168,2.741445
197,168,2.741826
198,168,2.766661
199,168,2.764952
200,168,2.732810
201,168,2.754049
202,168,2.753437
203,168,2.741151
204,168,2.740015
205,168,2.744851
206,168,2.740594
207,168,2.747133
208,168,2.724433
209,168,2.724962
210,168,2.726098
211,168,2.726387
212,168,2.721540
213,168,2.723505
214,168,2.750274
215,168,2.752822
216,168,2.727434
217,168,2.739388
218,168,2.736841
219,168,2.727369
220,168,2.718752
221,168,2.730224
222,168,2.727083
223,168,2.721951
224,168,2.707998
225,168,2.702460
226,168,2.709419
227,168,2.707391
228,168,2.704425
229,168,2.705173
230,168,2.725728
231,168,2.728086
232,168,2.711029
233,168,2.719448
234,168,2.721312
235,168,2.701821
236,168,2.703832
237,168,2.701303
238,168,2.710154
239,168,2.701845
240,168,2.671756
241,168,2.672294
242,168,2.672862
243,168,2.669094
244,168,2.667037
245,168,2.664757
246,168,2.689257
247,168,2.683611
248,168,2.655528
249,168,2.682933
250,168,2.665835
251,168,2.656166
252,168,2.655844
253,168,2.655227
254,168,2.644242
255,168,2.639082
0,169,2.678516
1,169,2.679662
2,169,2.671871
3,169,2.682080
4,169,2.686316
5,169,2.690329
6,169,2.686419
7,169,2.691661
8,169,2.687298
9,169,2.690443
10,169,2.685692
11,169,2.686102
12,169,2.687706
13,169,2.690088
14,169,2.693684
15,169,2.695699
16,169,2.716820
17,169,2.718521
18,169,2.713615
19,169,2.718841
20,169,2.723924
21,169,2.722320
22,169,2.719395
23,169,2.717437
24,169,2.721930
25,169,2.722445
26,169,2.712298
27,169,2.720252
28,169,2.720383
29,169,2.725197
30,169,2.721227
31,169,2.729603
32,169,2.733101
33,169,2.729639
34,169,2.740615
35,169,2.736996
36,169,2.748560
37,169,2.747664
38,169,2.739713
39,169,2.746317
40,169,2.745829
41,169,2.744530
42,169,2.747662
43,169,2.742320
44,169,2.753845
45,169,2.752172
46,169,2.751010
47,169,2.753011
48,169,2.751638
49,169,2.749614
50,169,2.745097
51,169,2.750612
52,169,2.764248
53,169,2.758041
54,169,2.756988
55,169,2.762181
56,169,2.760026
57,169,2.757771
58,169,2.755937
59,169,2.749648
60,169,2.754454
61,169,2.755693
62,169,2.753904
63,169,2.750779
64,169,2.755604
65,169,2.757112
66,169,2.754062
67,169,2.750921
68,169,2.763776
69,169,2.764323
70,169,2.753221
71,169,2.762015
72,169,2.758458
73,169,2.759414
74,169,2.755697
75,169,2.751892
76,169,2.756499
77,169,2.756389
78,169,2.757133
79,169,2.756850
80,169,2.761189
81,169,2.756898
82,169,2.753468
83,169,2.752808
84,169,2.760784
85,169,2.760018
86,169,2.756257
87,169,2.755334
88,169,2.759138
89,169,2.754191
90,169,2.757869
91,169,2.757583
92,169,2.752393
93,169,2.759644
94,169,2.758227
95,169,2.757617
96,169,2.761237
97,169,2.761002
98,169,2.753950
99,169,2.754431
100,169,2.757808
101,169,2.762077
102,169,2.758556
103,169,2.761643
104,169,2.761823
105,169,2.761919
106,169,2.761932
107,169,2.768583
108,169,2.768460
109,169,2.768236
110,169,2.764076
111,169,2.767544
112,169,2.755624
113,169,2.754628
114,169,2.747772
115,169,2.752394
116,169,2.743463
117,169,2.749851
118,169,2.749389
119,169,2.757547
120,169,2.754073
121,169,2.754367
122,169,2.750730
123,169,2.758575
124,169,2.762486
125,169,2.760540
126,169,2.758514
127,169,2.754484
128,169,2.756265
129,169,2.749703
130,169,2.743062
131,169,2.740183
132,169,2.744929
133,169,2.741902
134,169,2.715663
135,169,2.716315
136,169,2.724601
137,169,2.728946
138,169,2.730352
139,169,2.726833
140,169,2.734798
141,169,2.731121
142,169,2.735072
143,169,2.735092
144,169,2.751432
145,169,2.751293
146,169,2.747216
147,169,2.750761
148,169,2.754293
149,169,2.758669
150,169,2.758124
151,169,2.765200
152,169,2.756781
153,169,2.780220
154,169,2.783203
155,169,2.762984
156,169,2.766776
157,169,2.765843
158,169,2.764643
159,169,2.760483
160,169,2.752820
161,169,2.749036
162,169,2.751925
163,169,2.751841
164,169,2.748785
165,169,2.748534
166,169,2.752115
167,169,2.758451
168,169,2.756037
169,169,2.775687
170,169,2.771295
171,169,2.756113
172,169,2.751451
173,169,2.757442
174,169,2.758404
175,169,2.756376
176,169,2.749656
177,169,2.749394
178,169,2.748099
179,169,2.747662
180,169,2.748369
181,169,2.755473
182,169,2.754780
183,169,2.751424
184,169,2.750564
185,169,2.768258
186,169,2.767229
187,169,2.746841
188,169,2.745050
189,169,2.749530
190,169,2.750060
191,169,2.751895
192,169,2.746465
193,169,2.741376
194,169,2.746384
195,169,2.742592
196,169,2.733408
197,169,2.737128
198,169,2.738406
199,169,2.738076
200,169,2.737635
201,169,2.756922
202,169,2.755339
203,169,2.741703
204,169,2.738915
205,169,2.740508
206,169,2.736561
207,169,2.745673
208,169,2.730875
209,169,2.730160
210,169,2.728609
211,169,2.725765
212,169,2.724953
213,169,2.725752
214,169,2.725622
215,169,2.728129
216,169,2.723878
217,169,2.745421
218,169,2.748595
219,169,2.725592
220,169,2.724620
221,169,2.719680
222,169,2.727131
223,169,2.721853
224,169,2.713625
225,169,2.708016
226,169,2.707211
227,169,2.705107
228,169,2.704006
229,169,2.710470
230,169,2.703973
231,169,2.702410
232,169,2.704548
233,169,2.720582
234,169,2.726223
235,169,2.707148
236,169,2.700860
237,169,2.698249
238,169,2.701612
239,169,2.702448
240,169,2.672268
241,169,2.672712
242,169,2.671230
243,169,2.659656
244,169,2.662360
245,169,2.661964
246,169,2.661224
247,169,2.652536
248,169,2.659007
249,169,2.674698
250,169,2.669027
251,169,2.651517
252,169,2.649129
253,169,2.644112
254,169,2.645962
255,169,2.634871
0,170,2.678202
1,170,2.679468
2,170,2.672777
3,170,2.677401
4,170,2.683608
5,170,2.682876
6,170,2.686774
7,170,2.678900
8,170,2.687869
9,170,2.687253
10,170,2.686444
11,170,2.685446
12,170,2.689597
13,170,2.688204
14,170,2.689524
15,170,2.689165
16,170,2.710357
17,170,2.712129
18,170,2.711162
19,170,2.716453
20,170,2.725453
21,170,2.723928
22,170,2.724915
23,170,2.725768
24,170,2.716021
25,170,2.724296
26,170,2.721922
27,170,2.714515
28,170,2.718549
29,170,2.719572
30,170,2.723354
31,170,2.731788
32,170,2.739182
33,170,2.739628
34,170,2.731381
35,170,2.734591
36,170,2.742353
37,170,2.745347
38,170,2.746084
39,170,2.748870
40,170,2.748427
41,170,2.747161
42,170,2.746482
43,170,2.748876
44,170,2.744117
45,170,2.750177
46,170,2.749985
47,170,2.748161
48,170,2.750676
49,170,2.752529
50,170,2.743280
51,170,2.752669
52,170,2.759566
53,170,2.761568
54,170,2.763000
55,170,2.760958
56,170,2.759316
57,170,2.757087
58,170,2.758610
59,170,2.759647
60,170,2.754223
61,170,2.755112
62,170,2.748572
63,170,2.757348
64,170,2.762807
65,170,2.759854
66,170,2.748815
67,170,2.758197
68,170,2.758836
69,170,2.759141
70,170,2.756712
71,170,2.760949
72,170,2.765848
73,170,2.750659
74,170,2.754645
75,170,2.755648
76,170,2.755461
77,170,2.752455
78,170,2.752256
79,170,2.752826
80,170,2.767880
81,170,2.759729
82,170,2.752396
83,170,2.751793
84,170,2.759784
85,170,2.759010
86,170,2.755262
87,170,2.755310
88,170,2.758146
89,170,2.758027
90,170,2.753024
91,170,2.756603
92,170,2.755253
93,170,2.762516
94,170,2.754282
95,170,2.760484
96,170,2.760040
97,170,2.759800
98,170,2.748914
99,170,2.751428
100,170,2.760484
101,170,2.760917
102,170,2.765119
103,170,2.763457
104,170,2.764561
105,170,2.760794
106,170,2.764674
107,170,2.763609
108,170,2.763467
109,170,2.759389
110,170,2.766785
111,170,2.766434
112,170,2.754369
113,170,2.749532
114,170,2.750407
115,170,2.751185
116,170,2.744189
117,170,2.744807
118,170,2.756912
119,170,2.756352
120,170,2.749031
121,170,2.757035
122,170,2.755332
123,170,2.759324
124,170,2.761312
125,170,2.759366
126,170,2.741930
127,170,2.753309
128,170,2.751176
129,170,2.748481
130,170,2.737986
131,170,2.735130
132,170,2.732189
133,170,2.729152
134,170,2.739530
135,170,2.730551
136,170,2.723428
137,170,2.732644
138,170,2.729209
139,170,2.733394
140,170,2.729798
141,170,2.737677
142,170,2.735846
143,170,2.741640
144,170,2.750292
145,170,2.754013
146,170,2.746082
147,170,2.753478
148,170,2.753084
149,170,2.757467
150,170,2.756904
151,170,2.756371
152,170,2.756658
153,170,2.763560
154,170,2.758818
155,170,2.761695
156,170,2.761821
157,170,2.760687
158,170,2.755611
159,170,2.759158
160,170,2.757554
161,170,2.758599
162,170,2.750879
163,170,2.754633
164,170,2.749659
165,170,2.753246
166,170,2.752018
167,170,2.751598
168,170,2.755927
169,170,2.755339
170,170,2.754784
171,170,2.755018
172,170,2.754190
173,170,2.754251
174,170,2.761129
175,170,2.755251
176,170,2.745431
177,170,2.746327
178,170,2.749830
179,170,2.750351
180,170,2.750078
181,170,2.754289
182,170,2.751668
183,170,2.750882
184,170,2.749354
185,170,2.744545
186,170,2.746386
187,170,2.749452
188,170,2.748226
189,170,2.753650
190,170,2.746854
191,170,2.751130
192,170,2.745150
193,170,2.737684
194,170,2.745526
195,170,2.744113
196,170,2.737322
197,170,2.741527
198,170,2.735495
199,170,2.742838
200,170,2.740048
201,170,2.745258
202,170,2.735545
203,170,2.740542
204,170,2.736757
205,170,2.738321
206,170,2.735270
207,170,2.734718
208,170,2.729509
209,170,2.726834
210,170,2.730055
211,170,2.717543
212,170,2.719548
213,170,2.726088
214,170,2.727833
215,170,2.728372
216,170,2.720213
217,170,2.724375
218,170,2.722668
219,170,2.730440
220,170,2.727478
221,170,2.723438
222,170,2.725059
223,170,2.731271
224,170,2.709503
225,170,2.705748
226,170,2.704885
227,170,2.710410
228,170,2.705393
229,170,2.704087
230,170,2.705211
231,170,2.703579
232,170,2.704300
233,170,2.702323
234,170,2.704035
235,170,2.704125
236,170,2.701608
237,170,2.695060
238,170,2.696388
239,170,2.693280
240,170,2.676492
241,170,2.669358
242,170,2.674336
243,170,2.668441
244,170,2.666259
245,170,2.657937
246,170,2.660934
247,170,2.659832
248,170,2.652566
249,170,2.654742
250,170,2.650864
251,170,2.647771
252,170,2.650652
253,170,2.643904
254,170,2.631056
255,170,2.629436
0,171,2.672856
1,171,2.675267
2,171,2.672548
3,171,2.673434
4,171,2.685639
5,171,2.684000
6,171,2.682219
7,171,2.698475
8,171,2.686638
9,171,2.683925
10,171,2.687059
11,171,2.690002
12,171,2.690406
13,171,2.689095
14,171,2.687609
15,171,2.695047
16,171,2.711474
17,171,2.713317
18,171,2.716291
19,171,2.717797
20,171,2.719156
21,171,2.721563
22,171,2.714906
23,171,2.735082
24,171,2.717702
25,171,2.722180
26,171,2.719874
27,171,2.720225
28,171,2.720456
29,171,2.725395
30,171,2.725371
31,171,2.726158
32,171,2.729744
33,171,2.729370
34,171,2.729745
35,171,2.732996
36,171,2.740809
37,171,2.743841
38,171,2.739838
39,171,2.754218
40,171,2.747070
41,171,2.749690
42,171,2.745201
43,171,2.743773
44,171,2.742907
45,171,2.741291
46,171,2.744056
47,171,2.742258
48,171,2.741910
49,171,2.740494
50,171,2.746132
51,171,2.748363
52,171,2.761538
53,171,2.759717
54,171,2.758274
55,171,2.775525
56,171,2.761848
57,171,2.759203
58,171,2.757858
59,171,2.755060
60,171,2.752574
61,171,2.753842
62,171,2.751775
63,171,2.749015
64,171,2.761570
65,171,2.750609
66,171,2.756254
67,171,2.756987
68,171,2.761218
69,171,2.758901
70,171,2.755523
71,171,2.772072
72,171,2.753118
73,171,2.757192
74,171,2.761976
75,171,2.754329
76,171,2.750446
77,171,2.751313
78,171,2.747131
79,171,2.755547
80,171,2.755184
81,171,2.755725
82,171,2.751265
83,171,2.751651
84,171,2.758662
85,171,2.764659
86,171,2.754143
87,171,2.769617
88,171,2.757031
89,171,2.753072
90,171,2.748055
91,171,2.751647
92,171,2.754137
93,171,2.753705
94,171,2.757040
95,171,2.755413
96,171,2.754863
97,171,2.755640
98,171,2.751456
99,171,2.755914
100,171,2.760287
101,171,2.755778
102,171,2.756143
103,171,2.775688
104,171,2.761370
105,171,2.763408
106,171,2.759583
107,171,2.759525
108,171,2.758379
109,171,2.762019
110,171,2.761721
111,171,2.761339
112,171,2.762602
113,171,2.757793
114,171,2.766385
115,171,2.745997
116,171,2.748631
117,171,2.751194
118,171,2.744043
119,171,2.747325
120,171,2.747715
121,171,2.751871
122,171,2.755951
123,171,2.756097
124,171,2.748454
125,171,2.756142
126,171,2.740631
127,171,2.746229
128,171,2.742108
129,171,2.750984
130,171,2.736654
131,171,2.737656
132,171,2.734720
133,171,2.735552
134,171,2.717037
135,171,2.721544
136,171,2.718274
137,171,2.727524
138,171,2.724089
139,171,2.728277
140,171,2.726600
141,171,2.732551
142,171,2.728789
143,171,2.732651
144,171,2.752881
145,171,2.756577
146,171,2.752483
147,171,2.748304
148,171,2.749001
149,171,2.752373
150,171,2.751807
151,171,2.755008
152,171,2.759154
153,171,2.762184
154,171,2.761274
155,171,2.757626
156,171,2.756558
157,171,2.763107
158,171,2.755185
159,171,2.749999
160,171,2.754442
161,171,2.755515
162,171,2.749707
163,171,2.749594
164,171,2.750409
165,171,2.753980
166,171,2.754689
167,171,2.754253
168,171,2.754736
169,171,2.750277
170,171,2.754561
171,171,2.757652
172,171,2.755876
173,171,2.756869
174,171,2.749315
175,171,2.752076
176,171,2.748038
177,171,2.742918
178,171,2.742787
179,171,2.745210
180,171,2.752388
181,171,2.751767
182,171,2.746505
183,171,2.745716
184,171,2.752539
185,171,2.750912
186,171,2.747930
187,171,2.747722
188,171,2.750706
189,171,2.745524
190,171,2.746966
191,171,2.745864
192,171,2.744252
193,171,2.744463
194,171,2.736360
195,171,2.742160
196,171,2.734369
197,171,2.734699
198,171,2.735361
199,171,2.737450
200,171,2.738886
201,171,2.736355
202,171,2.741047
203,171,2.738301
204,171,2.739937
205,171,2.736969
206,171,2.738417
207,171,2.731366
208,171,2.730910
209,171,2.730127
210,171,2.724629
211,171,2.717861
212,171,2.725595
213,171,2.722464
214,171,2.722229
215,171,2.722727
216,171,2.728933
217,171,2.719565
218,171,2.724546
219,171,2.728417
220,171,2.725392
221,171,2.727081
222,171,2.725666
223,171,2.723233
224,171,2.711042
225,171,2.707213
226,171,2.712070
227,171,2.704031
228,171,2.702803
229,171,2.699505
230,171,2.700543
231,171,2.702694
232,171,2.699470
233,171,2.699344
234,171,2.697126
235,171,2.699041
236,171,2.690662
237,171,2.699439
238,171,2.689097
239,171,2.689750
240,171,2.668132
241,171,2.664733
242,171,2.664731
243,171,2.672214
244,171,2.662190
245,171,2.657607
246,171,2.656634
247,171,2.655304
248,171,2.651840
249,171,2.654969
250,171,2.645181
251,171,2.648243
252,171,2.641655
253,171,2.638607
254,171,2.635232
255,171,2.633944
0,172,2.668365
1,172,2.673783
2,172,2.677067
3,172,2.680873
4,172,2.677780
5,172,2.678304
6,172,2.691939
7,172,2.699675
8,172,2.684081
9,172,2.686518
10,172,2.683683
11,172,2.686715
12,172,2.685707
13,172,2.689852
14,172,2.692300
15,172,2.690723
16,172,2.713470
17,172,2.711531
18,172,2.708432
19,172,2.715163
20,172,2.712735
21,172,2.717868
22,172,2.716334
23,172,2.736571
24,172,2.726971
25,172,2.727652
26,172,2.720499
27,172,2.721967
28,172,2.718397
29,172,2.723399
30,172,2.727276
31,172,2.728123
32,172,2.735607
33,172,2.731424
34,172,2.731854
35,172,2.731293
36,172,2.739158
37,172,2.738375
38,172,2.738274
39,172,2.748837
40,172,2.744632
41,172,2.739580
42,172,2.742840
43,172,2.746274
44,172,2.749301
45,172,2.747715
46,172,2.742813
47,172,2.745497
48,172,2.743628
49,172,2.742246
50,172,2.744055
51,172,2.747297
52,172,2.752789
53,172,2.751000
54,172,2.756808
55,172,2.773604
56,172,2.760936
57,172,2.754890
58,172,2.752179
59,172,2.749799
60,172,2.755623
61,172,2.749210
62,172,2.746551
63,172,2.751160
64,172,2.757018
65,172,2.754088
66,172,2.754620
67,172,2.752509
68,172,2.757021
69,172,2.753734
70,172,2.762672
71,172,2.774630
72,172,2.755675
73,172,2.760550
74,172,2.749137
75,172,2.753046
76,172,2.750166
77,172,2.755683
78,172,2.750718
79,172,2.754290
80,172,2.757773
81,172,2.758244
82,172,2.753862
83,172,2.754264
84,172,2.757413
85,172,2.757614
86,172,2.756750
87,172,2.772238
88,172,2.751936
89,172,2.755696
90,172,2.759407
91,172,2.758122
92,172,2.753935
93,172,2.756325
94,172,2.755819
95,172,2.754176
96,172,2.753409
97,172,2.754205
98,172,2.750014
99,172,2.754491
100,172,2.758882
101,172,2.762137
102,172,2.758652
103,172,2.774304
104,172,2.761902
105,172,2.762029
106,172,2.762070
107,172,2.762027
108,172,2.756985
109,172,2.756771
110,172,2.756472
111,172,2.756122
112,172,2.753383
113,172,2.769777
114,172,2.766822
115,172,2.748372
116,172,2.745248
117,172,2.745894
118,172,2.746456
119,172,2.749720
120,172,2.750123
121,172,2.750435
122,172,2.750665
123,172,2.746960
124,172,2.748952
125,172,2.754714
126,172,2.741129
127,172,2.750579
128,172,2.740616
129,172,2.741798
130,172,2.739044
131,172,2.728492
132,172,2.729414
133,172,2.730251
134,172,2.723298
135,172,2.727819
136,172,2.720707
137,172,2.726129
138,172,2.726545
139,172,2.726878
140,172,2.723276
141,172,2.723444
142,172,2.731235
143,172,2.727386
144,172,2.747634
145,172,2.747486
146,172,2.747243
147,172,2.743062
148,172,2.755266
149,172,2.747062
150,172,2.750330
151,172,2.757365
152,172,2.757666
153,172,2.753116
154,172,2.759906
155,172,2.763811
156,172,2.755015
157,172,2.753836
158,172,2.757475
159,172,2.759971
160,172,2.751219
161,172,2.748451
162,172,2.752260
163,172,2.753171
164,172,2.749105
165,172,2.747914
166,172,2.753380
167,172,2.752926
168,172,2.753417
169,172,2.752793
170,172,2.749257
171,172,2.754379
172,172,2.756461
173,172,2.751654
174,172,2.749707
175,172,2.748773
176,172,2.746664
177,172,2.746390
178,172,2.739233
179,172,2.748661
180,172,2.745192
181,172,2.746498
182,172,2.749636
183,172,2.746202
184,172,2.751095
185,172,2.750114
186,172,2.750311
187,172,2.751081
188,172,2.749826
189,172,2.751321
190,172,2.738727
191,172,2.744895
192,172,2.744180
193,172,2.744829
194,172,2.743000
195,172,2.744917
196,172,2.738535
197,172,2.738328
198,172,2.736633
199,172,2.740074
200,172,2.736621
201,172,2.730805
202,172,2.733919
203,172,2.736914
204,172,2.738521
205,172,2.734509
206,172,2.728220
207,172,2.732684
208,172,2.730050
209,172,2.722715
210,172,2.726802
211,172,2.725775
212,172,2.725753
213,172,2.717720
214,172,2.721284
215,172,2.719812
216,172,2.726950
217,172,2.725242
218,172,2.726309
219,172,2.730132
220,172,2.725116
221,172,2.728679
222,172,2.719490
223,172,2.730487
224,172,2.702827
225,172,2.700850
226,172,2.703720
227,172,2.701380
228,172,2.703940
229,172,2.697365
230,172,2.699599
231,172,2.701678
232,172,2.698360
233,172,2.694304
234,172,2.696326
235,172,2.697672
236,172,2.691135
237,172,2.690539
238,172,2.696210
239,172,2.685214
240,172,2.664603
241,172,2.668565
242,172,2.664606
243,172,2.658573
244,172,2.665671
245,172,2.657119
246,172,2.659795
247,172,2.653715
248,172,2.659758
249,172,2.652042
250,172,2.643723
251,172,2.650777
252,172,2.636332
253,172,2.638112
254,172,2.632067
255,172,2.624269
0,173,2.671414
1,173,2.673109
2,173,2.674538
3,173,2.675708
4,173,2.678539
5,173,2.678109
6,173,2.690071
7,173,2.688160
8,173,2.680372
9,173,2.683933
10,173,2.683438
11,173,2.679436
12,173,2.682368
13,173,2.685115
14,173,2.689151
15,173,2.687654
16,173,2.709104
17,173,2.712486
18,173,2.714314
19,173,2.714963
20,173,2.710042
21,173,2.715240
22,173,2.717640
23,173,2.730232
24,173,2.719571
25,173,2.721446
26,173,2.718202
27,173,2.723591
28,173,2.723926
29,173,2.720287
30,173,2.729067
31,173,2.725173
32,173,2.737504
33,173,2.748777
34,173,2.733852
35,173,2.737186
36,173,2.725839
37,173,2.736654
38,173,2.736602
39,173,2.739496
40,173,2.735339
41,173,2.734173
42,173,2.741330
43,173,2.743818
44,173,2.735329
45,173,2.742126
46,173,2.737614
47,173,2.744188
48,173,2.750053
49,173,2.748706
50,173,2.746687
51,173,2.752837
52,173,2.751169
53,173,2.753741
54,173,2.759580
55,173,2.749427
56,173,2.751218
57,173,2.752904
58,173,2.751215
59,173,2.756567
60,173,2.750259
61,173,2.747327
62,173,2.753404
63,173,2.750671
64,173,2.755214
65,173,2.756156
66,173,2.758017
67,173,2.754918
68,173,2.755305
69,173,2.753052
70,173,2.765102
71,173,2.757565
72,173,2.751205
73,173,2.755292
74,173,2.751581
75,173,2.752488
76,173,2.752467
77,173,2.752356
78,173,2.745486
79,173,2.756757
80,173,2.765020
81,173,2.756866
82,173,2.757371
83,173,2.756748
84,173,2.753180
85,173,2.760101
86,173,2.756426
87,173,2.755466
88,173,2.751620
89,173,2.750485
90,173,2.754207
91,173,2.752908
92,173,2.756439
93,173,2.754961
94,173,2.754466
95,173,2.753884
96,173,2.759668
97,173,2.756489
98,173,2.748439
99,173,2.760640
100,173,2.757343
101,173,2.752883
102,173,2.760973
103,173,2.761272
104,173,2.748845
105,173,2.748973
106,173,2.749014
107,173,2.760542
108,173,2.755488
109,173,2.747581
110,173,2.754999
111,173,2.758471
112,173,2.760537
113,173,2.748878
114,173,2.745935
115,173,2.750626
116,173,2.751365
117,173,2.740461
118,173,2.742966
119,173,2.748136
120,173,2.744685
121,173,2.745009
122,173,2.751023
123,173,2.749250
124,173,2.745464
125,173,2.745448
126,173,2.749200
127,173,2.733604
128,173,2.735134
129,173,2.736330
130,173,2.741300
131,173,2.726901
132,173,2.735533
133,173,2.724830
134,173,2.725584
135,173,2.726265
136,173,2.738408
137,173,2.736152
138,173,2.736574
139,173,2.721494
140,173,2.717890
141,173,2.729615
142,173,2.721990
143,173,2.726930
144,173,2.749962
145,173,2.745934
146,173,2.745675
147,173,2.745330
148,173,2.745986
149,173,2.745469
150,173,2.752678
151,173,2.755856
152,173,2.752325
153,173,2.751476
154,173,2.758245
155,173,2.750596
156,173,2.753336
157,173,2.755987
158,173,2.755777
159,173,2.750779
160,173,2.754712
161,173,2.752814
162,173,2.746977
163,173,2.749824
164,173,2.747669
165,173,2.748415
166,173,2.755793
167,173,2.756378
168,173,2.751968
169,173,2.756230
170,173,2.747795
171,173,2.755734
172,173,2.747283
173,173,2.747354
174,173,2.746292
175,173,2.750038
176,173,2.752865
177,173,2.744887
178,173,2.745411
179,173,2.746885
180,173,2.742486
181,173,2.743023
182,173,2.746160
183,173,2.747276
184,173,2.745338
185,173,2.744683
186,173,2.747454
187,173,2.745245
188,173,2.744360
189,173,2.739146
190,173,2.742437
191,173,2.742801
192,173,2.743518
193,173,2.743692
194,173,2.742735
195,173,2.739350
196,173,2.741147
197,173,2.738982
198,173,2.736237
199,173,2.733866
200,173,2.733306
201,173,2.733243
202,173,2.738246
203,173,2.736973
204,173,2.732121
205,173,2.732923
206,173,2.732382
207,173,2.732949
208,173,2.724502
209,173,2.724825
210,173,2.728626
211,173,2.722916
212,173,2.724768
213,173,2.725409
214,173,2.721212
215,173,2.725477
216,173,2.732556
217,173,2.721170
218,173,2.731807
219,173,2.727875
220,173,2.726646
221,173,2.724378
222,173,2.722825
223,173,2.720280
224,173,2.699123
225,173,2.713626
226,173,2.703668
227,173,2.702454
228,173,2.701095
229,173,2.704065
230,173,2.698522
231,173,2.697229
232,173,2.699041
233,173,2.696834
234,173,2.696827
235,173,2.698090
236,173,2.689902
237,173,2.689915
238,173,2.692508
239,173,2.687432
240,173,2.664534
241,173,2.664540
242,173,2.662495
243,173,2.662009
244,173,2.653581
245,173,2.655599
246,173,2.654335
247,173,2.652811
248,173,2.651016
249,173,2.642870
250,173,2.644299
251,173,2.646572
252,173,2.639195
253,173,2.629989
254,173,2.632002
255,173,2.625957
0,174,2.665539
1,174,2.665669
2,174,2.667220
3,174,2.667415
4,174,2.676161
5,174,2.678846
6,174,2.683209
7,174,2.678559
8,174,2.678624
9,174,2.680176
10,174,2.679776
11,174,2.690735
12,174,2.683806
13,174,2.681723
14,174,2.684373
15,174,2.688301
16,174,2.709830
17,174,2.704222
18,174,2.707504
19,174,2.705395
20,174,2.717498
21,174,2.716338
22,174,2.713752
23,174,2.723768
24,174,2.720874
25,174,2.715118
26,174,2.723489
27,174,2.724027
28,174,2.725484
29,174,2.721897
30,174,2.719182
31,174,2.734600
32,174,2.735434
33,174,2.739046
34,174,2.731884
35,174,2.731407
36,174,2.735525
37,174,2.734821
38,174,2.734820
39,174,2.741604
40,174,2.729789
41,174,2.736364
42,174,2.735860
43,174,2.734527
44,174,2.737639
45,174,2.740624
46,174,2.738994
47,174,2.741754
48,174,2.743791
49,174,2.739651
50,174,2.738225
51,174,2.743842
52,174,2.746060
53,174,2.755358
54,174,2.757373
55,174,2.755427
56,174,2.750086
57,174,2.751800
58,174,2.749557
59,174,2.750648
60,174,2.748216
61,174,2.750570
62,174,2.743718
63,174,2.744858
64,174,2.753606
65,174,2.755265
66,174,2.752278
67,174,2.749197
68,174,2.754767
69,174,2.755087
70,174,2.755593
71,174,2.760905
72,174,2.757375
73,174,2.753547
74,174,2.750899
75,174,2.758671
76,174,2.754793
77,174,2.759588
78,174,2.751543
79,174,2.754251
80,174,2.755812
81,174,2.751503
82,174,2.755879
83,174,2.751327
84,174,2.759398
85,174,2.754750
86,174,2.751091
87,174,2.753973
88,174,2.742435
89,174,2.756698
90,174,2.752725
91,174,2.747560
92,174,2.751103
93,174,2.750706
94,174,2.749126
95,174,2.752408
96,174,2.754093
97,174,2.751062
98,174,2.751679
99,174,2.751240
100,174,2.759520
101,174,2.752302
102,174,2.759305
103,174,2.759620
104,174,2.752143
105,174,2.751178
106,174,2.755087
107,174,2.755057
108,174,2.753827
109,174,2.757477
110,174,2.753335
111,174,2.752987
112,174,2.754908
113,174,2.754810
114,174,2.751879
115,174,2.754656
116,174,2.741933
117,174,2.742596
118,174,2.735478
119,174,2.747537
120,174,2.741043
121,174,2.743299
122,174,2.747394
123,174,2.749474
124,174,2.747619
125,174,2.751456
126,174,2.732092
127,174,2.735758
128,174,2.744928
129,174,2.730727
130,174,2.735695
131,174,2.732878
132,174,2.726119
133,174,2.726964
134,174,2.727734
135,174,2.724564
136,174,2.733980
137,174,2.734488
138,174,2.715645
139,174,2.723680
140,174,2.723929
141,174,2.720239
142,174,2.720314
143,174,2.729128
144,174,2.752152
145,174,2.748134
146,174,2.751726
147,174,2.739821
148,174,2.748206
149,174,2.747686
150,174,2.750932
151,174,2.751348
152,174,2.750566
153,174,2.745844
154,174,2.745994
155,174,2.752654
156,174,2.751518
157,174,2.747548
158,174,2.746458
159,174,2.748920
160,174,2.753175
161,174,2.745483
162,174,2.748428
163,174,2.746343
164,174,2.742246
165,174,2.746854
166,174,2.750366
167,174,2.754812
168,174,2.754237
169,174,2.748875
170,174,2.748126
171,174,2.746439
172,174,2.745517
173,174,2.749605
174,174,2.742742
175,174,2.748418
176,174,2.748223
177,174,2.739166
178,174,2.746741
179,174,2.745224
180,174,2.742752
181,174,2.742111
182,174,2.746097
183,174,2.747516
184,174,2.748534
185,174,2.738767
186,174,2.739591
187,174,2.748405
188,174,2.746067
189,174,2.740831
190,174,2.737419
191,174,2.737152
192,174,2.743184
193,174,2.741404
194,174,2.736161
195,174,2.736986
196,174,2.734900
197,174,2.735179
198,174,2.729034
199,174,2.738187
200,174,2.737144
201,174,2.738377
202,174,2.731784
203,174,2.737287
204,174,2.732395
205,174,2.731928
206,174,2.730655
207,174,2.730124
208,174,2.731275
209,174,2.729624
210,174,2.722859
211,174,2.732509
212,174,2.724677
213,174,2.731056
214,174,2.724877
215,174,2.731024
216,174,2.730339
217,174,2.722758
218,174,2.721774
219,174,2.721645
220,174,2.724202
221,174,2.727659
222,174,2.722182
223,174,2.725359
224,174,2.711832
225,174,2.710862
226,174,2.704677
227,174,2.699544
228,174,2.700681
229,174,2.702926
230,174,2.693458
231,174,2.695924
232,174,2.695732
233,174,2.695829
234,174,2.701039
235,174,2.692962
236,174,2.691170
237,174,2.691938
238,174,2.683130
239,174,2.685384
240,174,2.664311
241,174,2.658547
242,174,2.662031
243,174,2.654858
244,174,2.652060
245,174,2.658633
246,174,2.647611
247,174,2.649600
248,174,2.651465
249,174,2.650354
250,174,2.643936
251,174,2.630970
252,174,2.635418
253,174,2.633013
254,174,2.621378
255,174,2.618258
0,175,2.664389
1,175,2.658698
2,175,2.668140
3,175,2.671636
4,175,2.667826
5,175,2.672592
6,175,2.680969
7,175,2.679377
8,175,2.675691
9,175,2.678395
10,175,2.679820
11,175,2.687021
12,175,2.678612
13,175,2.683126
14,175,2.684777
15,175,2.687333
16,175,2.706566
17,175,2.704889
18,175,2.710751
19,175,2.713935
20,175,2.711743
21,175,2.713453
22,175,2.714785
23,175,2.723679
24,175,2.722050
25,175,2.719081
26,175,2.720947
27,175,2.717688
28,175,2.723067
29,175,2.727238
30,175,2.723583
31,175,2.728498
32,175,2.739997
33,175,2.736904
34,175,2.736600
35,175,2.729366
36,175,2.732680
37,175,2.736728
38,175,2.729073
39,175,2.739748
40,175,2.735686
41,175,2.730738
42,175,2.734132
43,175,2.728980
44,175,2.739840
45,175,2.734491
46,175,2.737414
47,175,2.744065
48,175,2.746131
49,175,2.741003
50,175,2.743464
51,175,2.741399
52,175,2.748551
53,175,2.754020
54,175,2.752214
55,175,2.750298
56,175,2.755508
57,175,2.749543
58,175,2.744526
59,175,2.746059
60,175,2.747082
61,175,2.748427
62,175,2.741966
63,175,2.747662
64,175,2.760285
65,175,2.757398
66,175,2.746709
67,175,2.752099
68,175,2.756647
69,175,2.753394
70,175,2.754969
71,175,2.755143
72,175,2.759332
73,175,2.752944
74,175,2.749246
75,175,2.749308
76,175,2.750189
77,175,2.750086
78,175,2.746039
79,175,2.746841
80,175,2.758026
81,175,2.758555
82,175,2.750313
83,175,2.746929
84,175,2.761627
85,175,2.758069
86,175,2.753325
87,175,2.756195
88,175,2.752378
89,175,2.748489
90,175,2.747255
91,175,2.750897
92,175,2.745630
93,175,2.749098
94,175,2.755207
95,175,2.750794
96,175,2.756082
97,175,2.749218
98,175,2.753825
99,175,2.745657
100,175,2.757794
101,175,2.754357
102,175,2.749791
103,175,2.753975
104,175,2.754220
105,175,2.749389
106,175,2.753313
107,175,2.749445
108,175,2.753195
109,175,2.755716
110,175,2.747734
111,175,2.755068
112,175,2.760714
113,175,2.754805
114,175,2.742271
115,175,2.746986
116,175,2.747759
117,175,2.744591
118,175,2.741335
119,175,2.737990
120,175,2.744966
121,175,2.741448
122,175,2.737842
123,175,2.741855
124,175,2.738075
125,175,2.738061
126,175,2.734107
127,175,2.733919
128,175,2.743020
129,175,2.740392
130,175,2.737672
131,175,2.731009
132,175,2.728108
133,175,2.725117
134,175,2.729743
135,175,2.730428
136,175,2.732178
137,175,2.732685
138,175,2.717693
139,175,2.714173
140,175,2.714418
141,175,2.718428
142,175,2.718499
143,175,2.715777
144,175,2.758056
145,175,2.746305
146,175,2.742175
147,175,2.746805
148,175,2.746354
149,175,2.741963
150,175,2.749042
151,175,2.749467
152,175,2.744812
153,175,2.747774
154,175,2.747931
155,175,2.754753
156,175,2.745904
157,175,2.745805
158,175,2.748334
159,175,2.743065
160,175,2.751500
161,175,2.747647
162,175,2.744825
163,175,2.750430
164,175,2.745504
165,175,2.745156
166,175,2.757390
167,175,2.749256
168,175,2.748663
169,175,2.749087
170,175,2.747494
171,175,2.750492
172,175,2.752573
173,175,2.745762
174,175,2.739957
175,175,2.746660
176,175,2.750321
177,175,2.752799
178,175,2.744718
179,175,2.748101
180,175,2.739027
181,175,2.740313
182,175,2.745356
183,175,2.743441
184,175,2.746366
185,175,2.745698
186,175,2.743510
187,175,2.738452
188,175,2.740998
189,175,2.742785
190,175,2.739366
191,175,2.739695
192,175,2.745699
193,175,2.735597
194,175,2.741405
195,175,2.735545
196,175,2.737820
197,175,2.739461
198,175,2.736061
199,175,2.735547
200,175,2.731676
201,175,2.730944
202,175,2.733944
203,175,2.739418
204,175,2.731482
205,175,2.730984
206,175,2.731593
207,175,2.722437
208,175,2.731258
209,175,2.735337
210,175,2.723864
211,175,2.720796
212,175,2.724469
213,175,2.721174
214,175,2.732276
215,175,2.724893
216,175,2.720295
217,175,2.724225
218,175,2.719324
219,175,2.718105
220,175,2.717779
221,175,2.720088
222,175,2.711780
223,175,2.721452
224,175,2.709000
225,175,2.710607
226,175,2.703626
227,175,2.696501
228,175,2.697550
229,175,2.699724
230,175,2.696508
231,175,2.698331
232,175,2.696606
233,175,2.692276
234,175,2.693548
235,175,2.692269
236,175,2.683504
237,175,2.686374
238,175,2.679102
239,175,2.683182
240,175,2.664064
241,175,2.661885
242,175,2.658707
243,175,2.659906
244,175,2.655049
245,175,2.649939
246,175,2.644382
247,175,2.645643
248,175,2.639669
249,175,2.642665
250,175,2.637962
251,175,2.627163
252,175,2.634584
253,175,2.628255
254,175,2.620225
255,175,2.615678
0,176,2.608047
1,176,2.616285
2,176,2.617001
3,176,2.618599
4,176,2.616081
5,176,2.626820
6,176,2.618766
7,176,2.623169
8,176,2.629146
9,176,2.636905
10,176,2.636743
11,176,2.644630
12,176,2.644021
13,176,2.643217
14,176,2.639912
15,176,2.642550
16,176,2.670877
17,176,2.666889
18,176,2.668976
19,176,2.674752
20,176,2.681692
21,176,2.675564
22,176,2.673306
23,176,2.674560
24,176,2.675671
25,176,2.681661
26,176,2.678617
27,176,2.684254
28,176,2.684776
29,176,2.678517
30,176,2.686472
31,176,2.683746
32,176,2.695294
33,176,2.698894
34,176,2.690930
35,176,2.699166
36,176,2.694817
37,176,2.695068
38,176,2.694343
39,176,2.698178
40,176,2.693382
41,176,2.700812
42,176,2.700400
43,176,2.699134
44,176,2.703402
45,176,2.698085
46,176,2.697195
47,176,2.703887
48,176,2.705980
49,176,2.708596
50,176,2.707240
51,176,2.709053
52,176,2.711337
53,176,2.709655
54,176,2.707346
55,176,2.706536
56,176,2.712247
57,176,2.713535
58,176,2.711345
59,176,2.716756
60,176,2.717794
61,176,2.708686
62,176,2.713807
63,176,2.714975
64,176,2.723396
65,176,2.717763
66,176,2.714800
67,176,2.719445
68,176,2.715996
69,176,2.717705
70,176,2.714376
71,176,2.718657
72,176,2.716237
73,176,2.716263
74,176,2.720281
75,176,2.717605
76,176,2.721442
77,176,2.729039
78,176,2.722243
79,176,2.725676
80,176,2.718719
81,176,2.725971
82,176,2.717720
83,176,2.722059
84,176,2.721335
85,176,2.721647
86,176,2.713038
87,176,2.713159
88,176,2.719797
89,176,2.727480
90,176,2.726232
91,176,2.722182
92,176,2.724605
93,176,2.728085
94,176,2.722619
95,176,2.725921
96,176,2.728257
97,176,2.724113
98,176,2.724887
99,176,2.732122
100,176,2.728866
101,176,2.725523
102,176,2.728637
103,176,2.728971
104,176,2.729218
105,176,2.728212
106,176,2.724431
107,176,2.728268
108,176,2.724312
109,176,2.726803
110,176,2.722671
111,176,2.726184
112,176,2.723975
113,176,2.721176
114,176,2.717106
115,176,2.714128
116,176,2.711072
117,176,2.711766
118,176,2.712372
119,176,2.716741
120,176,2.708291
121,176,2.714409
122,176,2.714661
123,176,2.716754
124,176,2.716828
125,176,2.712963
126,176,2.709008
127,176,2.712671
128,176,2.710145
129,176,2.703679
130,176,2.697123
131,176,2.694318
132,176,2.691423
133,176,2.684599
134,176,2.685374
135,176,2.689914
136,176,2.687851
137,176,2.688357
138,176,2.704187
139,176,2.700664
140,176,2.704762
141,176,2.708768
142,176,2.706156
143,176,2.706133
144,176,2.721435
145,176,2.725107
146,176,2.717122
147,176,2.721778
148,176,2.713618
149,176,2.713076
150,176,2.716298
151,176,2.724452
152,176,2.727497
153,176,2.730453
154,176,2.730631
155,176,2.733408
156,176,2.712977
157,176,2.720589
158,176,2.715387
159,176,2.718961
160,176,2.726566
161,176,2.718845
162,176,2.719890
163,176,2.711994
164,176,2.720564
165,176,2.720200
166,176,2.720885
167,176,2.728052
168,176,2.724705
169,176,2.727968
170,176,2.734089
171,176,2.735139
172,176,2.719888
173,176,2.720761
174,176,2.718814
175,176,2.714847
176,176,2.725082
177,176,2.725027
178,176,2.719683
179,176,2.723068
180,176,2.720578
181,176,2.720734
182,176,2.723834
183,176,2.725243
184,176,2.725130
185,176,2.727954
186,176,2.734530
187,176,2.728343
188,176,2.715868
189,176,2.714453
190,176,2.712934
191,176,2.708281
192,176,2.716663
193,176,2.718697
194,176,2.716769
195,176,2.713630
196,176,2.715883
197,176,2.717492
198,176,2.715132
199,176,2.715186
200,176,2.716464
201,176,2.712667
202,176,2.716290
203,176,2.724925
204,176,2.698759
205,176,2.696302
206,176,2.698792
207,176,2.701149
208,176,2.706081
209,176,2.702405
210,176,2.698587
211,176,2.701258
212,176,2.697991
213,176,2.704286
214,176,2.699917
215,176,2.697317
216,176,2.701312
217,176,2.702265
218,176,2.706004
219,176,2.708569
220,176,2.685071
221,176,2.681526
222,176,2.684717
223,176,2.685801
224,176,2.682918
225,176,2.680592
226,176,2.677398
227,176,2.680465
228,176,2.678869
229,176,2.675751
230,176,2.677660
231,176,2.674111
232,176,2.675651
233,176,2.680870
234,176,2.675871
235,176,2.686470
236,176,2.658635
237,176,2.659173
238,176,2.663360
239,176,2.657855
240,176,2.645405
241,176,2.646974
242,176,2.648314
243,176,2.647436
244,176,2.630898
245,176,2.632474
246,176,2.634627
247,176,2.623018
248,176,2.626190
249,176,2.627421
250,176,2.619934
251,176,2.623845
252,176,2.595154
253,176,2.602716
254,176,2.603461
255,176,2.592099
0,177,2.610388
1,177,2.612737
2,177,2.618650
3,177,2.622529
4,177,2.622820
5,177,2.624023
6,177,2.628827
7,177,2.627569
8,177,2.622993
9,177,2.627050
10,177,2.632630
11,177,2.632359
12,177,2.634599
13,177,2.643244
14,177,2.642340
15,177,2.637396
16,177,2.664583
17,177,2.673532
18,177,2.677146
19,177,2.671440
20,177,2.669425
21,177,2.680122
22,177,2.673913
23,177,2.675394
24,177,2.676569
25,177,2.674934
26,177,2.679656
27,177,2.684244
28,177,2.678240
29,177,2.686397
30,177,2.680059
31,177,2.680240
32,177,2.691749
33,177,2.691673
34,177,2.696275
35,177,2.688246
36,177,2.696411
37,177,2.689011
38,177,2.692180
39,177,2.692214
40,177,2.695161
41,177,2.698787
42,177,2.697668
43,177,2.697191
44,177,2.700433
45,177,2.702852
46,177,2.698151
47,177,2.704882
48,177,2.707003
49,177,2.699194
50,177,2.704984
51,177,2.707419
52,177,2.709737
53,177,2.711941
54,177,2.701950
55,177,2.707800
56,177,2.709688
57,177,2.710993
58,177,2.713787
59,177,2.715371
60,177,2.716851
61,177,2.713968
62,177,2.719111
63,177,2.717557
64,177,2.722500
65,177,2.719294
66,177,2.720202
67,177,2.722127
68,177,2.715137
69,177,2.719608
70,177,2.712157
71,177,2.717575
72,177,2.717925
73,177,2.714328
74,177,2.723324
75,177,2.723396
76,177,2.723195
77,177,2.720378
78,177,2.720189
79,177,2.719907
80,177,2.720676
81,177,2.720214
82,177,2.724658
83,177,2.716310
84,177,2.720516
85,177,2.723561
86,177,2.711102
87,177,2.718975
88,177,2.717894
89,177,2.717886
90,177,2.724329
91,177,2.724145
92,177,2.726551
93,177,2.726190
94,177,2.725741
95,177,2.727873
96,177,2.722276
97,177,2.721976
98,177,2.722771
99,177,2.723476
100,177,2.726760
101,177,2.727287
102,177,2.726537
103,177,2.726889
104,177,2.727152
105,177,2.727327
106,177,2.722366
107,177,2.726218
108,177,2.729981
109,177,2.728603
110,177,2.724484
111,177,2.720270
112,177,2.725615
113,177,2.718978
114,177,2.718762
115,177,2.715796
116,177,2.708899
117,177,2.713468
118,177,2.708303
119,177,2.706910
120,177,2.707345
121,177,2.712266
122,177,2.706743
123,177,2.710766
124,177,2.710845
125,177,2.706981
126,177,2.710731
127,177,2.712466
128,177,2.696382
129,177,2.697638
130,177,2.691100
131,177,2.692154
132,177,2.693133
133,177,2.690164
134,177,2.690943
135,177,2.689004
136,177,2.689600
137,177,2.697821
138,177,2.698238
139,177,2.702423
140,177,2.706518
141,177,2.702813
142,177,2.707931
143,177,2.715607
144,177,2.723195
145,177,2.722984
146,177,2.718836
147,177,2.719651
148,177,2.719179
149,177,2.714765
150,177,2.719164
151,177,2.722278
152,177,2.717597
153,177,2.728236
154,177,2.728423
155,177,2.731176
156,177,2.715767
157,177,2.714485
158,177,2.716964
159,177,2.720541
160,177,2.720750
161,177,2.725749
162,177,2.721778
163,177,2.717719
164,177,2.722449
165,177,2.722067
166,177,2.718911
167,177,2.718353
168,177,2.720795
169,177,2.733545
170,177,2.726174
171,177,2.734121
172,177,2.719808
173,177,2.714103
174,177,2.718716
175,177,2.716681
176,177,2.719185
177,177,2.720817
178,177,2.718501
179,177,2.720729
180,177,2.720443
181,177,2.723637
182,177,2.721744
183,177,2.720892
184,177,2.721867
185,177,2.729314
186,177,2.728553
187,177,2.735024
188,177,2.714422
189,177,2.711852
190,177,2.712235
191,177,2.714908
192,177,2.711242
193,177,2.712119
194,177,2.710161
195,177,2.708633
196,177,2.718028
197,177,2.713823
198,177,2.712229
199,177,2.706479
200,177,2.703866
201,177,2.716543
202,177,2.722062
203,177,2.717172
204,177,2.700594
205,177,2.699297
206,177,2.702476
207,177,2.701730
208,177,2.706627
209,177,2.700974
210,177,2.699029
211,177,2.707438
212,177,2.705222
213,177,2.700925
214,177,2.695487
215,177,2.690900
216,177,2.694847
217,177,2.709219
218,177,2.703276
219,177,2.703845
220,177,2.683043
221,177,2.686306
222,177,2.682499
223,177,2.687395
224,177,2.682451
225,177,2.677409
226,177,2.678641
227,177,2.677127
228,177,2.674104
229,177,2.676099
230,177,2.672152
231,177,2.670428
232,177,2.675739
233,177,2.680505
234,177,2.679642
235,177,2.676966
236,177,2.662195
237,177,2.656856
238,177,2.659183
239,177,2.662281
240,177,2.644772
241,177,2.648107
242,177,2.639647
243,177,2.638560
244,177,2.636547
245,177,2.634985
246,177,2.627109
247,177,2.621081
248,177,2.621779
249,177,2.620484
250,177,2.611557
251,177,2.619639
252,177,2.595895
253,177,2.590984
254,177,2.590226
255,177,2.585229
0,178,2.607587
1,178,2.617843
2,178,2.617239
3,178,2.615303
4,178,2.620798
5,178,2.628050
6,178,2.624083
7,178,2.624910
8,178,2.631216
9,178,2.630353
10,178,2.634297
11,178,2.634172
12,178,2.631666
13,178,2.629925
14,178,2.634601
15,178,2.641304
16,178,2.667087
17,178,2.667197
18,178,2.668327
19,178,2.674290
20,178,2.673752
21,178,2.675505
22,178,2.674549
23,178,2.679818
24,178,2.673480
25,178,2.674578
26,178,2.680562
27,178,2.685209
28,178,2.683132
29,178,2.683639
30,178,2.685077
31,178,2.681457
32,178,2.693007
33,178,2.692980
34,178,2.689938
35,178,2.689660
36,178,2.686324
37,178,2.693513
38,178,2.689896
39,178,2.693003
40,178,2.696821
41,178,2.700497
42,178,2.695561
43,178,2.698983
44,178,2.697692
45,178,2.697016
46,178,2.700063
47,178,2.706170
48,178,2.708985
49,178,2.703971
50,178,2.709786
51,178,2.700698
52,178,2.710756
53,178,2.702006
54,178,2.708001
55,178,2.713883
56,178,2.711948
57,178,2.713274
58,178,2.714991
59,178,2.712749
60,178,2.715385
61,178,2.716371
62,178,2.721539
63,178,2.718899
64,178,2.720009
65,178,2.718304
66,178,2.715029
67,178,2.719712
68,178,2.720443
69,178,2.721077
70,178,2.722762
71,178,2.719094
72,178,2.719457
73,178,2.717026
74,178,2.717202
75,178,2.721137
76,178,2.722285
77,178,2.722183
78,178,2.721987
79,178,2.722865
80,178,2.718508
81,178,2.721904
82,178,2.714825
83,178,2.718039
84,178,2.722341
85,178,2.717668
86,178,2.721793
87,178,2.724644
88,178,2.717034
89,178,2.723555
90,178,2.723474
91,178,2.722106
92,178,2.721847
93,178,2.724147
94,178,2.723709
95,178,2.721970
96,178,2.727700
97,178,2.723539
98,178,2.720502
99,178,2.725080
100,178,2.724500
101,178,2.732752
102,178,2.733210
103,178,2.720800
104,178,2.724933
105,178,2.725124
106,178,2.731707
107,178,2.724015
108,178,2.723940
109,178,2.726398
110,178,2.726144
111,178,2.725736
112,178,2.715542
113,178,2.716644
114,178,2.716410
115,178,2.717310
116,178,2.710426
117,178,2.703448
118,178,2.709862
119,178,2.708477
120,178,2.708926
121,178,2.715748
122,178,2.710234
123,178,2.712333
124,178,2.708562
125,178,2.704698
126,178,2.706523
127,178,2.708255
128,178,2.701731
129,178,2.699150
130,178,2.688757
131,178,2.689837
132,178,2.694674
133,178,2.687858
134,178,2.692506
135,178,2.686747
136,178,2.691207
137,178,2.687869
138,178,2.699849
139,178,2.704031
140,178,2.704268
141,178,2.700559
142,178,2.705702
143,178,2.705664
144,178,2.724814
145,178,2.716855
146,178,2.712690
147,178,2.705813
148,178,2.709175
149,178,2.720153
150,178,2.716857
151,178,2.716097
152,178,2.719100
153,178,2.723237
154,178,2.714501
155,178,2.721084
156,178,2.728797
157,178,2.727491
158,178,2.714532
159,178,2.714260
160,178,2.714785
161,178,2.723651
162,178,2.721591
163,178,2.718716
164,178,2.718405
165,178,2.721127
166,178,2.720640
167,178,2.721254
168,178,2.716736
169,178,2.726800
170,178,2.724030
171,178,2.728132
172,178,2.729034
173,178,2.727174
174,178,2.720189
175,178,2.718143
176,178,2.725872
177,178,2.716701
178,178,2.720166
179,178,2.715830
180,178,2.717936
181,178,2.724966
182,178,2.724193
183,178,2.722158
184,178,2.725041
185,178,2.728201
186,178,2.725886
187,178,2.728482
188,178,2.727122
189,178,2.719878
190,178,2.709137
191,178,2.714027
192,178,2.716113
193,178,2.714236
194,178,2.716101
195,178,2.718402
196,178,2.711200
197,178,2.708888
198,178,2.710312
199,178,2.712241
200,178,2.705737
201,178,2.714521
202,178,2.707769
203,178,2.711999
204,178,2.712716
205,178,2.713300
206,178,2.702960
207,178,2.699442
208,178,2.703488
209,178,2.704376
210,178,2.700452
211,178,2.706011
212,178,2.700768
213,178,2.700266
214,178,2.694782
215,178,2.697839
216,178,2.696876
217,178,2.702559
218,178,2.693574
219,178,2.695135
220,178,2.691599
221,178,2.698657
222,178,2.688993
223,178,2.680342
224,178,2.679194
225,178,2.679865
226,178,2.679084
227,178,2.677498
228,178,2.670529
229,178,2.676301
230,178,2.668900
231,178,2.666596
232,178,2.665713
233,178,2.680358
234,178,2.670090
235,178,2.665053
236,178,2.667751
237,178,2.660343
238,178,2.653943
239,178,2.659683
240,178,2.647725
241,178,2.643239
242,178,2.630739
243,178,2.636586
244,178,2.636902
245,178,2.631298
246,178,2.623488
247,178,2.616652
248,178,2.615539
249,178,2.620258
250,178,2.610524
251,178,2.612025
252,178,2.602188
253,178,2.599693
254,178,2.589541
255,178,2.580420
0,179,2.606934
1,179,2.608395
2,179,2.614646
3,179,2.616754
4,179,2.615626
5,179,2.617132
6,179,2.626083
7,179,2.623967
8,179,2.628524
9,179,2.625139
10,179,2.627181
11,179,2.625964
12,179,2.633436
13,179,2.638513
14,179,2.633978
15,179,2.635774
16,179,2.663225
17,179,2.661944
18,179,2.661948
19,179,2.666818
20,179,2.661135
21,179,2.675910
22,179,2.677580
23,179,2.684236
24,179,2.678631
25,179,2.675268
26,179,2.680142
27,179,2.686041
28,179,2.679056
29,179,2.684603
30,179,2.685038
31,179,2.682544
32,179,2.693117
33,179,2.690305
34,179,2.690211
35,179,2.694801
36,179,2.686752
37,179,2.691050
38,179,2.695194
39,179,2.694489
40,179,2.694507
41,179,2.693578
42,179,2.697186
43,179,2.700655
44,179,2.703251
45,179,2.710325
46,179,2.701857
47,179,2.700289
48,179,2.703144
49,179,2.702022
50,179,2.704012
51,179,2.702666
52,179,2.705053
53,179,2.702908
54,179,2.716641
55,179,2.714847
56,179,2.709089
57,179,2.711589
58,179,2.717188
59,179,2.714973
60,179,2.724210
61,179,2.717506
62,179,2.718843
63,179,2.721240
64,179,2.722373
65,179,2.719552
66,179,2.720483
67,179,2.720988
68,179,2.715201
69,179,2.715854
70,179,2.720261
71,179,2.720718
72,179,2.718405
73,179,2.718673
74,179,2.718626
75,179,2.723756
76,179,2.719905
77,179,2.723664
78,179,2.724668
79,179,2.720537
80,179,2.720165
81,179,2.717047
82,179,2.712639
83,179,2.713194
84,179,2.712456
85,179,2.711624
86,179,2.719618
87,179,2.730161
88,179,2.722567
89,179,2.717514
90,179,2.725153
91,179,2.723768
92,179,2.719669
93,179,2.725804
94,179,2.725378
95,179,2.727471
96,179,2.725261
97,179,2.726188
98,179,2.718076
99,179,2.722674
100,179,2.718230
101,179,2.722649
102,179,2.726978
103,179,2.729966
104,179,2.726410
105,179,2.722765
106,179,2.725490
107,179,2.729357
108,179,2.729281
109,179,2.729116
110,179,2.727598
111,179,2.723400
112,179,2.716869
113,179,2.710282
114,179,2.710032
115,179,2.703255
116,179,2.707942
117,179,2.708693
118,179,2.709337
119,179,2.713740
120,179,2.712270
121,179,2.713294
122,179,2.702006
123,179,2.711815
124,179,2.709974
125,179,2.713818
126,179,2.709863
127,179,2.713519
128,179,2.699215
129,179,2.700502
130,179,2.697833
131,179,2.687378
132,179,2.692219
133,179,2.689260
134,179,2.690059
135,179,2.692050
136,179,2.692657
137,179,2.697024
138,179,2.697444
139,179,2.697776
140,179,2.701862
141,179,2.705855
142,179,2.707169
143,179,2.710977
144,179,2.714693
145,179,2.710614
146,179,2.713487
147,179,2.707303
148,179,2.706808
149,179,2.717782
150,179,2.714391
151,179,2.709758
152,179,2.712739
153,179,2.728443
154,179,2.723537
155,179,2.726243
156,179,2.714699
157,179,2.713367
158,179,2.717046
159,179,2.719378
160,179,2.714444
161,179,2.713693
162,179,2.713544
163,179,2.714536
164,179,2.714208
165,179,2.720795
166,179,2.714510
167,179,2.722841
168,179,2.726008
169,179,2.730303
170,179,2.727511
171,179,2.721989
172,179,2.718299
173,179,2.717162
174,179,2.722918
175,179,2.719671
176,179,2.711755
177,179,2.711448
178,179,2.713700
179,179,2.715129
180,179,2.714533
181,179,2.718425
182,179,2.721825
183,179,2.728657
184,179,2.718786
185,179,2.729271
186,179,2.728094
187,179,2.719108
188,179,2.712684
189,179,2.711649
190,179,2.711996
191,179,2.716089
192,179,2.704660
193,179,2.711203
194,179,2.705332
195,179,2.711465
196,179,2.707309
197,179,2.716521
198,179,2.714055
199,179,2.714777
200,179,2.708236
201,179,2.716980
202,179,2.712113
203,179,2.713613
204,179,2.698874
205,179,2.697486
206,179,2.700595
207,179,2.700881
208,179,2.693319
209,179,2.694167
210,179,2.690190
211,179,2.697620
212,179,2.698112
213,179,2.701403
214,179,2.698755
215,179,2.700793
216,179,2.699765
217,179,2.699617
218,179,2.700195
219,179,2.696739
220,179,2.684606
221,179,2.686584
222,179,2.685715
223,179,2.687330
224,179,2.671943
225,179,2.675105
226,179,2.671675
227,179,2.670581
228,179,2.666806
229,179,2.674917
230,179,2.668850
231,179,2.664949
232,179,2.675131
233,179,2.674607
234,179,2.675450
235,179,2.666708
236,179,2.665185
237,179,2.660844
238,179,2.655156
239,179,2.654872
240,179,2.638950
241,179,2.633631
242,179,2.636442
243,179,2.623428
244,179,2.623739
245,179,2.619277
246,179,2.614844
247,179,2.616175
248,179,2.613347
249,179,2.616743
250,179,2.613207
251,179,2.605474
252,179,2.590233
253,179,2.591334
254,179,2.586268
255,179,2.580218
0,180,2.602476
1,180,2.609240
2,180,2.610583
3,180,2.615112
4,180,2.617077
5,180,2.617520
6,180,2.617137
7,180,2.618253
8,180,2.626826
9,180,2.624257
10,180,2.632314
11,180,2.624735
12,180,2.629021
13,180,2.628680
14,180,2.631987
15,180,2.629001
16,180,2.661498
17,180,2.665722
18,180,2.664347
19,180,2.662797
20,180,2.669004
21,180,2.670940
22,180,2.674060
23,180,2.671794
24,180,2.678358
25,180,2.674576
26,180,2.680757
27,180,2.677850
28,180,2.683663
29,180,2.688164
30,180,2.685923
31,180,2.681257
32,180,2.690245
33,180,2.690342
34,180,2.691308
35,180,2.683441
36,180,2.691810
37,180,2.696166
38,180,2.695629
39,180,2.695849
40,180,2.695081
41,180,2.698883
42,180,2.694835
43,180,2.701434
44,180,2.700983
45,180,2.704250
46,180,2.698969
47,180,2.705847
48,180,2.704890
49,180,2.703158
50,180,2.701972
51,180,2.704515
52,180,2.703086
53,180,2.712524
54,180,2.710879
55,180,2.716824
56,180,2.711096
57,180,2.716315
58,180,2.718089
59,180,2.715900
60,180,2.714789
61,180,2.715808
62,180,2.717170
63,180,2.718428
64,180,2.719582
65,180,2.720633
66,180,2.715073
67,180,2.715924
68,180,2.716357
69,180,2.720878
70,180,2.714944
71,180,2.719271
72,180,2.715795
73,180,2.719928
74,180,2.721322
75,180,2.717560
76,180,2.721408
77,180,2.722526
78,180,2.714629
79,180,2.721898
80,180,2.715053
81,180,2.718450
82,180,2.714046
83,180,2.710783
84,180,2.713900
85,180,2.714311
86,180,2.721096
87,180,2.717475
88,180,2.716370
89,180,2.715169
90,180,2.718984
91,180,2.717567
92,180,2.721187
93,180,2.723450
94,180,2.719183
95,180,2.722530
96,180,2.718808
97,180,2.719757
98,180,2.715488
99,180,2.723960
100,180,2.715651
101,180,2.723942
102,180,2.728290
103,180,2.727411
104,180,2.731622
105,180,2.724125
106,180,2.726809
107,180,2.726838
108,180,2.726776
109,180,2.722772
110,180,2.728940
111,180,2.728608
112,180,2.710327
113,180,2.715315
114,180,2.708664
115,180,2.704448
116,180,2.709161
117,180,2.709911
118,180,2.714429
119,180,2.714988
120,180,2.715460
121,180,2.715831
122,180,2.710954
123,180,2.718843
124,180,2.707372
125,180,2.711217
126,180,2.718820
127,180,2.714769
128,180,2.700387
129,180,2.701692
130,180,2.699040
131,180,2.692445
132,180,2.685735
133,180,2.690500
134,180,2.688772
135,180,2.689476
136,180,2.693947
137,180,2.690607
138,180,2.698738
139,180,2.702914
140,180,2.699295
141,180,2.704582
142,180,2.700771
143,180,2.704571
144,180,2.712114
145,180,2.715725
146,180,2.705127
147,180,2.716263
148,180,2.711897
149,180,2.711292
150,180,2.708034
151,180,2.711101
152,180,2.713920
153,180,2.718075
154,180,2.713144
155,180,2.719679
156,180,2.711995
157,180,2.710637
158,180,2.710468
159,180,2.708920
160,180,2.715211
161,180,2.717062
162,180,2.716897
163,180,2.714050
164,180,2.711779
165,180,2.720225
166,180,2.711979
167,180,2.712601
168,180,2.720833
169,180,2.720022
170,180,2.720364
171,180,2.727077
172,180,2.715673
173,180,2.720276
174,180,2.718317
175,180,2.716262
176,180,2.716733
177,180,2.716679
178,180,2.712426
179,180,2.712629
180,180,2.719740
181,180,2.720973
182,180,2.713179
183,180,2.721919
184,180,2.724778
185,180,2.721755
186,180,2.725118
187,180,2.723816
188,180,2.713220
189,180,2.709795
190,180,2.710830
191,180,2.712969
192,180,2.711145
193,180,2.709208
194,180,2.707158
195,180,2.709415
196,180,2.713648
197,180,2.713193
198,180,2.704912
199,180,2.704862
200,180,2.707913
201,180,2.705058
202,180,2.709781
203,180,2.711248
204,180,2.700317
205,180,2.700809
206,180,2.699236
207,180,2.692561
208,180,2.704211
209,180,2.696451
210,180,2.695208
211,180,2.700656
212,180,2.702093
213,180,2.706261
214,180,2.697771
215,180,2.696819
216,180,2.696739
217,180,2.699323
218,180,2.700899
219,180,2.693517
220,180,2.684020
221,180,2.683226
222,180,2.681074
223,180,2.683826
224,180,2.673590
225,180,2.673400
226,180,2.670473
227,180,2.676415
228,180,2.671140
229,180,2.676720
230,180,2.665218
231,180,2.665887
232,180,2.673179
233,180,2.677973
234,180,2.663568
235,180,2.666003
236,180,2.650403
237,180,2.660086
238,180,2.650284
239,180,2.655689
240,180,2.640884
241,180,2.634103
242,180,2.629030
243,180,2.627549
244,180,2.624920
245,180,2.626691
246,180,2.614687
247,180,2.612886
248,180,2.609842
249,180,2.614179
250,180,2.604027
251,180,2.607027
252,180,2.592906
253,180,2.583274
254,180,2.585078
255,180,2.583176
0,181,2.602884
1,181,2.593160
2,181,2.613714
3,181,2.608459
4,181,2.609340
5,181,2.624917
6,181,2.618764
7,181,2.614937
8,181,2.621801
9,181,2.622546
10,181,2.617949
11,181,2.631609
12,181,2.627771
13,181,2.630182
14,181,2.635314
15,181,2.634666
16,181,2.658535
17,181,2.660087
18,181,2.658835
19,181,2.658883
20,181,2.668802
21,181,2.671030
22,181,2.665175
23,181,2.672052
24,181,2.673557
25,181,2.672325
26,181,2.679998
27,181,2.678386
28,181,2.683108
29,181,2.684985
30,181,2.681708
31,181,2.687092
32,181,2.690036
33,181,2.687388
34,181,2.687416
35,181,2.696012
36,181,2.696736
37,181,2.696374
38,181,2.692952
39,181,2.696204
40,181,2.692501
41,181,2.695156
42,181,2.690351
43,181,2.697794
44,181,2.697391
45,181,2.699961
46,181,2.703161
47,181,2.706229
48,181,2.704632
49,181,2.699757
50,181,2.698609
51,181,2.701190
52,181,2.714604
53,181,2.709257
54,181,2.708851
55,181,2.710976
56,181,2.712457
57,181,2.710520
58,181,2.716175
59,181,2.717868
60,181,2.719451
61,181,2.716632
62,181,2.714165
63,181,2.716663
64,181,2.717841
65,181,2.711209
66,181,2.712179
67,181,2.709196
68,181,2.713816
69,181,2.719257
70,181,2.723697
71,181,2.716479
72,181,2.716869
73,181,2.718399
74,181,2.718597
75,181,2.722550
76,181,2.719947
77,181,2.723712
78,181,2.715822
79,181,2.720648
80,181,2.712571
81,181,2.708251
82,181,2.712804
83,181,2.708299
84,181,2.711403
85,181,2.715685
86,181,2.710898
87,181,2.718851
88,181,2.717731
89,181,2.713945
90,181,2.720343
91,181,2.720230
92,181,2.718734
93,181,2.722291
94,181,2.724384
95,181,2.727743
96,181,2.719894
97,181,2.713161
98,181,2.720439
99,181,2.721227
100,181,2.725776
101,181,2.728922
102,181,2.721731
103,181,2.722215
104,181,2.725068
105,181,2.729147
106,181,2.729282
107,181,2.728005
108,181,2.731811
109,181,2.727789
110,181,2.730069
111,181,2.725881
112,181,2.715156
113,181,2.712475
114,181,2.709693
115,181,2.709327
116,181,2.710200
117,181,2.707109
118,181,2.711639
119,181,2.714144
120,181,2.710772
121,181,2.716934
122,181,2.710103
123,181,2.719923
124,181,2.708456
125,181,2.712303
126,181,2.710274
127,181,2.712000
128,181,2.693686
129,181,2.698860
130,181,2.688521
131,181,2.689639
132,181,2.690656
133,181,2.687720
134,181,2.693735
135,181,2.690599
136,181,2.691217
137,181,2.699443
138,181,2.696013
139,181,2.696333
140,181,2.696562
141,181,2.705732
142,181,2.694207
143,181,2.701850
144,181,2.709402
145,181,2.709158
146,181,2.710150
147,181,2.709644
148,181,2.709111
149,181,2.713662
150,181,2.709094
151,181,2.708286
152,181,2.704853
153,181,2.719097
154,181,2.714142
155,181,2.721970
156,181,2.712975
157,181,2.723149
158,181,2.722986
159,181,2.725263
160,181,2.718433
161,181,2.716416
162,181,2.709783
163,181,2.713349
164,181,2.710406
165,181,2.717644
166,181,2.714515
167,181,2.713865
168,181,2.716330
169,181,2.721277
170,181,2.721628
171,181,2.728317
172,181,2.720775
173,181,2.728547
174,181,2.725327
175,181,2.721351
176,181,2.715351
177,181,2.717628
178,181,2.713362
179,181,2.712849
180,181,2.718689
181,181,2.717980
182,181,2.719095
183,181,2.718859
184,181,2.721699
185,181,2.728288
186,181,2.721288
187,181,2.724930
188,181,2.719663
189,181,2.721993
190,181,2.718435
191,181,2.722472
192,181,2.709059
193,181,2.709705
194,181,2.707623
195,181,2.707932
196,181,2.711414
197,181,2.708997
198,181,2.706458
199,181,2.707648
200,181,2.705538
201,181,2.714200
202,181,2.709938
203,181,2.706779
204,181,2.708103
205,181,2.712400
206,181,2.708851
207,181,2.707085
208,181,2.698324
209,181,2.698214
210,181,2.694100
211,181,2.706171
212,181,2.701768
213,181,2.701056
214,181,2.697333
215,181,2.693706
216,181,2.696367
217,181,2.699941
218,181,2.694566
219,181,2.695932
220,181,2.692137
221,181,2.693924
222,181,2.692900
223,181,2.688532
224,181,2.674963
225,181,2.670204
226,181,2.670450
227,181,2.674905
228,181,2.670941
229,181,2.669174
230,181,2.671887
231,181,2.663876
232,181,2.662988
233,181,2.666036
234,181,2.666647
235,181,2.664680
236,181,2.660987
237,181,2.666795
238,181,2.662615
239,181,2.663366
240,181,2.631685
241,181,2.632519
242,181,2.625209
243,181,2.632577
244,181,2.619079
245,181,2.618416
246,181,2.613328
247,181,2.606590
248,181,2.602817
249,181,2.604432
250,181,2.604340
251,181,2.605018
252,181,2.595872
253,181,2.590733
254,181,2.584132
255,181,2.589120
0,182,2.597877
1,182,2.603672
2,182,2.606639
3,182,2.607985
4,182,2.612587
5,182,2.613301
6,182,2.611190
7,182,2.614725
8,182,2.614597
9,182,2.615512
10,182,2.621940
11,182,2.621054
12,182,2.625075
13,182,2.622929
14,182,2.632913
15,182,2.632404
16,182,2.652587
17,182,2.659351
18,182,2.658510
19,182,2.657165
20,182,2.660961
21,182,2.670791
22,182,2.659945
23,182,2.666955
24,182,2.668563
25,182,2.671309
26,182,2.667492
27,182,2.677556
28,182,2.678517
29,182,2.676652
30,182,2.678446
31,182,2.682802
32,182,2.686875
33,182,2.683248
34,182,2.688228
35,182,2.688188
36,182,2.689003
37,182,2.689654
38,182,2.689227
39,182,2.692210
40,182,2.692417
41,182,2.695479
42,182,2.699264
43,182,2.702904
44,182,2.705625
45,182,2.705154
46,182,2.704547
47,182,2.703092
48,182,2.698387
49,182,2.697406
50,182,2.700150
51,182,2.698283
52,182,2.704652
53,182,2.707047
54,182,2.709321
55,182,2.710920
56,182,2.712980
57,182,2.714924
58,182,2.716756
59,182,2.719716
60,182,2.717474
61,182,2.718525
62,182,2.716084
63,182,2.717388
64,182,2.710881
65,182,2.715827
66,182,2.714217
67,182,2.711253
68,182,2.712041
69,182,2.712727
70,182,2.713313
71,182,2.714777
72,182,2.711330
73,182,2.715489
74,182,2.711845
75,182,2.717082
76,182,2.720951
77,182,2.720871
78,182,2.721975
79,182,2.717853
80,182,2.713634
81,182,2.706756
82,182,2.710055
83,182,2.709405
84,182,2.706105
85,182,2.709189
86,182,2.713398
87,182,2.712358
88,182,2.715074
89,182,2.719010
90,182,2.717684
91,182,2.721437
92,182,2.719922
93,182,2.727345
94,182,2.717932
95,182,2.725084
96,182,2.713103
97,182,2.714099
98,182,2.711148
99,182,2.718323
100,182,2.719040
101,182,2.718320
102,182,2.722786
103,182,2.727065
104,182,2.722196
105,182,2.722439
106,182,2.722591
107,182,2.729001
108,182,2.732807
109,182,2.728816
110,182,2.731075
111,182,2.730752
112,182,2.712125
113,182,2.709462
114,182,2.714403
115,182,2.714017
116,182,2.707200
117,182,2.706074
118,182,2.706761
119,182,2.707349
120,182,2.711691
121,182,2.712088
122,182,2.712932
123,182,2.709273
124,182,2.707443
125,182,2.713218
126,182,2.715040
127,182,2.712911
128,182,2.694517
129,182,2.692003
130,182,2.700946
131,182,2.690513
132,182,2.691553
133,182,2.696327
134,182,2.686968
135,182,2.691551
136,182,2.692170
137,182,2.692690
138,182,2.681552
139,182,2.685732
140,182,2.697513
141,182,2.702858
142,182,2.702885
143,182,2.698960
144,182,2.706486
145,182,2.706225
146,182,2.707233
147,182,2.702935
148,182,2.706152
149,182,2.714570
150,182,2.713833
151,182,2.713003
152,182,2.709582
153,182,2.716271
154,182,2.714966
155,182,2.715098
156,182,2.717635
157,182,2.713720
158,182,2.719919
159,182,2.718314
160,182,2.713782
161,182,2.707869
162,182,2.703204
163,182,2.714457
164,182,2.709604
165,182,2.714896
166,182,2.711781
167,182,2.716889
168,182,2.711660
169,182,2.721745
170,182,2.718873
171,182,2.720881
172,182,2.721660
173,182,2.717866
174,182,2.719754
175,182,2.714471
176,182,2.704608
177,182,2.710057
178,182,2.706414
179,182,2.711667
180,182,2.716819
181,182,2.707102
182,182,2.717833
183,182,2.720755
184,182,2.719720
185,182,2.717714
186,182,2.728046
187,182,2.719008
188,182,2.723347
189,182,2.712166
190,182,2.709235
191,182,2.709391
192,182,2.701729
193,182,2.703584
194,182,2.701469
195,182,2.715239
196,182,2.710981
197,182,2.703407
198,182,2.706610
199,182,2.703908
200,182,2.701078
201,182,2.714244
202,182,2.711174
203,182,2.711823
204,182,2.712335
205,182,2.701950
206,182,2.706057
207,182,2.698460
208,182,2.696495
209,182,2.693348
210,182,2.702661
211,182,2.700258
212,182,2.694813
213,182,2.697891
214,182,2.695021
215,182,2.696885
216,182,2.691769
217,182,2.699308
218,182,2.696894
219,182,2.693182
220,182,2.691201
221,182,2.682548
222,182,2.687901
223,182,2.684709
224,182,2.665918
225,182,2.668174
226,182,2.665019
227,182,2.669335
228,182,2.671035
229,182,2.667193
230,182,2.662109
231,182,2.663571
232,182,2.666405
233,182,2.669284
234,182,2.667222
235,182,2.667489
236,182,2.661867
237,182,2.653948
238,182,2.652919
239,182,2.650272
240,182,2.622228
241,182,2.617103
242,182,2.620778
243,182,2.620622
244,182,2.614628
245,182,2.611642
246,182,2.612290
247,182,2.605326
248,182,2.601354
249,182,2.596892
250,182,2.604253
251,182,2.604953
252,182,2.589443
253,182,2.585448
254,182,2.575761
255,182,2.574059
0,183,2.588782
1,183,2.596152
2,183,2.594140
3,183,2.608573
4,183,2.604384
5,183,2.614306
6,183,2.612384
7,183,2.614823
8,183,2.612311
9,183,2.617248
10,183,2.618717
11,183,2.619270
12,183,2.616275
13,183,2.624036
14,183,2.620023
15,183,2.625205
16,183,2.654123
17,183,2.651074
18,183,2.657741
19,183,2.662940
20,183,2.663034
21,183,2.661422
22,183,2.668764
23,183,2.665511
24,183,2.668573
25,183,2.677804
26,183,2.676606
27,183,2.672683
28,183,2.678807
29,183,2.679692
30,183,2.681596
31,183,2.678331
32,183,2.690184
33,183,2.680000
34,183,2.684009
35,183,2.696617
36,183,2.688804
37,183,2.693397
38,183,2.692717
39,183,2.699931
40,183,2.696366
41,183,2.696501
42,183,2.699500
43,183,2.699363
44,183,2.702934
45,183,2.702512
46,183,2.697349
47,183,2.700528
48,183,2.699720
49,183,2.698094
50,183,2.693194
51,183,2.703578
52,183,2.706132
53,183,2.712416
54,183,2.706433
55,183,2.712495
56,183,2.710735
57,183,2.716563
58,183,2.718425
59,183,2.716320
60,183,2.713627
61,183,2.715171
62,183,2.708900
63,183,2.715357
64,183,2.716579
65,183,2.713842
66,183,2.707148
67,183,2.719614
68,183,2.716565
69,183,2.718556
70,183,2.719160
71,183,2.711957
72,183,2.712359
73,183,2.716514
74,183,2.714167
75,183,2.714275
76,183,2.718138
77,183,2.719359
78,183,2.721104
79,183,2.722752
80,183,2.712135
81,183,2.703961
82,183,2.703395
83,183,2.715618
84,183,2.711010
85,183,2.706306
86,183,2.706695
87,183,2.717213
88,183,2.713566
89,183,2.712345
90,183,2.720058
91,183,2.714769
92,183,2.717086
93,183,2.724522
94,183,2.722793
95,183,2.722338
96,183,2.715214
97,183,2.714861
98,183,2.711934
99,183,2.726801
100,183,2.719834
101,183,2.722952
102,183,2.719735
103,183,2.720180
104,183,2.726854
105,183,2.730967
106,183,2.727282
107,183,2.725970
108,183,2.722085
109,183,2.725814
110,183,2.721744
111,183,2.719975
112,183,2.712748
113,183,2.712050
114,183,2.707376
115,183,2.710839
116,183,2.707889
117,183,2.702923
118,183,2.705549
119,183,2.711936
120,183,2.714368
121,183,2.710912
122,183,2.711215
123,183,2.710007
124,183,2.710104
125,183,2.717808
126,183,2.709998
127,183,2.715573
128,183,2.695170
129,183,2.700380
130,183,2.693929
131,183,2.698932
132,183,2.699961
133,183,2.702319
134,183,2.676185
135,183,2.676906
136,183,2.692946
137,183,2.689620
138,183,2.678480
139,183,2.678803
140,183,2.682874
141,183,2.688250
142,183,2.703681
143,183,2.699746
144,183,2.711135
145,183,2.708362
146,183,2.700285
147,183,2.703674
148,183,2.706970
149,183,2.707595
150,183,2.706836
151,183,2.705984
152,183,2.729544
153,183,2.724651
154,183,2.707905
155,183,2.711899
156,183,2.710556
157,183,2.710503
158,183,2.716672
159,183,2.716422
160,183,2.707018
161,183,2.703027
162,183,2.706084
163,183,2.707688
164,183,2.698997
165,183,2.707547
166,183,2.710801
167,183,2.709405
168,183,2.733649
169,183,2.730246
170,183,2.715776
171,183,2.712182
172,183,2.716195
173,183,2.716855
174,183,2.718750
175,183,2.718619
176,183,2.705509
177,183,2.709036
178,183,2.704756
179,183,2.702913
180,183,2.708066
181,183,2.709265
182,183,2.714827
183,183,2.713895
184,183,2.735975
185,183,2.729053
186,183,2.718171
187,183,2.719362
188,183,2.710192
189,183,2.712470
190,183,2.714636
191,183,2.708984
192,183,2.707070
193,183,2.699887
194,183,2.697741
195,183,2.703181
196,183,2.709122
197,183,2.706632
198,183,2.707870
199,183,2.705128
200,183,2.736932
201,183,2.724298
202,183,2.714204
203,183,2.712880
204,183,2.709492
205,183,2.715594
206,183,2.708067
207,183,2.701257
208,183,2.695384
209,183,2.691285
210,183,2.691818
211,183,2.691282
212,183,2.698287
213,183,2.697420
214,183,2.693573
215,183,2.692388
216,183,2.708361
217,183,2.706018
218,183,2.690210
219,183,2.688314
220,183,2.679737
221,183,2.685177
222,183,2.682065
223,183,2.677485
224,183,2.662448
225,183,2.666524
226,183,2.661306
227,183,2.661168
228,183,2.661282
229,183,2.664023
230,183,2.655962
231,183,2.664672
232,183,2.683077
233,183,2.673440
234,183,2.662419
235,183,2.660611
236,183,2.649017
237,183,2.650009
238,183,2.643628
239,183,2.648476
240,183,2.621740
241,183,2.623993
242,183,2.612640
243,183,2.612567
244,183,2.603588
245,183,2.606726
246,183,2.602734
247,183,2.595546
248,183,2.618845
249,183,2.613583
250,183,2.597575
251,183,2.596598
252,183,2.576421
253,183,2.586122
254,183,2.581453
255,183,2.574875
0,184,2.588496
1,184,2.598570
2,184,2.601989
3,184,2.606104
4,184,2.608824
5,184,2.611242
6,184,2.606509
7,184,2.612154
8,184,2.612328
9,184,2.615624
10,184,2.616583
11,184,2.615962
12,184,2.622174
13,184,2.622381
14,184,2.617189
15,184,2.622552
16,184,2.652899
17,184,2.660258
18,184,2.663202
19,184,2.663666
20,184,2.664893
21,184,2.664882
22,184,2.663180
23,184,2.669122
24,184,2.670911
25,184,2.670026
26,184,2.671470
27,184,2.672740
28,184,2.677712
29,184,2.664485
30,184,2.669147
31,184,2.678673
32,184,2.685604
33,184,2.690934
34,184,2.692228
35,184,2.688462
36,184,2.693288
37,184,2.697944
38,184,2.704051
39,184,2.689144
40,184,2.697196
41,184,2.704214
42,184,2.700426
43,184,2.704193
44,184,2.695449
45,184,2.698951
46,184,2.702313
47,184,2.701684
48,184,2.702765
49,184,2.709595
50,184,2.704736
51,184,2.707454
52,184,2.701700
53,184,2.708040
54,184,2.710404
55,184,2.708795
56,184,2.714771
57,184,2.718075
58,184,2.715591
59,184,2.709682
60,184,2.715218
61,184,2.712936
62,184,2.714397
63,184,2.715749
64,184,2.709287
65,184,2.721982
66,184,2.711453
67,184,2.713695
68,184,2.714519
69,184,2.715240
70,184,2.719711
71,184,2.720227
72,184,2.718116
73,184,2.726140
74,184,2.722505
75,184,2.718770
76,184,2.723980
77,184,2.720051
78,184,2.719876
79,184,2.715750
80,184,2.716730
81,184,2.712412
82,184,2.715702
83,184,2.716403
84,184,2.711797
85,184,2.712390
86,184,2.711430
87,184,2.714225
88,184,2.714448
89,184,2.717052
90,184,2.720943
91,184,2.711796
92,184,2.719321
93,184,2.721523
94,184,2.717321
95,184,2.719328
96,184,2.711770
97,184,2.723147
98,184,2.720243
99,184,2.719686
100,184,2.716593
101,184,2.724965
102,184,2.728062
103,184,2.724673
104,184,2.719770
105,184,2.727754
106,184,2.724108
107,184,2.718904
108,184,2.718887
109,184,2.722630
110,184,2.718531
111,184,2.716783
112,184,2.713187
113,184,2.710583
114,184,2.713651
115,184,2.707462
116,184,2.708394
117,184,2.705368
118,184,2.702237
119,184,2.710561
120,184,2.707223
121,184,2.703782
122,184,2.707943
123,184,2.708629
124,184,2.712584
125,184,2.718363
126,184,2.710554
127,184,2.714199
128,184,2.695638
129,184,2.700867
130,184,2.694434
131,184,2.695592
132,184,2.688938
133,184,2.695191
134,184,2.692177
135,184,2.673647
136,184,2.678130
137,184,2.674804
138,184,2.675226
139,184,2.679398
140,184,2.675762
141,184,2.704284
142,184,2.696589
143,184,2.704202
144,184,2.707860
145,184,2.709012
146,184,2.697007
147,184,2.700377
148,184,2.703652
149,184,2.704410
150,184,2.726625
151,184,2.729603
152,184,2.703089
153,184,2.721288
154,184,2.721347
155,184,2.708516
156,184,2.710999
157,184,2.710953
158,184,2.713241
159,184,2.712710
160,184,2.703941
161,184,2.705183
162,184,2.701082
163,184,2.705985
164,184,2.705471
165,184,2.706314
166,184,2.728797
167,184,2.729449
168,184,2.713217
169,184,2.725237
170,184,2.729452
171,184,2.716599
172,184,2.718679
173,184,2.711591
174,184,2.717331
175,184,2.722970
176,184,2.705961
177,184,2.699845
178,184,2.705185
179,184,2.704644
180,184,2.702653
181,184,2.707688
182,184,2.735737
183,184,2.734784
184,184,2.713119
185,184,2.727368
186,184,2.728023
187,184,2.711231
188,184,2.711667
189,184,2.704877
190,184,2.710869
191,184,2.710968
192,184,2.701319
193,184,2.701184
194,184,2.702857
195,184,2.704409
196,184,2.709690
197,184,2.710995
198,184,2.735965
199,184,2.731854
200,184,2.705825
201,184,2.733601
202,184,2.726567
203,184,2.703983
204,184,2.707110
205,184,2.713161
206,184,2.701729
207,184,2.705559
208,184,2.696058
209,184,2.691901
210,184,2.689512
211,184,2.690813
212,184,2.692956
213,184,2.692023
214,184,2.712106
215,184,2.708060
216,184,2.689285
217,184,2.703073
218,184,2.697999
219,184,2.682538
220,184,2.682286
221,184,2.686958
222,184,2.678616
223,184,2.679687
224,184,2.667859
225,184,2.664663
226,184,2.666540
227,184,2.662902
228,184,2.660548
229,184,2.665514
230,184,2.682027
231,184,2.685134
232,184,2.654987
233,184,2.674357
234,184,2.670730
235,184,2.649632
236,184,2.650765
237,184,2.652188
238,184,2.647564
239,184,2.649748
240,184,2.619531
241,184,2.613844
242,184,2.617201
243,184,2.611152
244,184,2.606297
245,184,2.602949
246,184,2.624819
247,184,2.616816
248,184,2.593168
249,184,2.608163
250,184,2.600260
251,184,2.587456
252,184,2.585804
253,184,2.580227
254,184,2.583413
255,184,2.576095
0,185,2.578832
1,185,2.598242
2,185,2.585071
3,185,2.590840
4,185,2.603934
5,185,2.614270
6,185,2.603439
7,185,2.615599
8,185,2.613458
9,185,2.611747
10,185,2.612883
11,185,2.613769
12,185,2.618817
13,185,2.619184
14,185,2.617284
15,185,2.623515
16,185,2.654006
17,185,2.655147
18,185,2.653027
19,185,2.653653
20,185,2.664018
21,185,2.658968
22,185,2.665089
23,185,2.668622
24,185,2.665336
25,185,2.660732
26,185,2.662280
27,185,2.672675
28,185,2.668713
29,185,2.667163
30,185,2.676967
31,185,2.666143
32,185,2.685826
33,185,2.682416
34,185,2.679960
35,185,2.681176
36,185,2.700458
37,185,2.697501
38,185,2.693062
39,185,2.692683
40,185,2.700820
41,185,2.697240
42,185,2.704194
43,185,2.692629
44,185,2.704032
45,185,2.698562
46,185,2.693488
47,185,2.696782
48,185,2.703790
49,185,2.699105
50,185,2.693596
51,185,2.700228
52,185,2.702879
53,185,2.709256
54,185,2.707804
55,185,2.710082
56,185,2.711667
57,185,2.709872
58,185,2.715665
59,185,2.713637
60,185,2.711494
61,185,2.713091
62,185,2.710723
63,185,2.709584
64,185,2.710852
65,185,2.715864
66,185,2.713064
67,185,2.717863
68,185,2.718704
69,185,2.719440
70,185,2.713722
71,185,2.718108
72,185,2.718539
73,185,2.711163
74,185,2.715243
75,185,2.720592
76,185,2.709065
77,185,2.712849
78,185,2.714058
79,185,2.713794
80,185,2.713432
81,185,2.709118
82,185,2.702373
83,185,2.695925
84,185,2.708641
85,185,2.713029
86,185,2.712069
87,185,2.712418
88,185,2.715151
89,185,2.713883
90,185,2.706231
91,185,2.712474
92,185,2.716194
93,185,2.714490
94,185,2.714153
95,185,2.716135
96,185,2.712172
97,185,2.715664
98,185,2.709102
99,185,2.716236
100,185,2.717019
101,185,2.713854
102,185,2.720790
103,185,2.721274
104,185,2.721663
105,185,2.716688
106,185,2.716875
107,185,2.720820
108,185,2.723207
109,185,2.723087
110,185,2.719029
111,185,2.721109
112,185,2.713435
113,185,2.707018
114,185,2.706251
115,185,2.709231
116,185,2.700990
117,185,2.697992
118,185,2.702580
119,185,2.708999
120,185,2.711449
121,185,2.704163
122,185,2.704483
123,185,2.708546
124,185,2.711023
125,185,2.718730
126,185,2.708994
127,185,2.712637
128,185,2.703618
129,185,2.701162
130,185,2.687043
131,185,2.692063
132,185,2.690778
133,185,2.695580
134,185,2.669466
135,185,2.674054
136,185,2.674685
137,185,2.671365
138,185,2.675638
139,185,2.679810
140,185,2.677645
141,185,2.681604
142,185,2.681606
143,185,2.685355
144,185,2.704396
145,185,2.701714
146,185,2.697468
147,185,2.700743
148,185,2.701611
149,185,2.704771
150,185,2.703984
151,185,2.704408
152,185,2.699561
153,185,2.713882
154,185,2.725507
155,185,2.708797
156,185,2.707398
157,185,2.707362
158,185,2.709344
159,185,2.712943
160,185,2.706460
161,185,2.703868
162,185,2.703603
163,185,2.702676
164,185,2.698355
165,185,2.706920
166,185,2.702412
167,185,2.705005
168,185,2.711202
169,185,2.725661
170,185,2.726019
171,185,2.705612
172,185,2.709628
173,185,2.715471
174,185,2.715718
175,185,2.713643
176,185,2.701834
177,185,2.701481
178,185,2.695789
179,185,2.706793
180,185,2.700355
181,185,2.705918
182,185,2.703127
183,185,2.711788
184,185,2.710710
185,185,2.726861
186,185,2.718414
187,185,2.707379
188,185,2.705864
189,185,2.706162
190,185,2.708273
191,185,2.714120
192,185,2.704440
193,185,2.700982
194,185,2.698769
195,185,2.702212
196,185,2.697826
197,185,2.699093
198,185,2.700231
199,185,2.705092
200,185,2.702846
201,185,2.726726
202,185,2.719645
203,185,2.706646
204,185,2.697356
205,185,2.701406
206,185,2.706178
207,185,2.702247
208,185,2.686604
209,185,2.690066
210,185,2.690487
211,185,2.687308
212,185,2.686451
213,185,2.689275
214,185,2.685299
215,185,2.689722
216,185,2.684326
217,185,2.704957
218,185,2.700580
219,185,2.679224
220,185,2.674342
221,185,2.679575
222,185,2.684590
223,185,2.671493
224,185,2.662068
225,185,2.665958
226,185,2.668200
227,185,2.660560
228,185,2.659478
229,185,2.660997
230,185,2.660041
231,185,2.651419
232,185,2.653362
233,185,2.667323
234,185,2.667398
235,185,2.655232
236,185,2.645185
237,185,2.640620
238,185,2.644961
239,185,2.639743
240,185,2.620897
241,185,2.616713
242,185,2.614307
243,185,2.609975
244,185,2.602468
245,185,2.591682
246,185,2.597907
247,185,2.589166
248,185,2.586928
249,185,2.610867
250,185,2.614648
251,185,2.574586
252,185,2.576090
253,185,2.578274
254,185,2.571122
255,185,2.565813
0,186,2.581858
1,186,2.588508
2,186,2.591118
3,186,2.590749
4,186,2.604032
5,186,2.606875
6,186,2.610288
7,186,2.604769
8,186,2.605259
9,186,2.609008
10,186,2.610321
11,186,2.615836
12,186,2.612748
13,186,2.615735
14,186,2.621738
15,186,2.625619
16,186,2.652776
17,186,2.652340
18,186,2.647847
19,186,2.651117
20,186,2.657759
21,186,2.661904
22,186,2.659074
23,186,2.658900
24,186,2.664762
25,186,2.658934
26,186,2.660587
27,186,2.671112
28,186,2.666005
29,186,2.669642
30,186,2.671858
31,186,2.676535
32,186,2.682236
33,186,2.686397
34,186,2.679062
35,186,2.688084
36,186,2.689222
37,186,2.687823
38,186,2.688646
39,186,2.693153
40,186,2.692707
41,186,2.693064
42,186,2.700971
43,186,2.700154
44,186,2.694877
45,186,2.698504
46,186,2.698134
47,186,2.701475
48,186,2.700075
49,186,2.703162
50,186,2.698409
51,186,2.701230
52,186,2.703921
53,186,2.705840
54,186,2.706371
55,186,2.706778
56,186,2.708990
57,186,2.707228
58,186,2.713053
59,186,2.707202
60,186,2.708941
61,186,2.706713
62,186,2.712078
63,186,2.701919
64,186,2.710914
65,186,2.712094
66,186,2.701608
67,186,2.707805
68,186,2.720225
69,186,2.717127
70,186,2.713925
71,186,2.714472
72,186,2.714915
73,186,2.716652
74,186,2.713042
75,186,2.713182
76,186,2.717074
77,186,2.710715
78,186,2.714410
79,186,2.718005
80,186,2.713961
81,186,2.711057
82,186,2.702783
83,186,2.705967
84,186,2.710485
85,186,2.709623
86,186,2.708731
87,186,2.712952
88,186,2.707927
89,186,2.704254
90,186,2.706740
91,186,2.714426
92,186,2.712848
93,186,2.707314
94,186,2.710859
95,186,2.716608
96,186,2.712381
97,186,2.717342
98,186,2.705474
99,186,2.714080
100,186,2.713399
101,186,2.717961
102,186,2.721030
103,186,2.721534
104,186,2.718090
105,186,2.709245
106,186,2.709449
107,186,2.717264
108,186,2.711915
109,186,2.719525
110,186,2.719334
111,186,2.717479
112,186,2.709633
113,186,2.710944
114,186,2.706345
115,186,2.703581
116,186,2.699184
117,186,2.700054
118,186,2.706581
119,186,2.711086
120,186,2.696218
121,186,2.700505
122,186,2.708536
123,186,2.708754
124,186,2.715047
125,186,2.711198
126,186,2.703387
127,186,2.703175
128,186,2.705625
129,186,2.697411
130,186,2.683309
131,186,2.688355
132,186,2.687101
133,186,2.680365
134,186,2.681224
135,186,2.689680
136,186,2.674908
137,186,2.675440
138,186,2.675856
139,186,2.676172
140,186,2.677896
141,186,2.681848
142,186,2.677988
143,186,2.681726
144,186,2.704632
145,186,2.701928
146,186,2.701515
147,186,2.701007
148,186,2.694094
149,186,2.704938
150,186,2.704128
151,186,2.700710
152,186,2.703544
153,186,2.706281
154,186,2.706355
155,186,2.708881
156,186,2.708951
157,186,2.707427
158,186,2.703163
159,186,2.709127
160,186,2.704937
161,186,2.702325
162,186,2.702026
163,186,2.703097
164,186,2.700215
165,186,2.707232
166,186,2.700287
167,186,2.697574
168,186,2.701993
169,186,2.706795
170,186,2.703125
171,186,2.707231
172,186,2.709803
173,186,2.709860
174,186,2.713668
175,186,2.704390
176,186,2.700004
177,186,2.699640
178,186,2.695320
179,186,2.708742
180,186,2.704216
181,186,2.707290
182,186,2.704479
183,186,2.704003
184,186,2.706758
185,186,2.709404
186,186,2.704233
187,186,2.706657
188,186,2.710894
189,186,2.702057
190,186,2.704140
191,186,2.713812
192,186,2.702175
193,186,2.701975
194,186,2.699727
195,186,2.705061
196,186,2.710269
197,186,2.703791
198,186,2.702963
199,186,2.707781
200,186,2.706686
201,186,2.707380
202,186,2.704082
203,186,2.705310
204,186,2.701749
205,186,2.703820
206,186,2.701888
207,186,2.699802
208,186,2.690792
209,186,2.686488
210,186,2.682021
211,186,2.690871
212,186,2.687462
213,186,2.689336
214,186,2.684206
215,186,2.682745
216,186,2.682259
217,186,2.684300
218,186,2.682290
219,186,2.678890
220,186,2.688064
221,186,2.681612
222,186,2.676303
223,186,2.670855
224,186,2.659911
225,186,2.659834
226,186,2.658076
227,186,2.653261
228,186,2.662594
229,186,2.662023
230,186,2.657079
231,186,2.653575
232,186,2.650117
233,186,2.650406
234,186,2.653701
235,186,2.651481
236,186,2.647046
237,186,2.637952
238,186,2.638759
239,186,2.633529
240,186,2.617678
241,186,2.609926
242,186,2.607264
243,186,2.598434
244,186,2.601289
245,186,2.600872
246,186,2.595305
247,186,2.584775
248,186,2.589587
249,186,2.584791
250,186,2.578213
251,186,2.580246
252,186,2.575708
253,186,2.574951
254,186,2.574267
255,186,2.566349
0,187,2.580766
1,187,2.576079
2,187,2.578989
3,187,2.585092
4,187,2.596185
5,187,2.601640
6,187,2.602886
7,187,2.611532
8,187,2.602077
9,187,2.604620
10,187,2.609972
11,187,2.617105
12,187,2.612761
13,187,2.613454
14,187,2.614380
15,187,2.614566
16,187,2.647141
17,187,2.641586
18,187,2.646639
19,187,2.649751
20,187,2.651269
21,187,2.659427
22,187,2.650378
23,187,2.668222
24,187,2.660242
25,187,2.658311
26,187,2.660064
27,187,2.657781
28,187,2.664360
29,187,2.660357
30,187,2.666546
31,187,2.668675
32,187,2.677129
33,187,2.677515
34,187,2.681822
35,187,2.679390
36,187,2.688333
37,187,2.690831
38,187,2.687895
39,187,2.700199
40,187,2.696926
41,187,2.692560
42,187,2.692845
43,187,2.699301
44,187,2.691572
45,187,2.698271
46,187,2.697975
47,187,2.697535
48,187,2.700806
49,187,2.703939
50,187,2.694656
51,187,2.705246
52,187,2.711852
53,187,2.709235
54,187,2.704024
55,187,2.717951
56,187,2.704784
57,187,2.706907
58,187,2.708909
59,187,2.706401
60,187,2.704334
61,187,2.711257
62,187,2.701256
63,187,2.706553
64,187,2.707886
65,187,2.712960
66,187,2.706366
67,187,2.711222
68,187,2.715970
69,187,2.717116
70,187,2.710076
71,187,2.731325
72,187,2.712521
73,187,2.709024
74,187,2.713129
75,187,2.713278
76,187,2.714766
77,187,2.718569
78,187,2.714564
79,187,2.714501
80,187,2.707879
81,187,2.703560
82,187,2.702993
83,187,2.699938
84,187,2.710842
85,187,2.706110
86,187,2.706607
87,187,2.720943
88,187,2.712103
89,187,2.704595
90,187,2.707059
91,187,2.707066
92,187,2.701603
93,187,2.709110
94,187,2.707308
95,187,2.710771
96,187,2.712391
97,187,2.705820
98,187,2.709189
99,187,2.717983
100,187,2.713432
101,187,2.721870
102,187,2.713366
103,187,2.725448
104,187,2.718171
105,187,2.713161
106,187,2.717235
107,187,2.717373
108,187,2.711992
109,187,2.715763
110,187,2.715548
111,187,2.715260
112,187,2.717187
113,187,2.718519
114,187,2.727445
115,187,2.709288
116,187,2.701015
117,187,2.694195
118,187,2.698823
119,187,2.691791
120,187,2.696197
121,187,2.704346
122,187,2.704680
123,187,2.701055
124,187,2.705385
125,187,2.713097
126,187,2.703360
127,187,2.699292
128,187,2.699726
129,187,2.693459
130,187,2.675521
131,187,2.688281
132,187,2.683239
133,187,2.682302
134,187,2.661973
135,187,2.662724
136,187,2.667218
137,187,2.663903
138,187,2.668175
139,187,2.672338
140,187,2.677949
141,187,2.678040
142,187,2.678023
143,187,2.677897
144,187,2.706176
145,187,2.698150
146,187,2.697656
147,187,2.693274
148,187,2.698048
149,187,2.701051
150,187,2.700217
151,187,2.700663
152,187,2.703473
153,187,2.702331
154,187,2.702413
155,187,2.701058
156,187,2.697286
157,187,2.703168
158,187,2.703029
159,187,2.705108
160,187,2.702775
161,187,2.702552
162,187,2.703737
163,187,2.703325
164,187,2.696514
165,187,2.703601
166,187,2.700526
167,187,2.703569
168,187,2.700136
169,187,2.704452
170,187,2.707192
171,187,2.705531
172,187,2.707394
173,187,2.705972
174,187,2.711699
175,187,2.703838
176,187,2.698266
177,187,2.699521
178,187,2.699041
179,187,2.700383
180,187,2.700166
181,187,2.707078
182,187,2.702323
183,187,2.705165
184,187,2.705971
185,187,2.701372
186,187,2.700032
187,187,2.701939
188,187,2.711911
189,187,2.700578
190,187,2.700685
191,187,2.706453
192,187,2.704395
193,187,2.704142
194,187,2.703765
195,187,2.703758
196,187,2.697350
197,187,2.699212
198,187,2.707975
199,187,2.703119
200,187,2.707759
201,187,2.702628
202,187,2.703134
203,187,2.701071
204,187,2.701287
205,187,2.697500
206,187,2.694465
207,187,2.698101
208,187,2.686167
209,187,2.681775
210,187,2.688775
211,187,2.685084
212,187,2.684063
213,187,2.680441
214,187,2.679061
215,187,2.680574
216,187,2.680773
217,187,2.674995
218,187,2.680574
219,187,2.680965
220,187,2.678456
221,187,2.675728
222,187,2.672239
223,187,2.668615
224,187,2.664772
225,187,2.659261
226,187,2.655425
227,187,2.662080
228,187,2.657766
229,187,2.652920
230,187,2.651487
231,187,2.655838
232,187,2.650470
233,187,2.650122
234,187,2.647961
235,187,2.641683
236,187,2.644349
237,187,2.635649
238,187,2.639981
239,187,2.632215
240,187,2.606945
241,187,2.610545
242,187,2.607222
243,187,2.604386
244,187,2.604696
245,187,2.592855
246,187,2.596671
247,187,2.591239
248,187,2.586551
249,187,2.586904
250,187,2.578432
251,187,2.577901
252,187,2.571493
253,187,2.572015
254,187,2.568998
255,187,2.558840
0,188,2.562467
1,188,2.571090
2,188,2.573973
3,188,2.580619
4,188,2.590447
5,188,2.589887
6,188,2.593765
7,188,2.607926
8,188,2.593341
9,188,2.605274
10,188,2.606960
11,188,2.609001
12,188,2.613965
13,188,2.613371
14,188,2.612069
15,188,2.618667
16,188,2.639878
17,188,2.647438
18,188,2.651229
19,188,2.646776
20,188,2.649546
21,188,2.656717
22,188,2.653208
23,188,2.669611
24,188,2.661779
25,188,2.659963
26,188,2.661822
27,188,2.659646
28,188,2.662504
29,188,2.659984
30,188,2.664880
31,188,2.659422
32,188,2.667967
33,188,2.676138
34,188,2.673970
35,188,2.682057
36,188,2.679544
37,188,2.686999
38,188,2.686953
39,188,2.703204
40,188,2.696168
41,188,2.696673
42,188,2.690830
43,188,2.698747
44,188,2.691098
45,188,2.702561
46,188,2.693784
47,188,2.693418
48,188,2.700613
49,188,2.703814
50,188,2.697756
51,188,2.704536
52,188,2.703476
53,188,2.705467
54,188,2.704168
55,188,2.722005
56,188,2.701188
57,188,2.711071
58,188,2.705420
59,188,2.707354
60,188,2.705317
61,188,2.699310
62,188,2.697040
63,188,2.702360
64,188,2.711421
65,188,2.704958
66,188,2.709942
67,188,2.708559
68,188,2.713328
69,188,2.714136
70,188,2.714837
71,188,2.731175
72,188,2.712382
73,188,2.712749
74,188,2.714481
75,188,2.718496
76,188,2.706997
77,188,2.706954
78,188,2.712355
79,188,2.712096
80,188,2.707881
81,188,2.703565
82,188,2.704497
83,188,2.696260
84,188,2.703186
85,188,2.703815
86,188,2.706691
87,188,2.728793
88,188,2.706002
89,188,2.712415
90,188,2.708711
91,188,2.707204
92,188,2.709446
93,188,2.705425
94,188,2.711265
95,188,2.714740
96,188,2.704288
97,188,2.709505
98,188,2.709006
99,188,2.713975
100,188,2.709408
101,188,2.710162
102,188,2.718625
103,188,2.736863
104,188,2.714194
105,188,2.720724
106,188,2.713258
107,188,2.713415
108,188,2.715714
109,188,2.715629
110,188,2.703892
111,188,2.719028
112,188,2.712994
113,188,2.725886
114,188,2.721348
115,188,2.701302
116,188,2.704564
117,188,2.701627
118,188,2.694710
119,188,2.703103
120,188,2.699823
121,188,2.696422
122,188,2.698695
123,188,2.700855
124,188,2.716385
125,188,2.709009
126,188,2.695419
127,188,2.699055
128,188,2.695542
129,188,2.689296
130,188,2.679082
131,188,2.681929
132,188,2.671464
133,188,2.680165
134,188,2.673338
135,188,2.677943
136,188,2.670888
137,188,2.663718
138,188,2.671840
139,188,2.676003
140,188,2.670090
141,188,2.674027
142,188,2.677852
143,188,2.670012
144,188,2.698299
145,188,2.701812
146,188,2.693670
147,188,2.696892
148,188,2.693979
149,188,2.704661
150,188,2.703804
151,188,2.704263
152,188,2.703193
153,188,2.699750
154,188,2.702116
155,188,2.700731
156,188,2.704677
157,188,2.714375
158,188,2.702687
159,188,2.700569
160,188,2.702819
161,188,2.696799
162,188,2.692161
163,188,2.695566
164,188,2.700411
165,188,2.697448
166,188,2.696580
167,188,2.704962
168,188,2.696311
169,188,2.706238
170,188,2.706597
171,188,2.703417
172,188,2.705502
173,188,2.707233
174,188,2.701814
175,188,2.705503
176,188,2.701382
177,188,2.702934
178,188,2.698700
179,188,2.694248
180,188,2.689690
181,188,2.694655
182,188,2.698029
183,188,2.700852
184,188,2.707418
185,188,2.697995
186,188,2.706243
187,188,2.706672
188,188,2.705058
189,188,2.701856
190,188,2.703862
191,188,2.705747
192,188,2.699805
193,188,2.695665
194,188,2.702959
195,188,2.700494
196,188,2.701751
197,188,2.699025
198,188,2.700018
199,188,2.708581
200,188,2.701594
201,188,2.698318
202,188,2.694900
203,188,2.699888
204,188,2.696198
205,188,2.692357
206,188,2.689820
207,188,2.693371
208,188,2.683276
209,188,2.684572
210,188,2.688657
211,188,2.680008
212,188,2.680814
213,188,2.677584
214,188,2.678710
215,188,2.688624
216,188,2.677152
217,188,2.682816
218,188,2.677993
219,188,2.673191
220,188,2.672481
221,188,2.672928
222,188,2.666024
223,188,2.668073
224,188,2.656409
225,188,2.656528
226,188,2.654028
227,188,2.661026
228,188,2.654620
229,188,2.651563
230,188,2.648063
231,188,2.652268
232,188,2.654416
233,188,2.653877
234,188,2.649658
235,188,2.642840
236,188,2.637991
237,188,2.638741
238,188,2.632822
239,188,2.627212
240,188,2.607468
241,188,2.604710
242,188,2.593818
243,188,2.601956
244,188,2.596647
245,188,2.588012
246,188,2.583875
247,188,2.580417
248,188,2.590544
249,188,2.583262
250,188,2.576046
251,188,2.577470
252,188,2.576229
253,188,2.565664
254,188,2.559536
255,188,2.558946
0,189,2.560788
1,189,2.573533
2,189,2.572789
3,189,2.583594
4,189,2.585922
5,189,2.589446
6,189,2.593564
7,189,2.596380
8,189,2.593527
9,189,2.605704
10,189,2.598376
11,189,2.603837
12,189,2.605763
13,189,2.606801
14,189,2.611926
15,189,2.612432
16,189,2.640063
17,189,2.643924
18,189,2.641631
19,189,2.647407
20,189,2.648424
21,189,2.653767
22,189,2.658127
23,189,2.656817
24,189,2.647677
25,189,2.657536
26,189,2.657104
27,189,2.649731
28,189,2.664282
29,189,2.663194
30,189,2.663000
31,189,2.661518
32,189,2.677861
33,189,2.678408
34,189,2.676351
35,189,2.680669
36,189,2.682114
37,189,2.685784
38,189,2.690719
39,189,2.694456
40,189,2.683660
41,189,2.688107
42,189,2.683242
43,189,2.690300
44,189,2.690439
45,189,2.694276
46,189,2.697961
47,189,2.697644
48,189,2.698792
49,189,2.698211
50,189,2.705195
51,189,2.704335
52,189,2.711045
53,189,2.709916
54,189,2.708656
55,189,2.707267
56,189,2.701897
57,189,2.700256
58,189,2.702344
59,189,2.704310
60,189,2.706156
61,189,2.700178
62,189,2.697935
63,189,2.699430
64,189,2.716221
65,189,2.717488
66,189,2.707084
67,189,2.723539
68,189,2.709061
69,189,2.713737
70,189,2.706747
71,189,2.708851
72,189,2.705827
73,189,2.702356
74,189,2.706485
75,189,2.710509
76,189,2.710576
77,189,2.708203
78,189,2.704434
79,189,2.708031
80,189,2.719231
81,189,2.712595
82,189,2.704483
83,189,2.703806
84,189,2.704568
85,189,2.707544
86,189,2.706650
87,189,2.714813
88,189,2.705912
89,189,2.704648
90,189,2.700948
91,189,2.707138
92,189,2.707081
93,189,2.713053
94,189,2.707361
95,189,2.710798
96,189,2.715435
97,189,2.712978
98,189,2.712464
99,189,2.717307
100,189,2.710632
101,189,2.717507
102,189,2.714437
103,189,2.717243
104,189,2.713859
105,189,2.710429
106,189,2.716773
107,189,2.716951
108,189,2.716999
109,189,2.711451
110,189,2.707434
111,189,2.710973
112,189,2.716179
113,189,2.709920
114,189,2.711183
115,189,2.704643
116,189,2.701839
117,189,2.693419
118,189,2.690382
119,189,2.694936
120,189,2.697455
121,189,2.701776
122,189,2.700203
123,189,2.706222
124,189,2.700567
125,189,2.706634
126,189,2.702676
127,189,2.690898
128,189,2.691141
129,189,2.681063
130,189,2.678575
131,189,2.685328
132,189,2.678741
133,189,2.675888
134,189,2.676771
135,189,2.681391
136,189,2.678198
137,189,2.682585
138,189,2.684930
139,189,2.669539
140,189,2.673580
141,189,2.673655
142,189,2.673616
143,189,2.669604
144,189,2.701816
145,189,2.701407
146,189,2.697097
147,189,2.701922
148,189,2.689696
149,189,2.700351
150,189,2.697241
151,189,2.699942
152,189,2.698846
153,189,2.695418
154,189,2.701603
155,189,2.709514
156,189,2.700032
157,189,2.698398
158,189,2.702131
159,189,2.707678
160,189,2.714215
161,189,2.706198
162,189,2.699705
163,189,2.696961
164,189,2.696293
165,189,2.704892
166,189,2.702190
167,189,2.704655
168,189,2.709081
169,189,2.704145
170,189,2.702385
171,189,2.702637
172,189,2.699315
173,189,2.707070
174,189,2.699033
175,189,2.701172
176,189,2.700894
177,189,2.700510
178,189,2.691967
179,189,2.699455
180,189,2.696809
181,189,2.695979
182,189,2.706598
183,189,2.701694
184,189,2.703927
185,189,2.697265
186,189,2.699712
187,189,2.705895
188,189,2.704256
189,189,2.710204
190,189,2.704473
191,189,2.702473
192,189,2.704203
193,189,2.701955
194,189,2.699580
195,189,2.700929
196,189,2.696369
197,189,2.695528
198,189,2.698404
199,189,2.697290
200,189,2.697962
201,189,2.702345
202,189,2.693097
203,189,2.693332
204,189,2.691490
205,189,2.697199
206,189,2.687339
207,189,2.686949
208,189,2.685034
209,189,2.684340
210,189,2.681548
211,189,2.678580
212,189,2.681211
213,189,2.677090
214,189,2.680880
215,189,2.677197
216,189,2.681021
217,189,2.672422
218,189,2.677793
219,189,2.672901
220,189,2.677839
221,189,2.670474
222,189,2.661504
223,189,2.669224
224,189,2.657442
225,189,2.651628
226,189,2.648684
227,189,2.648166
228,189,2.643516
229,189,2.649561
230,189,2.642455
231,189,2.652288
232,189,2.650011
233,189,2.647800
234,189,2.641446
235,189,2.646052
236,189,2.631347
237,189,2.635407
238,189,2.625790
239,189,2.621905
240,189,2.607346
241,189,2.604747
242,189,2.593252
243,189,2.593815
244,189,2.583394
245,189,2.577431
246,189,2.582363
247,189,2.580505
248,189,2.574980
249,189,2.577044
250,189,2.579129
251,189,2.570608
252,189,2.569078
253,189,2.556172
254,189,2.559356
255,189,2.552615
0,190,2.558820
1,190,2.570255
2,190,2.571331
3,190,2.580877
4,190,2.577285
5,190,2.594895
6,190,2.593116
7,190,2.594602
8,190,2.589625
9,190,2.592809
10,190,2.598741
11,190,2.595155
12,190,2.604586
13,190,2.598498
14,190,2.609178
15,190,2.608333
16,190,2.637643
17,190,2.636296
18,190,2.636241
19,190,2.637731
20,190,2.631856
21,190,2.644366
22,190,2.649619
23,190,2.657770
24,190,2.650241
25,190,2.651024
26,190,2.654591
27,190,2.652635
28,190,2.654278
29,190,2.661029
30,190,2.654678
31,190,2.659544
32,190,2.672131
33,190,2.666534
34,190,2.674670
35,190,2.675222
36,190,2.676774
37,190,2.684366
38,190,2.689401
39,190,2.681656
40,190,2.682513
41,190,2.690905
42,190,2.686094
43,190,2.690303
44,190,2.689589
45,190,2.689654
46,190,2.693417
47,190,2.687844
48,190,2.695162
49,190,2.698482
50,190,2.697039
51,190,2.700099
52,190,2.703022
53,190,2.705809
54,190,2.708463
55,190,2.707133
56,190,2.696475
57,190,2.698740
58,190,2.700880
59,190,2.702897
60,190,2.700939
61,190,2.698860
62,190,2.700515
63,190,2.694348
64,190,2.711180
65,190,2.708634
66,190,2.698710
67,190,2.712851
68,190,2.709952
69,190,2.706943
70,190,2.711530
71,190,2.712156
72,190,2.697262
73,190,2.701839
74,190,2.702125
75,190,2.707705
76,190,2.703931
77,190,2.703905
78,190,2.707855
79,190,2.703750
80,190,2.712666
81,190,2.704506
82,190,2.707960
83,190,2.701153
84,190,2.700377
85,190,2.703458
86,190,2.706311
87,190,2.710658
88,190,2.697955
89,190,2.702091
90,190,2.700672
91,190,2.695300
92,190,2.706834
93,190,2.708912
94,190,2.700970
95,190,2.702856
96,190,2.712594
97,190,2.708332
98,190,2.709643
99,190,2.712865
100,190,2.713925
101,190,2.716927
102,190,2.713777
103,190,2.724373
104,190,2.713304
105,190,2.709898
106,190,2.708511
107,190,2.708710
108,190,2.712627
109,190,2.707053
110,190,2.706905
111,190,2.710460
112,190,2.711431
113,190,2.712973
114,190,2.706594
115,190,2.707779
116,190,2.697288
117,190,2.700413
118,190,2.689686
119,190,2.698116
120,190,2.691006
121,190,2.697272
122,190,2.701487
123,190,2.703662
124,190,2.707644
125,190,2.702111
126,190,2.684669
127,190,2.686372
128,190,2.678810
129,190,2.684169
130,190,2.677845
131,190,2.680818
132,190,2.678090
133,190,2.675258
134,190,2.668439
135,190,2.676924
136,190,2.677574
137,190,2.678114
138,190,2.663118
139,190,2.670888
140,190,2.672996
141,190,2.673062
142,190,2.669159
143,190,2.668975
144,190,2.712770
145,190,2.704633
146,190,2.700303
147,190,2.701294
148,190,2.704456
149,190,2.695819
150,190,2.704287
151,190,2.703105
152,190,2.705835
153,190,2.698357
154,190,2.700869
155,190,2.701087
156,190,2.703128
157,190,2.699268
158,190,2.701047
159,190,2.708518
160,190,2.708021
161,190,2.703575
162,190,2.707037
163,190,2.704224
164,190,2.699768
165,190,2.696702
166,190,2.697494
167,190,2.700435
168,190,2.700846
169,190,2.699720
170,190,2.700091
171,190,2.694347
172,190,2.696417
173,190,2.698728
174,190,2.698382
175,190,2.698197
176,190,2.704037
177,190,2.703642
178,190,2.698931
179,190,2.698302
180,190,2.701416
181,190,2.700932
182,190,2.699975
183,190,2.700383
184,190,2.699182
185,190,2.701718
186,190,2.700286
187,190,2.702590
188,190,2.700922
189,190,2.697589
190,190,2.698947
191,190,2.696896
192,190,2.698573
193,190,2.696270
194,190,2.689986
195,190,2.698981
196,190,2.696285
197,190,2.695381
198,190,2.698191
199,190,2.693156
200,190,2.695292
201,190,2.697674
202,190,2.690277
203,190,2.692361
204,190,2.690438
205,190,2.690285
206,190,2.687079
207,190,2.684701
208,190,2.686010
209,190,2.686754
210,190,2.685791
211,190,2.675017
212,190,2.672896
213,190,2.671413
214,190,2.675128
215,190,2.680963
216,190,2.675037
217,190,2.675975
218,190,2.671589
219,190,2.674309
220,190,2.661775
221,190,2.665859
222,190,2.664077
223,190,2.660503
224,190,2.654379
225,190,2.655746
226,190,2.649224
227,190,2.648538
228,190,2.649135
229,190,2.638094
230,190,2.642359
231,190,2.643985
232,190,2.639968
233,190,2.635614
234,190,2.632617
235,190,2.631476
236,190,2.633717
237,190,2.631890
238,190,2.622305
239,190,2.621760
240,190,2.605356
241,190,2.592607
242,190,2.592719
243,190,2.592759
244,190,2.584279
245,190,2.583567
246,190,2.586610
247,190,2.578375
248,190,2.574775
249,190,2.574371
250,190,2.564784
251,190,2.567272
252,190,2.559875
253,190,2.559814
254,190,2.559004
255,190,2.557472
0,191,2.553517
1,191,2.560534
2,191,2.564118
3,191,2.561233
4,191,2.570629
5,191,2.582348
6,191,2.584418
7,191,2.590240
8,191,2.591605
9,191,2.590394
10,191,2.593453
11,191,2.599305
12,191,2.597774
13,191,2.599175
14,191,2.602614
15,191,2.605509
16,191,2.627680
17,191,2.633800
18,191,2.628502
19,191,2.634035
20,191,2.637511
21,191,2.644809
22,191,2.647841
23,191,2.650772
24,191,2.653386
25,191,2.645797
26,191,2.647991
27,191,2.650002
28,191,2.651750
29,191,2.653400
30,191,2.656244
31,191,2.657349
32,191,2.670033
33,191,2.664557
34,191,2.665068
35,191,2.669561
36,191,2.675076
37,191,2.676546
38,191,2.684024
39,191,2.680209
40,191,2.685016
41,191,2.676578
42,191,2.677189
43,191,2.693044
44,191,2.680837
45,191,2.677132
46,191,2.687166
47,191,2.687004
48,191,2.694397
49,191,2.697790
50,191,2.693333
51,191,2.696439
52,191,2.703258
53,191,2.700710
54,191,2.703404
55,191,2.699512
56,191,2.703890
57,191,2.698507
58,191,2.701311
59,191,2.699508
60,191,2.697581
61,191,2.695532
62,191,2.701069
63,191,2.698782
64,191,2.700229
65,191,2.701561
66,191,2.698924
67,191,2.707732
68,191,2.708722
69,191,2.709996
70,191,2.710745
71,191,2.707531
72,191,2.705782
73,191,2.706207
74,191,2.702978
75,191,2.703171
76,191,2.703257
77,191,2.703236
78,191,2.697237
79,191,2.704700
80,191,2.715910
81,191,2.704081
82,191,2.712825
83,191,2.704447
84,191,2.703799
85,191,2.706752
86,191,2.707381
87,191,2.706358
88,191,2.708986
89,191,2.705452
90,191,2.704051
91,191,2.708010
92,191,2.702500
93,191,2.700727
94,191,2.696624
95,191,2.702332
96,191,2.715416
97,191,2.707504
98,191,2.708664
99,191,2.704345
100,191,2.709140
101,191,2.712269
102,191,2.716847
103,191,2.717567
104,191,2.716376
105,191,2.705288
106,191,2.707728
107,191,2.707947
108,191,2.704180
109,191,2.706281
110,191,2.702263
111,191,2.705866
112,191,2.706681
113,191,2.708110
114,191,2.701735
115,191,2.702963
116,191,2.704067
117,191,2.689826
118,191,2.688760
119,191,2.697205
120,191,2.693969
121,191,2.702171
122,191,2.696768
123,191,2.695097
124,191,2.697158
125,191,2.691394
126,191,2.681844
127,191,2.683544
128,191,2.689365
129,191,2.679337
130,191,2.686346
131,191,2.679915
132,191,2.669506
133,191,2.670533
134,191,2.671436
135,191,2.676071
136,191,2.676730
137,191,2.677269
138,191,2.654570
139,191,2.660453
140,191,2.660629
141,191,2.660685
142,191,2.668328
143,191,2.660448
144,191,2.704232
145,191,2.699998
146,191,2.699426
147,191,2.696693
148,191,2.695871
149,191,2.694911
150,191,2.695693
151,191,2.694480
152,191,2.698892
153,191,2.701276
154,191,2.696052
155,191,2.696030
156,191,2.698288
157,191,2.698001
158,191,2.700032
159,191,2.703329
160,191,2.709348
161,191,2.708780
162,191,2.700585
163,191,2.699796
164,191,2.700714
165,191,2.696122
166,191,2.700637
167,191,2.699683
168,191,2.704127
169,191,2.696704
170,191,2.695434
171,191,2.699550
172,191,2.699452
173,191,2.691780
174,191,2.697793
175,191,2.701161
176,191,2.702786
177,191,2.704303
178,191,2.694106
179,191,2.703096
180,191,2.696563
181,191,2.701477
182,191,2.690428
183,191,2.697023
184,191,2.694205
185,191,2.702499
186,191,2.699117
187,191,2.689299
188,191,2.699143
189,191,2.695382
190,191,2.695349
191,191,2.689412
192,191,2.700686
193,191,2.696421
194,191,2.690098
195,191,2.695202
196,191,2.688612
197,191,2.685738
198,191,2.693505
199,191,2.686474
200,191,2.687003
201,191,2.684382
202,191,2.688491
203,191,2.694017
204,191,2.686259
205,191,2.689900
206,191,2.679893
207,191,2.681278
208,191,2.682493
209,191,2.679681
210,191,2.678262
211,191,2.675091
212,191,2.678667
213,191,2.675148
214,191,2.675286
215,191,2.671021
216,191,2.664973
217,191,2.671594
218,191,2.666733
219,191,2.663924
220,191,2.660884
221,191,2.655224
222,191,2.657187
223,191,2.653461
224,191,2.651065
225,191,2.644604
226,191,2.643980
227,191,2.637090
228,191,2.637547
229,191,2.634063
230,191,2.639751
231,191,2.639657
232,191,2.639274
233,191,2.634410
234,191,2.633501
235,191,2.624136
236,191,2.626516
237,191,2.616738
238,191,2.614381
239,191,2.619260
240,191,2.600852
241,191,2.591432
242,191,2.585819
243,191,2.582048
244,191,2.584575
245,191,2.576163
246,191,2.581571
247,191,2.574231
248,191,2.570125
249,191,2.566459
250,191,2.565257
251,191,2.557995
252,191,2.552352
253,191,2.549764
254,191,2.542643
255,191,2.540748
