0,0,2.620223
1,0,2.637706
2,0,2.636634
3,0,2.644340
4,0,2.645073
5,0,2.644343
6,0,2.649598
7,0,2.665952
8,0,2.662856
9,0,2.660881
10,0,2.667054
11,0,2.664493
12,0,2.666139
13,0,2.674591
14,0,2.673714
15,0,2.671991
16,0,2.682182
17,0,2.687590
18,0,2.685762
19,0,2.690631
20,0,2.689747
21,0,2.692732
22,0,2.695293
23,0,2.701654
24,0,2.696123
25,0,2.703408
26,0,2.705232
27,0,2.706851
28,0,2.704409
29,0,2.701840
30,0,2.711936
31,0,2.708897
32,0,2.709694
33,0,2.715369
34,0,2.711775
35,0,2.723680
36,0,2.721121
37,0,2.722238
38,0,2.725660
39,0,2.725445
40,0,2.726082
41,0,2.732883
42,0,2.733198
43,0,2.729506
44,0,2.728650
45,0,2.724681
46,0,2.730740
47,0,2.722628
48,0,2.733640
49,0,2.729102
50,0,2.728281
51,0,2.735033
52,0,2.733949
53,0,2.735192
54,0,2.737704
55,0,2.735615
56,0,2.737900
57,0,2.743916
58,0,2.738818
59,0,2.744578
60,0,2.734810
61,0,2.740339
62,0,2.738049
63,0,2.735648
64,0,2.740841
65,0,2.745925
66,0,2.743194
67,0,2.740356
68,0,2.745117
69,0,2.746284
70,0,2.746965
71,0,2.735984
72,0,2.749467
73,0,2.749843
74,0,2.746542
75,0,2.742846
76,0,2.742901
77,0,2.742855
78,0,2.744395
79,0,2.740286
80,0,2.736078
81,0,2.735785
82,0,2.736704
83,0,2.736041
84,0,2.739244
85,0,2.742220
86,0,2.742751
87,0,2.737893
88,0,2.736708
89,0,2.736946
90,0,2.735583
91,0,2.743325
92,0,2.737866
93,0,2.740015
94,0,2.735850
95,0,2.737786
96,0,2.731905
97,0,2.735536
98,0,2.732721
99,0,2.728401
100,0,2.740792
101,0,2.736229
102,0,2.740710
103,0,2.733619
104,0,2.736329
105,0,2.736707
106,0,2.735355
107,0,2.739349
108,0,2.735511
109,0,2.733839
110,0,2.733616
111,0,2.729471
112,0,2.728817
113,0,2.726247
114,0,2.727436
115,0,2.716968
116,0,2.721796
117,0,2.724909
118,0,2.725655
119,0,2.730138
120,0,2.719097
121,0,2.727205
122,0,2.719788
123,0,2.719963
124,0,2.723878
125,0,2.708415
126,0,2.714352
127,0,2.714073
128,0,2.715235
129,0,2.716619
130,0,2.711792
131,0,2.705230
132,0,2.706257
133,0,2.703316
134,0,2.707964
135,0,2.704792
136,0,2.697652
137,0,2.698103
138,0,2.709999
139,0,2.715672
140,0,2.711929
141,0,2.711926
142,0,2.707959
143,0,2.711591
144,0,2.728229
145,0,2.723964
146,0,2.727216
147,0,2.728183
148,0,2.727345
149,0,2.728304
150,0,2.734731
151,0,2.729671
152,0,2.730107
153,0,2.728657
154,0,2.727308
155,0,2.731037
156,0,2.717918
157,0,2.709838
158,0,2.715767
159,0,2.715137
160,0,2.731745
161,0,2.729092
162,0,2.736281
163,0,2.729567
164,0,2.734196
165,0,2.733451
166,0,2.733985
167,0,2.736889
168,0,2.733510
169,0,2.737538
170,0,2.732436
171,0,2.740304
172,0,2.709295
173,0,2.713092
174,0,2.715295
175,0,2.710887
176,0,2.725925
177,0,2.725449
178,0,2.730737
179,0,2.726186
180,0,2.725382
181,0,2.720619
182,0,2.719176
183,0,2.725738
184,0,2.723016
185,0,2.725508
186,0,2.731741
187,0,2.725782
188,0,2.708651
189,0,2.702962
190,0,2.704861
191,0,2.710493
192,0,2.716005
193,0,2.713687
194,0,2.711245
195,0,2.712530
196,0,2.709832
197,0,2.714709
198,0,2.714853
199,0,2.715586
200,0,2.708475
201,0,2.709745
202,0,2.713931
203,0,2.711706
204,0,2.696333
205,0,2.692366
206,0,2.695948
207,0,2.691666
208,0,2.694926
209,0,2.698019
210,0,2.686970
211,0,2.689720
212,0,2.693399
213,0,2.691964
214,0,2.690341
215,0,2.689966
216,0,2.684103
217,0,2.683154
218,0,2.689913
219,0,2.683462
220,0,2.661379
221,0,2.663593
222,0,2.661799
223,0,2.662177
224,0,2.659976
225,0,2.657492
226,0,2.653301
227,0,2.654339
228,0,2.651101
229,0,2.651712
230,0,2.651800
231,0,2.650129
232,0,2.646170
233,0,2.641524
234,0,2.640915
235,0,2.639501
236,0,2.611385
237,0,2.607829
238,0,2.615290
239,0,2.607163
240,0,2.598600
241,0,2.585846
242,0,2.595886
243,0,2.592552
244,0,2.583919
245,0,2.572131
246,0,2.574129
247,0,2.565382
248,0,2.565472
249,0,2.560596
250,0,2.552075
251,0,2.549280
252,0,2.532681
253,0,2.521134
254,0,2.518349
255,0,2.511377
0,1,2.631620
1,1,2.638396
2,1,2.638506
3,1,2.650946
4,1,2.650317
5,1,2.651845
6,1,2.656747
7,1,2.661476
8,1,2.663441
9,1,2.673592
10,1,2.671112
11,1,2.674722
12,1,2.673699
13,1,2.672926
14,1,2.678989
15,1,2.670016
16,1,2.683205
17,1,2.689179
18,1,2.688596
19,1,2.697152
20,1,2.698648
21,1,2.702856
22,1,2.696246
23,1,2.696133
24,1,2.707332
25,1,2.704002
26,1,2.707068
27,1,2.718217
28,1,2.709903
29,1,2.716203
30,1,2.709513
31,1,2.710244
32,1,2.710955
33,1,2.720376
34,1,2.724416
35,1,2.728537
36,1,2.722028
37,1,2.721707
38,1,2.726412
39,1,2.729982
40,1,2.730532
41,1,2.734775
42,1,2.733662
43,1,2.733744
44,1,2.732830
45,1,2.732640
46,1,2.732306
47,1,2.730476
48,1,2.726009
49,1,2.729111
50,1,2.739073
51,1,2.734227
52,1,2.736957
53,1,2.739559
54,1,2.734331
55,1,2.740539
56,1,2.741401
57,1,2.743513
58,1,2.745507
59,1,2.735826
60,1,2.741442
61,1,2.743092
62,1,2.736923
63,1,2.738350
64,1,2.743520
65,1,2.744729
66,1,2.746237
67,1,2.748615
68,1,2.745638
69,1,2.750263
70,1,2.743225
71,1,2.747644
72,1,2.744254
73,1,2.748756
74,1,2.752853
75,1,2.742866
76,1,2.746767
77,1,2.746717
78,1,2.742919
79,1,2.738802
80,1,2.736032
81,1,2.739428
82,1,2.742867
83,1,2.747508
84,1,2.746747
85,1,2.749833
86,1,2.741154
87,1,2.745411
88,1,2.740438
89,1,2.748348
90,1,2.743125
91,1,2.741649
92,1,2.741562
93,1,2.743697
94,1,2.743408
95,1,2.741519
96,1,2.743798
97,1,2.735688
98,1,2.736861
99,1,2.743953
100,1,2.741036
101,1,2.740215
102,1,2.740823
103,1,2.739887
104,1,2.740293
105,1,2.748355
106,1,2.743174
107,1,2.731738
108,1,2.743301
109,1,2.737794
110,1,2.733744
111,1,2.729544
112,1,2.725175
113,1,2.730412
114,1,2.723892
115,1,2.736505
116,1,2.729742
117,1,2.721323
118,1,2.725896
119,1,2.730367
120,1,2.730866
121,1,2.727407
122,1,2.723832
123,1,2.727855
124,1,2.712502
125,1,2.710888
126,1,2.706871
127,1,2.710447
128,1,2.719394
129,1,2.716905
130,1,2.710446
131,1,2.713156
132,1,2.710309
133,1,2.711216
134,1,2.700439
135,1,2.712677
136,1,2.709383
137,1,2.702131
138,1,2.717880
139,1,2.719665
140,1,2.712076
141,1,2.712083
142,1,2.708127
143,1,2.715599
144,1,2.728404
145,1,2.724083
146,1,2.731287
147,1,2.732125
148,1,2.727568
149,1,2.730480
150,1,2.734962
151,1,2.729930
152,1,2.728816
153,1,2.732784
154,1,2.743021
155,1,2.735430
156,1,2.718242
157,1,2.718142
158,1,2.712264
159,1,2.715800
160,1,2.735562
161,1,2.740593
162,1,2.732472
163,1,2.744924
164,1,2.732749
165,1,2.737255
166,1,2.730216
167,1,2.737011
168,1,2.733457
169,1,2.743902
170,1,2.736462
171,1,2.736402
172,1,2.717189
173,1,2.715681
174,1,2.715259
175,1,2.707291
176,1,2.724738
177,1,2.731982
178,1,2.723366
179,1,2.730386
180,1,2.725744
181,1,2.727261
182,1,2.726264
183,1,2.724724
184,1,2.719641
185,1,2.729858
186,1,2.732260
187,1,2.730696
188,1,2.709756
189,1,2.706541
190,1,2.711775
191,1,2.702027
192,1,2.711423
193,1,2.716845
194,1,2.714438
195,1,2.719611
196,1,2.709246
197,1,2.710310
198,1,2.711242
199,1,2.712040
200,1,2.710259
201,1,2.718487
202,1,2.718867
203,1,2.719104
204,1,2.696076
205,1,2.696014
206,1,2.696722
207,1,2.692523
208,1,2.695870
209,1,2.692752
210,1,2.691915
211,1,2.694760
212,1,2.690808
213,1,2.697180
214,1,2.689361
215,1,2.683803
216,1,2.689608
217,1,2.696455
218,1,2.686480
219,1,2.685411
220,1,2.667307
221,1,2.669624
222,1,2.660225
223,1,2.664595
224,1,2.662508
225,1,2.660138
226,1,2.661522
227,1,2.657264
228,1,2.654155
229,1,2.658754
230,1,2.653706
231,1,2.647725
232,1,2.649831
233,1,2.651616
234,1,2.644896
235,1,2.642218
236,1,2.623417
237,1,2.608527
238,1,2.618544
239,1,2.610478
240,1,2.598399
241,1,2.601271
242,1,2.592264
243,1,2.590616
244,1,2.588470
245,1,2.578396
246,1,2.574204
247,1,2.560629
248,1,2.567173
249,1,2.570960
250,1,2.562081
251,1,2.561098
252,1,2.535044
253,1,2.533653
254,1,2.514244
255,1,2.518969
0,2,2.636128
1,2,2.644053
2,2,2.650274
3,2,2.652264
4,2,2.653920
5,2,2.656618
6,2,2.671485
7,2,2.669686
8,2,2.670125
9,2,2.677566
10,2,2.669725
11,2,2.670676
12,2,2.679680
13,2,2.683961
14,2,2.676951
15,2,2.680744
16,2,2.692435
17,2,2.699623
18,2,2.700544
19,2,2.690573
20,2,2.694848
21,2,2.699885
22,2,2.707542
23,2,2.705808
24,2,2.704000
25,2,2.705760
26,2,2.704844
27,2,2.708803
28,2,2.711343
29,2,2.713672
30,2,2.713286
31,2,2.715249
32,2,2.719728
33,2,2.723880
34,2,2.725308
35,2,2.725500
36,2,2.730455
37,2,2.733924
38,2,2.734687
39,2,2.726631
40,2,2.734802
41,2,2.735110
42,2,2.733949
43,2,2.729248
44,2,2.736835
45,2,2.728867
46,2,2.740020
47,2,2.731771
48,2,2.740584
49,2,2.735939
50,2,2.738867
51,2,2.737812
52,2,2.744336
53,2,2.743029
54,2,2.741598
55,2,2.747752
56,2,2.742228
57,2,2.744291
58,2,2.742385
59,2,2.744218
60,2,2.745937
61,2,2.743692
62,2,2.745189
63,2,2.742724
64,2,2.747856
65,2,2.752881
66,2,2.750095
67,2,2.751057
68,2,2.748061
69,2,2.748815
70,2,2.745614
71,2,2.751395
72,2,2.752143
73,2,2.748627
74,2,2.741157
75,2,2.748999
76,2,2.749037
77,2,2.746523
78,2,2.746567
79,2,2.746299
80,2,2.742080
81,2,2.746884
82,2,2.746463
83,2,2.745795
84,2,2.742602
85,2,2.749451
86,2,2.748567
87,2,2.752790
88,2,2.740073
89,2,2.746544
90,2,2.750478
91,2,2.745163
92,2,2.741182
93,2,2.735660
94,2,2.741595
95,2,2.737273
96,2,2.742257
97,2,2.747365
98,2,2.746861
99,2,2.743890
100,2,2.740947
101,2,2.743997
102,2,2.748526
103,2,2.747518
104,2,2.740200
105,2,2.744388
106,2,2.743083
107,2,2.743186
108,2,2.743175
109,2,2.733838
110,2,2.733628
111,2,2.733265
112,2,2.725383
113,2,2.730535
114,2,2.727813
115,2,2.732703
116,2,2.722070
117,2,2.721370
118,2,2.722078
119,2,2.722676
120,2,2.727025
121,2,2.727404
122,2,2.723821
123,2,2.723983
124,2,2.724037
125,2,2.707051
126,2,2.710740
127,2,2.714321
128,2,2.719492
129,2,2.713129
130,2,2.710508
131,2,2.709301
132,2,2.706449
133,2,2.711192
134,2,2.711971
135,2,2.712641
136,2,2.713209
137,2,2.709806
138,2,2.717853
139,2,2.715747
140,2,2.715871
141,2,2.715887
142,2,2.711944
143,2,2.704031
144,2,2.732226
145,2,2.735632
146,2,2.731297
147,2,2.728266
148,2,2.727583
149,2,2.738226
150,2,2.738839
151,2,2.729983
152,2,2.736599
153,2,2.736911
154,2,2.735410
155,2,2.727807
156,2,2.733769
157,2,2.728315
158,2,2.712698
159,2,2.722150
160,2,2.731516
161,2,2.738874
162,2,2.736087
163,2,2.733202
164,2,2.732516
165,2,2.733279
166,2,2.728647
167,2,2.725213
168,2,2.737231
169,2,2.736158
170,2,2.724665
171,2,2.728673
172,2,2.731155
173,2,2.727264
174,2,2.715299
175,2,2.713625
176,2,2.724834
177,2,2.732088
178,2,2.727345
179,2,2.725262
180,2,2.728343
181,2,2.727467
182,2,2.726485
183,2,2.721545
184,2,2.723761
185,2,2.721043
186,2,2.723469
187,2,2.725784
188,2,2.712576
189,2,2.718518
190,2,2.701228
191,2,2.703086
192,2,2.720238
193,2,2.725711
194,2,2.719504
195,2,2.717027
196,2,2.718277
197,2,2.715547
198,2,2.714614
199,2,2.717402
200,2,2.710423
201,2,2.714867
202,2,2.711465
203,2,2.715626
204,2,2.711937
205,2,2.708100
206,2,2.692553
207,2,2.696116
208,2,2.697997
209,2,2.697415
210,2,2.696668
211,2,2.691900
212,2,2.698517
213,2,2.686787
214,2,2.690596
215,2,2.692849
216,2,2.691057
217,2,2.690287
218,2,2.684280
219,2,2.683297
220,2,2.684580
221,2,2.675439
222,2,2.664760
223,2,2.662938
224,2,2.668668
225,2,2.661174
226,2,2.660206
227,2,2.659956
228,2,2.655585
229,2,2.661703
230,2,2.656826
231,2,2.657265
232,2,2.649387
233,2,2.653215
234,2,2.639509
235,2,2.636538
236,2,2.633775
237,2,2.641836
238,2,2.615296
239,2,2.613672
240,2,2.603251
241,2,2.604868
242,2,2.601397
243,2,2.586943
244,2,2.586509
245,2,2.586754
246,2,2.580395
247,2,2.573354
248,2,2.570057
249,2,2.568773
250,2,2.561708
251,2,2.555666
252,2,2.550661
253,2,2.544296
254,2,2.526716
255,2,2.522558
0,3,2.640387
1,3,2.644226
2,3,2.650248
3,3,2.659678
4,3,2.661153
5,3,2.663648
6,3,2.670599
7,3,2.668614
8,3,2.672751
9,3,2.676125
10,3,2.681007
11,3,2.682420
12,3,2.679069
13,3,2.678045
14,3,2.679884
15,3,2.674532
16,3,2.695081
17,3,2.694429
18,3,2.693899
19,3,2.700533
20,3,2.704654
21,3,2.701899
22,3,2.705560
23,3,2.706284
24,3,2.709510
25,3,2.707313
26,3,2.708841
27,3,2.717869
28,3,2.712584
29,3,2.717441
30,3,2.714355
31,3,2.716210
32,3,2.728312
33,3,2.728539
34,3,2.729868
35,3,2.726132
36,3,2.727141
37,3,2.726697
38,3,2.730267
39,3,2.738514
40,3,2.738897
41,3,2.739125
42,3,2.733202
43,3,2.740862
44,3,2.736817
45,3,2.732630
46,3,2.731387
47,3,2.738505
48,3,2.737781
49,3,2.744632
50,3,2.742349
51,3,2.741235
52,3,2.743848
53,3,2.745713
54,3,2.744248
55,3,2.742663
56,3,2.744813
57,3,2.742993
58,3,2.748763
59,3,2.739009
60,3,2.744554
61,3,2.742282
62,3,2.739902
63,3,2.745118
64,3,2.746375
65,3,2.751379
66,3,2.748572
67,3,2.754702
68,3,2.747838
69,3,2.740873
70,3,2.749217
71,3,2.750059
72,3,2.746627
73,3,2.750802
74,3,2.752381
75,3,2.748657
76,3,2.744835
77,3,2.740915
78,3,2.746165
79,3,2.745893
80,3,2.741671
81,3,2.741206
82,3,2.745881
83,3,2.749194
84,3,2.740723
85,3,2.741257
86,3,2.751864
87,3,2.750865
88,3,2.747259
89,3,2.749860
90,3,2.748001
91,3,2.752324
92,3,2.743065
93,3,2.742841
94,3,2.733329
95,3,2.740613
96,3,2.745885
97,3,2.739407
98,3,2.750475
99,3,2.743763
100,3,2.743068
101,3,2.747581
102,3,2.748234
103,3,2.743392
104,3,2.747614
105,3,2.738768
106,3,2.746645
107,3,2.739024
108,3,2.733682
109,3,2.737389
110,3,2.733312
111,3,2.736849
112,3,2.725386
113,3,2.722732
114,3,2.723843
115,3,2.728714
116,3,2.724278
117,3,2.725081
118,3,2.733470
119,3,2.730204
120,3,2.730683
121,3,2.738754
122,3,2.727461
123,3,2.723765
124,3,2.723816
125,3,2.722279
126,3,2.710558
127,3,2.717995
128,3,2.723240
129,3,2.728417
130,3,2.721928
131,3,2.716820
132,3,2.721653
133,3,2.710981
134,3,2.707905
135,3,2.720121
136,3,2.720682
137,3,2.721135
138,3,2.717623
139,3,2.717861
140,3,2.711761
141,3,2.719492
142,3,2.719413
143,3,2.719232
144,3,2.724236
145,3,2.723864
146,3,2.734959
147,3,2.726596
148,3,2.731250
149,3,2.738067
150,3,2.733351
151,3,2.733687
152,3,2.728770
153,3,2.744479
154,3,2.735303
155,3,2.737792
156,3,2.718524
157,3,2.712848
158,3,2.716485
159,3,2.714415
160,3,2.731084
161,3,2.726959
162,3,2.727951
163,3,2.731334
164,3,2.724488
165,3,2.736808
166,3,2.735932
167,3,2.736490
168,3,2.731696
169,3,2.735737
170,3,2.743699
171,3,2.727053
172,3,2.715561
173,3,2.715283
174,3,2.713749
175,3,2.713509
176,3,2.720874
177,3,2.728138
178,3,2.722038
179,3,2.725235
180,3,2.720624
181,3,2.723616
182,3,2.725134
183,3,2.724067
184,3,2.722894
185,3,2.725016
186,3,2.727463
187,3,2.722095
188,3,2.708911
189,3,2.709668
190,3,2.700113
191,3,2.702001
192,3,2.711478
193,3,2.716984
194,3,2.718516
195,3,2.716074
196,3,2.709655
197,3,2.722375
198,3,2.715702
199,3,2.712752
200,3,2.717374
201,3,2.714156
202,3,2.718505
203,3,2.708120
204,3,2.700651
205,3,2.700743
206,3,2.698173
207,3,2.697964
208,3,2.693746
209,3,2.693223
210,3,2.697381
211,3,2.692703
212,3,2.695562
213,3,2.694393
214,3,2.695490
215,3,2.690140
216,3,2.692307
217,3,2.694283
218,3,2.693434
219,3,2.684830
220,3,2.670823
221,3,2.673339
222,3,2.670493
223,3,2.664919
224,3,2.663052
225,3,2.663404
226,3,2.664865
227,3,2.662420
228,3,2.658205
229,3,2.663062
230,3,2.655855
231,3,2.656432
232,3,2.655039
233,3,2.656527
234,3,2.646865
235,3,2.644018
236,3,2.629901
237,3,2.625163
238,3,2.619483
239,3,2.621895
240,3,2.602580
241,3,2.605784
242,3,2.597282
243,3,2.595996
244,3,2.589150
245,3,2.592424
246,3,2.577152
247,3,2.574260
248,3,2.567333
249,3,2.570165
250,3,2.563404
251,3,2.561501
252,3,2.545204
253,3,2.543072
254,3,2.533490
255,3,2.525819
0,4,2.645712
1,4,2.651869
2,4,2.653710
3,4,2.659163
4,4,2.665607
5,4,2.670466
6,4,2.670793
7,4,2.671190
8,4,2.672609
9,4,2.678342
10,4,2.683061
11,4,2.681725
12,4,2.680802
13,4,2.677074
14,4,2.685171
15,4,2.680976
16,4,2.697502
17,4,2.703162
18,4,2.703766
19,4,2.706423
20,4,2.699937
21,4,2.707556
22,4,2.705803
23,4,2.711724
24,4,2.707112
25,4,2.712520
26,4,2.717808
27,4,2.715182
28,4,2.709781
29,4,2.717148
30,4,2.711383
31,4,2.709278
32,4,2.725153
33,4,2.729162
34,4,2.725497
35,4,2.730438
36,4,2.735207
37,4,2.733738
38,4,2.738208
39,4,2.734812
40,4,2.738967
41,4,2.738251
42,4,2.738276
43,4,2.736896
44,4,2.732780
45,4,2.731600
46,4,2.731081
47,4,2.734279
48,4,2.745050
49,4,2.744133
50,4,2.738564
51,4,2.745119
52,4,2.743844
53,4,2.745026
54,4,2.743507
55,4,2.738017
56,4,2.736263
57,4,2.745952
58,4,2.740117
59,4,2.737522
60,4,2.739187
61,4,2.742033
62,4,2.739630
63,4,2.737120
64,4,2.753768
65,4,2.747195
66,4,2.752076
67,4,2.753002
68,4,2.742267
69,4,2.751024
70,4,2.751629
71,4,2.749598
72,4,2.746155
73,4,2.746467
74,4,2.742829
75,4,2.739092
76,4,2.736590
77,4,2.740369
78,4,2.736347
79,4,2.732399
80,4,2.744924
81,4,2.748310
82,4,2.740040
83,4,2.744588
84,4,2.743931
85,4,2.750777
86,4,2.743481
87,4,2.742435
88,4,2.745175
89,4,2.745300
90,4,2.747809
91,4,2.743900
92,4,2.734629
93,4,2.742083
94,4,2.736494
95,4,2.736060
96,4,2.741794
97,4,2.750520
98,4,2.746192
99,4,2.743306
100,4,2.738775
101,4,2.750973
102,4,2.742484
103,4,2.746779
104,4,2.743278
105,4,2.742154
106,4,2.746162
107,4,2.738523
108,4,2.733204
109,4,2.733072
110,4,2.732804
111,4,2.736328
112,4,2.728946
113,4,2.730145
114,4,2.727384
115,4,2.724517
116,4,2.735515
117,4,2.728585
118,4,2.733110
119,4,2.733685
120,4,2.738000
121,4,2.734505
122,4,2.730907
123,4,2.734913
124,4,2.721958
125,4,2.718049
126,4,2.717887
127,4,2.717621
128,4,2.722940
129,4,2.724246
130,4,2.721593
131,4,2.714971
132,4,2.717400
133,4,2.718282
134,4,2.711339
135,4,2.715850
136,4,2.720256
137,4,2.720712
138,4,2.717203
139,4,2.717444
140,4,2.715166
141,4,2.719052
142,4,2.711277
143,4,2.714958
144,4,2.731519
145,4,2.738871
146,4,2.730638
147,4,2.741645
148,4,2.742429
149,4,2.733859
150,4,2.729165
151,4,2.725638
152,4,2.736156
153,4,2.738875
154,4,2.735002
155,4,2.729811
156,4,2.718239
157,4,2.720301
158,4,2.716225
159,4,2.714489
160,4,2.738170
161,4,2.741767
162,4,2.731252
163,4,2.730817
164,4,2.739283
165,4,2.730946
166,4,2.727748
167,4,2.726935
168,4,2.734950
169,4,2.735307
170,4,2.734204
171,4,2.730521
172,4,2.714958
173,4,2.721267
174,4,2.713427
175,4,2.717048
176,4,2.726926
177,4,2.730047
178,4,2.725653
179,4,2.725010
180,4,2.726778
181,4,2.722083
182,4,2.717285
183,4,2.716235
184,4,2.722786
185,4,2.724048
186,4,2.718831
187,4,2.720733
188,4,2.707575
189,4,2.705864
190,4,2.707893
191,4,2.705956
192,4,2.719315
193,4,2.728704
194,4,2.722563
195,4,2.722689
196,4,2.716307
197,4,2.718176
198,4,2.715416
199,4,2.712528
200,4,2.717214
201,4,2.717914
202,4,2.714626
203,4,2.720217
204,4,2.701238
205,4,2.701379
206,4,2.702245
207,4,2.698262
208,4,2.701832
209,4,2.701392
210,4,2.696940
211,4,2.693323
212,4,2.700126
213,4,2.700362
214,4,2.695261
215,4,2.694945
216,4,2.697216
217,4,2.695446
218,4,2.689629
219,4,2.686164
220,4,2.672274
221,4,2.673586
222,4,2.676018
223,4,2.670542
224,4,2.672634
225,4,2.669272
226,4,2.665668
227,4,2.668515
228,4,2.668306
229,4,2.665582
230,4,2.662359
231,4,2.655364
232,4,2.657998
233,4,2.657817
234,4,2.653973
235,4,2.644177
236,4,2.637330
237,4,2.632758
238,4,2.629761
239,4,2.625995
240,4,2.614616
241,4,2.608912
242,4,2.605870
243,4,2.603391
244,4,2.598127
245,4,2.592561
246,4,2.577516
247,4,2.576304
248,4,2.579762
249,4,2.572689
250,4,2.568678
251,4,2.564609
252,4,2.551015
253,4,2.549962
254,4,2.539955
255,4,2.534045
0,5,2.645615
1,5,2.647724
2,5,2.657009
3,5,2.659697
4,5,2.664676
5,5,2.670632
6,5,2.673323
7,5,2.670972
8,5,2.670962
9,5,2.677770
10,5,2.674619
11,5,2.679550
12,5,2.679748
13,5,2.678484
14,5,2.676117
15,5,2.679490
16,5,2.698468
17,5,2.701412
18,5,2.700315
19,5,2.703167
20,5,2.709383
21,5,2.713008
22,5,2.709917
23,5,2.716963
24,5,2.714751
25,5,2.708601
26,5,2.709910
27,5,2.716157
28,5,2.710643
29,5,2.714098
30,5,2.719785
31,5,2.712616
32,5,2.729519
33,5,2.725753
34,5,2.729720
35,5,2.730715
36,5,2.739248
37,5,2.733887
38,5,2.738272
39,5,2.738647
40,5,2.734144
41,5,2.738094
42,5,2.738044
43,5,2.740899
44,5,2.735503
45,5,2.735053
46,5,2.738320
47,5,2.737600
48,5,2.747611
49,5,2.735095
50,5,2.749422
51,5,2.744361
52,5,2.750735
53,5,2.744832
54,5,2.743281
55,5,2.749319
56,5,2.743682
57,5,2.745638
58,5,2.743629
59,5,2.745362
60,5,2.746985
61,5,2.740794
62,5,2.738350
63,5,2.743505
64,5,2.748556
65,5,2.745797
66,5,2.746789
67,5,2.752804
68,5,2.749744
69,5,2.750436
70,5,2.751028
71,5,2.743816
72,5,2.740359
73,5,2.745800
74,5,2.749858
75,5,2.746113
76,5,2.742272
77,5,2.747343
78,5,2.743315
79,5,2.735340
80,5,2.750534
81,5,2.743668
82,5,2.746956
83,5,2.738590
84,5,2.750719
85,5,2.747948
86,5,2.745139
87,5,2.749279
88,5,2.740435
89,5,2.748249
90,5,2.743072
91,5,2.742982
92,5,2.741456
93,5,2.747538
94,5,2.743330
95,5,2.745287
96,5,2.745040
97,5,2.730626
98,5,2.741865
99,5,2.738812
100,5,2.749707
101,5,2.750326
102,5,2.741851
103,5,2.742274
104,5,2.738755
105,5,2.741501
106,5,2.737787
107,5,2.737837
108,5,2.732538
109,5,2.732393
110,5,2.728304
111,5,2.730370
112,5,2.732336
113,5,2.737368
114,5,2.742278
115,5,2.739395
116,5,2.735004
117,5,2.731913
118,5,2.732562
119,5,2.736971
120,5,2.733572
121,5,2.737775
122,5,2.730317
123,5,2.730463
124,5,2.725247
125,5,2.725189
126,5,2.725028
127,5,2.724765
128,5,2.726300
129,5,2.727589
130,5,2.721070
131,5,2.718294
132,5,2.720665
133,5,2.717678
134,5,2.722293
135,5,2.722950
136,5,2.715799
137,5,2.720102
138,5,2.720445
139,5,2.720692
140,5,2.718384
141,5,2.722278
142,5,2.718366
143,5,2.718205
144,5,2.725661
145,5,2.734360
146,5,2.733919
147,5,2.741093
148,5,2.741749
149,5,2.737169
150,5,2.740202
151,5,2.732813
152,5,2.724090
153,5,2.738391
154,5,2.742217
155,5,2.737053
156,5,2.740882
157,5,2.735530
158,5,2.735040
159,5,2.729481
160,5,2.732186
161,5,2.737130
162,5,2.732949
163,5,2.733885
164,5,2.734726
165,5,2.737874
166,5,2.730810
167,5,2.726165
168,5,2.734327
169,5,2.737206
170,5,2.729584
171,5,2.729743
172,5,2.732333
173,5,2.732304
174,5,2.732178
175,5,2.726783
176,5,2.726184
177,5,2.725753
178,5,2.725223
179,5,2.723284
180,5,2.726410
181,5,2.721730
182,5,2.720801
183,5,2.718466
184,5,2.717333
185,5,2.719948
186,5,2.726310
187,5,2.728713
188,5,2.727154
189,5,2.720340
190,5,2.718563
191,5,2.720526
192,5,2.722376
193,5,2.724110
194,5,2.721874
195,5,2.723373
196,5,2.717044
197,5,2.726005
198,5,2.715576
199,5,2.716579
200,5,2.709748
201,5,2.718196
202,5,2.718804
203,5,2.716210
204,5,2.720419
205,5,2.709075
206,5,2.712997
207,5,2.709066
208,5,2.698183
209,5,2.701679
210,5,2.697311
211,5,2.696635
212,5,2.697075
213,5,2.708660
214,5,2.699803
215,5,2.698474
216,5,2.690378
217,5,2.704124
218,5,2.694563
219,5,2.687302
220,5,2.692792
221,5,2.690370
222,5,2.685194
223,5,2.687519
224,5,2.672924
225,5,2.674928
226,5,2.667611
227,5,2.674395
228,5,2.670481
229,5,2.670161
230,5,2.663485
231,5,2.656265
232,5,2.656871
233,5,2.655528
234,5,2.656989
235,5,2.655086
236,5,2.647050
237,5,2.642009
238,5,2.641164
239,5,2.640071
240,5,2.618678
241,5,2.613162
242,5,2.616698
243,5,2.604197
244,5,2.601623
245,5,2.601517
246,5,2.586699
247,5,2.576682
248,5,2.577888
249,5,2.577378
250,5,2.571204
251,5,2.569856
252,5,2.565629
253,5,2.563458
254,5,2.553824
255,5,2.548203
0,6,2.649143
1,6,2.652308
2,6,2.661621
3,6,2.658726
4,6,2.663538
5,6,2.669307
6,6,2.669180
7,6,2.669278
8,6,2.670353
9,6,2.671881
10,6,2.676280
11,6,2.676596
12,6,2.681103
13,6,2.688646
14,6,2.686106
15,6,2.688135
16,6,2.710445
17,6,2.703303
18,6,2.700878
19,6,2.708671
20,6,2.707068
21,6,2.713206
22,6,2.711238
23,6,2.718155
24,6,2.710789
25,6,2.713452
26,6,2.710814
27,6,2.716947
28,6,2.720506
29,6,2.718573
30,6,2.716448
31,6,2.720758
32,6,2.724806
33,6,2.728843
34,6,2.733770
35,6,2.730822
36,6,2.734461
37,6,2.738920
38,6,2.742022
39,6,2.737584
40,6,2.733900
41,6,2.741628
42,6,2.736840
43,6,2.740451
44,6,2.740070
45,6,2.734495
46,6,2.733118
47,6,2.736210
48,6,2.743024
49,6,2.742007
50,6,2.747924
51,6,2.746679
52,6,2.749166
53,6,2.747680
54,6,2.742224
55,6,2.748211
56,6,2.738141
57,6,2.743920
58,6,2.738029
59,6,2.739735
60,6,2.737479
61,6,2.746675
62,6,2.732648
63,6,2.742868
64,6,2.751752
65,6,2.745122
66,6,2.749949
67,6,2.750823
68,6,2.747744
69,6,2.748418
70,6,2.746393
71,6,2.746875
72,6,2.739554
73,6,2.743694
74,6,2.740033
75,6,2.749100
76,6,2.745252
77,6,2.745162
78,6,2.746250
79,6,2.742122
80,6,2.741753
81,6,2.741289
82,6,2.749837
83,6,2.741470
84,6,2.744567
85,6,2.745016
86,6,2.744077
87,6,2.744348
88,6,2.739395
89,6,2.745869
90,6,2.742006
91,6,2.740590
92,6,2.740401
93,6,2.738744
94,6,2.742214
95,6,2.740410
96,6,2.744253
97,6,2.740041
98,6,2.741064
99,6,2.736652
100,6,2.741194
101,6,2.737940
102,6,2.744889
103,6,2.741442
104,6,2.741758
105,6,2.740667
106,6,2.733084
107,6,2.744677
108,6,2.735562
109,6,2.735384
110,6,2.735135
111,6,2.737287
112,6,2.735542
113,6,2.736702
114,6,2.733889
115,6,2.738680
116,6,2.734297
117,6,2.735047
118,6,2.731831
119,6,2.732377
120,6,2.736667
121,6,2.737006
122,6,2.733396
123,6,2.721977
124,6,2.720648
125,6,2.728294
126,6,2.728134
127,6,2.724022
128,6,2.729479
129,6,2.726897
130,6,2.720363
131,6,2.729123
132,6,2.731468
133,6,2.736169
134,6,2.721517
135,6,2.718311
136,6,2.718857
137,6,2.723164
138,6,2.715805
139,6,2.708350
140,6,2.717569
141,6,2.721471
142,6,2.725275
143,6,2.725124
144,6,2.721004
145,6,2.729735
146,6,2.721607
147,6,2.736412
148,6,2.729444
149,6,2.736442
150,6,2.735645
151,6,2.739804
152,6,2.738810
153,6,2.745429
154,6,2.733837
155,6,2.736404
156,6,2.731172
157,6,2.727195
158,6,2.717651
159,6,2.725025
160,6,2.723534
161,6,2.732358
162,6,2.728210
163,6,2.732925
164,6,2.728583
165,6,2.729320
166,6,2.728653
167,6,2.733059
168,6,2.733368
169,6,2.736270
170,6,2.728824
171,6,2.735397
172,6,2.727765
173,6,2.727743
174,6,2.718387
175,6,2.725867
176,6,2.721692
177,6,2.721272
178,6,2.719474
179,6,2.722714
180,6,2.722002
181,6,2.727620
182,6,2.722857
183,6,2.725699
184,6,2.724584
185,6,2.723366
186,6,2.720776
187,6,2.723203
188,6,2.725522
189,6,2.716175
190,6,2.710571
191,6,2.708708
192,6,2.714439
193,6,2.714944
194,6,2.716594
195,6,2.714273
196,6,2.715685
197,6,2.716976
198,6,2.718144
199,6,2.719186
200,6,2.713102
201,6,2.721614
202,6,2.722288
203,6,2.722828
204,6,2.715525
205,6,2.711934
206,6,2.712895
207,6,2.709040
208,6,2.697331
209,6,2.693176
210,6,2.693656
211,6,2.698169
212,6,2.701271
213,6,2.700354
214,6,2.700310
215,6,2.699078
216,6,2.693815
217,6,2.697204
218,6,2.696708
219,6,2.690915
220,6,2.690000
221,6,2.683841
222,6,2.677474
223,6,2.676068
224,6,2.670565
225,6,2.668821
226,6,2.673199
227,6,2.669631
228,6,2.676295
229,6,2.672272
230,6,2.665721
231,6,2.665063
232,6,2.663222
233,6,2.662050
234,6,2.658492
235,6,2.654197
236,6,2.650167
237,6,2.636298
238,6,2.640757
239,6,2.637820
240,6,2.617330
241,6,2.613292
242,6,2.609358
243,6,2.603420
244,6,2.603897
245,6,2.601165
246,6,2.598120
247,6,2.585852
248,6,2.582083
249,6,2.579296
250,6,2.572067
251,6,2.567130
252,6,2.563147
253,6,2.562101
254,6,2.553351
255,6,2.546648
0,7,2.657521
1,7,2.655401
2,7,2.658047
3,7,2.672960
4,7,2.678819
5,7,2.672843
6,7,2.675147
7,7,2.672450
8,7,2.676012
9,7,2.682421
10,7,2.682811
11,7,2.677933
12,7,2.683480
13,7,2.687029
14,7,2.685336
15,7,2.686248
16,7,2.712283
17,7,2.703808
18,7,2.706326
19,7,2.713975
20,7,2.714935
21,7,2.714438
22,7,2.716220
23,7,2.714129
24,7,2.719426
25,7,2.714264
26,7,2.719240
27,7,2.716382
28,7,2.713350
29,7,2.711311
30,7,2.711841
31,7,2.717168
32,7,2.727810
33,7,2.732815
34,7,2.729945
35,7,2.741358
36,7,2.734334
37,7,2.738709
38,7,2.740868
39,7,2.744963
40,7,2.741203
41,7,2.744184
42,7,2.740160
43,7,2.743701
44,7,2.738645
45,7,2.738084
46,7,2.737390
47,7,2.736566
48,7,2.741468
49,7,2.740412
50,7,2.746937
51,7,2.753342
52,7,2.747473
53,7,2.753659
54,7,2.752024
55,7,2.746421
56,7,2.744559
57,7,2.743780
58,7,2.741211
59,7,2.735187
60,7,2.729054
61,7,2.738228
62,7,2.735738
63,7,2.740850
64,7,2.745859
65,7,2.739209
66,7,2.744016
67,7,2.757644
68,7,2.742991
69,7,2.747505
70,7,2.740362
71,7,2.748534
72,7,2.750130
73,7,2.746555
74,7,2.746738
75,7,2.746825
76,7,2.744203
77,7,2.744106
78,7,2.740062
79,7,2.739777
80,7,2.740650
81,7,2.736330
82,7,2.743475
83,7,2.753714
84,7,2.751045
85,7,2.747686
86,7,2.746748
87,7,2.741863
88,7,2.745867
89,7,2.748506
90,7,2.736923
91,7,2.739378
92,7,2.739135
93,7,2.745244
94,7,2.740996
95,7,2.735361
96,7,2.747144
97,7,2.739240
98,7,2.740088
99,7,2.747247
100,7,2.744064
101,7,2.740791
102,7,2.743899
103,7,2.744287
104,7,2.747125
105,7,2.743483
106,7,2.735911
107,7,2.730757
108,7,2.730688
109,7,2.730530
110,7,2.730233
111,7,2.732407
112,7,2.730864
113,7,2.735841
114,7,2.740718
115,7,2.740306
116,7,2.737278
117,7,2.730298
118,7,2.734777
119,7,2.743010
120,7,2.743440
121,7,2.736065
122,7,2.732446
123,7,2.731245
124,7,2.731283
125,7,2.731223
126,7,2.727212
127,7,2.730808
128,7,2.720923
129,7,2.718324
130,7,2.727185
131,7,2.728232
132,7,2.733032
133,7,2.731368
134,7,2.705143
135,7,2.709642
136,7,2.717895
137,7,2.718344
138,7,2.707136
139,7,2.711241
140,7,2.707542
141,7,2.708930
142,7,2.720447
143,7,2.720308
144,7,2.723924
145,7,2.728786
146,7,2.732158
147,7,2.735502
148,7,2.731051
149,7,2.735538
150,7,2.738476
151,7,2.729889
152,7,2.761057
153,7,2.748436
154,7,2.740691
155,7,2.735578
156,7,2.730371
157,7,2.734092
158,7,2.732552
159,7,2.724243
160,7,2.733974
161,7,2.731222
162,7,2.730943
163,7,2.728010
164,7,2.735176
165,7,2.732046
166,7,2.727546
167,7,2.735792
168,7,2.754231
169,7,2.743031
170,7,2.731737
171,7,2.738157
172,7,2.726664
173,7,2.729226
174,7,2.729106
175,7,2.725037
176,7,2.723470
177,7,2.719212
178,7,2.722563
179,7,2.725816
180,7,2.727725
181,7,2.723078
182,7,2.722185
183,7,2.725043
184,7,2.745824
185,7,2.736922
186,7,2.724064
187,7,2.722660
188,7,2.713444
189,7,2.718298
190,7,2.712721
191,7,2.714740
192,7,2.712795
193,7,2.714589
194,7,2.712416
195,7,2.706274
196,7,2.707720
197,7,2.712898
198,7,2.714756
199,7,2.714632
200,7,2.738725
201,7,2.735719
202,7,2.721025
203,7,2.721608
204,7,2.711279
205,7,2.715465
206,7,2.711804
207,7,2.711853
208,7,2.702290
209,7,2.702067
210,7,2.693987
211,7,2.701161
212,7,2.705294
213,7,2.704466
214,7,2.699618
215,7,2.699504
216,7,2.721309
217,7,2.708258
218,7,2.705092
219,7,2.695554
220,7,2.693527
221,7,2.696386
222,7,2.682431
223,7,2.679824
224,7,2.671861
225,7,2.668856
226,7,2.670877
227,7,2.667447
228,7,2.665252
229,7,2.662613
230,7,2.667741
231,7,2.663387
232,7,2.687370
233,7,2.676052
234,7,2.657222
235,7,2.651823
236,7,2.649194
237,7,2.639370
238,7,2.646551
239,7,2.637373
240,7,2.617056
241,7,2.613660
242,7,2.613311
243,7,2.611418
244,7,2.606974
245,7,2.599951
246,7,2.599048
247,7,2.589580
248,7,2.610455
249,7,2.598870
250,7,2.581692
251,7,2.577017
252,7,2.568103
253,7,2.564869
254,7,2.558907
255,7,2.557693
0,8,2.664434
1,8,2.663326
2,8,2.668434
3,8,2.666738
4,8,2.673402
5,8,2.674955
6,8,2.676246
7,8,2.678064
8,8,2.678812
9,8,2.683177
10,8,2.680246
11,8,2.680268
12,8,2.684476
13,8,2.680185
14,8,2.683401
15,8,2.691858
16,8,2.708907
17,8,2.713025
18,8,2.715427
19,8,2.716503
20,8,2.712256
21,8,2.714125
22,8,2.717159
23,8,2.721389
24,8,2.716321
25,8,2.721377
26,8,2.723634
27,8,2.715677
28,8,2.717576
29,8,2.718181
30,8,2.719738
31,8,2.720065
32,8,2.727855
33,8,2.744327
34,8,2.740397
35,8,2.745006
36,8,2.733123
37,8,2.739369
38,8,2.736609
39,8,2.743628
40,8,2.743670
41,8,2.743568
42,8,2.746395
43,8,2.738331
44,8,2.737838
45,8,2.741064
46,8,2.743461
47,8,2.738744
48,8,2.741607
49,8,2.751411
50,8,2.746342
51,8,2.752712
52,8,2.747406
53,8,2.749688
54,8,2.751310
55,8,2.745678
56,8,2.743787
57,8,2.737934
58,8,2.739678
59,8,2.737462
60,8,2.730844
61,8,2.732287
62,8,2.737479
63,8,2.739894
64,8,2.752590
65,8,2.757480
66,8,2.746859
67,8,2.747697
68,8,2.748438
69,8,2.746419
70,8,2.750822
71,8,2.739717
72,8,2.743928
73,8,2.744192
74,8,2.745565
75,8,2.741791
76,8,2.741776
77,8,2.742879
78,8,2.738829
79,8,2.738539
80,8,2.750934
81,8,2.754316
82,8,2.753752
83,8,2.758178
84,8,2.749729
85,8,2.748893
86,8,2.745351
87,8,2.744335
88,8,2.744470
89,8,2.750978
90,8,2.747072
91,8,2.745678
92,8,2.740337
93,8,2.740019
94,8,2.738346
95,8,2.733998
96,8,2.746173
97,8,2.745821
98,8,2.750501
99,8,2.749967
100,8,2.746763
101,8,2.746048
102,8,2.742739
103,8,2.739256
104,8,2.738257
105,8,2.738452
106,8,2.738559
107,8,2.737285
108,8,2.729496
109,8,2.733177
110,8,2.732917
111,8,2.731208
112,8,2.737571
113,8,2.734825
114,8,2.739669
115,8,2.735423
116,8,2.740075
117,8,2.736936
118,8,2.737542
119,8,2.745767
120,8,2.734630
121,8,2.734950
122,8,2.735178
123,8,2.734007
124,8,2.730189
125,8,2.730128
126,8,2.722265
127,8,2.725864
128,8,2.727604
129,8,2.732694
130,8,2.726128
131,8,2.723317
132,8,2.724243
133,8,2.734101
134,8,2.727138
135,8,2.708509
136,8,2.705204
137,8,2.705654
138,8,2.709854
139,8,2.713964
140,8,2.710269
141,8,2.723188
142,8,2.723156
143,8,2.723028
144,8,2.730525
145,8,2.735312
146,8,2.731057
147,8,2.738273
148,8,2.737694
149,8,2.742048
150,8,2.768247
151,8,2.759680
152,8,2.729193
153,8,2.755123
154,8,2.753795
155,8,2.730725
156,8,2.733250
157,8,2.733111
158,8,2.727745
159,8,2.727418
160,8,2.736540
161,8,2.732512
162,8,2.733510
163,8,2.733160
164,8,2.730124
165,8,2.730849
166,8,2.753352
167,8,2.749917
168,8,2.725996
169,8,2.745608
170,8,2.736920
171,8,2.725528
172,8,2.725600
173,8,2.724349
174,8,2.724237
175,8,2.724030
176,8,2.726358
177,8,2.725965
178,8,2.729328
179,8,2.731376
180,8,2.722990
181,8,2.726065
182,8,2.750942
183,8,2.746115
184,8,2.725776
185,8,2.743864
186,8,2.738732
187,8,2.720731
188,8,2.719246
189,8,2.721507
190,8,2.719808
191,8,2.714147
192,8,2.716082
193,8,2.720558
194,8,2.710711
195,8,2.716160
196,8,2.714390
197,8,2.715771
198,8,2.747854
199,8,2.741286
200,8,2.715331
201,8,2.735482
202,8,2.729258
203,8,2.714496
204,8,2.715011
205,8,2.711538
206,8,2.715631
207,8,2.716563
208,8,2.701130
209,8,2.693255
210,8,2.697692
211,8,2.697243
212,8,2.704342
213,8,2.703575
214,8,2.726767
215,8,2.721841
216,8,2.697478
217,8,2.720263
218,8,2.712180
219,8,2.695009
220,8,2.686533
221,8,2.688272
222,8,2.683346
223,8,2.684711
224,8,2.671657
225,8,2.673937
226,8,2.670834
227,8,2.668914
228,8,2.673086
229,8,2.672011
230,8,2.683437
231,8,2.680762
232,8,2.664735
233,8,2.674423
234,8,2.669444
235,8,2.650504
236,8,2.652681
237,8,2.649912
238,8,2.641837
239,8,2.643153
240,8,2.624238
241,8,2.617205
242,8,2.615762
243,8,2.614051
244,8,2.607242
245,8,2.604914
246,8,2.620458
247,8,2.613612
248,8,2.591032
249,8,2.601501
250,8,2.589732
251,8,2.573748
252,8,2.567429
253,8,2.562160
254,8,2.561631
255,8,2.551677
0,9,2.657257
1,9,2.662121
2,9,2.664371
3,9,2.669030
4,9,2.680509
5,9,2.676878
6,9,2.678002
7,9,2.680794
8,9,2.680237
9,9,2.676746
10,9,2.678655
11,9,2.685099
12,9,2.677065
13,9,2.685878
14,9,2.683976
15,9,2.686874
16,9,2.706515
17,9,2.712865
18,9,2.711646
19,9,2.713768
20,9,2.720946
21,9,2.722712
22,9,2.715491
23,9,2.722075
24,9,2.715654
25,9,2.718001
26,9,2.717851
27,9,2.723690
28,9,2.720516
29,9,2.718303
30,9,2.723614
31,9,2.723865
32,9,2.735441
33,9,2.739285
34,9,2.728560
35,9,2.736007
36,9,2.744253
37,9,2.740786
38,9,2.740164
39,9,2.746860
40,9,2.742975
41,9,2.738158
42,9,2.734015
43,9,2.741295
44,9,2.740008
45,9,2.739339
46,9,2.738541
47,9,2.733096
48,9,2.739773
49,9,2.750180
50,9,2.741203
51,9,2.743075
52,9,2.753146
53,9,2.751543
54,9,2.745975
55,9,2.747480
56,9,2.749413
57,9,2.739679
58,9,2.741396
59,9,2.736444
60,9,2.734099
61,9,2.738938
62,9,2.736404
63,9,2.733768
64,9,2.750295
65,9,2.747459
66,9,2.745680
67,9,2.738797
68,9,2.751081
69,9,2.747858
70,9,2.740685
71,9,2.749736
72,9,2.750098
73,9,2.742661
74,9,2.738982
75,9,2.740241
76,9,2.744086
77,9,2.740132
78,9,2.737272
79,9,2.740844
80,9,2.744323
81,9,2.752758
82,9,2.740647
83,9,2.747709
84,9,2.755882
85,9,2.755115
86,9,2.747689
87,9,2.746672
88,9,2.749417
89,9,2.741730
90,9,2.740441
91,9,2.740286
92,9,2.734963
93,9,2.742338
94,9,2.732980
95,9,2.740086
96,9,2.743636
97,9,2.744531
98,9,2.749190
99,9,2.740962
100,9,2.741592
101,9,2.740890
102,9,2.741413
103,9,2.737913
104,9,2.736930
105,9,2.737108
106,9,2.733347
107,9,2.735949
108,9,2.731991
109,9,2.735658
110,9,2.734124
111,9,2.733763
112,9,2.740257
113,9,2.733624
114,9,2.742306
115,9,2.738065
116,9,2.734999
117,9,2.731849
118,9,2.736297
119,9,2.740652
120,9,2.741060
121,9,2.733673
122,9,2.728770
123,9,2.728896
124,9,2.728929
125,9,2.732720
126,9,2.724857
127,9,2.728459
128,9,2.734116
129,9,2.735337
130,9,2.721051
131,9,2.729776
132,9,2.726861
133,9,2.731540
134,9,2.710428
135,9,2.707220
136,9,2.707759
137,9,2.715909
138,9,2.712407
139,9,2.712668
140,9,2.712831
141,9,2.706459
142,9,2.710288
143,9,2.710170
144,9,2.729211
145,9,2.732767
146,9,2.733642
147,9,2.733170
148,9,2.736361
149,9,2.748513
150,9,2.747763
151,9,2.743070
152,9,2.743395
153,9,2.761642
154,9,2.756488
155,9,2.737263
156,9,2.732107
157,9,2.728108
158,9,2.734328
159,9,2.732747
160,9,2.733183
161,9,2.734932
162,9,2.728209
163,9,2.727876
164,9,2.732533
165,9,2.728172
166,9,2.732650
167,9,2.728115
168,9,2.724707
169,9,2.752029
170,9,2.739525
171,9,2.731810
172,9,2.722966
173,9,2.726795
174,9,2.726677
175,9,2.721416
176,9,2.724966
177,9,2.728421
178,9,2.730591
179,9,2.730005
180,9,2.725471
181,9,2.727358
182,9,2.734189
183,9,2.725510
184,9,2.724437
185,9,2.741746
186,9,2.740489
187,9,2.727571
188,9,2.726108
189,9,2.716835
190,9,2.717839
191,9,2.716059
192,9,2.718022
193,9,2.719876
194,9,2.713911
195,9,2.716112
196,9,2.713790
197,9,2.717888
198,9,2.723037
199,9,2.712654
200,9,2.709854
201,9,2.734589
202,9,2.735410
203,9,2.716837
204,9,2.709691
205,9,2.718596
206,9,2.711201
207,9,2.715225
208,9,2.699842
209,9,2.704443
210,9,2.696496
211,9,2.703808
212,9,2.704198
213,9,2.703517
214,9,2.702673
215,9,2.702680
216,9,2.697675
217,9,2.716782
218,9,2.712525
219,9,2.695458
220,9,2.689760
221,9,2.688914
222,9,2.686711
223,9,2.681705
224,9,2.672596
225,9,2.674975
226,9,2.671999
227,9,2.676502
228,9,2.666788
229,9,2.674708
230,9,2.665809
231,9,2.661713
232,9,2.658939
233,9,2.677470
234,9,2.671618
235,9,2.656669
236,9,2.647464
237,9,2.651317
238,9,2.646597
239,9,2.646107
240,9,2.628012
241,9,2.623141
242,9,2.615382
243,9,2.615583
244,9,2.613729
245,9,2.608969
246,9,2.600386
247,9,2.597600
248,9,2.591888
249,9,2.601363
250,9,2.601385
251,9,2.579193
252,9,2.568047
253,9,2.572011
254,9,2.562758
255,9,2.553930
0,10,2.664940
1,10,2.670057
2,10,2.666629
3,10,2.668412
4,10,2.676501
5,10,2.679747
6,10,2.684557
7,10,2.680295
8,10,2.674908
9,10,2.682825
10,10,2.685553
11,10,2.687033
12,10,2.682716
13,10,2.688647
14,10,2.693217
15,10,2.692139
16,10,2.715485
17,10,2.720615
18,10,2.707417
19,10,2.714698
20,10,2.724256
21,10,2.726162
22,10,2.723824
23,10,2.722583
24,10,2.719922
25,10,2.714452
26,10,2.718094
27,10,2.723827
28,10,2.720572
29,10,2.718259
30,10,2.722434
31,10,2.727504
32,10,2.730320
33,10,2.735082
34,10,2.727185
35,10,2.731653
36,10,2.739817
37,10,2.743112
38,10,2.743295
39,10,2.738659
40,10,2.742430
41,10,2.741111
42,10,2.736144
43,10,2.735673
44,10,2.731218
45,10,2.737496
46,10,2.732805
47,10,2.731841
48,10,2.745529
49,10,2.755899
50,10,2.743034
51,10,2.741610
52,10,2.754919
53,10,2.753284
54,10,2.744942
55,10,2.743086
56,10,2.740629
57,10,2.738574
58,10,2.736413
59,10,2.738000
60,10,2.739483
61,10,2.736600
62,10,2.737895
63,10,2.740214
64,10,2.745164
65,10,2.746163
66,10,2.747064
67,10,2.744015
68,10,2.748575
69,10,2.750039
70,10,2.750575
71,10,2.743310
72,10,2.747510
73,10,2.741204
74,10,2.741369
75,10,2.741441
76,10,2.738720
77,10,2.742465
78,10,2.734559
79,10,2.743134
80,10,2.742756
81,10,2.749992
82,10,2.746748
83,10,2.742248
84,10,2.749216
85,10,2.749565
86,10,2.744797
87,10,2.741121
88,10,2.751586
89,10,2.743885
90,10,2.738759
91,10,2.742444
92,10,2.737138
93,10,2.736796
94,10,2.731229
95,10,2.734550
96,10,2.742206
97,10,2.750786
98,10,2.738804
99,10,2.743355
100,10,2.751672
101,10,2.743277
102,10,2.743714
103,10,2.740262
104,10,2.739293
105,10,2.735603
106,10,2.735680
107,10,2.738299
108,10,2.734349
109,10,2.730273
110,10,2.728758
111,10,2.728385
112,10,2.738909
113,10,2.739966
114,10,2.737075
115,10,2.740558
116,10,2.733626
117,10,2.726589
118,10,2.738735
119,10,2.739228
120,10,2.731923
121,10,2.736084
122,10,2.735061
123,10,2.727477
124,10,2.735213
125,10,2.735150
126,10,2.719583
127,10,2.723187
128,10,2.728907
129,10,2.730113
130,10,2.727370
131,10,2.724531
132,10,2.721597
133,10,2.718567
134,10,2.720538
135,10,2.721171
136,10,2.710153
137,10,2.706746
138,10,2.710952
139,10,2.711208
140,10,2.711377
141,10,2.712687
142,10,2.708817
143,10,2.708708
144,10,2.727778
145,10,2.735203
146,10,2.736065
147,10,2.735526
148,10,2.731118
149,10,2.743258
150,10,2.738674
151,10,2.741709
152,10,2.742023
153,10,2.740854
154,10,2.739754
155,10,2.732080
156,10,2.734653
157,10,2.733283
158,10,2.729188
159,10,2.735340
160,10,2.733500
161,10,2.733371
162,10,2.730457
163,10,2.730140
164,10,2.730931
165,10,2.730441
166,10,2.727201
167,10,2.730391
168,10,2.730826
169,10,2.733841
170,10,2.726392
171,10,2.729232
172,10,2.725455
173,10,2.729292
174,10,2.724160
175,10,2.720109
176,10,2.731375
177,10,2.729825
178,10,2.729349
179,10,2.732630
180,10,2.726949
181,10,2.733894
182,10,2.733036
183,10,2.727071
184,10,2.726019
185,10,2.724867
186,10,2.719761
187,10,2.721532
188,10,2.720094
189,10,2.722404
190,10,2.716903
191,10,2.715149
192,10,2.720992
193,10,2.714023
194,10,2.715795
195,10,2.714166
196,10,2.719582
197,10,2.717178
198,10,2.718508
199,10,2.712014
200,10,2.717615
201,10,2.714748
202,10,2.718322
203,10,2.707497
204,10,2.712694
205,10,2.709333
206,10,2.709690
207,10,2.709908
208,10,2.699257
209,10,2.699214
210,10,2.699025
211,10,2.699586
212,10,2.702971
213,10,2.702348
214,10,2.698686
215,10,2.698907
216,10,2.697820
217,10,2.705321
218,10,2.696209
219,10,2.695733
220,10,2.697845
221,10,2.692062
222,10,2.691138
223,10,2.681140
224,10,2.677204
225,10,2.674533
226,10,2.672975
227,10,2.669901
228,10,2.675705
229,10,2.664499
230,10,2.667244
231,10,2.667147
232,10,2.660642
233,10,2.660065
234,10,2.657001
235,10,2.657084
236,10,2.653584
237,10,2.651955
238,10,2.647986
239,10,2.648828
240,10,2.627079
241,10,2.626226
242,10,2.619243
243,10,2.622883
244,10,2.617361
245,10,2.613212
246,10,2.612130
247,10,2.605698
248,10,2.592708
249,10,2.598360
250,10,2.590910
251,10,2.588203
252,10,2.588912
253,10,2.576462
254,10,2.568463
255,10,2.560234
0,11,2.663546
1,11,2.669612
2,11,2.670429
3,11,2.670300
4,11,2.675496
5,11,2.679333
6,11,2.678228
7,11,2.698053
8,11,2.682973
9,11,2.679891
10,11,2.687450
11,11,2.687096
12,11,2.687075
13,11,2.690140
14,11,2.689162
15,11,2.697210
16,11,2.706310
17,11,2.713897
18,11,2.712148
19,11,2.714089
20,11,2.723823
21,11,2.725421
22,11,2.720421
23,11,2.729400
24,11,2.727872
25,11,2.720056
26,11,2.718169
27,11,2.722694
28,11,2.716611
29,11,2.724710
30,11,2.718301
31,11,2.725063
32,11,2.729902
33,11,2.729777
34,11,2.726613
35,11,2.737805
36,11,2.742063
37,11,2.742317
38,11,2.733891
39,11,2.753143
40,11,2.744499
41,11,2.736525
42,11,2.739975
43,11,2.731011
44,11,2.738071
45,11,2.737298
46,11,2.729958
47,11,2.727030
48,11,2.737465
49,11,2.743321
50,11,2.738127
51,11,2.744376
52,11,2.750511
53,11,2.748293
54,11,2.746517
55,11,2.756190
56,11,2.742639
57,11,2.736220
58,11,2.741737
59,11,2.739446
60,11,2.734292
61,11,2.735249
62,11,2.740376
63,11,2.741551
64,11,2.754186
65,11,2.743606
66,11,2.745591
67,11,2.746379
68,11,2.746779
69,11,2.747392
70,11,2.745170
71,11,2.761010
72,11,2.749787
73,11,2.742324
74,11,2.747449
75,11,2.743659
76,11,2.739778
77,11,2.736934
78,11,2.740580
79,11,2.744002
80,11,2.740912
81,11,2.740452
82,11,2.743755
83,11,2.748112
84,11,2.747385
85,11,2.747718
86,11,2.739110
87,11,2.754683
88,11,2.742045
89,11,2.744727
90,11,2.740779
91,11,2.743244
92,11,2.735255
93,11,2.737565
94,11,2.733256
95,11,2.736566
96,11,2.740620
97,11,2.741473
98,11,2.744912
99,11,2.741739
100,11,2.745000
101,11,2.741654
102,11,2.740147
103,11,2.752778
104,11,2.737648
105,11,2.737795
106,11,2.732811
107,11,2.736639
108,11,2.732675
109,11,2.732479
110,11,2.727143
111,11,2.730626
112,11,2.745127
113,11,2.742299
114,11,2.754804
115,11,2.735174
116,11,2.735936
117,11,2.728889
118,11,2.737171
119,11,2.733796
120,11,2.734189
121,11,2.734486
122,11,2.729636
123,11,2.729755
124,11,2.725929
125,11,2.725865
126,11,2.714152
127,11,2.713906
128,11,2.727392
129,11,2.728585
130,11,2.718121
131,11,2.726834
132,11,2.727733
133,11,2.724701
134,11,2.707375
135,11,2.704144
136,11,2.712390
137,11,2.708978
138,11,2.701629
139,11,2.713448
140,11,2.709769
141,11,2.703347
142,11,2.703338
143,11,2.703239
144,11,2.733855
145,11,2.729724
146,11,2.734410
147,11,2.737812
148,11,2.741127
149,11,2.740503
150,11,2.740986
151,11,2.744041
152,11,2.739145
153,11,2.743202
154,11,2.742125
155,11,2.740958
156,11,2.737041
157,11,2.735695
158,11,2.727742
159,11,2.730068
160,11,2.731738
161,11,2.731624
162,11,2.731424
163,11,2.732307
164,11,2.728083
165,11,2.728705
166,11,2.731999
167,11,2.728662
168,11,2.729087
169,11,2.732123
170,11,2.728518
171,11,2.731379
172,11,2.727595
173,11,2.726428
174,11,2.726317
175,11,2.722262
176,11,2.732385
177,11,2.736113
178,11,2.731796
179,11,2.730104
180,11,2.737160
181,11,2.732561
182,11,2.730589
183,11,2.733506
184,11,2.732472
185,11,2.727486
186,11,2.728981
187,11,2.723797
188,11,2.718944
189,11,2.721277
190,11,2.714680
191,11,2.716806
192,11,2.722677
193,11,2.720735
194,11,2.718683
195,11,2.720927
196,11,2.713700
197,11,2.715182
198,11,2.716547
199,11,2.714570
200,11,2.715717
201,11,2.712889
202,11,2.717643
203,11,2.719124
204,11,2.708233
205,11,2.708769
206,11,2.709171
207,11,2.710229
208,11,2.698820
209,11,2.702681
210,11,2.699552
211,11,2.703145
212,11,2.702734
213,11,2.703101
214,11,2.702403
215,11,2.697692
216,11,2.705383
217,11,2.700365
218,11,2.696236
219,11,2.698602
220,11,2.696932
221,11,2.700080
222,11,2.690357
223,11,2.685503
224,11,2.679267
225,11,2.679079
226,11,2.680166
227,11,2.678524
228,11,2.671498
229,11,2.669507
230,11,2.665902
231,11,2.672383
232,11,2.664470
233,11,2.661719
234,11,2.664878
235,11,2.657857
236,11,2.653940
237,11,2.654182
238,11,2.650359
239,11,2.648334
240,11,2.629767
241,11,2.623283
242,11,2.618448
243,11,2.621067
244,11,2.614786
245,11,2.616826
246,11,2.610880
247,11,2.603537
248,11,2.596945
249,11,2.601598
250,11,2.591872
251,11,2.596995
252,11,2.585160
253,11,2.577937
254,11,2.581903
255,11,2.564999
0,12,2.666900
1,12,2.671686
2,12,2.669583
3,12,2.674918
4,12,2.680885
5,12,2.685665
6,12,2.682498
7,12,2.702960
8,12,2.683882
9,12,2.687703
10,12,2.689141
11,12,2.687586
12,12,2.694608
13,12,2.699141
14,12,2.701895
15,12,2.691850
16,12,2.711103
17,12,2.717151
18,12,2.716697
19,12,2.717479
20,12,2.719163
21,12,2.718111
22,12,2.723318
23,12,2.737292
24,12,2.721871
25,12,2.727777
26,12,2.720818
27,12,2.722524
28,12,2.722990
29,12,2.724366
30,12,2.724564
31,12,2.721773
32,12,2.732227
33,12,2.736843
34,12,2.728836
35,12,2.737019
36,12,2.740337
37,12,2.744393
38,12,2.744450
39,12,2.755131
40,12,2.739520
41,12,2.738433
42,12,2.730279
43,12,2.733553
44,12,2.724449
45,12,2.735194
46,12,2.730404
47,12,2.732564
48,12,2.739110
49,12,2.749390
50,12,2.739712
51,12,2.745927
52,12,2.748177
53,12,2.749790
54,12,2.747984
55,12,2.757628
56,12,2.744048
57,12,2.738675
58,12,2.740316
59,12,2.741854
60,12,2.739437
61,12,2.740378
62,12,2.737777
63,12,2.743856
64,12,2.748767
65,12,2.749728
66,12,2.742887
67,12,2.747207
68,12,2.752833
69,12,2.749579
70,12,2.750085
71,12,2.762056
72,12,2.751909
73,12,2.752141
74,12,2.740524
75,12,2.745539
76,12,2.741663
77,12,2.741550
78,12,2.742451
79,12,2.734456
80,12,2.745635
81,12,2.750131
82,12,2.745724
83,12,2.750050
84,12,2.745467
85,12,2.748501
86,12,2.748718
87,12,2.763135
88,12,2.740065
89,12,2.750453
90,12,2.738771
91,12,2.741276
92,12,2.740981
93,12,2.739455
94,12,2.738988
95,12,2.737282
96,12,2.746588
97,12,2.743568
98,12,2.743163
99,12,2.743824
100,12,2.739391
101,12,2.736026
102,12,2.747987
103,12,2.754852
104,12,2.735820
105,12,2.735966
106,12,2.734865
107,12,2.738679
108,12,2.738555
109,12,2.734493
110,12,2.729174
111,12,2.736498
112,12,2.743468
113,12,2.756036
114,12,2.763483
115,12,2.733490
116,12,2.730377
117,12,2.734889
118,12,2.731594
119,12,2.739769
120,12,2.732444
121,12,2.727710
122,12,2.731765
123,12,2.731878
124,12,2.728051
125,12,2.727986
126,12,2.720127
127,12,2.719884
128,12,2.729578
129,12,2.726903
130,12,2.727981
131,12,2.721278
132,12,2.712541
133,12,2.722976
134,12,2.719836
135,12,2.721650
136,12,2.702918
137,12,2.707213
138,12,2.699861
139,12,2.707835
140,12,2.708009
141,12,2.704242
142,12,2.709266
143,12,2.705322
144,12,2.732113
145,12,2.735704
146,12,2.740377
147,12,2.736090
148,12,2.739424
149,12,2.742671
150,12,2.743021
151,12,2.742228
152,12,2.737495
153,12,2.741543
154,12,2.732783
155,12,2.747050
156,12,2.735421
157,12,2.730247
158,12,2.729995
159,12,2.728493
160,12,2.732533
161,12,2.733580
162,12,2.733395
163,12,2.730413
164,12,2.730058
165,12,2.734606
166,12,2.730228
167,12,2.726895
168,12,2.733904
169,12,2.734248
170,12,2.733378
171,12,2.729693
172,12,2.725917
173,12,2.728640
174,12,2.724686
175,12,2.723379
176,12,2.723098
177,12,2.730430
178,12,2.732707
179,12,2.736003
180,12,2.731500
181,12,2.733502
182,12,2.736847
183,12,2.739780
184,12,2.733810
185,12,2.728846
186,12,2.727635
187,12,2.730178
188,12,2.723817
189,12,2.722747
190,12,2.717297
191,12,2.715595
192,12,2.717640
193,12,2.714632
194,12,2.716463
195,12,2.714876
196,12,2.716503
197,12,2.718017
198,12,2.727121
199,12,2.720227
200,12,2.713705
201,12,2.714768
202,12,2.715707
203,12,2.713366
204,12,2.710222
205,12,2.706948
206,12,2.715859
207,12,2.716193
208,12,2.693274
209,12,2.701860
210,12,2.697946
211,12,2.701591
212,12,2.698274
213,12,2.705496
214,12,2.701003
215,12,2.708878
216,12,2.704090
217,12,2.700154
218,12,2.702762
219,12,2.701342
220,12,2.693140
221,12,2.695240
222,12,2.690606
223,12,2.696207
224,12,2.676962
225,12,2.682196
226,12,2.676949
227,12,2.681793
228,12,2.676212
229,12,2.672938
230,12,2.670857
231,12,2.674852
232,12,2.673509
233,12,2.665484
234,12,2.662634
235,12,2.657968
236,12,2.654694
237,12,2.660047
238,12,2.658462
239,12,2.654524
240,12,2.629243
241,12,2.629794
242,12,2.628975
243,12,2.625899
244,12,2.624529
245,12,2.616336
246,12,2.612247
247,12,2.610003
248,12,2.615169
249,12,2.603402
250,12,2.600179
251,12,2.592774
252,12,2.587456
253,12,2.586988
254,12,2.582293
255,12,2.574548
0,13,2.666789
1,13,2.676391
2,13,2.682851
3,13,2.684164
4,13,2.681370
5,13,2.684071
6,13,2.687401
7,13,2.691560
8,13,2.681827
9,13,2.684460
10,13,2.687937
11,13,2.691212
12,13,2.695865
13,13,2.689973
14,13,2.694138
15,13,2.700451
16,13,2.714297
17,13,2.713947
18,13,2.718692
19,13,2.720462
20,13,2.723359
21,13,2.724795
22,13,2.727303
23,13,2.732276
24,13,2.725682
25,13,2.722651
26,13,2.724442
27,13,2.721127
28,13,2.722584
29,13,2.722852
30,13,2.720140
31,13,2.727855
32,13,2.743080
33,13,2.735139
34,13,2.739542
35,13,2.739071
36,13,2.731639
37,13,2.738648
38,13,2.734803
39,13,2.741595
40,13,2.729791
41,13,2.729410
42,13,2.732030
43,13,2.735262
44,13,2.729980
45,13,2.732980
46,13,2.732004
47,13,2.734137
48,13,2.748352
49,13,2.747039
50,13,2.745042
51,13,2.747372
52,13,2.749590
53,13,2.748364
54,13,2.750382
55,13,2.748440
56,13,2.738687
57,13,2.739939
58,13,2.741553
59,13,2.739213
60,13,2.745522
61,13,2.742597
62,13,2.743829
63,13,2.744962
64,13,2.753705
65,13,2.747992
66,13,2.756235
67,13,2.753151
68,13,2.746121
69,13,2.754408
70,13,2.748254
71,13,2.748417
72,13,2.741035
73,13,2.746188
74,13,2.742481
75,13,2.738683
76,13,2.739721
77,13,2.739600
78,13,2.743242
79,13,2.740171
80,13,2.747381
81,13,2.746921
82,13,2.747461
83,13,2.754533
84,13,2.754904
85,13,2.750243
86,13,2.746592
87,13,2.749463
88,13,2.741790
89,13,2.740633
90,13,2.740496
91,13,2.743017
92,13,2.738857
93,13,2.741200
94,13,2.736869
95,13,2.735180
96,13,2.744701
97,13,2.748244
98,13,2.748972
99,13,2.749613
100,13,2.749044
101,13,2.745662
102,13,2.742195
103,13,2.737513
104,13,2.737729
105,13,2.734008
106,13,2.736772
107,13,2.740586
108,13,2.740463
109,13,2.731408
110,13,2.731114
111,13,2.738369
112,13,2.741659
113,13,2.742655
114,13,2.746265
115,13,2.735510
116,13,2.736238
117,13,2.729172
118,13,2.733575
119,13,2.734037
120,13,2.730557
121,13,2.729694
122,13,2.733745
123,13,2.730002
124,13,2.733877
125,13,2.733812
126,13,2.733660
127,13,2.714155
128,13,2.720054
129,13,2.717366
130,13,2.718429
131,13,2.723264
132,13,2.724155
133,13,2.721103
134,13,2.717961
135,13,2.723588
136,13,2.716415
137,13,2.720711
138,13,2.713361
139,13,2.702070
140,13,2.706102
141,13,2.706192
142,13,2.703488
143,13,2.707258
144,13,2.734074
145,13,2.733779
146,13,2.741139
147,13,2.741848
148,13,2.741332
149,13,2.740730
150,13,2.745032
151,13,2.744259
152,13,2.739547
153,13,2.743587
154,13,2.734849
155,13,2.737580
156,13,2.733651
157,13,2.732353
158,13,2.730966
159,13,2.734473
160,13,2.734358
161,13,2.731537
162,13,2.731369
163,13,2.728374
164,13,2.731889
165,13,2.728720
166,13,2.735918
167,13,2.736428
168,13,2.731897
169,13,2.732233
170,13,2.731384
171,13,2.727692
172,13,2.730522
173,13,2.730507
174,13,2.725458
175,13,2.721412
176,13,2.725214
177,13,2.727621
178,13,2.731023
179,13,2.734333
180,13,2.728764
181,13,2.735742
182,13,2.731066
183,13,2.740631
184,13,2.731914
185,13,2.735028
186,13,2.725058
187,13,2.731477
188,13,2.722384
189,13,2.720895
190,13,2.719755
191,13,2.720862
192,13,2.719082
193,13,2.717196
194,13,2.719055
195,13,2.717487
196,13,2.718080
197,13,2.719627
198,13,2.717206
199,13,2.715279
200,13,2.716498
201,13,2.717597
202,13,2.714722
203,13,2.715199
204,13,2.712096
205,13,2.708865
206,13,2.713956
207,13,2.714335
208,13,2.695316
209,13,2.700086
210,13,2.700074
211,13,2.696064
212,13,2.700494
213,13,2.703917
214,13,2.704262
215,13,2.707400
216,13,2.702672
217,13,2.706490
218,13,2.705309
219,13,2.701161
220,13,2.699659
221,13,2.699090
222,13,2.693399
223,13,2.696396
224,13,2.676013
225,13,2.682561
226,13,2.683850
227,13,2.678520
228,13,2.679414
229,13,2.673747
230,13,2.678077
231,13,2.675905
232,13,2.669321
233,13,2.670624
234,13,2.662486
235,13,2.667239
236,13,2.654747
237,13,2.662924
238,13,2.656585
239,13,2.658721
240,13,2.631548
241,13,2.634972
242,13,2.628532
243,13,2.628697
244,13,2.621611
245,13,2.623955
246,13,2.622176
247,13,2.617396
248,13,2.612785
249,13,2.606232
250,13,2.608214
251,13,2.606262
252,13,2.598676
253,13,2.590740
254,13,2.580892
255,13,2.583699
0,14,2.664833
1,14,2.674257
2,14,2.675708
3,14,2.678859
4,14,2.682573
5,14,2.683233
6,14,2.683660
7,14,2.693330
8,14,2.684540
9,14,2.684274
10,14,2.689286
11,14,2.696286
12,14,2.694369
13,14,2.698649
14,14,2.697353
15,14,2.703588
16,14,2.718754
17,14,2.715904
18,14,2.719086
19,14,2.716904
20,14,2.722275
21,14,2.728729
22,14,2.726076
23,14,2.731150
24,14,2.720490
25,14,2.722366
26,14,2.719124
27,14,2.723462
28,14,2.721001
29,14,2.721220
30,14,2.726151
31,14,2.722262
32,14,2.733599
33,14,2.737172
34,14,2.737668
35,14,2.737156
36,14,2.733525
37,14,2.737456
38,14,2.744309
39,14,2.747983
40,14,2.727656
41,14,2.731084
42,14,2.725967
43,14,2.733010
44,14,2.728368
45,14,2.730658
46,14,2.729644
47,14,2.736216
48,14,2.742077
49,14,2.749443
50,14,2.743571
51,14,2.745869
52,14,2.744204
53,14,2.750136
54,14,2.747764
55,14,2.757353
56,14,2.743719
57,14,2.741099
58,14,2.739854
59,14,2.741344
60,14,2.742734
61,14,2.739793
62,14,2.741003
63,14,2.739287
64,14,2.751864
65,14,2.752469
66,14,2.745607
67,14,2.751242
68,14,2.755755
69,14,2.748617
70,14,2.752700
71,14,2.750286
72,14,2.746745
73,14,2.746966
74,14,2.744290
75,14,2.744335
76,14,2.744130
77,14,2.745062
78,14,2.737153
79,14,2.744565
80,14,2.752949
81,14,2.752483
82,14,2.747213
83,14,2.748501
84,14,2.756496
85,14,2.755699
86,14,2.747108
87,14,2.747210
88,14,2.734593
89,14,2.734527
90,14,2.737147
91,14,2.736912
92,14,2.739356
93,14,2.735099
94,14,2.734609
95,14,2.732938
96,14,2.746524
97,14,2.750075
98,14,2.746931
99,14,2.743701
100,14,2.743141
101,14,2.747448
102,14,2.746715
103,14,2.750852
104,14,2.739495
105,14,2.743464
106,14,2.738536
107,14,2.738484
108,14,2.738347
109,14,2.737014
110,14,2.729002
111,14,2.736310
112,14,2.743558
113,14,2.752230
114,14,2.744298
115,14,2.741238
116,14,2.726544
117,14,2.731026
118,14,2.731559
119,14,2.732013
120,14,2.736227
121,14,2.731535
122,14,2.727873
123,14,2.731834
124,14,2.731855
125,14,2.731790
126,14,2.716226
127,14,2.712135
128,14,2.721944
129,14,2.723094
130,14,2.724160
131,14,2.721267
132,14,2.718301
133,14,2.719098
134,14,2.715942
135,14,2.717686
136,14,2.718210
137,14,2.718655
138,14,2.707448
139,14,2.703867
140,14,2.704050
141,14,2.707999
142,14,2.701419
143,14,2.705198
144,14,2.728156
145,14,2.735613
146,14,2.735284
147,14,2.739835
148,14,2.739336
149,14,2.742606
150,14,2.746898
151,14,2.742292
152,14,2.749158
153,14,2.732821
154,14,2.736769
155,14,2.735669
156,14,2.739440
157,14,2.734313
158,14,2.729097
159,14,2.732601
160,14,2.736040
161,14,2.733207
162,14,2.733053
163,14,2.732815
164,14,2.729725
165,14,2.733171
166,14,2.733761
167,14,2.733186
168,14,2.729750
169,14,2.732858
170,14,2.729248
171,14,2.729402
172,14,2.732427
173,14,2.732420
174,14,2.731261
175,14,2.734931
176,14,2.725891
177,14,2.721677
178,14,2.732783
179,14,2.731182
180,14,2.734689
181,14,2.730124
182,14,2.735971
183,14,2.738926
184,14,2.737932
185,14,2.731940
186,14,2.727282
187,14,2.729868
188,14,2.728502
189,14,2.722138
190,14,2.724426
191,14,2.727070
192,14,2.717609
193,14,2.718560
194,14,2.720448
195,14,2.718902
196,14,2.720591
197,14,2.718316
198,14,2.718741
199,14,2.720691
200,14,2.718093
201,14,2.719229
202,14,2.717047
203,14,2.714108
204,14,2.711046
205,14,2.715562
206,14,2.712978
207,14,2.708511
208,14,2.698019
209,14,2.702048
210,14,2.698233
211,14,2.698970
212,14,2.702596
213,14,2.694515
214,14,2.706460
215,14,2.701950
216,14,2.705950
217,14,2.701146
218,14,2.704895
219,14,2.699782
220,14,2.706053
221,14,2.701685
222,14,2.699918
223,14,2.695266
224,14,2.682641
225,14,2.685397
226,14,2.679061
227,14,2.681502
228,14,2.678629
229,14,2.680738
230,14,2.674983
231,14,2.675356
232,14,2.673092
233,14,2.670229
234,14,2.667582
235,14,2.667034
236,14,2.660126
237,14,2.656876
238,14,2.659431
239,14,2.660663
240,14,2.627989
241,14,2.631518
242,14,2.630966
243,14,2.628230
244,14,2.628241
245,14,2.630759
246,14,2.623196
247,14,2.621271
248,14,2.620170
249,14,2.611521
250,14,2.608657
251,14,2.609329
252,14,2.599236
253,14,2.592811
254,14,2.592388
255,14,2.583888
0,15,2.669336
1,15,2.676815
2,15,2.673225
3,15,2.681962
4,15,2.686602
5,15,2.688980
6,15,2.695956
7,15,2.699870
8,15,2.697551
9,15,2.685592
10,15,2.696551
11,15,2.696319
12,15,2.699155
13,15,2.705662
14,15,2.701878
15,15,2.704150
16,15,2.716822
17,15,2.720106
18,15,2.714156
19,15,2.715759
20,15,2.730013
21,15,2.727440
22,15,2.728773
23,15,2.733601
24,15,2.722884
25,15,2.724688
26,15,2.721393
27,15,2.722866
28,15,2.723154
29,15,2.728164
30,15,2.716637
31,15,2.729050
32,15,2.736542
33,15,2.736130
34,15,2.731828
35,15,2.728268
36,15,2.735301
37,15,2.735329
38,15,2.738293
39,15,2.738068
40,15,2.736972
41,15,2.728798
42,15,2.732052
43,15,2.730651
44,15,2.730804
45,15,2.733068
46,15,2.732017
47,15,2.734701
48,15,2.752095
49,15,2.746862
50,15,2.749221
51,15,2.743232
52,15,2.747315
53,15,2.743585
54,15,2.745046
55,15,2.747892
56,15,2.753497
57,15,2.743155
58,15,2.744721
59,15,2.738480
60,15,2.739459
61,15,2.741743
62,15,2.742932
63,15,2.740173
64,15,2.752402
65,15,2.746620
66,15,2.747448
67,15,2.748182
68,15,2.752409
69,15,2.753986
70,15,2.746758
71,15,2.750997
72,15,2.752311
73,15,2.744617
74,15,2.748605
75,15,2.745821
76,15,2.738077
77,15,2.741802
78,15,2.738764
79,15,2.738348
80,15,2.754419
81,15,2.753961
82,15,2.743784
83,15,2.742265
84,15,2.749254
85,15,2.749495
86,15,2.752459
87,15,2.748674
88,15,2.751480
89,15,2.743695
90,15,2.738623
91,15,2.738376
92,15,2.740835
93,15,2.740419
94,15,2.738849
95,15,2.738263
96,15,2.744354
97,15,2.747913
98,15,2.748602
99,15,2.744283
100,15,2.752509
101,15,2.749093
102,15,2.748371
103,15,2.744787
104,15,2.744973
105,15,2.736289
106,15,2.734381
107,15,2.736241
108,15,2.739944
109,15,2.734773
110,15,2.734455
111,15,2.737935
112,15,2.749169
113,15,2.750122
114,15,2.746043
115,15,2.746825
116,15,2.735973
117,15,2.732730
118,15,2.729402
119,15,2.737548
120,15,2.725259
121,15,2.721677
122,15,2.725717
123,15,2.725821
124,15,2.725839
125,15,2.721921
126,15,2.717917
127,15,2.721534
128,15,2.719840
129,15,2.717124
130,15,2.725880
131,15,2.722983
132,15,2.719998
133,15,2.720793
134,15,2.717635
135,15,2.718245
136,15,2.723726
137,15,2.720312
138,15,2.709107
139,15,2.709377
140,15,2.701860
141,15,2.705813
142,15,2.706918
143,15,2.702998
144,15,2.733669
145,15,2.733453
146,15,2.736993
147,15,2.737680
148,15,2.744905
149,15,2.748192
150,15,2.743689
151,15,2.747889
152,15,2.743216
153,15,2.738458
154,15,2.734693
155,15,2.737469
156,15,2.736304
157,15,2.736130
158,15,2.734791
159,15,2.730586
160,15,2.729878
161,15,2.729823
162,15,2.734600
163,15,2.734377
164,15,2.735129
165,15,2.734739
166,15,2.735320
167,15,2.734762
168,15,2.731318
169,15,2.734572
170,15,2.734822
171,15,2.733941
172,15,2.726313
173,15,2.732966
174,15,2.725163
175,15,2.732682
176,15,2.731371
177,15,2.727394
178,15,2.733627
179,15,2.729246
180,15,2.740185
181,15,2.734591
182,15,2.733788
183,15,2.737072
184,15,2.731218
185,15,2.730149
186,15,2.732837
187,15,2.730551
188,15,2.725744
189,15,2.728155
190,15,2.722760
191,15,2.720097
192,15,2.722673
193,15,2.720841
194,15,2.718904
195,15,2.719695
196,15,2.725785
197,15,2.715837
198,15,2.721188
199,15,2.719308
200,15,2.716744
201,15,2.716901
202,15,2.714746
203,15,2.711846
204,15,2.712676
205,15,2.706378
206,15,2.714681
207,15,2.711297
208,15,2.700839
209,15,2.701062
210,15,2.697294
211,15,2.701922
212,15,2.704583
213,15,2.697431
214,15,2.704689
215,15,2.700235
216,15,2.700427
217,15,2.695682
218,15,2.707185
219,15,2.698283
220,15,2.705672
221,15,2.700304
222,15,2.695863
223,15,2.695036
224,15,2.674898
225,15,2.684253
226,15,2.683077
227,15,2.680501
228,15,2.679007
229,15,2.676037
230,15,2.678058
231,15,2.674671
232,15,2.672483
233,15,2.673978
234,15,2.667130
235,15,2.672090
236,15,2.659865
237,15,2.666337
238,15,2.657201
239,15,2.659627
240,15,2.637607
241,15,2.633579
242,15,2.635172
243,15,2.630641
244,15,2.625869
245,15,2.631460
246,15,2.626134
247,15,2.624393
248,15,2.616327
249,15,2.617816
250,15,2.612391
251,15,2.610885
252,15,2.603676
253,15,2.599985
254,15,2.600905
255,15,2.589968
0,16,2.713266
1,16,2.706983
2,16,2.712002
3,16,2.726373
4,16,2.722161
5,16,2.722565
6,16,2.722744
7,16,2.724412
8,16,2.731829
9,16,2.734210
10,16,2.727395
11,16,2.734186
12,16,2.736939
13,16,2.744825
14,16,2.738513
15,16,2.744564
16,16,2.747951
17,16,2.753646
18,16,2.755334
19,16,2.754272
20,16,2.759486
21,16,2.760931
22,16,2.761983
23,16,2.762901
24,16,2.760938
25,16,2.765422
26,16,2.763123
27,16,2.767335
28,16,2.768570
29,16,2.772522
30,16,2.772507
31,16,2.769452
32,16,2.776900
33,16,2.781266
34,16,2.776925
35,16,2.781019
36,16,2.784161
37,16,2.780288
38,16,2.776277
39,16,2.779093
40,16,2.786396
41,16,2.777453
42,16,2.784519
43,16,2.779236
44,16,2.782221
45,16,2.784456
46,16,2.783369
47,16,2.789869
48,16,2.787975
49,16,2.798119
50,16,2.788887
51,16,2.786728
52,16,2.797526
53,16,2.795204
54,16,2.789431
55,16,2.791259
56,16,2.792542
57,16,2.798036
58,16,2.792843
59,16,2.794286
60,16,2.791398
61,16,2.792662
62,16,2.786123
63,16,2.787839
64,16,2.796540
65,16,2.797442
66,16,2.794398
67,16,2.795822
68,16,2.792612
69,16,2.793163
70,16,2.794614
71,16,2.794767
72,16,2.791213
73,16,2.792418
74,16,2.796396
75,16,2.800285
76,16,2.797230
77,16,2.797108
78,16,2.793046
79,16,2.793757
80,16,2.793376
81,16,2.793836
82,16,2.789446
83,16,2.801396
84,16,2.796836
85,16,2.793209
86,16,2.788478
87,16,2.799071
88,16,2.799048
89,16,2.798965
90,16,2.793905
91,16,2.797499
92,16,2.796119
93,16,2.795692
94,16,2.794137
95,16,2.789688
96,16,2.794944
97,16,2.795700
98,16,2.796371
99,16,2.799765
100,16,2.792564
101,16,2.792919
102,16,2.796074
103,16,2.796341
104,16,2.792673
105,16,2.791721
106,16,2.791738
107,16,2.791673
108,16,2.787672
109,16,2.790233
110,16,2.789917
111,16,2.793363
112,16,2.797023
113,16,2.800734
114,16,2.797738
115,16,2.786950
116,16,2.787636
117,16,2.788237
118,16,2.784902
119,16,2.785335
120,16,2.780766
121,16,2.788738
122,16,2.781216
123,16,2.785169
124,16,2.785185
125,16,2.781266
126,16,2.769557
127,16,2.780882
128,16,2.783095
129,16,2.776513
130,16,2.773697
131,16,2.774647
132,16,2.771659
133,16,2.760879
134,16,2.761572
135,16,2.758328
136,16,2.759921
137,16,2.760361
138,16,2.768422
139,16,2.768694
140,16,2.765030
141,16,2.768989
142,16,2.769011
143,16,2.770013
144,16,2.792987
145,16,2.792756
146,16,2.796298
147,16,2.785403
148,16,2.788778
149,16,2.792069
150,16,2.791423
151,16,2.791748
152,16,2.787080
153,16,2.793886
154,16,2.793954
155,16,2.800774
156,16,2.780367
157,16,2.780190
158,16,2.778873
159,16,2.777468
160,16,2.796785
161,16,2.796744
162,16,2.797657
163,16,2.793597
164,16,2.786633
165,16,2.790113
166,16,2.790684
167,16,2.790240
168,16,2.785777
169,16,2.789961
170,16,2.790205
171,16,2.789343
172,16,2.774004
173,16,2.776825
174,16,2.776724
175,16,2.771875
176,16,2.798583
177,16,2.781810
178,16,2.785224
179,16,2.788548
180,16,2.779494
181,16,2.786505
182,16,2.781866
183,16,2.787689
184,16,2.782866
185,16,2.782151
186,16,2.791564
187,16,2.790324
188,16,2.765870
189,16,2.771555
190,16,2.770038
191,16,2.768420
192,16,2.785964
193,16,2.787476
194,16,2.781715
195,16,2.787406
196,16,2.778105
197,16,2.783598
198,16,2.787988
199,16,2.777848
200,16,2.783603
201,16,2.780958
202,16,2.783975
203,16,2.783673
204,16,2.764286
205,16,2.761870
206,16,2.762510
207,16,2.755316
208,16,2.764156
209,16,2.772130
210,16,2.764557
211,16,2.769222
212,16,2.765244
213,16,2.769690
214,16,2.765444
215,16,2.765808
216,16,2.761282
217,16,2.765260
218,16,2.764294
219,16,2.763161
220,16,2.751337
221,16,2.742183
222,16,2.745502
223,16,2.743722
224,16,2.742905
225,16,2.736924
226,16,2.739662
227,16,2.742259
228,16,2.747294
229,16,2.738011
230,16,2.738795
231,16,2.740728
232,16,2.737237
233,16,2.738809
234,16,2.736357
235,16,2.733227
236,16,2.718823
237,16,2.714184
238,16,2.710918
239,16,2.711304
240,16,2.702041
241,16,2.705817
242,16,2.702705
243,16,2.700301
244,16,2.703347
245,16,2.698443
246,16,2.698948
247,16,2.698384
248,16,2.692643
249,16,2.688251
250,16,2.689582
251,16,2.682902
252,16,2.665422
253,16,2.659467
254,16,2.651738
255,16,2.643653
0,17,2.705894
1,17,2.713017
2,17,2.721724
3,17,2.715735
4,17,2.722041
5,17,2.727962
6,17,2.727999
7,17,2.730713
8,17,2.730334
9,17,2.735202
10,17,2.734390
11,17,2.737245
12,17,2.737538
13,17,2.739047
14,17,2.741339
15,17,2.744830
16,17,2.754466
17,17,2.760093
18,17,2.759128
19,17,2.760571
20,17,2.760926
21,17,2.763259
22,17,2.760401
23,17,2.766230
24,17,2.763082
25,17,2.768572
26,17,2.765148
27,17,2.769310
28,17,2.770483
29,17,2.770535
30,17,2.771408
31,17,2.775069
32,17,2.779507
33,17,2.779082
34,17,2.779393
35,17,2.780670
36,17,2.778792
37,17,2.781781
38,17,2.781577
39,17,2.780507
40,17,2.780060
41,17,2.786497
42,17,2.789669
43,17,2.792062
44,17,2.783450
45,17,2.786277
46,17,2.788386
47,17,2.787146
48,17,2.789079
49,17,2.788574
50,17,2.794722
51,17,2.796395
52,17,2.794640
53,17,2.796149
54,17,2.786495
55,17,2.792149
56,17,2.790509
57,17,2.788273
58,17,2.793643
59,17,2.790821
60,17,2.784453
61,17,2.794354
62,17,2.787452
63,17,2.784668
64,17,2.793349
65,17,2.794890
66,17,2.799550
67,17,2.796413
68,17,2.794149
69,17,2.790589
70,17,2.787199
71,17,2.788540
72,17,2.784974
73,17,2.784984
74,17,2.786083
75,17,2.797682
76,17,2.793782
77,17,2.794628
78,17,2.790437
79,17,2.798836
80,17,2.790756
81,17,2.798002
82,17,2.794594
83,17,2.797762
84,17,2.790350
85,17,2.801123
86,17,2.789693
87,17,2.796444
88,17,2.792554
89,17,2.791429
90,17,2.798972
91,17,2.789983
92,17,2.797334
93,17,2.796895
94,17,2.791502
95,17,2.794748
96,17,2.796383
97,17,2.797120
98,17,2.801523
99,17,2.797234
100,17,2.793881
101,17,2.798152
102,17,2.797463
103,17,2.797715
104,17,2.794031
105,17,2.796943
106,17,2.793094
107,17,2.793016
108,17,2.791821
109,17,2.791577
110,17,2.787396
111,17,2.790868
112,17,2.794641
113,17,2.794529
114,17,2.795359
115,17,2.796119
116,17,2.785237
117,17,2.789673
118,17,2.786330
119,17,2.786756
120,17,2.782202
121,17,2.782464
122,17,2.782643
123,17,2.782739
124,17,2.775048
125,17,2.774980
126,17,2.778685
127,17,2.774601
128,17,2.776868
129,17,2.777979
130,17,2.775147
131,17,2.772240
132,17,2.769247
133,17,2.758451
134,17,2.759143
135,17,2.763603
136,17,2.761309
137,17,2.765603
138,17,2.773666
139,17,2.770084
140,17,2.770277
141,17,2.774240
142,17,2.770415
143,17,2.767544
144,17,2.798233
145,17,2.798032
146,17,2.790031
147,17,2.789653
148,17,2.786371
149,17,2.789679
150,17,2.781346
151,17,2.781664
152,17,2.784721
153,17,2.795400
154,17,2.799315
155,17,2.798266
156,17,2.781719
157,17,2.785376
158,17,2.780439
159,17,2.779057
160,17,2.794211
161,17,2.798037
162,17,2.795086
163,17,2.791041
164,17,2.786913
165,17,2.791416
166,17,2.787202
167,17,2.795402
168,17,2.787104
169,17,2.802839
170,17,2.794375
171,17,2.794529
172,17,2.770485
173,17,2.778348
174,17,2.773413
175,17,2.769384
176,17,2.792237
177,17,2.787045
178,17,2.790702
179,17,2.785350
180,17,2.780894
181,17,2.780201
182,17,2.778435
183,17,2.774023
184,17,2.776922
185,17,2.786456
186,17,2.785317
187,17,2.784456
188,17,2.770607
189,17,2.765343
190,17,2.767685
191,17,2.769391
192,17,2.783109
193,17,2.789020
194,17,2.779901
195,17,2.780795
196,17,2.782557
197,17,2.780893
198,17,2.774749
199,17,2.776200
200,17,2.773304
201,17,2.782253
202,17,2.779527
203,17,2.788884
204,17,2.758970
205,17,2.764289
206,17,2.761117
207,17,2.764554
208,17,2.769573
209,17,2.769888
210,17,2.763145
211,17,2.763210
212,17,2.766987
213,17,2.767619
214,17,2.767278
215,17,2.763832
216,17,2.763214
217,17,2.771089
218,17,2.766329
219,17,2.766252
220,17,2.749630
221,17,2.741589
222,17,2.747765
223,17,2.743305
224,17,2.745294
225,17,2.740548
226,17,2.742184
227,17,2.740989
228,17,2.738400
229,17,2.740741
230,17,2.735225
231,17,2.735909
232,17,2.733901
233,17,2.745716
234,17,2.739488
235,17,2.735437
236,17,2.718263
237,17,2.723021
238,17,2.718261
239,17,2.718739
240,17,2.707455
241,17,2.709617
242,17,2.709422
243,17,2.702314
244,17,2.707468
245,17,2.706531
246,17,2.697639
247,17,2.697981
248,17,2.692363
249,17,2.702918
250,17,2.689034
251,17,2.687953
252,17,2.661842
253,17,2.659577
254,17,2.655931
255,17,2.649343
0,18,2.722520
1,18,2.715955
2,18,2.720701
3,18,2.725209
4,18,2.727420
5,18,2.734335
6,18,2.730424
7,18,2.739514
8,18,2.735151
9,18,2.738298
10,18,2.741254
11,18,2.740730
12,18,2.739436
13,18,2.737969
14,18,2.741566
15,18,2.739734
16,18,2.757007
17,18,2.759992
18,18,2.761519
19,18,2.758122
20,18,2.764399
21,18,2.765471
22,18,2.767535
23,18,2.772167
24,18,2.765112
25,18,2.762830
26,18,2.770914
27,18,2.768313
28,18,2.768433
29,18,2.768440
30,18,2.769255
31,18,2.769020
32,18,2.781110
33,18,2.784497
34,18,2.784757
35,18,2.784070
36,18,2.787923
37,18,2.787024
38,18,2.786774
39,18,2.789524
40,18,2.792887
41,18,2.791587
42,18,2.790866
43,18,2.785524
44,18,2.780727
45,18,2.787370
46,18,2.790372
47,18,2.785245
48,18,2.791008
49,18,2.789529
50,18,2.795122
51,18,2.797297
52,18,2.795511
53,18,2.794071
54,18,2.792096
55,18,2.797281
56,18,2.787414
57,18,2.792858
58,18,2.791029
59,18,2.788589
60,18,2.786053
61,18,2.786921
62,18,2.792849
63,18,2.786193
64,18,2.802253
65,18,2.799280
66,18,2.804860
67,18,2.797854
68,18,2.794359
69,18,2.799690
70,18,2.792433
71,18,2.796434
72,18,2.789962
73,18,2.794017
74,18,2.794131
75,18,2.787248
76,18,2.791059
77,18,2.794782
78,18,2.791674
79,18,2.787523
80,18,2.799570
81,18,2.806822
82,18,2.803398
83,18,2.798924
84,18,2.791444
85,18,2.798374
86,18,2.798488
87,18,2.801396
88,18,2.797493
89,18,2.796379
90,18,2.800059
91,18,2.791083
92,18,2.790716
93,18,2.789274
94,18,2.788740
95,18,2.788123
96,18,2.801545
97,18,2.802149
98,18,2.797950
99,18,2.798517
100,18,2.799000
101,18,2.798403
102,18,2.798722
103,18,2.795106
104,18,2.794258
105,18,2.794331
106,18,2.786623
107,18,2.786544
108,18,2.789229
109,18,2.792839
110,18,2.784807
111,18,2.788244
112,18,2.792145
113,18,2.795884
114,18,2.792850
115,18,2.797453
116,18,2.786551
117,18,2.783273
118,18,2.779923
119,18,2.779321
120,18,2.779655
121,18,2.783766
122,18,2.783939
123,18,2.787886
124,18,2.784046
125,18,2.780126
126,18,2.776124
127,18,2.779748
128,18,2.778213
129,18,2.779312
130,18,2.772630
131,18,2.769702
132,18,2.770544
133,18,2.767464
134,18,2.764290
135,18,2.764896
136,18,2.769264
137,18,2.763010
138,18,2.774928
139,18,2.771348
140,18,2.767689
141,18,2.771657
142,18,2.771690
143,18,2.772653
144,18,2.791791
145,18,2.795430
146,18,2.791284
147,18,2.790908
148,18,2.787604
149,18,2.790916
150,18,2.786549
151,18,2.789708
152,18,2.789936
153,18,2.792928
154,18,2.784278
155,18,2.788104
156,18,2.786990
157,18,2.789642
158,18,2.781652
159,18,2.784367
160,18,2.799215
161,18,2.791496
162,18,2.791401
163,18,2.792210
164,18,2.784245
165,18,2.792592
166,18,2.788391
167,18,2.788878
168,18,2.788303
169,18,2.792474
170,18,2.787880
171,18,2.791882
172,18,2.783426
173,18,2.787271
174,18,2.770799
175,18,2.778325
176,18,2.788863
177,18,2.788525
178,18,2.787136
179,18,2.790476
180,18,2.782168
181,18,2.788503
182,18,2.783884
183,18,2.779172
184,18,2.777266
185,18,2.788122
186,18,2.783149
187,18,2.780981
188,18,2.776203
189,18,2.778666
190,18,2.764669
191,18,2.770790
192,18,2.781109
193,18,2.787045
194,18,2.780371
195,18,2.782744
196,18,2.776828
197,18,2.778511
198,18,2.775830
199,18,2.769608
200,18,2.778686
201,18,2.784395
202,18,2.773998
203,18,2.774730
204,18,2.775676
205,18,2.776500
206,18,2.758629
207,18,2.763078
208,18,2.768129
209,18,2.768487
210,18,2.764684
211,18,2.768649
212,18,2.760917
213,18,2.769293
214,18,2.765151
215,18,2.773303
216,18,2.765035
217,18,2.765249
218,18,2.756694
219,18,2.760516
220,18,2.759367
221,18,2.759082
222,18,2.746060
223,18,2.749358
224,18,2.747564
225,18,2.750580
226,18,2.740732
227,18,2.739598
228,18,2.742177
229,18,2.739494
230,18,2.741750
231,18,2.734816
232,18,2.740584
233,18,2.742338
234,18,2.730929
235,18,2.732312
236,18,2.724295
237,18,2.730116
238,18,2.715507
239,18,2.714475
240,18,2.710991
241,18,2.715006
242,18,2.705473
243,18,2.712862
244,18,2.708465
245,18,2.699055
246,18,2.697984
247,18,2.696660
248,18,2.691222
249,18,2.691069
250,18,2.681169
251,18,2.683555
252,18,2.674574
253,18,2.671408
254,18,2.656354
255,18,2.652518
0,19,2.714844
1,19,2.719724
2,19,2.726216
3,19,2.721937
4,19,2.726068
5,19,2.729980
6,19,2.739202
7,19,2.738802
8,19,2.738203
9,19,2.740346
10,19,2.740876
11,19,2.739681
12,19,2.742162
13,19,2.742014
14,19,2.736420
15,19,2.742223
16,19,2.764572
17,19,2.766182
18,19,2.759034
19,19,2.757699
20,19,2.754997
21,19,2.759864
22,19,2.769561
23,19,2.770286
24,19,2.768086
25,19,2.768536
26,19,2.768865
27,19,2.773908
28,19,2.770129
29,19,2.767167
30,19,2.770850
31,19,2.771454
32,19,2.774903
33,19,2.778250
34,19,2.786166
35,19,2.785442
36,19,2.789248
37,19,2.788313
38,19,2.784166
39,19,2.790735
40,19,2.786351
41,19,2.785020
42,19,2.788113
43,19,2.783639
44,19,2.782658
45,19,2.784812
46,19,2.787471
47,19,2.782310
48,19,2.795754
49,19,2.798095
50,19,2.795960
51,19,2.787447
52,19,2.792856
53,19,2.790956
54,19,2.792806
55,19,2.790267
56,19,2.788984
57,19,2.786699
58,19,2.783927
59,19,2.785317
60,19,2.787159
61,19,2.792228
62,19,2.797203
63,19,2.790209
64,19,2.803634
65,19,2.796791
66,19,2.801141
67,19,2.798903
68,19,2.795660
69,19,2.792328
70,19,2.793463
71,19,2.797677
72,19,2.794098
73,19,2.795033
74,19,2.787445
75,19,2.795181
76,19,2.792206
77,19,2.795794
78,19,2.800373
79,19,2.800081
80,19,2.791997
81,19,2.796256
82,19,2.791872
83,19,2.796055
84,19,2.795356
85,19,2.795502
86,19,2.794649
87,19,2.794667
88,19,2.793646
89,19,2.797353
90,19,2.797169
91,19,2.792058
92,19,2.795533
93,19,2.794104
94,19,2.793560
95,19,2.791958
96,19,2.798749
97,19,2.803316
98,19,2.799124
99,19,2.799673
100,19,2.800140
101,19,2.795699
102,19,2.796002
103,19,2.792340
104,19,2.795368
105,19,2.791587
106,19,2.791577
107,19,2.795339
108,19,2.790330
109,19,2.793927
110,19,2.785884
111,19,2.789356
112,19,2.800074
113,19,2.793259
114,19,2.794068
115,19,2.794796
116,19,2.795444
117,19,2.788306
118,19,2.788793
119,19,2.792064
120,19,2.792398
121,19,2.792647
122,19,2.785111
123,19,2.781348
124,19,2.785212
125,19,2.785144
126,19,2.777291
127,19,2.777064
128,19,2.787139
129,19,2.784374
130,19,2.773823
131,19,2.770890
132,19,2.767876
133,19,2.772487
134,19,2.765458
135,19,2.762201
136,19,2.774284
137,19,2.768004
138,19,2.768359
139,19,2.780193
140,19,2.776537
141,19,2.776654
142,19,2.776692
143,19,2.772798
144,19,2.789075
145,19,2.792745
146,19,2.784761
147,19,2.788254
148,19,2.788794
149,19,2.788271
150,19,2.783811
151,19,2.790828
152,19,2.787183
153,19,2.794182
154,19,2.793257
155,19,2.789373
156,19,2.780574
157,19,2.779395
158,19,2.782961
159,19,2.781611
160,19,2.783863
161,19,2.792536
162,19,2.788602
163,19,2.797108
164,19,2.789158
165,19,2.789790
166,19,2.789456
167,19,2.785128
168,19,2.789378
169,19,2.792590
170,19,2.788967
171,19,2.784449
172,19,2.778745
173,19,2.783566
174,19,2.775766
175,19,2.770980
176,19,2.786140
177,19,2.789653
178,19,2.784433
179,19,2.784168
180,19,2.782642
181,19,2.778114
182,19,2.777349
183,19,2.787421
184,19,2.778785
185,19,2.781615
186,19,2.787620
187,19,2.782574
188,19,2.777433
189,19,2.771267
190,19,2.770196
191,19,2.768635
192,19,2.777604
193,19,2.772447
194,19,2.774455
195,19,2.776360
196,19,2.770033
197,19,2.779452
198,19,2.773888
199,19,2.775403
200,19,2.775882
201,19,2.777764
202,19,2.778961
203,19,2.776190
204,19,2.762386
205,19,2.770029
206,19,2.759893
207,19,2.764383
208,19,2.769466
209,19,2.766016
210,19,2.766286
211,19,2.771058
212,19,2.763374
213,19,2.767007
214,19,2.770622
215,19,2.767257
216,19,2.766748
217,19,2.770857
218,19,2.766213
219,19,2.766228
220,19,2.749729
221,19,2.749492
222,19,2.748093
223,19,2.743738
224,19,2.746964
225,19,2.745085
226,19,2.740319
227,19,2.738088
228,19,2.740728
229,19,2.741978
230,19,2.736594
231,19,2.742618
232,19,2.735584
233,19,2.737410
234,19,2.741506
235,19,2.735260
236,19,2.721135
237,19,2.724561
238,19,2.718701
239,19,2.723251
240,19,2.706682
241,19,2.706939
242,19,2.710838
243,19,2.701166
244,19,2.704580
245,19,2.700056
246,19,2.697196
247,19,2.693119
248,19,2.695507
249,19,2.693776
250,19,2.697299
251,19,2.687242
252,19,2.669181
253,19,2.667226
254,19,2.661513
255,19,2.657835
0,20,2.718581
1,20,2.724315
2,20,2.728800
3,20,2.729202
4,20,2.733233
5,20,2.742590
6,20,2.738449
7,20,2.740911
8,20,2.736375
9,20,2.740877
10,20,2.743634
11,20,2.742360
12,20,2.738469
13,20,2.736819
14,20,2.742712
15,20,2.742045
16,20,2.758265
17,20,2.759812
18,20,2.766276
19,20,2.763654
20,20,2.757040
21,20,2.770677
22,20,2.767624
23,20,2.768295
24,20,2.769882
25,20,2.770281
26,20,2.771550
27,20,2.763986
28,20,2.764014
29,20,2.772553
30,20,2.764635
31,20,2.765185
32,20,2.780153
33,20,2.787314
34,20,2.783622
35,20,2.786713
36,20,2.786620
37,20,2.785651
38,20,2.796871
39,20,2.795702
40,20,2.788300
41,20,2.790792
42,20,2.786140
43,20,2.780742
44,20,2.783577
45,20,2.781851
46,20,2.780622
47,20,2.778723
48,20,2.797432
49,20,2.799743
50,20,2.797587
51,20,2.795849
52,20,2.789679
53,20,2.799309
54,20,2.790012
55,20,2.787900
56,20,2.789541
57,20,2.790685
58,20,2.793034
59,20,2.790180
60,20,2.783762
61,20,2.792662
62,20,2.790475
63,20,2.787649
64,20,2.800141
65,20,2.804554
66,20,2.802366
67,20,2.799195
68,20,2.795691
69,20,2.797111
70,20,2.793691
71,20,2.794737
72,20,2.798866
73,20,2.795203
74,20,2.796051
75,20,2.792232
76,20,2.788328
77,20,2.792958
78,20,2.792629
79,20,2.785550
80,20,2.800590
81,20,2.804907
82,20,2.800458
83,20,2.793067
84,20,2.796229
85,20,2.800235
86,20,2.795519
87,20,2.795523
88,20,2.794513
89,20,2.802060
90,20,2.785516
91,20,2.792913
92,20,2.787727
93,20,2.787254
94,20,2.782847
95,20,2.785112
96,20,2.803664
97,20,2.804360
98,20,2.807880
99,20,2.800706
100,20,2.797304
101,20,2.800520
102,20,2.793116
103,20,2.793336
104,20,2.796374
105,20,2.788727
106,20,2.788704
107,20,2.788599
108,20,2.795197
109,20,2.791090
110,20,2.786902
111,20,2.786485
112,20,2.797337
113,20,2.798216
114,20,2.795162
115,20,2.795880
116,20,2.788803
117,20,2.789363
118,20,2.789844
119,20,2.793132
120,20,2.789603
121,20,2.793696
122,20,2.790010
123,20,2.793952
124,20,2.786256
125,20,2.790040
126,20,2.782188
127,20,2.785816
128,20,2.780528
129,20,2.777753
130,20,2.782598
131,20,2.775808
132,20,2.772791
133,20,2.765839
134,20,2.770366
135,20,2.763245
136,20,2.771466
137,20,2.772870
138,20,2.773227
139,20,2.769652
140,20,2.773701
141,20,2.777675
142,20,2.777718
143,20,2.777683
144,20,2.793945
145,20,2.793750
146,20,2.793473
147,20,2.789263
148,20,2.789861
149,20,2.789354
150,20,2.784912
151,20,2.788093
152,20,2.788296
153,20,2.795165
154,20,2.790392
155,20,2.790517
156,20,2.781738
157,20,2.780581
158,20,2.787997
159,20,2.782817
160,20,2.796350
161,20,2.789602
162,20,2.793387
163,20,2.793239
164,20,2.790096
165,20,2.785933
166,20,2.790400
167,20,2.786088
168,20,2.794184
169,20,2.789709
170,20,2.790056
171,20,2.793136
172,20,2.781648
173,20,2.776857
174,20,2.780787
175,20,2.779696
176,20,2.787148
177,20,2.785888
178,20,2.789545
179,20,2.788128
180,20,2.783690
181,20,2.779163
182,20,2.773918
183,20,2.780787
184,20,2.783711
185,20,2.784035
186,20,2.781014
187,20,2.786620
188,20,2.778006
189,20,2.772792
190,20,2.770427
191,20,2.773144
192,20,2.783068
193,20,2.781333
194,20,2.775203
195,20,2.777136
196,20,2.782819
197,20,2.777351
198,20,2.774230
199,20,2.772451
200,20,2.777741
201,20,2.782920
202,20,2.772269
203,20,2.781092
204,20,2.767316
205,20,2.768217
206,20,2.765815
207,20,2.766493
208,20,2.769993
209,20,2.767296
210,20,2.767611
211,20,2.772418
212,20,2.768634
213,20,2.773231
214,20,2.761485
215,20,2.765865
216,20,2.772207
217,20,2.772506
218,20,2.764065
219,20,2.760273
220,20,2.755392
221,20,2.751350
222,20,2.742309
223,20,2.745711
224,20,2.748990
225,20,2.747180
226,20,2.742471
227,20,2.748020
228,20,2.743014
229,20,2.741720
230,20,2.731317
231,20,2.737408
232,20,2.742018
233,20,2.740062
234,20,2.737945
235,20,2.741934
236,20,2.724034
237,20,2.721369
238,20,2.720825
239,20,2.721606
240,20,2.719284
241,20,2.717998
242,20,2.710435
243,20,2.714217
244,20,2.708257
245,20,2.703840
246,20,2.695334
247,20,2.692317
248,20,2.694821
249,20,2.694179
250,20,2.688447
251,20,2.687936
252,20,2.670013
253,20,2.671049
254,20,2.664065
255,20,2.659126
0,21,2.723183
1,21,2.720092
2,21,2.724472
3,21,2.732478
4,21,2.738120
5,21,2.740915
6,21,2.736685
7,21,2.739961
8,21,2.740732
9,21,2.739738
10,21,2.746268
11,21,2.744917
12,21,2.740932
13,21,2.743063
14,21,2.740310
15,21,2.743413
16,21,2.764309
17,21,2.758086
18,21,2.760620
19,21,2.769496
20,21,2.766677
21,21,2.772538
22,21,2.773283
23,21,2.770049
24,21,2.767718
25,21,2.768068
26,21,2.769276
27,21,2.777077
28,21,2.773207
29,21,2.773984
30,21,2.769876
31,21,2.774227
32,21,2.785302
33,21,2.793238
34,21,2.788684
35,21,2.784034
36,21,2.791600
37,21,2.798302
38,21,2.791072
39,21,2.793725
40,21,2.781553
41,21,2.787868
42,21,2.783178
43,21,2.785457
44,21,2.776697
45,21,2.778798
46,21,2.782246
47,21,2.780323
48,21,2.786563
49,21,2.784474
50,21,2.790517
51,21,2.799824
52,21,2.798832
53,21,2.796877
54,21,2.790532
55,21,2.796099
56,21,2.790467
57,21,2.792002
58,21,2.789589
59,21,2.786719
60,21,2.792706
61,21,2.793546
62,21,2.790790
63,21,2.787943
64,21,2.800997
65,21,2.801839
66,21,2.802325
67,21,2.803880
68,21,2.804472
69,21,2.800899
70,21,2.794506
71,21,2.798705
72,21,2.791959
73,21,2.796003
74,21,2.788404
75,21,2.800872
76,21,2.792972
77,21,2.797584
78,21,2.789665
79,21,2.797873
80,21,2.801360
81,21,2.800909
82,21,2.793515
83,21,2.800618
84,21,2.800838
85,21,2.796217
86,21,2.796271
87,21,2.796262
88,21,2.795261
89,21,2.795090
90,21,2.786265
91,21,2.785945
92,21,2.792328
93,21,2.791845
94,21,2.787427
95,21,2.789819
96,21,2.804605
97,21,2.800506
98,21,2.804956
99,21,2.797766
100,21,2.797207
101,21,2.797574
102,21,2.790155
103,21,2.798066
104,21,2.793407
105,21,2.801155
106,21,2.789574
107,21,2.788535
108,21,2.784497
109,21,2.788084
110,21,2.787737
111,21,2.787355
112,21,2.802199
113,21,2.803053
114,21,2.799988
115,21,2.800686
116,21,2.797463
117,21,2.794153
118,21,2.790774
119,21,2.797927
120,21,2.790540
121,21,2.790777
122,21,2.790940
123,21,2.787172
124,21,2.783327
125,21,2.783258
126,21,2.783113
127,21,2.790596
128,21,2.781504
129,21,2.786423
130,21,2.783547
131,21,2.776754
132,21,2.773732
133,21,2.778324
134,21,2.767438
135,21,2.775727
136,21,2.768537
137,21,2.773763
138,21,2.777975
139,21,2.774398
140,21,2.774601
141,21,2.778578
142,21,2.774773
143,21,2.778597
144,21,2.794840
145,21,2.790821
146,21,2.794413
147,21,2.790218
148,21,2.789794
149,21,2.794078
150,21,2.789640
151,21,2.789089
152,21,2.789286
153,21,2.796175
154,21,2.795274
155,21,2.790437
156,21,2.794339
157,21,2.800908
158,21,2.788127
159,21,2.791605
160,21,2.793317
161,21,2.798107
162,21,2.786496
163,21,2.794067
164,21,2.790916
165,21,2.794474
166,21,2.795079
167,21,2.786930
168,21,2.791167
169,21,2.794414
170,21,2.789995
171,21,2.793999
172,21,2.789308
173,21,2.789293
174,21,2.792316
175,21,2.788293
176,21,2.784185
177,21,2.787011
178,21,2.786599
179,21,2.789057
180,21,2.784872
181,21,2.783319
182,21,2.778721
183,21,2.774033
184,21,2.772526
185,21,2.783085
186,21,2.781104
187,21,2.787980
188,21,2.782866
189,21,2.784477
190,21,2.787277
191,21,2.781894
192,21,2.779807
193,21,2.785804
194,21,2.780143
195,21,2.782559
196,21,2.775827
197,21,2.781939
198,21,2.775899
199,21,2.773606
200,21,2.774729
201,21,2.779941
202,21,2.781778
203,21,2.779077
204,21,2.775378
205,21,2.773089
206,21,2.773908
207,21,2.775286
208,21,2.764321
209,21,2.773214
210,21,2.764983
211,21,2.773677
212,21,2.766087
213,21,2.774574
214,21,2.766730
215,21,2.767295
216,21,2.763040
217,21,2.774938
218,21,2.765664
219,21,2.773475
220,21,2.760947
221,21,2.764659
222,21,2.760548
223,21,2.755280
224,21,2.750905
225,21,2.749163
226,21,2.752215
227,21,2.742425
228,21,2.745184
229,21,2.743952
230,21,2.737481
231,21,2.735931
232,21,2.736773
233,21,2.738740
234,21,2.748253
235,21,2.740776
236,21,2.742217
237,21,2.735779
238,21,2.735338
239,21,2.732351
240,21,2.717615
241,21,2.716439
242,21,2.715674
243,21,2.717627
244,21,2.711792
245,21,2.707480
246,21,2.706788
247,21,2.690444
248,21,2.694973
249,21,2.697336
250,21,2.691725
251,21,2.694496
252,21,2.686095
253,21,2.683419
254,21,2.672728
255,21,2.673273
0,22,2.722782
1,22,2.723437
2,22,2.726843
3,22,2.732629
4,22,2.736426
5,22,2.740015
6,22,2.739548
7,22,2.744295
8,22,2.743404
9,22,2.750035
10,22,2.741075
11,22,2.748760
12,22,2.738572
13,22,2.740633
14,22,2.743838
15,22,2.745555
16,22,2.766386
17,22,2.760101
18,22,2.766411
19,22,2.767523
20,22,2.756942
21,22,2.766586
22,22,2.773057
23,22,2.768882
24,22,2.773155
25,22,2.769604
26,22,2.774605
27,22,2.770802
28,22,2.766888
29,22,2.771463
30,22,2.763460
31,22,2.771611
32,22,2.786500
33,22,2.782829
34,22,2.782091
35,22,2.789800
36,22,2.785763
37,22,2.788580
38,22,2.788156
39,22,2.790778
40,22,2.782419
41,22,2.788704
42,22,2.772418
43,22,2.778522
44,22,2.778270
45,22,2.780346
46,22,2.779050
47,22,2.784808
48,22,2.806428
49,22,2.792757
50,22,2.791906
51,22,2.797340
52,22,2.791606
53,22,2.796884
54,22,2.791808
55,22,2.793082
56,22,2.794690
57,22,2.796202
58,22,2.790388
59,22,2.791726
60,22,2.792629
61,22,2.789944
62,22,2.791871
63,22,2.792558
64,22,2.799249
65,22,2.798726
66,22,2.799476
67,22,2.800138
68,22,2.801338
69,22,2.790284
70,22,2.794554
71,22,2.799408
72,22,2.791964
73,22,2.792838
74,22,2.789093
75,22,2.789117
76,22,2.793650
77,22,2.793521
78,22,2.790329
79,22,2.793889
80,22,2.802016
81,22,2.801571
82,22,2.798070
83,22,2.793569
84,22,2.797627
85,22,2.796867
86,22,2.793057
87,22,2.795998
88,22,2.788190
89,22,2.787113
90,22,2.786899
91,22,2.794273
92,22,2.792962
93,22,2.788615
94,22,2.787237
95,22,2.790445
96,22,2.805428
97,22,2.801335
98,22,2.801915
99,22,2.798484
100,22,2.798012
101,22,2.798363
102,22,2.798635
103,22,2.794038
104,22,2.790310
105,22,2.794207
106,22,2.790317
107,22,2.789288
108,22,2.789130
109,22,2.792718
110,22,2.792373
111,22,2.788102
112,22,2.806929
113,22,2.803919
114,22,2.804685
115,22,2.797669
116,22,2.798291
117,22,2.794974
118,22,2.790662
119,22,2.798752
120,22,2.799066
121,22,2.795446
122,22,2.795604
123,22,2.787982
124,22,2.780282
125,22,2.784067
126,22,2.783921
127,22,2.779848
128,22,2.786214
129,22,2.779564
130,22,2.784395
131,22,2.785287
132,22,2.786102
133,22,2.782998
134,22,2.772099
135,22,2.772682
136,22,2.777050
137,22,2.777479
138,22,2.763343
139,22,2.759768
140,22,2.775385
141,22,2.775512
142,22,2.779417
143,22,2.771688
144,22,2.787916
145,22,2.787739
146,22,2.787479
147,22,2.787139
148,22,2.790647
149,22,2.791071
150,22,2.790502
151,22,2.793705
152,22,2.789121
153,22,2.793212
154,22,2.788478
155,22,2.791366
156,22,2.795081
157,22,2.786440
158,22,2.785239
159,22,2.788715
160,22,2.794013
161,22,2.794040
162,22,2.787194
163,22,2.790927
164,22,2.791621
165,22,2.791341
166,22,2.794898
167,22,2.783803
168,22,2.787147
169,22,2.795152
170,22,2.786893
171,22,2.790893
172,22,2.790074
173,22,2.790211
174,22,2.777683
175,22,2.785217
176,22,2.784277
177,22,2.783950
178,22,2.782662
179,22,2.778312
180,22,2.784808
181,22,2.784152
182,22,2.779555
183,22,2.785848
184,22,2.784942
185,22,2.787246
186,22,2.786175
187,22,2.796571
188,22,2.783251
189,22,2.781919
190,22,2.780492
191,22,2.782361
192,22,2.773054
193,22,2.779494
194,22,2.776846
195,22,2.778817
196,22,2.777315
197,22,2.779098
198,22,2.780427
199,22,2.782017
200,22,2.775795
201,22,2.781586
202,22,2.778151
203,22,2.783772
204,22,2.773286
205,22,2.774877
206,22,2.767165
207,22,2.768574
208,22,2.769207
209,22,2.766573
210,22,2.763123
211,22,2.764144
212,22,2.759588
213,22,2.771964
214,22,2.764168
215,22,2.772478
216,22,2.768274
217,22,2.768655
218,22,2.768030
219,22,2.768179
220,22,2.771121
221,22,2.762450
222,22,2.766093
223,22,2.757035
224,22,2.748858
225,22,2.747184
226,22,2.742585
227,22,2.740571
228,22,2.743388
229,22,2.746069
230,22,2.735823
231,22,2.745896
232,22,2.740409
233,22,2.745004
234,22,2.746881
235,22,2.743349
236,22,2.741013
237,22,2.734652
238,22,2.730459
239,22,2.735261
240,22,2.712906
241,22,2.717326
242,22,2.712168
243,22,2.708435
244,22,2.713104
245,22,2.710980
246,22,2.698836
247,22,2.705719
248,22,2.696946
249,22,2.701312
250,22,2.695824
251,22,2.690064
252,22,2.691727
253,22,2.675426
254,22,2.673521
255,22,2.670362
0,23,2.721389
1,23,2.725795
2,23,2.731724
3,23,2.739492
4,23,2.739343
5,23,2.742840
6,23,2.740360
7,23,2.746928
8,23,2.749807
9,23,2.743962
10,23,2.747908
11,23,2.742521
12,23,2.740821
13,23,2.738960
14,23,2.742080
15,23,2.751437
16,23,2.768352
17,23,2.770903
18,23,2.764388
19,23,2.773149
20,23,2.767468
21,23,2.768234
22,23,2.768873
23,23,2.774266
24,23,2.770785
25,23,2.774892
26,23,2.772127
27,23,2.768279
28,23,2.764322
29,23,2.764989
30,23,2.768504
31,23,2.768899
32,23,2.783750
33,23,2.791615
34,23,2.787780
35,23,2.798470
36,23,2.790536
37,23,2.793320
38,23,2.789001
39,23,2.791592
40,23,2.787046
41,23,2.789450
42,23,2.781032
43,23,2.776169
44,23,2.774461
45,23,2.777095
46,23,2.779068
47,23,2.785353
48,23,2.795686
49,23,2.794070
50,23,2.791864
51,23,2.801615
52,23,2.796221
53,23,2.794229
54,23,2.792138
55,23,2.793394
56,23,2.799655
57,23,2.789206
58,23,2.790616
59,23,2.787728
60,23,2.789795
61,23,2.790620
62,23,2.787839
63,23,2.789653
64,23,2.805677
65,23,2.794939
66,23,2.800104
67,23,2.808470
68,23,2.801338
69,23,2.802450
70,23,2.799015
71,23,2.800189
72,23,2.796410
73,23,2.800441
74,23,2.801231
75,23,2.793551
76,23,2.794343
77,23,2.794092
78,23,2.790883
79,23,2.786741
80,23,2.798708
81,23,2.798269
82,23,2.797747
83,23,2.801819
84,23,2.794304
85,23,2.805110
86,23,2.797435
87,23,2.796533
88,23,2.792565
89,23,2.795350
90,23,2.791273
91,23,2.786201
92,23,2.793482
93,23,2.785272
94,23,2.787760
95,23,2.787106
96,23,2.806137
97,23,2.802049
98,23,2.798671
99,23,2.810726
100,23,2.802554
101,23,2.799038
102,23,2.799257
103,23,2.802414
104,23,2.798671
105,23,2.802554
106,23,2.794813
107,23,2.789954
108,23,2.785905
109,23,2.785629
110,23,2.785338
111,23,2.787848
112,23,2.803837
113,23,2.808523
114,23,2.801574
115,23,2.798401
116,23,2.799006
117,23,2.795681
118,23,2.795237
119,23,2.799469
120,23,2.799773
121,23,2.792296
122,23,2.796303
123,23,2.792530
124,23,2.784829
125,23,2.788613
126,23,2.788469
127,23,2.784397
128,23,2.786956
129,23,2.788001
130,23,2.785112
131,23,2.786001
132,23,2.790665
133,23,2.787546
134,23,2.765088
135,23,2.761817
136,23,2.770029
137,23,2.774313
138,23,2.760156
139,23,2.760437
140,23,2.760642
141,23,2.764626
142,23,2.776241
143,23,2.776223
144,23,2.791541
145,23,2.788397
146,23,2.788187
147,23,2.787862
148,23,2.783604
149,23,2.784009
150,23,2.783544
151,23,2.782911
152,23,2.813019
153,23,2.801554
154,23,2.789271
155,23,2.788326
156,23,2.788185
157,23,2.783223
158,23,2.789939
159,23,2.789562
160,23,2.790742
161,23,2.786930
162,23,2.783926
163,23,2.783820
164,23,2.787487
165,23,2.784242
166,23,2.787812
167,23,2.788269
168,23,2.814747
169,23,2.803583
170,23,2.795238
171,23,2.791528
172,23,2.786874
173,23,2.789997
174,23,2.786054
175,23,2.785880
176,23,2.781104
177,23,2.784629
178,23,2.783362
179,23,2.779243
180,23,2.777821
181,23,2.781019
182,23,2.783550
183,23,2.778883
184,23,2.805248
185,23,2.799569
186,23,2.790796
187,23,2.789131
188,23,2.780193
189,23,2.782719
190,23,2.780837
191,23,2.783192
192,23,2.782011
193,23,2.779491
194,23,2.777718
195,23,2.780158
196,23,2.779284
197,23,2.775791
198,23,2.777499
199,23,2.787330
200,23,2.803413
201,23,2.793816
202,23,2.779720
203,23,2.784775
204,23,2.777925
205,23,2.778918
206,23,2.772732
207,23,2.769655
208,23,2.766294
209,23,2.762991
210,23,2.767988
211,23,2.764451
212,23,2.761544
213,23,2.773174
214,23,2.765361
215,23,2.762150
216,23,2.784966
217,23,2.789240
218,23,2.773258
219,23,2.765744
220,23,2.764891
221,23,2.760989
222,23,2.759839
223,23,2.758684
224,23,2.746704
225,23,2.748949
226,23,2.744403
227,23,2.742461
228,23,2.741482
229,23,2.744221
230,23,2.741758
231,23,2.748040
232,23,2.761882
233,23,2.755003
234,23,2.749244
235,23,2.747179
236,23,2.735834
237,23,2.733402
238,23,2.734650
239,23,2.734193
240,23,2.711922
241,23,2.716429
242,23,2.711384
243,23,2.707745
244,23,2.711600
245,23,2.703681
246,23,2.701407
247,23,2.705440
248,23,2.723749
249,23,2.712846
250,23,2.695921
251,23,2.697991
252,23,2.688225
253,23,2.682025
254,23,2.673235
255,23,2.666364
0,24,2.724591
1,24,2.736601
2,24,2.738555
3,24,2.742375
4,24,2.742133
5,24,2.741689
6,24,2.741779
7,24,2.744764
8,24,2.747565
9,24,2.750188
10,24,2.750187
11,24,2.748580
12,24,2.742956
13,24,2.741027
14,24,2.751769
15,24,2.749504
16,24,2.766357
17,24,2.776537
18,24,2.769965
19,24,2.770963
20,24,2.765213
21,24,2.765926
22,24,2.774219
23,24,2.775696
24,24,2.772166
25,24,2.772373
26,24,2.765698
27,24,2.765658
28,24,2.769364
29,24,2.766125
30,24,2.773453
31,24,2.766891
32,24,2.789410
33,24,2.796421
34,24,2.796392
35,24,2.791637
36,24,2.795217
37,24,2.790263
38,24,2.796779
39,24,2.788463
40,24,2.787886
41,24,2.783201
42,24,2.781643
43,24,2.780597
44,24,2.775010
45,24,2.781463
46,24,2.780360
47,24,2.782761
48,24,2.796104
49,24,2.806016
50,24,2.800738
51,24,2.806609
52,24,2.800374
53,24,2.794502
54,24,2.795820
55,24,2.798281
56,24,2.795600
57,24,2.793228
58,24,2.791210
59,24,2.792520
60,24,2.789554
61,24,2.787654
62,24,2.788707
63,24,2.789381
64,24,2.802642
65,24,2.807035
66,24,2.807765
67,24,2.808988
68,24,2.801855
69,24,2.806195
70,24,2.799514
71,24,2.799847
72,24,2.796894
73,24,2.800927
74,24,2.793317
75,24,2.794024
76,24,2.790117
77,24,2.790811
78,24,2.794349
79,24,2.794896
80,24,2.802235
81,24,2.810269
82,24,2.805900
83,24,2.798437
84,24,2.793883
85,24,2.801686
86,24,2.797005
87,24,2.793106
88,24,2.789125
89,24,2.791919
90,24,2.795538
91,24,2.786623
92,24,2.786188
93,24,2.793469
94,24,2.792026
95,24,2.787509
96,24,2.805875
97,24,2.814109
98,24,2.810817
99,24,2.806584
100,24,2.803070
101,24,2.807258
102,24,2.795955
103,24,2.799119
104,24,2.799204
105,24,2.803087
106,24,2.798317
107,24,2.790483
108,24,2.790315
109,24,2.790040
110,24,2.785833
111,24,2.788401
112,24,2.804487
113,24,2.801444
114,24,2.802192
115,24,2.802864
116,24,2.795746
117,24,2.800122
118,24,2.791989
119,24,2.796216
120,24,2.800364
121,24,2.792884
122,24,2.793037
123,24,2.796967
124,24,2.793118
125,24,2.789197
126,24,2.787126
127,24,2.788835
128,24,2.799145
129,24,2.794400
130,24,2.783808
131,24,2.788529
132,24,2.783558
133,24,2.784289
134,24,2.786872
135,24,2.762409
136,24,2.762905
137,24,2.767190
138,24,2.760717
139,24,2.760998
140,24,2.761203
141,24,2.778674
142,24,2.776808
143,24,2.776795
144,24,2.792119
145,24,2.792832
146,24,2.784883
147,24,2.790339
148,24,2.784230
149,24,2.787613
150,24,2.807197
151,24,2.812347
152,24,2.786718
153,24,2.813777
154,24,2.805213
155,24,2.788862
156,24,2.788016
157,24,2.787791
158,24,2.784691
159,24,2.789429
160,24,2.795067
161,24,2.791268
162,24,2.792097
163,24,2.792014
164,24,2.784137
165,24,2.788590
166,24,2.811438
167,24,2.813815
168,24,2.792149
169,24,2.803249
170,24,2.807324
171,24,2.791210
172,24,2.791405
173,24,2.794407
174,24,2.786610
175,24,2.793476
176,24,2.789379
177,24,2.788215
178,24,2.788017
179,24,2.782848
180,24,2.778428
181,24,2.781049
182,24,2.807294
183,24,2.806483
184,24,2.785784
185,24,2.807928
186,24,2.802505
187,24,2.782104
188,24,2.784729
189,24,2.782946
190,24,2.781549
191,24,2.784303
192,24,2.781908
193,24,2.776811
194,24,2.775063
195,24,2.780098
196,24,2.782474
197,24,2.780444
198,24,2.808810
199,24,2.798885
200,24,2.781680
201,24,2.793853
202,24,2.791895
203,24,2.777721
204,24,2.771739
205,24,2.776621
206,24,2.777345
207,24,2.770453
208,24,2.764113
209,24,2.768556
210,24,2.761202
211,24,2.765413
212,24,2.770246
213,24,2.766511
214,24,2.794255
215,24,2.794122
216,24,2.770738
217,24,2.785754
218,24,2.778387
219,24,2.763210
220,24,2.766265
221,24,2.766260
222,24,2.761317
223,24,2.761063
224,24,2.749134
225,24,2.748682
226,24,2.742263
227,24,2.744242
228,24,2.743319
229,24,2.746116
230,24,2.766845
231,24,2.765484
232,24,2.744714
233,24,2.757181
234,24,2.759196
235,24,2.745643
236,24,2.742094
237,24,2.743591
238,24,2.737210
239,24,2.733000
240,24,2.714665
241,24,2.719258
242,24,2.710470
243,24,2.714629
244,24,2.714727
245,24,2.714611
246,24,2.727875
247,24,2.727263
248,24,2.699445
249,24,2.713762
250,24,2.703577
251,24,2.690358
252,24,2.688425
253,24,2.686208
254,24,2.673734
255,24,2.670858
0,25,2.731514
1,25,2.737466
2,25,2.732887
3,25,2.732763
4,25,2.740139
5,25,2.735756
6,25,2.744273
7,25,2.747177
8,25,2.746046
9,25,2.740886
10,25,2.740793
11,25,2.742967
12,25,2.744980
13,25,2.751971
14,25,2.753644
15,25,2.747463
16,25,2.768108
17,25,2.770508
18,25,2.767731
19,25,2.772526
20,25,2.778267
21,25,2.771222
22,25,2.775612
23,25,2.773173
24,25,2.769596
25,25,2.769757
26,25,2.766877
27,25,2.770647
28,25,2.770457
29,25,2.771019
30,25,2.775237
31,25,2.770867
32,25,2.790307
33,25,2.789576
34,25,2.781796
35,25,2.784712
36,25,2.795244
37,25,2.798675
38,25,2.786677
39,25,2.789881
40,25,2.788475
41,25,2.779900
42,25,2.774461
43,25,2.772795
44,25,2.780108
45,25,2.774419
46,25,2.776896
47,25,2.774893
48,25,2.792585
49,25,2.795059
50,25,2.789445
51,25,2.794832
52,25,2.804443
53,25,2.802759
54,25,2.796780
55,25,2.798014
56,25,2.796500
57,25,2.782179
58,25,2.783559
59,25,2.784507
60,25,2.782657
61,25,2.783467
62,25,2.788367
63,25,2.786267
64,25,2.809984
65,25,2.807726
66,25,2.800489
67,25,2.804983
68,25,2.806119
69,25,2.802752
70,25,2.799301
71,25,2.804094
72,25,2.800491
73,25,2.793601
74,25,2.789846
75,25,2.794523
76,25,2.794340
77,25,2.791164
78,25,2.790856
79,25,2.795240
80,25,2.806436
81,25,2.806752
82,25,2.802388
83,25,2.794910
84,25,2.798072
85,25,2.802008
86,25,2.793481
87,25,2.793424
88,25,2.796307
89,25,2.796129
90,25,2.791990
91,25,2.790790
92,25,2.786491
93,25,2.785219
94,25,2.792331
95,25,2.787804
96,25,2.802421
97,25,2.806898
98,25,2.807443
99,25,2.803142
100,25,2.811247
101,25,2.807714
102,25,2.795552
103,25,2.799545
104,25,2.799641
105,25,2.788100
106,25,2.794912
107,25,2.787078
108,25,2.790724
109,25,2.790438
110,25,2.793991
111,25,2.784993
112,25,2.805012
113,25,2.805827
114,25,2.798848
115,25,2.795660
116,25,2.796240
117,25,2.792049
118,25,2.792485
119,25,2.796707
120,25,2.800851
121,25,2.797220
122,25,2.797367
123,25,2.789738
124,25,2.797446
125,25,2.793524
126,25,2.785675
127,25,2.785460
128,25,2.795814
129,25,2.794913
130,25,2.780451
131,25,2.783243
132,25,2.784048
133,25,2.784777
134,25,2.758450
135,25,2.762882
136,25,2.763379
137,25,2.763810
138,25,2.764162
139,25,2.763374
140,25,2.765508
141,25,2.761792
142,25,2.765708
143,25,2.761846
144,25,2.792588
145,25,2.797125
146,25,2.789223
147,25,2.788915
148,25,2.792381
149,25,2.788061
150,25,2.788459
151,25,2.783994
152,25,2.791007
153,25,2.805779
154,25,2.798079
155,25,2.789452
156,25,2.788449
157,25,2.788396
158,25,2.787243
159,25,2.786006
160,25,2.795431
161,25,2.787792
162,25,2.787779
163,25,2.788542
164,25,2.792238
165,25,2.788979
166,25,2.792516
167,25,2.792193
168,25,2.788707
169,25,2.803674
170,25,2.807745
171,25,2.791648
172,25,2.787984
173,25,2.791004
174,25,2.787057
175,25,2.782381
176,25,2.785988
177,25,2.788697
178,25,2.784642
179,25,2.791052
180,25,2.786869
181,25,2.789272
182,25,2.788550
183,25,2.783353
184,25,2.782472
185,25,2.804112
186,25,2.803070
187,25,2.786527
188,25,2.780988
189,25,2.783543
190,25,2.782525
191,25,2.780250
192,25,2.782942
193,25,2.780494
194,25,2.778756
195,25,2.785073
196,25,2.778496
197,25,2.780808
198,25,2.778704
199,25,2.780858
200,25,2.785465
201,25,2.802870
202,25,2.796526
203,25,2.778284
204,25,2.779443
205,25,2.773393
206,25,2.778195
207,25,2.775014
208,25,2.764188
209,25,2.765482
210,25,2.762135
211,25,2.763237
212,25,2.762703
213,25,2.763606
214,25,2.764416
215,25,2.768184
216,25,2.764930
217,25,2.787703
218,25,2.783418
219,25,2.767392
220,25,2.763687
221,25,2.763727
222,25,2.762695
223,25,2.766341
224,25,2.745742
225,25,2.749129
226,25,2.747723
227,25,2.742064
228,25,2.752755
229,25,2.744050
230,25,2.745590
231,25,2.740436
232,25,2.742845
233,25,2.763100
234,25,2.761329
235,25,2.747844
236,25,2.740532
237,25,2.742102
238,25,2.743503
239,25,2.743244
240,25,2.713432
241,25,2.718110
242,25,2.714890
243,25,2.713679
244,25,2.706165
245,25,2.713851
246,25,2.707975
247,25,2.703614
248,25,2.702873
249,25,2.713449
250,25,2.710225
251,25,2.681711
252,25,2.687605
253,25,2.681661
254,25,2.680159
255,25,2.679047
0,26,2.729805
1,26,2.735638
2,26,2.735632
3,26,2.739269
4,26,2.738851
5,26,2.747493
6,26,2.742796
7,26,2.745620
8,26,2.744412
9,26,2.743029
10,26,2.746698
11,26,2.748802
12,26,2.743041
13,26,2.746097
14,26,2.740001
15,26,2.749169
16,26,2.765901
17,26,2.768228
18,26,2.765394
19,26,2.773988
20,26,2.779662
21,26,2.776418
22,26,2.780759
23,26,2.774405
24,26,2.774634
25,26,2.770897
26,26,2.771814
27,26,2.771688
28,26,2.772223
29,26,2.776585
30,26,2.768424
31,26,2.771721
32,26,2.794967
33,26,2.794200
34,26,2.785634
35,26,2.789258
36,26,2.792815
37,26,2.796204
38,26,2.791101
39,26,2.789766
40,26,2.785125
41,26,2.783608
42,26,2.783369
43,26,2.781678
44,26,2.776617
45,26,2.778609
46,26,2.777200
47,26,2.779793
48,26,2.796960
49,26,2.799125
50,26,2.796870
51,26,2.795762
52,26,2.804914
53,26,2.802859
54,26,2.804155
55,26,2.798841
56,26,2.796139
57,26,2.793736
58,26,2.791664
59,26,2.789093
60,26,2.786111
61,26,2.784148
62,26,2.790662
63,26,2.785837
64,26,2.810330
65,26,2.803421
66,26,2.797204
67,26,2.801454
68,26,2.809715
69,26,2.806911
70,26,2.803460
71,26,2.800531
72,26,2.796929
73,26,2.800949
74,26,2.797829
75,26,2.793994
76,26,2.786900
77,26,2.790621
78,26,2.791111
79,26,2.794685
80,26,2.806680
81,26,2.806185
82,26,2.802625
83,26,2.802037
84,26,2.802155
85,26,2.797567
86,26,2.805271
87,26,2.801344
88,26,2.800382
89,26,2.796341
90,26,2.791376
91,26,2.798704
92,26,2.786771
93,26,2.789281
94,26,2.792531
95,26,2.791966
96,26,2.806678
97,26,2.811139
98,26,2.800026
99,26,2.803521
100,26,2.807758
101,26,2.808017
102,26,2.803581
103,26,2.799889
104,26,2.799971
105,26,2.796127
106,26,2.787533
107,26,2.791245
108,26,2.791068
109,26,2.786930
110,26,2.789588
111,26,2.785332
112,26,2.805446
113,26,2.806237
114,26,2.799263
115,26,2.799908
116,26,2.796629
117,26,2.792444
118,26,2.804440
119,26,2.800945
120,26,2.785821
121,26,2.793742
122,26,2.790036
123,26,2.790108
124,26,2.793963
125,26,2.790039
126,26,2.782192
127,26,2.785832
128,26,2.796228
129,26,2.793391
130,26,2.780841
131,26,2.777865
132,26,2.778652
133,26,2.777440
134,26,2.780019
135,26,2.774808
136,26,2.763746
137,26,2.764171
138,26,2.760677
139,26,2.765645
140,26,2.762002
141,26,2.765993
142,26,2.758356
143,26,2.766057
144,26,2.796804
145,26,2.796664
146,26,2.793413
147,26,2.789253
148,26,2.788938
149,26,2.792339
150,26,2.788783
151,26,2.786355
152,26,2.787605
153,26,2.790702
154,26,2.786839
155,26,2.789934
156,26,2.781244
157,26,2.784856
158,26,2.789685
159,26,2.786542
160,26,2.795708
161,26,2.795768
162,26,2.791916
163,26,2.796505
164,26,2.792527
165,26,2.788452
166,26,2.792814
167,26,2.788651
168,26,2.789013
169,26,2.788489
170,26,2.791845
171,26,2.791980
172,26,2.787508
173,26,2.791348
174,26,2.786599
175,26,2.786591
176,26,2.785547
177,26,2.789072
178,26,2.788072
179,26,2.787592
180,26,2.786465
181,26,2.789684
182,26,2.792281
183,26,2.783785
184,26,2.786760
185,26,2.781450
186,26,2.784265
187,26,2.786526
188,26,2.785325
189,26,2.788238
190,26,2.789935
191,26,2.784621
192,26,2.786529
193,26,2.788749
194,26,2.783593
195,26,2.780996
196,26,2.783397
197,26,2.785258
198,26,2.782866
199,26,2.780689
200,26,2.778925
201,26,2.775769
202,26,2.777697
203,26,2.775129
204,26,2.776889
205,26,2.777183
206,26,2.767211
207,26,2.771933
208,26,2.761781
209,26,2.762318
210,26,2.766718
211,26,2.767852
212,26,2.768167
213,26,2.772957
214,26,2.764537
215,26,2.761417
216,26,2.776651
217,26,2.773317
218,26,2.766029
219,26,2.765467
220,26,2.768718
221,26,2.764022
222,26,2.760121
223,26,2.767666
224,26,2.750981
225,26,2.754417
226,26,2.757733
227,26,2.748289
228,26,2.754381
229,26,2.753437
230,26,2.747344
231,26,2.749956
232,26,2.748574
233,26,2.741939
234,26,2.747939
235,26,2.746080
236,26,2.750414
237,26,2.744351
238,26,2.741973
239,26,2.737958
240,26,2.723637
241,26,2.720692
242,26,2.713705
243,26,2.716456
244,26,2.716739
245,26,2.709109
246,26,2.707207
247,26,2.706801
248,26,2.706165
249,26,2.701438
250,26,2.700319
251,26,2.696928
252,26,2.695238
253,26,2.681714
254,26,2.683318
255,26,2.682370
0,27,2.728787
1,27,2.734500
2,27,2.734402
3,27,2.741802
4,27,2.749002
5,27,2.745982
6,27,2.745056
7,27,2.755507
8,27,2.742664
9,27,2.741208
10,27,2.748640
11,27,2.750675
12,27,2.740995
13,27,2.742720
14,27,2.749369
15,27,2.746918
16,27,2.767444
17,27,2.769699
18,27,2.770663
19,27,2.771497
20,27,2.779910
21,27,2.773811
22,27,2.774250
23,27,2.789982
24,27,2.779578
25,27,2.771943
26,27,2.768051
27,27,2.773386
28,27,2.773114
29,27,2.772739
30,27,2.769225
31,27,2.772485
32,27,2.791831
33,27,2.787176
34,27,2.786282
35,27,2.786756
36,27,2.785665
37,27,2.792193
38,27,2.791586
39,27,2.801780
40,27,2.785543
41,27,2.788599
42,27,2.779270
43,27,2.781991
44,27,2.776344
45,27,2.779611
46,27,2.781505
47,27,2.779977
48,27,2.797122
49,27,2.800005
50,27,2.793878
51,27,2.799239
52,27,2.801108
53,27,2.807070
54,27,2.793352
55,27,2.806123
56,27,2.789130
57,27,2.794054
58,27,2.787700
59,27,2.791311
60,27,2.786718
61,27,2.791365
62,27,2.789292
63,27,2.789953
64,27,2.806228
65,27,2.799810
66,27,2.800517
67,27,2.801676
68,27,2.809936
69,27,2.802500
70,27,2.803665
71,27,2.815541
72,27,2.800971
73,27,2.801139
74,27,2.794152
75,27,2.794172
76,27,2.787063
77,27,2.790788
78,27,2.791353
79,27,2.790989
80,27,2.802969
81,27,2.798629
82,27,2.802760
83,27,2.802178
84,27,2.798431
85,27,2.801556
86,27,2.797690
87,27,2.808372
88,27,2.792795
89,27,2.788744
90,27,2.795347
91,27,2.794958
92,27,2.789923
93,27,2.789388
94,27,2.788882
95,27,2.791250
96,27,2.806977
97,27,2.807475
98,27,2.807201
99,27,2.799942
100,27,2.804108
101,27,2.812117
102,27,2.799980
103,27,2.811667
104,27,2.804043
105,27,2.796341
106,27,2.791625
107,27,2.787633
108,27,2.787415
109,27,2.787173
110,27,2.793692
111,27,2.793273
112,27,2.809628
113,27,2.810410
114,27,2.818826
115,27,2.796347
116,27,2.793061
117,27,2.800449
118,27,2.793168
119,27,2.789668
120,27,2.789951
121,27,2.790163
122,27,2.794157
123,27,2.794228
124,27,2.786523
125,27,2.798012
126,27,2.782459
127,27,2.778395
128,27,2.788833
129,27,2.793692
130,27,2.784996
131,27,2.783927
132,27,2.777006
133,27,2.779644
134,27,2.753314
135,27,2.763514
136,27,2.760158
137,27,2.768288
138,27,2.759010
139,27,2.763960
140,27,2.762245
141,27,2.758534
142,27,2.758605
143,27,2.766311
144,27,2.793211
145,27,2.796923
146,27,2.791720
147,27,2.785692
148,27,2.793028
149,27,2.788726
150,27,2.785246
151,27,2.784653
152,27,2.787834
153,27,2.787213
154,27,2.791052
155,27,2.786302
156,27,2.785491
157,27,2.784445
158,27,2.786048
159,27,2.786972
160,27,2.795068
161,27,2.799797
162,27,2.792097
163,27,2.795885
164,27,2.796565
165,27,2.792505
166,27,2.793009
167,27,2.792711
168,27,2.788428
169,27,2.788707
170,27,2.788224
171,27,2.796061
172,27,2.787751
173,27,2.791588
174,27,2.783005
175,27,2.786845
176,27,2.789673
177,27,2.789535
178,27,2.788361
179,27,2.784029
180,27,2.782919
181,27,2.789992
182,27,2.788755
183,27,2.787966
184,27,2.782747
185,27,2.781801
186,27,2.783848
187,27,2.786901
188,27,2.785705
189,27,2.780145
190,27,2.786489
191,27,2.776937
192,27,2.779259
193,27,2.781893
194,27,2.779420
195,27,2.781907
196,27,2.783878
197,27,2.789300
198,27,2.771825
199,27,2.781713
200,27,2.774841
201,27,2.776866
202,27,2.778273
203,27,2.775514
204,27,2.769016
205,27,2.774561
206,27,2.772321
207,27,2.768606
208,27,2.770041
209,27,2.766877
210,27,2.768128
211,27,2.767822
212,27,2.768883
213,27,2.765259
214,27,2.769973
215,27,2.766116
216,27,2.773693
217,27,2.774249
218,27,2.762302
219,27,2.762638
220,27,2.759017
221,27,2.765160
222,27,2.769009
223,27,2.768894
224,27,2.752269
225,27,2.759606
226,27,2.758080
227,27,2.757446
228,27,2.752834
229,27,2.750041
230,27,2.748994
231,27,2.743958
232,27,2.745279
233,27,2.747638
234,27,2.745997
235,27,2.746752
236,27,2.744772
237,27,2.742633
238,27,2.744181
239,27,2.740261
240,27,2.722166
241,27,2.723154
242,27,2.718539
243,27,2.719110
244,27,2.715630
245,27,2.711945
246,27,2.710163
247,27,2.706004
248,27,2.705471
249,27,2.708557
250,27,2.695989
251,27,2.692741
252,27,2.691169
253,27,2.685475
254,27,2.679502
255,27,2.682571
0,28,2.727645
1,28,2.733241
2,28,2.729198
3,28,2.743459
4,28,2.739016
5,28,2.739749
6,28,2.750303
7,28,2.760678
8,28,2.749689
9,28,2.742382
10,28,2.745876
11,28,2.751697
12,28,2.742696
13,28,2.752063
14,28,2.743223
15,28,2.752271
16,28,2.768886
17,28,2.766102
18,28,2.768127
19,28,2.768909
20,28,2.769565
21,28,2.771108
22,28,2.779204
23,28,2.787184
24,28,2.780575
25,28,2.776749
26,28,2.769694
27,28,2.770373
28,28,2.770061
29,28,2.773501
30,28,2.773791
31,28,2.769308
32,28,2.787848
33,28,2.791625
34,28,2.791427
35,28,2.786557
36,28,2.789989
37,28,2.784928
38,28,2.784282
39,28,2.806735
40,28,2.785997
41,28,2.785038
42,28,2.779535
43,28,2.782223
44,28,2.773428
45,28,2.779240
46,28,2.777787
47,28,2.779584
48,28,2.797935
49,28,2.795723
50,28,2.790041
51,28,2.799967
52,28,2.797536
53,28,2.807005
54,28,2.796720
55,28,2.810602
56,28,2.792470
57,28,2.797742
58,28,2.795617
59,28,2.793018
60,28,2.786166
61,28,2.791849
62,28,2.784864
63,28,2.786535
64,28,2.798682
65,28,2.799457
66,28,2.800657
67,28,2.797425
68,28,2.806204
69,28,2.802820
70,28,2.806875
71,28,2.819499
72,28,2.796459
73,28,2.801230
74,28,2.797331
75,28,2.794250
76,28,2.798043
77,28,2.798561
78,28,2.790649
79,28,2.794900
80,28,2.806105
81,28,2.806384
82,28,2.798180
83,28,2.802218
84,28,2.802313
85,28,2.805443
86,28,2.801567
87,28,2.808403
88,28,2.796667
89,28,2.803391
90,28,2.795364
91,28,2.798889
92,28,2.789939
93,28,2.789394
94,28,2.788880
95,28,2.795111
96,28,2.803218
97,28,2.811511
98,28,2.803535
99,28,2.800048
100,28,2.804267
101,28,2.811478
102,28,2.807807
103,28,2.819511
104,28,2.808021
105,28,2.795674
106,28,2.791747
107,28,2.795448
108,28,2.791409
109,28,2.794967
110,28,2.789977
111,28,2.789563
112,28,2.809840
113,28,2.826026
114,28,2.822876
115,28,2.804233
116,28,2.804000
117,28,2.796785
118,28,2.797205
119,28,2.793702
120,28,2.786275
121,28,2.790333
122,28,2.790473
123,28,2.790542
124,28,2.794394
125,28,2.794323
126,28,2.778772
127,28,2.782414
128,28,2.789040
129,28,2.793891
130,28,2.785180
131,28,2.787961
132,28,2.773331
133,28,2.777893
134,28,2.770826
135,28,2.771382
136,28,2.764173
137,28,2.760746
138,28,2.764953
139,28,2.763311
140,28,2.764318
141,28,2.760606
142,28,2.762607
143,28,2.762611
144,28,2.797221
145,28,2.789382
146,28,2.795750
147,28,2.797386
148,28,2.793231
149,28,2.788945
150,28,2.788433
151,28,2.792587
152,28,2.790005
153,28,2.787344
154,28,2.788597
155,28,2.790429
156,28,2.785616
157,28,2.788606
158,28,2.784430
159,28,2.783240
160,28,2.791291
161,28,2.796013
162,28,2.792177
163,28,2.799831
164,28,2.785065
165,28,2.788751
166,28,2.796185
167,28,2.792817
168,28,2.788550
169,28,2.784972
170,28,2.792207
171,28,2.788484
172,28,2.787893
173,28,2.783259
174,28,2.779310
175,28,2.782385
176,28,2.785992
177,28,2.788944
178,28,2.788549
179,28,2.787524
180,28,2.783124
181,28,2.789442
182,28,2.788979
183,28,2.795144
184,28,2.786845
185,28,2.789001
186,28,2.784423
187,28,2.787174
188,28,2.777855
189,28,2.784296
190,28,2.778694
191,28,2.784969
192,28,2.779978
193,28,2.785332
194,28,2.776346
195,28,2.785378
196,28,2.780098
197,28,2.781997
198,28,2.771963
199,28,2.777532
200,28,2.779650
201,28,2.780427
202,28,2.778534
203,28,2.779866
204,28,2.773954
205,28,2.771069
206,28,2.775959
207,28,2.769797
208,28,2.766020
209,28,2.771238
210,28,2.767992
211,28,2.769170
212,28,2.765657
213,28,2.765930
214,28,2.766825
215,28,2.774562
216,28,2.771399
217,28,2.759680
218,28,2.770899
219,28,2.775127
220,28,2.766815
221,28,2.766962
222,28,2.773949
223,28,2.772928
224,28,2.761165
225,28,2.756992
226,28,2.751676
227,28,2.751093
228,28,2.750385
229,28,2.748445
230,28,2.746688
231,28,2.757121
232,28,2.754664
233,28,2.749379
234,28,2.747801
235,28,2.740932
236,28,2.746726
237,28,2.748509
238,28,2.741031
239,28,2.738597
240,28,2.720578
241,28,2.725499
242,28,2.717133
243,28,2.717790
244,28,2.709753
245,28,2.717716
246,28,2.716048
247,28,2.711984
248,28,2.711551
249,28,2.703180
250,28,2.702277
251,28,2.699164
252,28,2.697707
253,28,2.692947
254,28,2.687099
255,28,2.682623
0,29,2.737194
1,29,2.738825
2,29,2.738547
3,29,2.741922
4,29,2.741248
5,29,2.748092
6,29,2.748504
7,29,2.747244
8,29,2.741960
9,29,2.744215
10,29,2.751475
11,29,2.745671
12,29,2.743567
13,29,2.741314
14,29,2.748535
15,29,2.757524
16,29,2.770229
17,29,2.775095
18,29,2.769347
19,29,2.777782
20,29,2.770683
21,29,2.778873
22,29,2.776360
23,29,2.788147
24,29,2.776704
25,29,2.778327
26,29,2.774351
27,29,2.762564
28,29,2.766921
29,29,2.774175
30,29,2.769772
31,29,2.773751
32,29,2.789115
33,29,2.795969
34,29,2.795740
35,29,2.786985
36,29,2.789702
37,29,2.785285
38,29,2.788528
39,29,2.795451
40,29,2.782391
41,29,2.776956
42,29,2.780433
43,29,2.782534
44,29,2.777392
45,29,2.779327
46,29,2.779976
47,29,2.788038
48,29,2.797448
49,29,2.803396
50,29,2.797956
51,29,2.803292
52,29,2.801273
53,29,2.795619
54,29,2.797278
55,29,2.802323
56,29,2.796823
57,29,2.794023
58,29,2.791492
59,29,2.793126
60,29,2.786580
61,29,2.791212
62,29,2.781094
63,29,2.793580
64,29,2.806449
65,29,2.807222
66,29,2.807680
67,29,2.809024
68,29,2.809355
69,29,2.798991
70,29,2.799196
71,29,2.807948
72,29,2.800323
73,29,2.801224
74,29,2.801312
75,29,2.798084
76,29,2.798026
77,29,2.794678
78,29,2.790621
79,29,2.798712
80,29,2.809922
81,29,2.806336
82,29,2.809694
83,29,2.805990
84,29,2.801498
85,29,2.809233
86,29,2.804596
87,29,2.804483
88,29,2.796625
89,29,2.795616
90,29,2.787577
91,29,2.794946
92,29,2.793710
93,29,2.789400
94,29,2.791867
95,29,2.791166
96,29,2.811022
97,29,2.807741
98,29,2.811250
99,29,2.807827
100,29,2.804326
101,29,2.803796
102,29,2.804006
103,29,2.807975
104,29,2.796485
105,29,2.799561
106,29,2.795642
107,29,2.795490
108,29,2.791409
109,29,2.787306
110,29,2.790016
111,29,2.801157
112,29,2.809968
113,29,2.810721
114,29,2.807563
115,29,2.800472
116,29,2.804105
117,29,2.793023
118,29,2.793438
119,29,2.786077
120,29,2.797907
121,29,2.794260
122,29,2.794395
123,29,2.790610
124,29,2.794460
125,29,2.790538
126,29,2.788471
127,29,2.774778
128,29,2.791075
129,29,2.782432
130,29,2.787207
131,29,2.786116
132,29,2.781116
133,29,2.774118
134,29,2.774743
135,29,2.779161
136,29,2.773869
137,29,2.772368
138,29,2.774650
139,29,2.761446
140,29,2.762436
141,29,2.762580
142,29,2.754952
143,29,2.764593
144,29,2.793428
145,29,2.793300
146,29,2.797712
147,29,2.789771
148,29,2.789417
149,29,2.788986
150,29,2.792420
151,29,2.792614
152,29,2.791961
153,29,2.791358
154,29,2.790561
155,29,2.788676
156,29,2.781955
157,29,2.788637
158,29,2.780784
159,29,2.783466
160,29,2.791268
161,29,2.795224
162,29,2.792157
163,29,2.792119
164,29,2.792759
165,29,2.796456
166,29,2.792346
167,29,2.796616
168,29,2.788572
169,29,2.791947
170,29,2.784534
171,29,2.791619
172,29,2.787815
173,29,2.787172
174,29,2.787074
175,29,2.786311
176,29,2.786065
177,29,2.785180
178,29,2.788637
179,29,2.787629
180,29,2.783230
181,29,2.793655
182,29,2.789104
183,29,2.791437
184,29,2.786991
185,29,2.785316
186,29,2.784592
187,29,2.786612
188,29,2.781901
189,29,2.787613
190,29,2.786619
191,29,2.781342
192,29,2.783327
193,29,2.777882
194,29,2.783577
195,29,2.782235
196,29,2.780389
197,29,2.778167
198,29,2.776141
199,29,2.786057
200,29,2.775410
201,29,2.777464
202,29,2.775064
203,29,2.776225
204,29,2.773629
205,29,2.771503
206,29,2.772420
207,29,2.765673
208,29,2.771001
209,29,2.771746
210,29,2.772307
211,29,2.765811
212,29,2.766231
213,29,2.774954
214,29,2.770552
215,29,2.767519
216,29,2.764391
217,29,2.764219
218,29,2.771700
219,29,2.771267
220,29,2.771560
221,29,2.775601
222,29,2.770916
223,29,2.770868
224,29,2.758408
225,29,2.753293
226,29,2.756733
227,29,2.756199
228,29,2.750625
229,29,2.749818
230,29,2.756588
231,29,2.757472
232,29,2.756239
233,29,2.751015
234,29,2.748257
235,29,2.750416
236,29,2.744718
237,29,2.746570
238,29,2.739181
239,29,2.740673
240,29,2.722730
241,29,2.723876
242,29,2.718694
243,29,2.723286
244,29,2.716126
245,29,2.716472
246,29,2.711066
247,29,2.718658
248,29,2.714470
249,29,2.710056
250,29,2.703519
251,29,2.702430
252,29,2.704941
253,29,2.691779
254,29,2.693757
255,29,2.685582
0,30,2.731976
1,30,2.737347
2,30,2.740834
3,30,2.740270
4,30,2.743368
5,30,2.746278
6,30,2.750447
7,30,2.752966
8,30,2.739904
9,30,2.745941
10,30,2.751818
11,30,2.747248
12,30,2.748933
13,30,2.750471
14,30,2.748012
15,30,2.762679
16,30,2.767622
17,30,2.768581
18,30,2.769410
19,30,2.771151
20,30,2.779412
21,30,2.779849
22,30,2.784982
23,30,2.781312
24,30,2.773678
25,30,2.774341
26,30,2.771213
27,30,2.770945
28,30,2.774427
29,30,2.774762
30,30,2.770322
31,30,2.770337
32,30,2.781863
33,30,2.788683
34,30,2.791561
35,30,2.779626
36,30,2.790713
37,30,2.789461
38,30,2.788759
39,30,2.787326
40,30,2.778705
41,30,2.781645
42,30,2.779960
43,30,2.782599
44,30,2.776894
45,30,2.783370
46,30,2.781873
47,30,2.779789
48,30,2.798064
49,30,2.799679
50,30,2.793518
51,30,2.795422
52,30,2.801371
53,30,2.799247
54,30,2.796646
55,30,2.798904
56,30,2.788457
57,30,2.794059
58,30,2.791523
59,30,2.792435
60,30,2.786586
61,30,2.787365
62,30,2.788359
63,30,2.793564
64,30,2.798256
65,30,2.803332
66,30,2.802091
67,30,2.805115
68,30,2.805650
69,30,2.802060
70,30,2.803156
71,30,2.807147
72,30,2.800391
73,30,2.804260
74,30,2.795432
75,30,2.797252
76,30,2.794061
77,30,2.789980
78,30,2.794351
79,30,2.801708
80,30,2.805937
81,30,2.809320
82,30,2.809555
83,30,2.801986
84,30,2.809058
85,30,2.809075
86,30,2.808298
87,30,2.808173
88,30,2.792599
89,30,2.791597
90,30,2.795168
91,30,2.790166
92,30,2.797471
93,30,2.793066
94,30,2.791689
95,30,2.794955
96,30,2.811023
97,30,2.810749
98,30,2.811242
99,30,2.807803
100,30,2.808090
101,30,2.807618
102,30,2.807786
103,30,2.800213
104,30,2.804121
105,30,2.795654
106,30,2.799420
107,30,2.791584
108,30,2.791357
109,30,2.786446
110,30,2.789965
111,30,2.793391
112,30,2.809984
113,30,2.810729
114,30,2.803712
115,30,2.804319
116,30,2.800250
117,30,2.793024
118,30,2.793427
119,30,2.797615
120,30,2.790182
121,30,2.794235
122,30,2.794369
123,30,2.798286
124,30,2.790578
125,30,2.794360
126,30,2.778810
127,30,2.778603
128,30,2.785307
129,30,2.786288
130,30,2.787195
131,30,2.786116
132,30,2.781098
133,30,2.772160
134,30,2.774721
135,30,2.775276
136,30,2.771918
137,30,2.770410
138,30,2.753422
139,30,2.757563
140,30,2.758532
141,30,2.762532
142,30,2.766465
143,30,2.762624
144,30,2.797244
145,30,2.793267
146,30,2.796941
147,30,2.797417
148,30,2.789360
149,30,2.796713
150,30,2.792367
151,30,2.790719
152,30,2.790083
153,30,2.783589
154,30,2.786786
155,30,2.788602
156,30,2.785900
157,30,2.782969
158,30,2.783810
159,30,2.787445
160,30,2.795025
161,30,2.795117
162,30,2.795896
163,30,2.795858
164,30,2.788061
165,30,2.792472
166,30,2.799969
167,30,2.796529
168,30,2.796203
169,30,2.788035
170,30,2.784469
171,30,2.787718
172,30,2.787764
173,30,2.790988
174,30,2.790162
175,30,2.782434
176,30,2.785316
177,30,2.792876
178,30,2.784053
179,30,2.791489
180,30,2.790223
181,30,2.789828
182,30,2.788412
183,30,2.791742
184,30,2.790173
185,30,2.785668
186,30,2.783944
187,30,2.783160
188,30,2.781996
189,30,2.784213
190,30,2.782886
191,30,2.777262
192,30,2.783476
193,30,2.781565
194,30,2.779903
195,30,2.782418
196,30,2.783719
197,30,2.782235
198,30,2.784073
199,30,2.781723
200,30,2.781944
201,30,2.773166
202,30,2.779009
203,30,2.780387
204,30,2.777647
205,30,2.774974
206,30,2.768928
207,30,2.774363
208,30,2.762969
209,30,2.764374
210,30,2.765038
211,30,2.765544
212,30,2.770534
213,30,2.767017
214,30,2.771813
215,30,2.771948
216,30,2.764229
217,30,2.768730
218,30,2.760759
219,30,2.768898
220,30,2.768509
221,30,2.767857
222,30,2.764107
223,30,2.767955
224,30,2.755331
225,30,2.758207
226,30,2.753989
227,30,2.752477
228,30,2.747995
229,30,2.754946
230,30,2.752955
231,30,2.751182
232,30,2.750008
233,30,2.752548
234,30,2.746014
235,30,2.748237
236,30,2.746458
237,30,2.747052
238,30,2.744927
239,30,2.742638
240,30,2.720917
241,30,2.723775
242,30,2.720928
243,30,2.721749
244,30,2.722380
245,30,2.713478
246,30,2.717521
247,30,2.721354
248,30,2.717264
249,30,2.709098
250,30,2.702691
251,30,2.701710
252,30,2.700481
253,30,2.695141
254,30,2.701093
255,30,2.689220
0,31,2.734346
1,31,2.734136
2,31,2.739154
3,31,2.746212
4,31,2.745376
5,31,2.748208
6,31,2.750862
7,31,2.750876
8,31,2.753154
9,31,2.747564
10,31,2.745668
11,31,2.752576
12,31,2.750346
13,31,2.751823
14,31,2.753159
15,31,2.758209
16,31,2.768773
17,31,2.761972
18,31,2.774308
19,31,2.772132
20,31,2.780345
21,31,2.780734
22,31,2.777155
23,31,2.785947
24,31,2.782807
25,31,2.775022
26,31,2.774837
27,31,2.779239
28,31,2.767272
29,31,2.774470
30,31,2.771469
31,31,2.774605
32,31,2.785353
33,31,2.785168
34,31,2.784161
35,31,2.787599
36,31,2.787079
37,31,2.789651
38,31,2.784434
39,31,2.791982
40,31,2.790442
41,31,2.781118
42,31,2.776128
43,31,2.782727
44,31,2.777539
45,31,2.779443
46,31,2.781275
47,31,2.780343
48,31,2.801283
49,31,2.795634
50,31,2.797841
51,31,2.799299
52,31,2.801098
53,31,2.803093
54,31,2.800868
55,31,2.798186
56,31,2.796125
57,31,2.789804
58,31,2.794627
59,31,2.788828
60,31,2.793518
61,31,2.791414
62,31,2.792119
63,31,2.792764
64,31,2.805847
65,31,2.802511
66,31,2.803885
67,31,2.808128
68,31,2.817058
69,31,2.809617
70,31,2.810694
71,31,2.806984
72,31,2.803365
73,31,2.800229
74,31,2.792612
75,31,2.797062
76,31,2.793854
77,31,2.789778
78,31,2.794135
79,31,2.793791
80,31,2.805711
81,31,2.805247
82,31,2.809322
83,31,2.804884
84,31,2.812671
85,31,2.804974
86,31,2.804200
87,31,2.807944
88,31,2.807026
89,31,2.802895
90,31,2.794898
91,31,2.793756
92,31,2.789494
93,31,2.796637
94,31,2.791528
95,31,2.798526
96,31,2.810830
97,31,2.806807
98,31,2.807284
99,31,2.811475
100,31,2.803378
101,31,2.815158
102,31,2.807648
103,31,2.807766
104,31,2.799371
105,31,2.799349
106,31,2.795419
107,31,2.799110
108,31,2.791165
109,31,2.794026
110,31,2.789813
111,31,2.789392
112,31,2.809905
113,31,2.814496
114,31,2.807460
115,31,2.807335
116,31,2.804015
117,31,2.792923
118,31,2.793321
119,31,2.797506
120,31,2.797770
121,31,2.794118
122,31,2.790395
123,31,2.786605
124,31,2.782748
125,31,2.778825
126,31,2.774833
127,31,2.782333
128,31,2.789075
129,31,2.786194
130,31,2.787104
131,31,2.784079
132,31,2.777133
133,31,2.773971
134,31,2.770741
135,31,2.779011
136,31,2.775644
137,31,2.777988
138,31,2.761002
139,31,2.761286
140,31,2.761503
141,31,2.764317
142,31,2.756694
143,31,2.758635
144,31,2.800965
145,31,2.798921
146,31,2.796805
147,31,2.793463
148,31,2.796978
149,31,2.792711
150,31,2.788455
151,31,2.791751
152,31,2.791960
153,31,2.791262
154,31,2.786633
155,31,2.789779
156,31,2.787662
157,31,2.788761
158,31,2.787695
159,31,2.789204
160,31,2.794812
161,31,2.798781
162,31,2.795687
163,31,2.795662
164,31,2.799436
165,31,2.796135
166,31,2.795939
167,31,2.795633
168,31,2.795965
169,31,2.787881
170,31,2.788070
171,31,2.795280
172,31,2.786908
173,31,2.787004
174,31,2.793900
175,31,2.786169
176,31,2.792921
177,31,2.788920
178,31,2.791674
179,31,2.791402
180,31,2.786303
181,31,2.785202
182,31,2.792215
183,31,2.783283
184,31,2.778586
185,31,2.785639
186,31,2.787790
187,31,2.783154
188,31,2.785148
189,31,2.784232
190,31,2.782212
191,31,2.781160
192,31,2.786681
193,31,2.785491
194,31,2.780383
195,31,2.777953
196,31,2.780407
197,31,2.777802
198,31,2.783961
199,31,2.781875
200,31,2.775626
201,31,2.773857
202,31,2.775353
203,31,2.772728
204,31,2.774031
205,31,2.775792
206,31,2.769074
207,31,2.773937
208,31,2.771598
209,31,2.767846
210,31,2.769182
211,31,2.770434
212,31,2.767062
213,31,2.771278
214,31,2.767676
215,31,2.768544
216,31,2.765468
217,31,2.764663
218,31,2.769085
219,31,2.769556
220,31,2.765225
221,31,2.768622
222,31,2.768767
223,31,2.764035
224,31,2.752384
225,31,2.756033
226,31,2.754014
227,31,2.749702
228,31,2.749122
229,31,2.755056
230,31,2.758054
231,31,2.753217
232,31,2.755235
233,31,2.745093
234,31,2.747523
235,31,2.745955
236,31,2.744240
237,31,2.748770
238,31,2.746714
239,31,2.740643
240,31,2.724556
241,31,2.725818
242,31,2.719196
243,31,2.720098
244,31,2.720812
245,31,2.719723
246,31,2.720003
247,31,2.720076
248,31,2.716082
249,31,2.710077
250,31,2.709440
251,31,2.700861
252,31,2.699742
253,31,2.698369
254,31,2.698534
255,31,2.685013
0,32,2.728200
1,32,2.727904
2,32,2.731261
3,32,2.732090
4,32,2.735716
5,32,2.730766
6,32,2.733345
7,32,2.735754
8,32,2.743184
9,32,2.741379
10,32,2.743270
11,32,2.741157
12,32,2.740102
13,32,2.741520
14,32,2.746650
15,32,2.751644
16,32,2.761032
17,32,2.755270
18,32,2.763702
19,32,2.764306
20,32,2.765776
21,32,2.766118
22,32,2.754788
23,32,2.759426
24,32,2.764179
25,32,2.756352
26,32,2.763833
27,32,2.763506
28,32,2.760033
29,32,2.764007
30,32,2.759515
31,32,2.763380
32,32,2.774095
33,32,2.765455
34,32,2.769639
35,32,2.776220
36,32,2.771156
37,32,2.770497
38,32,2.773622
39,32,2.768297
40,32,2.767330
41,32,2.773391
42,32,2.772334
43,32,2.771074
44,32,2.773042
45,32,2.771749
46,32,2.770209
47,32,2.771949
48,32,2.781782
49,32,2.780181
50,32,2.781701
51,32,2.783569
52,32,2.777903
53,32,2.775746
54,32,2.785349
55,32,2.774959
56,32,2.776410
57,32,2.770402
58,32,2.771691
59,32,2.776439
60,32,2.774091
61,32,2.782853
62,32,2.780375
63,32,2.773571
64,32,2.785704
65,32,2.787126
66,32,2.783721
67,32,2.788640
68,32,2.789170
69,32,2.782407
70,32,2.782789
71,32,2.783611
72,32,2.779993
73,32,2.780696
74,32,2.780785
75,32,2.781369
76,32,2.789020
77,32,2.785632
78,32,2.785434
79,32,2.781930
80,32,2.789293
81,32,2.789525
82,32,2.785880
83,32,2.785302
84,32,2.785369
85,32,2.783646
86,32,2.782438
87,32,2.776775
88,32,2.779715
89,32,2.779479
90,32,2.778421
91,32,2.785773
92,32,2.781425
93,32,2.780244
94,32,2.775752
95,32,2.778888
96,32,2.790673
97,32,2.791212
98,32,2.791602
99,32,2.792000
100,32,2.783859
101,32,2.780264
102,32,2.780420
103,32,2.780538
104,32,2.776015
105,32,2.779845
106,32,2.779747
107,32,2.779607
108,32,2.775520
109,32,2.774071
110,32,2.781863
111,32,2.777586
112,32,2.790469
113,32,2.783494
114,32,2.784157
115,32,2.768622
116,32,2.776856
117,32,2.773465
118,32,2.773859
119,32,2.770334
120,32,2.774447
121,32,2.774642
122,32,2.778622
123,32,2.774831
124,32,2.770973
125,32,2.767049
126,32,2.766912
127,32,2.766708
128,32,2.773487
129,32,2.770598
130,32,2.767640
131,32,2.764613
132,32,2.771149
133,32,2.754500
134,32,2.757047
135,32,2.759527
136,32,2.760013
137,32,2.760431
138,32,2.764636
139,32,2.764921
140,32,2.761286
141,32,2.762156
142,32,2.764167
143,32,2.762260
144,32,2.787257
145,32,2.789071
146,32,2.781167
147,32,2.793218
148,32,2.781324
149,32,2.780986
150,32,2.784363
151,32,2.783907
152,32,2.785929
153,32,2.779455
154,32,2.780743
155,32,2.785684
156,32,2.768300
157,32,2.765392
158,32,2.768366
159,32,2.767238
160,32,2.786801
161,32,2.783076
162,32,2.783127
163,32,2.779963
164,32,2.779874
165,32,2.779742
166,32,2.780214
167,32,2.776113
168,32,2.780294
169,32,2.779929
170,32,2.787125
171,32,2.783485
172,32,2.763570
173,32,2.767515
174,32,2.766722
175,32,2.774108
176,32,2.781718
177,32,2.780605
178,32,2.776084
179,32,2.778975
180,32,2.774583
181,32,2.781204
182,32,2.772808
183,32,2.775452
184,32,2.778463
185,32,2.777127
186,32,2.779983
187,32,2.778518
188,32,2.761953
189,32,2.760356
190,32,2.759382
191,32,2.753458
192,32,2.767758
193,32,2.770058
194,32,2.771978
195,32,2.770255
196,32,2.764327
197,32,2.774425
198,32,2.764743
199,32,2.770159
200,32,2.771854
201,32,2.766239
202,32,2.771431
203,32,2.772853
204,32,2.754768
205,32,2.755996
206,32,2.749986
207,32,2.750922
208,32,2.755707
209,32,2.761005
210,32,2.754020
211,32,2.758455
212,32,2.755783
213,32,2.756180
214,32,2.748781
215,32,2.753535
216,32,2.753590
217,32,2.754289
218,32,2.758061
219,32,2.750046
220,32,2.735025
221,32,2.735314
222,32,2.726221
223,32,2.730133
224,32,2.737789
225,32,2.736676
226,32,2.740233
227,32,2.731422
228,32,2.729861
229,32,2.733037
230,32,2.736087
231,32,2.731304
232,32,2.732956
233,32,2.738736
234,32,2.737373
235,32,2.735867
236,32,2.717543
237,32,2.719562
238,32,2.713720
239,32,2.714062
240,32,2.703298
241,32,2.708487
242,32,2.701942
243,32,2.702923
244,32,2.690612
245,32,2.695030
246,32,2.699251
247,32,2.699414
248,32,2.693792
249,32,2.693483
250,32,2.696800
251,32,2.696031
252,32,2.671165
253,32,2.671782
254,32,2.666355
255,32,2.660658
0,33,2.730358
1,33,2.726123
2,33,2.733249
3,33,2.728625
4,33,2.736838
5,33,2.735666
6,33,2.734320
7,33,2.741179
8,33,2.739499
9,33,2.742800
10,33,2.744627
11,33,2.746303
12,33,2.740128
13,33,2.742679
14,33,2.743900
15,33,2.748839
16,33,2.762010
17,33,2.758984
18,33,2.764565
19,33,2.765119
20,33,2.757849
21,33,2.769727
22,33,2.755451
23,33,2.760030
24,33,2.756143
25,33,2.760715
26,33,2.760451
27,33,2.763938
28,33,2.764124
29,33,2.760487
30,33,2.759812
31,33,2.770602
32,33,2.770461
33,33,2.770144
34,33,2.776797
35,33,2.772468
36,33,2.771228
37,33,2.778259
38,33,2.765297
39,33,2.775966
40,33,2.768609
41,33,2.770090
42,33,2.772197
43,33,2.770378
44,33,2.773498
45,33,2.771519
46,33,2.773321
47,33,2.764610
48,33,2.781671
49,33,2.779399
50,33,2.781986
51,33,2.779568
52,33,2.773230
53,33,2.779420
54,33,2.776795
55,33,2.778313
56,33,2.776201
57,33,2.777228
58,33,2.775310
59,33,2.780056
60,33,2.773473
61,33,2.778742
62,33,2.771739
63,33,2.773292
64,33,2.789278
65,33,2.786827
66,33,2.791129
67,33,2.791723
68,33,2.785001
69,33,2.777563
70,33,2.782458
71,33,2.786455
72,33,2.783500
73,33,2.779671
74,33,2.784279
75,33,2.780329
76,33,2.784796
77,33,2.781396
78,33,2.785053
79,33,2.781537
80,33,2.788903
81,33,2.789123
82,33,2.780936
83,33,2.784893
84,33,2.792653
85,33,2.783916
86,33,2.782708
87,33,2.779508
88,33,2.779283
89,33,2.786743
90,33,2.777987
91,33,2.781476
92,33,2.773265
93,33,2.775946
94,33,2.775297
95,33,2.778550
96,33,2.786559
97,33,2.790854
98,33,2.791313
99,33,2.791638
100,33,2.783561
101,33,2.783770
102,33,2.776245
103,33,2.780203
104,33,2.779538
105,33,2.787209
106,33,2.779417
107,33,2.777173
108,33,2.775723
109,33,2.774274
110,33,2.773829
111,33,2.777256
112,33,2.782500
113,33,2.783224
114,33,2.783880
115,33,2.783768
116,33,2.768871
117,33,2.773180
118,33,2.769717
119,33,2.773894
120,33,2.778000
121,33,2.778192
122,33,2.770612
123,33,2.774525
124,33,2.766814
125,33,2.766744
126,33,2.770459
127,33,2.770256
128,33,2.780923
129,33,2.778027
130,33,2.771217
131,33,2.766245
132,33,2.765074
133,33,2.761908
134,33,2.756747
135,33,2.766931
136,33,2.755850
137,33,2.763974
138,33,2.772032
139,33,2.764613
140,33,2.766756
141,33,2.761831
142,33,2.765772
143,33,2.765794
144,33,2.788869
145,33,2.784907
146,33,2.784740
147,33,2.784482
148,33,2.790684
149,33,2.786434
150,33,2.780265
151,33,2.779727
152,33,2.787621
153,33,2.781020
154,33,2.780316
155,33,2.785497
156,33,2.766028
157,33,2.765219
158,33,2.764176
159,33,2.769025
160,33,2.782580
161,33,2.786544
162,33,2.778902
163,33,2.779583
164,33,2.775655
165,33,2.775534
166,33,2.776003
167,33,2.775766
168,33,2.779264
169,33,2.787297
170,33,2.779097
171,33,2.783157
172,33,2.763259
173,33,2.766524
174,33,2.766423
175,33,2.761864
176,33,2.781266
177,33,2.780153
178,33,2.779667
179,33,2.774868
180,33,2.765953
181,33,2.773261
182,33,2.775757
183,33,2.779087
184,33,2.769874
185,33,2.780782
186,33,2.779122
187,33,2.782196
188,33,2.761425
189,33,2.764058
190,33,2.755380
191,33,2.757186
192,33,2.771489
193,33,2.769278
194,33,2.768031
195,33,2.762202
196,33,2.768116
197,33,2.762808
198,33,2.764030
199,33,2.758575
200,33,2.763945
201,33,2.773274
202,33,2.771449
203,33,2.776072
204,33,2.754825
205,33,2.756620
206,33,2.749401
207,33,2.751030
208,33,2.752581
209,33,2.756621
210,33,2.754145
211,33,2.755439
212,33,2.751458
213,33,2.752567
214,33,2.753590
215,33,2.745422
216,33,2.742396
217,33,2.753920
218,33,2.754542
219,33,2.750544
220,33,2.735561
221,33,2.738891
222,33,2.731391
223,33,2.734671
224,33,2.737597
225,33,2.733607
226,33,2.733358
227,33,2.735853
228,33,2.734668
229,33,2.734042
230,33,2.733291
231,33,2.735169
232,33,2.726429
233,33,2.739988
234,33,2.737497
235,33,2.739875
236,33,2.718991
237,33,2.721074
238,33,2.713986
239,33,2.711874
240,33,2.705050
241,33,2.702606
242,33,2.703843
243,33,2.703410
244,33,2.700396
245,33,2.697193
246,33,2.693794
247,33,2.692390
248,33,2.696245
249,33,2.703023
250,33,2.694880
251,33,2.698064
252,33,2.672145
253,33,2.670941
254,33,2.665629
255,33,2.660051
0,34,2.732404
1,34,2.735790
2,34,2.731275
3,34,2.734278
4,34,2.737097
5,34,2.745001
6,34,2.739730
7,34,2.741999
8,34,2.740903
9,34,2.746703
10,34,2.745885
11,34,2.743648
12,34,2.745119
13,34,2.742596
14,34,2.747641
15,34,2.742089
16,34,2.766750
17,34,2.763672
18,34,2.764324
19,34,2.765845
20,34,2.758528
21,34,2.758802
22,34,2.759602
23,34,2.764403
24,34,2.764326
25,34,2.760293
26,34,2.760009
27,34,2.764923
28,34,2.760569
29,34,2.763825
30,34,2.760029
31,34,2.763080
32,34,2.774380
33,34,2.777253
34,34,2.773007
35,34,2.775691
36,34,2.778924
37,34,2.774358
38,34,2.780632
39,34,2.775902
40,34,2.767179
41,34,2.769352
42,34,2.771450
43,34,2.770776
44,34,2.772713
45,34,2.770725
46,34,2.769777
47,34,2.771488
48,34,2.788541
49,34,2.783477
50,34,2.781119
51,34,2.782547
52,34,2.777232
53,34,2.782371
54,34,2.776887
55,34,2.778035
56,34,2.779119
57,34,2.784958
58,34,2.770497
59,34,2.775878
60,34,2.769290
61,34,2.773903
62,34,2.775505
63,34,2.779989
64,34,2.792762
65,34,2.785798
66,34,2.783036
67,34,2.791334
68,34,2.784597
69,34,2.786969
70,34,2.782038
71,34,2.782185
72,34,2.779213
73,34,2.779240
74,34,2.783832
75,34,2.776033
76,34,2.780485
77,34,2.780272
78,34,2.780731
79,34,2.784253
80,34,2.788377
81,34,2.788633
82,34,2.788131
83,34,2.792101
84,34,2.779922
85,34,2.787606
86,34,2.787530
87,34,2.782852
88,34,2.778808
89,34,2.782361
90,34,2.781384
91,34,2.773238
92,34,2.776666
93,34,2.779264
94,34,2.774868
95,34,2.777997
96,34,2.793822
97,34,2.790490
98,34,2.787013
99,34,2.786721
100,34,2.783128
101,34,2.783371
102,34,2.787369
103,34,2.786796
104,34,2.782972
105,34,2.779086
106,34,2.778976
107,34,2.778827
108,34,2.775926
109,34,2.773780
110,34,2.773406
111,34,2.772986
112,34,2.789867
113,34,2.790571
114,34,2.786684
115,34,2.783404
116,34,2.768510
117,34,2.772807
118,34,2.769340
119,34,2.773507
120,34,2.777615
121,34,2.773951
122,34,2.785631
123,34,2.777984
124,34,2.774125
125,34,2.762495
126,34,2.758506
127,34,2.766010
128,34,2.776712
129,34,2.777661
130,34,2.766984
131,34,2.767803
132,34,2.770468
133,34,2.769226
134,34,2.765980
135,34,2.762679
136,34,2.763164
137,34,2.763576
138,34,2.767782
139,34,2.764212
140,34,2.764434
141,34,2.760735
142,34,2.761509
143,34,2.759608
144,34,2.788465
145,34,2.788363
146,34,2.784334
147,34,2.784125
148,34,2.782558
149,34,2.786086
150,34,2.783701
151,34,2.779407
152,34,2.774955
153,34,2.786516
154,34,2.779917
155,34,2.781224
156,34,2.784336
157,34,2.780201
158,34,2.771635
159,34,2.774383
160,34,2.782096
161,34,2.782235
162,34,2.782293
163,34,2.786816
164,34,2.779053
165,34,2.782767
166,34,2.779407
167,34,2.767572
168,34,2.778842
169,34,2.779089
170,34,2.782537
171,34,2.774276
172,34,2.774416
173,34,2.773720
174,34,2.758329
175,34,2.765198
176,34,2.783704
177,34,2.783550
178,34,2.778652
179,34,2.774524
180,34,2.773333
181,34,2.772934
182,34,2.775449
183,34,2.774926
184,34,2.773439
185,34,2.776642
186,34,2.771429
187,34,2.770372
188,34,2.772736
189,34,2.771522
190,34,2.754491
191,34,2.756969
192,34,2.766773
193,34,2.765607
194,34,2.767197
195,34,2.765891
196,34,2.764108
197,34,2.762010
198,34,2.768200
199,34,2.765514
200,34,2.767703
201,34,2.765970
202,34,2.759167
203,34,2.768837
204,34,2.761844
205,34,2.759796
206,34,2.753820
207,34,2.754246
208,34,2.755808
209,34,2.761144
210,34,2.753562
211,34,2.751016
212,34,2.756093
213,34,2.748192
214,34,2.753082
215,34,2.750178
216,34,2.750298
217,34,2.754248
218,34,2.743347
219,34,2.750814
220,34,2.742899
221,34,2.747099
222,34,2.727215
223,34,2.731189
224,34,2.738250
225,34,2.738157
226,34,2.733142
227,34,2.732801
228,34,2.736195
229,34,2.730069
230,34,2.729344
231,34,2.728493
232,34,2.727514
233,34,2.736818
234,34,2.731020
235,34,2.725752
236,34,2.728046
237,34,2.728927
238,34,2.715480
239,34,2.721141
240,34,2.706698
241,34,2.710630
242,34,2.704200
243,34,2.705300
244,34,2.702365
245,34,2.699243
246,34,2.694335
247,34,2.694634
248,34,2.686328
249,34,2.697765
250,34,2.689719
251,34,2.683476
252,34,2.682625
253,34,2.681531
254,34,2.668625
255,34,2.667017
0,35,2.728905
1,35,2.729938
2,35,2.736901
3,35,2.732119
4,35,2.734863
5,35,2.737432
6,35,2.741187
7,35,2.747240
8,35,2.745427
9,35,2.740239
10,35,2.741971
11,35,2.747408
12,35,2.750016
13,35,2.747436
14,35,2.752426
15,35,2.749578
16,35,2.763695
17,35,2.768273
18,35,2.761170
19,35,2.757800
20,35,2.758166
21,35,2.759350
22,35,2.767798
23,35,2.763955
24,35,2.760006
25,35,2.764501
26,35,2.760326
27,35,2.760526
28,35,2.760787
29,35,2.767860
30,35,2.763282
31,35,2.766937
32,35,2.778291
33,35,2.773427
34,35,2.776182
35,35,2.772413
36,35,2.771132
37,35,2.769770
38,35,2.772798
39,35,2.775710
40,35,2.770244
41,35,2.768554
42,35,2.775646
43,35,2.773794
44,35,2.771869
45,35,2.774831
46,35,2.772751
47,35,2.770601
48,35,2.781004
49,35,2.782559
50,35,2.784666
51,35,2.786490
52,35,2.780129
53,35,2.774325
54,35,2.783609
55,35,2.784752
56,35,2.775230
57,35,2.780091
58,35,2.777808
59,35,2.782844
60,35,2.776579
61,35,2.773484
62,35,2.778295
63,35,2.775697
64,35,2.784209
65,35,2.785340
66,35,2.785788
67,35,2.787006
68,35,2.783478
69,35,2.784551
70,35,2.792460
71,35,2.785534
72,35,2.781913
73,35,2.778722
74,35,2.778812
75,35,2.783209
76,35,2.783792
77,35,2.775878
78,35,2.780107
79,35,2.775996
80,35,2.787814
81,35,2.787415
82,35,2.791413
83,35,2.787665
84,35,2.783197
85,35,2.787016
86,35,2.782429
87,35,2.782257
88,35,2.778203
89,35,2.769534
90,35,2.776922
91,35,2.780405
92,35,2.775381
93,35,2.782599
94,35,2.781943
95,35,2.780676
96,35,2.789531
97,35,2.793811
98,35,2.790401
99,35,2.786203
100,35,2.782655
101,35,2.775146
102,35,2.783018
103,35,2.782439
104,35,2.786321
105,35,2.778582
106,35,2.786178
107,35,2.774435
108,35,2.781266
109,35,2.777090
110,35,2.776756
111,35,2.780186
112,35,2.785561
113,35,2.782419
114,35,2.778531
115,35,2.786805
116,35,2.779613
117,35,2.776199
118,35,2.772728
119,35,2.780745
120,35,2.780992
121,35,2.781179
122,35,2.777446
123,35,2.769798
124,35,2.773643
125,35,2.773572
126,35,2.769583
127,35,2.765530
128,35,2.776267
129,35,2.781061
130,35,2.774237
131,35,2.771186
132,35,2.771922
133,35,2.764900
134,35,2.765505
135,35,2.766055
136,35,2.766531
137,35,2.774649
138,35,2.767297
139,35,2.779139
140,35,2.771657
141,35,2.764107
142,35,2.762938
143,35,2.762967
144,35,2.782196
145,35,2.784024
146,35,2.780024
147,35,2.777854
148,35,2.780183
149,35,2.783654
150,35,2.783197
151,35,2.780832
152,35,2.786014
153,35,2.789973
154,35,2.785384
155,35,2.780858
156,35,2.772274
157,35,2.772144
158,35,2.767270
159,35,2.766359
160,35,2.773194
161,35,2.777823
162,35,2.774046
163,35,2.777905
164,35,2.774642
165,35,2.782238
166,35,2.770518
167,35,2.778609
168,35,2.778332
169,35,2.781784
170,35,2.778185
171,35,2.781497
172,35,2.762369
173,35,2.761689
174,35,2.772622
175,35,2.768591
176,35,2.771700
177,35,2.775231
178,35,2.774369
179,35,2.777944
180,35,2.772919
181,35,2.775734
182,35,2.778906
183,35,2.770040
184,35,2.769210
185,35,2.775630
186,35,2.774923
187,35,2.773235
188,35,2.764694
189,35,2.755145
190,35,2.758031
191,35,2.764075
192,35,2.762634
193,35,2.768543
194,35,2.763085
195,35,2.765636
196,35,2.763637
197,35,2.769491
198,35,2.763496
199,35,2.765773
200,35,2.766885
201,35,2.772865
202,35,2.766722
203,35,2.764209
204,35,2.750699
205,35,2.755839
206,35,2.753092
207,35,2.750904
208,35,2.755121
209,35,2.748910
210,35,2.750325
211,35,2.746532
212,35,2.751621
213,35,2.752774
214,35,2.744805
215,35,2.745768
216,35,2.746643
217,35,2.750528
218,35,2.746711
219,35,2.751143
220,35,2.732362
221,35,2.738979
222,35,2.731537
223,35,2.739405
224,35,2.730855
225,35,2.733992
226,35,2.733809
227,35,2.729660
228,35,2.728254
229,35,2.727053
230,35,2.730231
231,35,2.732209
232,35,2.723551
233,35,2.734025
234,35,2.736006
235,35,2.729606
236,35,2.720373
237,35,2.726404
238,35,2.720727
239,35,2.726454
240,35,2.703040
241,35,2.704558
242,35,2.702054
243,35,2.699377
244,35,2.698875
245,35,2.703502
246,35,2.696379
247,35,2.696090
248,35,2.696272
249,35,2.700096
250,35,2.694245
251,35,2.693730
252,35,2.677572
253,35,2.676584
254,35,2.671494
255,35,2.667990
0,36,2.730123
1,36,2.733384
2,36,2.733229
3,36,2.745269
4,36,2.736380
5,36,2.746582
6,36,2.741204
7,36,2.747222
8,36,2.742799
9,36,2.748472
10,36,2.750761
11,36,2.748433
12,36,2.749815
13,36,2.748333
14,36,2.745563
15,36,2.754221
16,36,2.767216
17,36,2.767916
18,36,2.765635
19,36,2.766071
20,36,2.766392
21,36,2.759503
22,36,2.756646
23,36,2.760468
24,36,2.764184
25,36,2.767797
26,36,2.761170
27,36,2.760712
28,36,2.752452
29,36,2.759509
30,36,2.763957
31,36,2.763108
32,36,2.781433
33,36,2.776555
34,36,2.776707
35,36,2.775496
36,36,2.770349
37,36,2.777890
38,36,2.776421
39,36,2.774874
40,36,2.777706
41,36,2.780402
42,36,2.770908
43,36,2.769650
44,36,2.764361
45,36,2.770049
46,36,2.772417
47,36,2.770713
48,36,2.783887
49,36,2.786039
50,36,2.784079
51,36,2.781630
52,36,2.783576
53,36,2.785221
54,36,2.783175
55,36,2.784315
56,36,2.774164
57,36,2.787334
58,36,2.776721
59,36,2.770800
60,36,2.771615
61,36,2.769394
62,36,2.770081
63,36,2.771320
64,36,2.787534
65,36,2.780944
66,36,2.785246
67,36,2.790297
68,36,2.786771
69,36,2.791679
70,36,2.784179
71,36,2.784945
72,36,2.785177
73,36,2.785825
74,36,2.785915
75,36,2.782594
76,36,2.778600
77,36,2.775252
78,36,2.774993
79,36,2.779213
80,36,2.791019
81,36,2.794476
82,36,2.794610
83,36,2.786367
84,36,2.782534
85,36,2.786353
86,36,2.785613
87,36,2.781612
88,36,2.781365
89,36,2.776613
90,36,2.776228
91,36,2.771996
92,36,2.774684
93,36,2.774188
94,36,2.769669
95,36,2.776116
96,36,2.788918
97,36,2.793275
98,36,2.793637
99,36,2.785657
100,36,2.782051
101,36,2.789985
102,36,2.782413
103,36,2.785713
104,36,2.785732
105,36,2.781833
106,36,2.781737
107,36,2.780907
108,36,2.776843
109,36,2.780374
110,36,2.772315
111,36,2.783450
112,36,2.788889
113,36,2.781875
114,36,2.778010
115,36,2.778573
116,36,2.775219
117,36,2.775653
118,36,2.783731
119,36,2.780191
120,36,2.784288
121,36,2.784469
122,36,2.776882
123,36,2.776937
124,36,2.769223
125,36,2.769152
126,36,2.769017
127,36,2.768818
128,36,2.771882
129,36,2.780524
130,36,2.777537
131,36,2.770631
132,36,2.767525
133,36,2.768193
134,36,2.763018
135,36,2.769337
136,36,2.773666
137,36,2.766380
138,36,2.778286
139,36,2.774718
140,36,2.763381
141,36,2.767392
142,36,2.768137
143,36,2.768168
144,36,2.785474
145,36,2.783453
146,36,2.787152
147,36,2.783057
148,36,2.784725
149,36,2.786917
150,36,2.773058
151,36,2.786025
152,36,2.789388
153,36,2.789375
154,36,2.784917
155,36,2.780267
156,36,2.764132
157,36,2.771542
158,36,2.770701
159,36,2.773472
160,36,2.780261
161,36,2.784884
162,36,2.777266
163,36,2.773429
164,36,2.781721
165,36,2.773917
166,36,2.773730
167,36,2.778002
168,36,2.785383
169,36,2.781202
170,36,2.781370
171,36,2.780927
172,36,2.765020
173,36,2.772689
174,36,2.768224
175,36,2.764192
176,36,2.778874
177,36,2.785634
178,36,2.781558
179,36,2.776616
180,36,2.776272
181,36,2.771396
182,36,2.763013
183,36,2.769574
184,36,2.780305
185,36,2.771331
186,36,2.770625
187,36,2.776663
188,36,2.760418
189,36,2.762449
190,36,2.761485
191,36,2.755989
192,36,2.769966
193,36,2.768188
194,36,2.763114
195,36,2.760823
196,36,2.763315
197,36,2.760856
198,36,2.763205
199,36,2.761017
200,36,2.766626
201,36,2.764907
202,36,2.762502
203,36,2.763993
204,36,2.753726
205,36,2.759416
206,36,2.760629
207,36,2.753979
208,36,2.755577
209,36,2.756498
210,36,2.753453
211,36,2.750947
212,36,2.759267
213,36,2.752107
214,36,2.749335
215,36,2.745771
216,36,2.746039
217,36,2.750692
218,36,2.743694
219,36,2.742902
220,36,2.727991
221,36,2.736100
222,36,2.734930
223,36,2.738964
224,36,2.735188
225,36,2.735158
226,36,2.733452
227,36,2.729326
228,36,2.736644
229,36,2.736139
230,36,2.726139
231,36,2.725365
232,36,2.736024
233,36,2.731141
234,36,2.732685
235,36,2.734572
236,36,2.713839
237,36,2.723785
238,36,2.716901
239,36,2.718809
240,36,2.708355
241,36,2.706090
242,36,2.699805
243,36,2.703465
244,36,2.700648
245,36,2.705355
246,36,2.697658
247,36,2.698127
248,36,2.700605
249,36,2.696772
250,36,2.700430
251,36,2.688454
252,36,2.680102
253,36,2.677338
254,36,2.671633
255,36,2.666344
0,37,2.731883
1,37,2.735062
2,37,2.734200
3,37,2.740862
4,37,2.744105
5,37,2.747928
6,37,2.750187
7,37,2.748432
8,37,2.746521
9,37,2.744456
10,37,2.744047
11,37,2.749366
12,37,2.746839
13,37,2.744175
14,37,2.749084
15,37,2.743364
16,37,2.771705
17,37,2.756945
18,37,2.761329
19,37,2.769448
20,37,2.766830
21,37,2.767588
22,37,2.759938
23,37,2.763739
24,37,2.756724
25,37,2.760890
26,37,2.760513
27,37,2.756185
28,37,2.760230
29,37,2.763989
30,37,2.759362
31,37,2.762351
32,37,2.773644
33,37,2.773177
34,37,2.775890
35,37,2.770813
36,37,2.782272
37,37,2.780871
38,37,2.771685
39,37,2.775135
40,37,2.777340
41,37,2.771763
42,37,2.774407
43,37,2.773043
44,37,2.771088
45,37,2.773504
46,37,2.768018
47,37,2.765841
48,37,2.787303
49,37,2.781558
50,37,2.783611
51,37,2.781158
52,37,2.779019
53,37,2.784721
54,37,2.774361
55,37,2.780278
56,37,2.773635
57,37,2.778490
58,37,2.772619
59,37,2.777343
60,37,2.774897
61,37,2.775914
62,37,2.773341
63,37,2.777823
64,37,2.790775
65,37,2.783574
66,37,2.780968
67,37,2.785203
68,37,2.789980
69,37,2.786567
70,37,2.787373
71,37,2.787524
72,37,2.784504
73,37,2.780684
74,37,2.777523
75,37,2.781291
76,37,2.781757
77,37,2.774542
78,37,2.781993
79,37,2.774640
80,37,2.797385
81,37,2.782159
82,37,2.786165
83,37,2.793329
84,37,2.789493
85,37,2.784981
86,37,2.777155
87,37,2.780849
88,37,2.776168
89,37,2.775846
90,37,2.771668
91,37,2.774438
92,37,2.773997
93,37,2.769545
94,37,2.776693
95,37,2.775325
96,37,2.799869
97,37,2.788800
98,37,2.792379
99,37,2.784972
100,37,2.789114
101,37,2.789298
102,37,2.784972
103,37,2.785042
104,37,2.781205
105,37,2.777309
106,37,2.781041
107,37,2.776400
108,37,2.779995
109,37,2.779723
110,37,2.771644
111,37,2.782777
112,37,2.784427
113,37,2.784479
114,37,2.788953
115,37,2.785658
116,37,2.786152
117,37,2.782730
118,37,2.779245
119,37,2.775697
120,37,2.779791
121,37,2.779971
122,37,2.772381
123,37,2.776288
124,37,2.768574
125,37,2.772356
126,37,2.772221
127,37,2.768170
128,37,2.778972
129,37,2.779901
130,37,2.776915
131,37,2.770006
132,37,2.770737
133,37,2.767550
134,37,2.772006
135,37,2.776397
136,37,2.769167
137,37,2.769579
138,37,2.773780
139,37,2.770213
140,37,2.766583
141,37,2.770596
142,37,2.770693
143,37,2.771360
144,37,2.780964
145,37,2.788579
146,37,2.778787
147,37,2.786296
148,37,2.782140
149,37,2.786312
150,37,2.782019
151,37,2.781594
152,37,2.781016
153,37,2.790107
154,37,2.788091
155,37,2.787435
156,37,2.782725
157,37,2.785804
158,37,2.785604
159,37,2.776834
160,37,2.779539
161,37,2.784177
162,37,2.780402
163,37,2.780427
164,37,2.780391
165,37,2.788605
166,37,2.776896
167,37,2.780501
168,37,2.777000
169,37,2.784390
170,37,2.780089
171,37,2.780272
172,37,2.783538
173,37,2.783604
174,37,2.779026
175,37,2.778363
176,37,2.782111
177,37,2.777329
178,37,2.773251
179,37,2.776032
180,37,2.777005
181,37,2.770827
182,37,2.773397
183,37,2.769022
184,37,2.767593
185,37,2.774652
186,37,2.773342
187,37,2.776153
188,37,2.770864
189,37,2.769973
190,37,2.768102
191,37,2.774786
192,37,2.768903
193,37,2.767747
194,37,2.765927
195,37,2.764263
196,37,2.762304
197,37,2.764737
198,37,2.762224
199,37,2.764513
200,37,2.759029
201,37,2.767819
202,37,2.766038
203,37,2.775143
204,37,2.768857
205,37,2.770702
206,37,2.764166
207,37,2.761452
208,37,2.758604
209,37,2.752430
210,37,2.745568
211,37,2.754027
212,37,2.751452
213,37,2.751985
214,37,2.748621
215,37,2.745777
216,37,2.746699
217,37,2.750041
218,37,2.750765
219,37,2.747544
220,37,2.750528
221,37,2.750948
222,37,2.743564
223,37,2.743173
224,37,2.734703
225,37,2.734693
226,37,2.730723
227,37,2.733733
228,37,2.732415
229,37,2.731933
230,37,2.723627
231,37,2.726138
232,37,2.724211
233,37,2.730913
234,37,2.733631
235,37,2.727885
236,37,2.729134
237,37,2.731405
238,37,2.737381
239,37,2.735501
240,37,2.709718
241,37,2.710018
242,37,2.703770
243,37,2.701205
244,37,2.702317
245,37,2.703249
246,37,2.701811
247,37,2.694619
248,37,2.694934
249,37,2.698896
250,37,2.698794
251,37,2.700563
252,37,2.687759
253,37,2.686929
254,37,2.689708
255,37,2.680678
0,38,2.735857
1,38,2.732784
2,38,2.743404
3,38,2.742286
4,38,2.744845
5,38,2.747829
6,38,2.753907
7,38,2.749548
8,38,2.743720
9,38,2.749300
10,38,2.743174
11,38,2.749051
12,38,2.751479
13,38,2.748761
14,38,2.745911
15,38,2.746786
16,38,2.759677
17,38,2.761302
18,38,2.763712
19,38,2.758301
20,38,2.762988
21,38,2.763132
22,38,2.760195
23,38,2.763956
24,38,2.763761
25,38,2.764043
26,38,2.760590
27,38,2.763932
28,38,2.760049
29,38,2.759350
30,38,2.763131
31,38,2.762234
32,38,2.773384
33,38,2.772315
34,38,2.775659
35,38,2.771128
36,38,2.773647
37,38,2.772235
38,38,2.771895
39,38,2.778018
40,38,2.774433
41,38,2.775200
42,38,2.770057
43,38,2.772017
44,38,2.770628
45,38,2.769066
46,38,2.774655
47,38,2.773046
48,38,2.778929
49,38,2.784880
50,38,2.782486
51,38,2.780027
52,38,2.786160
53,38,2.779710
54,38,2.773773
55,38,2.779093
56,38,2.776876
57,38,2.777875
58,38,2.771983
59,38,2.772853
60,38,2.773663
61,38,2.775255
62,38,2.772087
63,38,2.773294
64,38,2.789500
65,38,2.790585
66,38,2.783527
67,38,2.788345
68,38,2.784818
69,38,2.789693
70,38,2.782194
71,38,2.782932
72,38,2.783749
73,38,2.787637
74,38,2.776648
75,38,2.780526
76,38,2.780980
77,38,2.780865
78,38,2.785058
79,38,2.781493
80,38,2.792735
81,38,2.789056
82,38,2.784747
83,38,2.780955
84,38,2.780963
85,38,2.780305
86,38,2.780200
87,38,2.780005
88,38,2.775329
89,38,2.782703
90,38,2.778516
91,38,2.781375
92,38,2.769283
93,38,2.776486
94,38,2.771348
95,38,2.774581
96,38,2.791473
97,38,2.780315
98,38,2.791615
99,38,2.791965
100,38,2.788347
101,38,2.780856
102,38,2.784219
103,38,2.788150
104,38,2.780453
105,38,2.780394
106,38,2.776436
107,38,2.775628
108,38,2.777335
109,38,2.778930
110,38,2.778596
111,38,2.778169
112,38,2.791442
113,38,2.787650
114,38,2.788255
115,38,2.784955
116,38,2.781592
117,38,2.789724
118,38,2.778530
119,38,2.778831
120,38,2.779066
121,38,2.779243
122,38,2.779358
123,38,2.767852
124,38,2.775548
125,38,2.771623
126,38,2.775343
127,38,2.767441
128,38,2.782127
129,38,2.783049
130,38,2.783902
131,38,2.780843
132,38,2.777719
133,38,2.778384
134,38,2.765501
135,38,2.764112
136,38,2.772284
137,38,2.770770
138,38,2.749929
139,38,2.754068
140,38,2.767777
141,38,2.769865
142,38,2.769963
143,38,2.770617
144,38,2.782151
145,38,2.780137
146,38,2.774225
147,38,2.781703
148,38,2.785309
149,38,2.781705
150,38,2.785198
151,38,2.780844
152,38,2.780369
153,38,2.791288
154,38,2.783604
155,38,2.778973
156,38,2.785973
157,38,2.781201
158,38,2.777136
159,38,2.780111
160,38,2.782621
161,38,2.775055
162,38,2.779614
163,38,2.779640
164,38,2.768045
165,38,2.776267
166,38,2.776128
167,38,2.779745
168,38,2.780093
169,38,2.779722
170,38,2.779355
171,38,2.783297
172,38,2.778963
173,38,2.778429
174,38,2.774463
175,38,2.773814
176,38,2.777412
177,38,2.776646
178,38,2.771973
179,38,2.771512
180,38,2.774427
181,38,2.769968
182,38,2.765057
183,38,2.776093
184,38,2.766977
185,38,2.781152
186,38,2.772743
187,38,2.771116
188,38,2.770287
189,38,2.761104
190,38,2.759842
191,38,2.765940
192,38,2.760668
193,38,2.758928
194,38,2.757715
195,38,2.751618
196,38,2.754120
197,38,2.764263
198,38,2.761776
199,38,2.771776
200,38,2.761858
201,38,2.771261
202,38,2.768900
203,38,2.767058
204,38,2.771754
205,38,2.769756
206,38,2.759979
207,38,2.757246
208,38,2.746750
209,38,2.747703
210,38,2.745315
211,38,2.749933
212,38,2.750633
213,38,2.744135
214,38,2.748438
215,38,2.748870
216,38,2.745953
217,38,2.746800
218,38,2.746217
219,38,2.746864
220,38,2.747417
221,38,2.739575
222,38,2.739104
223,38,2.743196
224,38,2.738883
225,38,2.735062
226,38,2.730215
227,38,2.730008
228,38,2.729089
229,38,2.732507
230,38,2.727085
231,38,2.729636
232,38,2.728813
233,38,2.731716
234,38,2.729512
235,38,2.728270
236,38,2.737839
237,38,2.732464
238,38,2.726944
239,38,2.723852
240,38,2.705824
241,38,2.703662
242,38,2.703263
243,38,2.698843
244,38,2.706286
245,38,2.698930
246,38,2.699716
247,38,2.696459
248,38,2.693006
249,38,2.695404
250,38,2.695350
251,38,2.698297
252,38,2.690095
253,38,2.685513
254,38,2.680692
255,38,2.677533
0,39,2.737428
1,39,2.736634
2,39,2.735656
3,39,2.751316
4,39,2.746099
5,39,2.744568
6,39,2.751157
7,39,2.749304
8,39,2.751149
9,39,2.754052
10,39,2.751721
11,39,2.745968
12,39,2.747210
13,39,2.740612
14,39,2.745442
15,39,2.739625
16,39,2.767863
17,39,2.760737
18,39,2.761198
19,39,2.769250
20,39,2.763261
21,39,2.763362
22,39,2.755651
23,39,2.763245
24,39,2.764424
25,39,2.764091
26,39,2.759806
27,39,2.759278
28,39,2.759219
29,39,2.759234
30,39,2.758412
31,39,2.758062
32,39,2.772476
33,39,2.775903
34,39,2.771428
35,39,2.777869
36,39,2.776524
37,39,2.776248
38,39,2.774732
39,39,2.780844
40,39,2.768717
41,39,2.766961
42,39,2.772837
43,39,2.775349
44,39,2.773858
45,39,2.768510
46,39,2.766388
47,39,2.768050
48,39,2.782189
49,39,2.787559
50,39,2.781867
51,39,2.787492
52,39,2.781099
53,39,2.782912
54,39,2.780591
55,39,2.778416
56,39,2.779473
57,39,2.777483
58,39,2.774556
59,39,2.775987
60,39,2.772943
61,39,2.774515
62,39,2.771346
63,39,2.772538
64,39,2.788740
65,39,2.782104
66,39,2.782749
67,39,2.791405
68,39,2.787880
69,39,2.788885
70,39,2.785240
71,39,2.789818
72,39,2.786194
73,39,2.786804
74,39,2.782934
75,39,2.783533
76,39,2.776270
77,39,2.776084
78,39,2.772631
79,39,2.780035
80,39,2.791857
81,39,2.788167
82,39,2.787698
83,39,2.791616
84,39,2.783325
85,39,2.783255
86,39,2.783139
87,39,2.782385
88,39,2.778263
89,39,2.781835
90,39,2.769280
91,39,2.772737
92,39,2.776141
93,39,2.775534
94,39,2.770522
95,39,2.773628
96,39,2.794469
97,39,2.790497
98,39,2.786981
99,39,2.798825
100,39,2.787542
101,39,2.791567
102,39,2.787258
103,39,2.783465
104,39,2.775763
105,39,2.787268
106,39,2.778832
107,39,2.774813
108,39,2.774594
109,39,2.770411
110,39,2.770058
111,39,2.773482
112,39,2.790658
113,39,2.786877
114,39,2.783634
115,39,2.791878
116,39,2.792363
117,39,2.788933
118,39,2.781582
119,39,2.789586
120,39,2.793675
121,39,2.774583
122,39,2.774696
123,39,2.774747
124,39,2.774737
125,39,2.778518
126,39,2.774532
127,39,2.773735
128,39,2.776888
129,39,2.778412
130,39,2.773486
131,39,2.776202
132,39,2.780769
133,39,2.779506
134,39,2.755062
135,39,2.755590
136,39,2.767623
137,39,2.771887
138,39,2.756820
139,39,2.757107
140,39,2.753480
141,39,2.749788
142,39,2.769154
143,39,2.769794
144,39,2.781331
145,39,2.781248
146,39,2.781109
147,39,2.780883
148,39,2.774858
149,39,2.780340
150,39,2.776660
151,39,2.783955
152,39,2.802657
153,39,2.802132
154,39,2.782765
155,39,2.784051
156,39,2.781287
157,39,2.784383
158,39,2.775867
159,39,2.777347
160,39,2.777883
161,39,2.778057
162,39,2.778736
163,39,2.774920
164,39,2.774895
165,39,2.774818
166,39,2.775246
167,39,2.778909
168,39,2.801729
169,39,2.790453
170,39,2.778540
171,39,2.785751
172,39,2.780085
173,39,2.773674
174,39,2.773672
175,39,2.773035
176,39,2.779907
177,39,2.775882
178,39,2.771055
179,39,2.774616
180,39,2.765987
181,39,2.768659
182,39,2.764340
183,39,2.770947
184,39,2.785543
185,39,2.784322
186,39,2.768209
187,39,2.774308
188,39,2.765774
189,39,2.760461
190,39,2.763058
191,39,2.769174
192,39,2.760056
193,39,2.762187
194,39,2.760978
195,39,2.754905
196,39,2.761264
197,39,2.755428
198,39,2.761660
199,39,2.762971
200,39,2.784469
201,39,2.778359
202,39,2.772280
203,39,2.769872
204,39,2.767967
205,39,2.761620
206,39,2.762838
207,39,2.756850
208,39,2.749648
209,39,2.751200
210,39,2.744970
211,39,2.749645
212,39,2.746478
213,39,2.747122
214,39,2.740554
215,39,2.745460
216,39,2.768264
217,39,2.761421
218,39,2.742929
219,39,2.746124
220,39,2.738988
221,39,2.743315
222,39,2.743112
223,39,2.742546
224,39,2.727290
225,39,2.730612
226,39,2.730557
227,39,2.733312
228,39,2.728576
229,39,2.732017
230,39,2.727634
231,39,2.726985
232,39,2.751535
233,39,2.739053
234,39,2.726441
235,39,2.729107
236,39,2.722166
237,39,2.724527
238,39,2.722890
239,39,2.724958
240,39,2.699304
241,39,2.703585
242,39,2.697443
243,39,2.702692
244,39,2.700064
245,39,2.700505
246,39,2.701369
247,39,2.692790
248,39,2.716350
249,39,2.708888
250,39,2.692896
251,39,2.700422
252,39,2.684610
253,39,2.682161
254,39,2.685101
255,39,2.676235
0,40,2.742180
1,40,2.745732
2,40,2.744680
3,40,2.747304
4,40,2.745904
5,40,2.748190
6,40,2.752167
7,40,2.750250
8,40,2.752034
9,40,2.757523
10,40,2.743604
11,40,2.745514
12,40,2.743984
13,40,2.748892
14,40,2.738259
15,40,2.742912
16,40,2.767260
17,40,2.768794
18,40,2.769210
19,40,2.769512
20,40,2.766401
21,40,2.758777
22,40,2.767321
23,40,2.767720
24,40,2.759763
25,40,2.767118
26,40,2.774375
27,40,2.759728
28,40,2.759072
29,40,2.762178
30,40,2.758036
31,40,2.761649
32,40,2.776032
33,40,2.781246
34,40,2.778125
35,40,2.777464
36,40,2.776637
37,40,2.779040
38,40,2.777513
39,40,2.777005
40,40,2.771460
41,40,2.773547
42,40,2.772255
43,40,2.766983
44,40,2.765536
45,40,2.767327
46,40,2.765198
47,40,2.767832
48,40,2.788674
49,40,2.794584
50,40,2.784865
51,40,2.794488
52,40,2.784239
53,40,2.781633
54,40,2.779852
55,40,2.784818
56,40,2.771007
57,40,2.780007
58,40,2.777626
59,40,2.766933
60,40,2.772407
61,40,2.765439
62,40,2.762819
63,40,2.771379
64,40,2.795606
65,40,2.792256
66,40,2.793257
67,40,2.797686
68,40,2.790862
69,40,2.791136
70,40,2.788207
71,40,2.784509
72,40,2.781442
73,40,2.785891
74,40,2.778171
75,40,2.778756
76,40,2.778625
77,40,2.775151
78,40,2.779390
79,40,2.771386
80,40,2.790864
81,40,2.794340
82,40,2.790588
83,40,2.790637
84,40,2.786207
85,40,2.789996
86,40,2.793705
87,40,2.785251
88,40,2.781170
89,40,2.780828
90,40,2.776057
91,40,2.771725
92,40,2.771268
93,40,2.770179
94,40,2.773351
95,40,2.772726
96,40,2.789766
97,40,2.797282
98,40,2.789912
99,40,2.797953
100,40,2.790470
101,40,2.793944
102,40,2.786348
103,40,2.786413
104,40,2.782558
105,40,2.786358
106,40,2.777938
107,40,2.773919
108,40,2.769799
109,40,2.773373
110,40,2.776852
111,40,2.780275
112,40,2.793660
113,40,2.786036
114,40,2.786630
115,40,2.789090
116,40,2.787644
117,40,2.776498
118,40,2.776855
119,40,2.792557
120,40,2.788938
121,40,2.781403
122,40,2.777662
123,40,2.781564
124,40,2.777700
125,40,2.769922
126,40,2.773056
127,40,2.772863
128,40,2.779899
129,40,2.784660
130,40,2.782239
131,40,2.779175
132,40,2.776034
133,40,2.780548
134,40,2.775368
135,40,2.756630
136,40,2.747472
137,40,2.755582
138,40,2.752079
139,40,2.756215
140,40,2.756442
141,40,2.766236
142,40,2.764412
143,40,2.765040
144,40,2.780433
145,40,2.776501
146,40,2.780210
147,40,2.780027
148,40,2.775886
149,40,2.779443
150,40,2.806572
151,40,2.800384
152,40,2.782585
153,40,2.803154
154,40,2.792947
155,40,2.773505
156,40,2.776667
157,40,2.779622
158,40,2.771109
159,40,2.778535
160,40,2.776955
161,40,2.777104
162,40,2.781068
163,40,2.781680
164,40,2.777812
165,40,2.773874
166,40,2.805141
167,40,2.801067
168,40,2.781563
169,40,2.793399
170,40,2.789128
171,40,2.773312
172,40,2.773325
173,40,2.776659
174,40,2.772234
175,40,2.779752
176,40,2.779065
177,40,2.775037
178,40,2.770228
179,40,2.777077
180,40,2.776731
181,40,2.771715
182,40,2.790512
183,40,2.789429
184,40,2.764939
185,40,2.783559
186,40,2.778186
187,40,2.765859
188,40,2.764473
189,40,2.763294
190,40,2.754075
191,40,2.760768
192,40,2.762990
193,40,2.761512
194,40,2.763601
195,40,2.758481
196,40,2.760061
197,40,2.758656
198,40,2.783599
199,40,2.781640
200,40,2.760205
201,40,2.785497
202,40,2.775018
203,40,2.761633
204,40,2.767441
205,40,2.768768
206,40,2.758495
207,40,2.763515
208,40,2.753610
209,40,2.754051
210,40,2.751685
211,40,2.749240
212,40,2.746156
213,40,2.742909
214,40,2.766614
215,40,2.759975
216,40,2.745544
217,40,2.760572
218,40,2.761359
219,40,2.746645
220,40,2.738979
221,40,2.738696
222,40,2.739090
223,40,2.742672
224,40,2.731309
225,40,2.734375
226,40,2.733771
227,40,2.733628
228,40,2.729521
229,40,2.719905
230,40,2.754074
231,40,2.749596
232,40,2.725731
233,40,2.743548
234,40,2.735666
235,40,2.724874
236,40,2.726853
237,40,2.725419
238,40,2.723842
239,40,2.728574
240,40,2.710673
241,40,2.704758
242,40,2.698684
243,40,2.707856
244,40,2.696174
245,40,2.700521
246,40,2.720690
247,40,2.721409
248,40,2.698818
249,40,2.714558
250,40,2.704714
251,40,2.696877
252,40,2.684968
253,40,2.695948
254,40,2.683578
255,40,2.681914
0,41,2.738228
1,41,2.741171
2,41,2.740636
3,41,2.744601
4,41,2.754690
5,41,2.756910
6,41,2.751264
7,41,2.753717
8,41,2.751617
9,41,2.754407
10,41,2.751989
11,41,2.742271
12,41,2.743432
13,41,2.744461
14,41,2.741508
15,41,2.747697
16,41,2.763737
17,41,2.771952
18,41,2.768493
19,41,2.761607
20,41,2.770381
21,41,2.770421
22,41,2.762650
23,41,2.763018
24,41,2.766602
25,41,2.767026
26,41,2.759371
27,41,2.758792
28,41,2.758121
29,41,2.761746
30,41,2.753886
31,41,2.760636
32,41,2.775539
33,41,2.774415
34,41,2.773834
35,41,2.773062
36,41,2.779385
37,41,2.777924
38,41,2.773626
39,41,2.771999
40,41,2.774149
41,41,2.769054
42,41,2.763854
43,41,2.766308
44,41,2.768160
45,41,2.773797
46,41,2.768782
47,41,2.774271
48,41,2.784080
49,41,2.785586
50,41,2.780243
51,41,2.777756
52,41,2.782913
53,41,2.785037
54,41,2.770795
55,41,2.776291
56,41,2.777340
57,41,2.771457
58,41,2.772377
59,41,2.773775
60,41,2.774841
61,41,2.776114
62,41,2.772941
63,41,2.770250
64,41,2.790297
65,41,2.791338
66,41,2.784079
67,41,2.785192
68,41,2.781667
69,41,2.790188
70,41,2.787244
71,41,2.791253
72,41,2.788047
73,41,2.780504
74,41,2.781036
75,41,2.777664
76,41,2.777626
77,41,2.774140
78,41,2.777760
79,41,2.778071
80,41,2.793685
81,41,2.785580
82,41,2.781841
83,41,2.789032
84,41,2.796717
85,41,2.785085
86,41,2.792109
87,41,2.784186
88,41,2.783948
89,41,2.775954
90,41,2.771125
91,41,2.774575
92,41,2.770170
93,41,2.769088
94,41,2.776223
95,41,2.767764
96,41,2.796461
97,41,2.792503
98,41,2.794754
99,41,2.789248
100,41,2.793361
101,41,2.789105
102,41,2.785378
103,41,2.781574
104,41,2.781571
105,41,2.781501
106,41,2.780820
107,41,2.772910
108,41,2.772683
109,41,2.776258
110,41,2.768158
111,41,2.771587
112,41,2.792160
113,41,2.792811
114,41,2.785695
115,41,2.786224
116,41,2.778995
117,41,2.775550
118,41,2.775898
119,41,2.787750
120,41,2.787977
121,41,2.780442
122,41,2.780550
123,41,2.780598
124,41,2.784439
125,41,2.779943
126,41,2.775958
127,41,2.771913
128,41,2.784758
129,41,2.787587
130,41,2.780722
131,41,2.785922
132,41,2.775087
133,41,2.775735
134,41,2.753205
135,41,2.749888
136,41,2.750353
137,41,2.754618
138,41,2.751109
139,41,2.751393
140,41,2.751621
141,41,2.759491
142,41,2.751889
143,41,2.755787
144,41,2.779458
145,41,2.783236
146,41,2.781160
147,41,2.786756
148,41,2.778817
149,41,2.774617
150,41,2.782543
151,41,2.782061
152,41,2.779675
153,41,2.796502
154,41,2.791968
155,41,2.776498
156,41,2.771826
157,41,2.774938
158,41,2.779924
159,41,2.777542
160,41,2.779768
161,41,2.783805
162,41,2.783902
163,41,2.784509
164,41,2.784497
165,41,2.780578
166,41,2.784842
167,41,2.773105
168,41,2.780582
169,41,2.795650
170,41,2.799716
171,41,2.776205
172,41,2.775665
173,41,2.775711
174,41,2.775034
175,41,2.774964
176,41,2.778144
177,41,2.777266
178,41,2.769321
179,41,2.772332
180,41,2.760240
181,41,2.766986
182,41,2.762119
183,41,2.769083
184,41,2.760243
185,41,2.778864
186,41,2.781216
187,41,2.760638
188,41,2.755962
189,41,2.754243
190,41,2.768703
191,41,2.767148
192,41,2.761897
193,41,2.760211
194,41,2.759010
195,41,2.757203
196,41,2.759350
197,41,2.765112
198,41,2.759796
199,41,2.757302
200,41,2.759550
201,41,2.780450
202,41,2.778712
203,41,2.760471
204,41,2.758582
205,41,2.760476
206,41,2.761230
207,41,2.759113
208,41,2.752524
209,41,2.754112
210,41,2.750638
211,41,2.748205
212,41,2.741840
213,41,2.746406
214,41,2.743078
215,41,2.743609
216,41,2.740751
217,41,2.760923
218,41,2.756614
219,41,2.741915
220,41,2.742535
221,41,2.738658
222,41,2.738282
223,41,2.742448
224,41,2.738255
225,41,2.734513
226,41,2.737479
227,41,2.729096
228,41,2.728863
229,41,2.728518
230,41,2.727500
231,41,2.723983
232,41,2.725187
233,41,2.743042
234,41,2.742067
235,41,2.721697
236,41,2.719310
237,41,2.721192
238,41,2.719645
239,41,2.729510
240,41,2.704551
241,41,2.704534
242,41,2.706200
243,41,2.707702
244,41,2.705182
245,41,2.701913
246,41,2.702894
247,41,2.698318
248,41,2.698887
249,41,2.714087
250,41,2.710402
251,41,2.691097
252,41,2.686986
253,41,2.692428
254,41,2.683370
255,41,2.678516
0,42,2.747239
1,42,2.746255
2,42,2.745092
3,42,2.744296
4,42,2.750498
5,42,2.748831
6,42,2.755976
7,42,2.750647
8,42,2.752340
9,42,2.750035
10,42,2.747589
11,42,2.745535
12,42,2.742817
13,42,2.741029
14,42,2.741880
15,42,2.750839
16,42,2.763004
17,42,2.767344
18,42,2.764800
19,42,2.761710
20,42,2.769543
21,42,2.769564
22,42,2.770003
23,42,2.769817
24,42,2.762630
25,42,2.766078
26,42,2.762247
27,42,2.765505
28,42,2.761693
29,42,2.761419
30,42,2.760537
31,42,2.763421
32,42,2.782151
33,42,2.781651
34,42,2.773229
35,42,2.771914
36,42,2.774373
37,42,2.777844
38,42,2.776281
39,42,2.774643
40,42,2.773451
41,42,2.775521
42,42,2.766973
43,42,2.768888
44,42,2.763026
45,42,2.769175
46,42,2.763616
47,42,2.765765
48,42,2.782741
49,42,2.789010
50,42,2.786582
51,42,2.780757
52,42,2.793615
53,42,2.783638
54,42,2.781471
55,42,2.782576
56,42,2.780290
57,42,2.773866
58,42,2.771453
59,42,2.772312
60,42,2.770043
61,42,2.770777
62,42,2.768126
63,42,2.780307
64,42,2.797022
65,42,2.786490
66,42,2.794643
67,42,2.784181
68,42,2.788362
69,42,2.796869
70,42,2.789528
71,42,2.786362
72,42,2.786466
73,42,2.783305
74,42,2.778046
75,42,2.787614
76,42,2.776550
77,42,2.780224
78,42,2.780529
79,42,2.773120
80,42,2.792040
81,42,2.788328
82,42,2.788430
83,42,2.787919
84,42,2.791750
85,42,2.787803
86,42,2.787127
87,42,2.786941
88,42,2.782798
89,42,2.778101
90,42,2.781604
91,42,2.773410
92,42,2.769094
93,42,2.771772
94,42,2.771193
95,42,2.778268
96,42,2.794908
97,42,2.791430
98,42,2.787901
99,42,2.792074
100,42,2.792285
101,42,2.788069
102,42,2.788168
103,42,2.780511
104,42,2.780503
105,42,2.776587
106,42,2.779744
107,42,2.775717
108,42,2.779344
109,42,2.779005
110,42,2.778652
111,42,2.778227
112,42,2.791159
113,42,2.787951
114,42,2.792389
115,42,2.789061
116,42,2.781829
117,42,2.782233
118,42,2.786430
119,42,2.786715
120,42,2.779235
121,42,2.783257
122,42,2.783363
123,42,2.779557
124,42,2.782841
125,42,2.775064
126,42,2.763373
127,42,2.770888
128,42,2.785687
129,42,2.782731
130,42,2.775867
131,42,2.768930
132,42,2.762493
133,42,2.763139
134,42,2.763725
135,42,2.764260
136,42,2.753166
137,42,2.753570
138,42,2.750062
139,42,2.750348
140,42,2.754430
141,42,2.756522
142,42,2.750849
143,42,2.750896
144,42,2.782260
145,42,2.778336
146,42,2.782064
147,42,2.783779
148,42,2.777767
149,42,2.781336
150,42,2.773775
151,42,2.781085
152,42,2.780543
153,42,2.776181
154,42,2.779473
155,42,2.771578
156,42,2.774756
157,42,2.773877
158,42,2.767308
159,42,2.772244
160,42,2.778688
161,42,2.778846
162,42,2.778954
163,42,2.783413
164,42,2.775703
165,42,2.779483
166,42,2.779367
167,42,2.775889
168,42,2.775621
169,42,2.779194
170,42,2.779404
171,42,2.782792
172,42,2.774643
173,42,2.770834
174,42,2.770172
175,42,2.773416
176,42,2.777145
177,42,2.776284
178,42,2.779360
179,42,2.775214
180,42,2.766444
181,42,2.766032
182,42,2.765032
183,42,2.767613
184,42,2.763175
185,42,2.758147
186,42,2.761050
187,42,2.763605
188,42,2.762783
189,42,2.764937
190,42,2.760135
191,42,2.762451
192,42,2.764380
193,42,2.763243
194,42,2.761515
195,42,2.764110
196,42,2.758029
197,42,2.764341
198,42,2.758500
199,42,2.764266
200,42,2.758283
201,42,2.756618
202,42,2.758208
203,42,2.759788
204,42,2.757907
205,42,2.759278
206,42,2.764961
207,42,2.757950
208,42,2.755769
209,42,2.752982
210,42,2.750070
211,42,2.743262
212,42,2.744614
213,42,2.742033
214,42,2.742042
215,42,2.743134
216,42,2.743607
217,42,2.740676
218,42,2.741510
219,42,2.737127
220,42,2.741616
221,42,2.742158
222,42,2.736289
223,42,2.737746
224,42,2.729732
225,42,2.733714
226,42,2.729887
227,42,2.733117
228,42,2.728144
229,42,2.727821
230,42,2.726839
231,42,2.726284
232,42,2.728432
233,42,2.723757
234,42,2.726113
235,42,2.725033
236,42,2.723821
237,42,2.725774
238,42,2.723089
239,42,2.725279
240,42,2.704204
241,42,2.705537
242,42,2.707268
243,42,2.703626
244,42,2.704996
245,42,2.705632
246,42,2.702799
247,42,2.699783
248,42,2.696579
249,42,2.700319
250,42,2.691238
251,42,2.691243
252,42,2.687180
253,42,2.690026
254,42,2.685512
255,42,2.680760
0,43,2.739286
1,43,2.745969
2,43,2.740918
3,43,2.745276
4,43,2.755264
5,43,2.753532
6,43,2.755496
7,43,2.765534
8,43,2.751787
9,43,2.753306
10,43,2.748112
11,43,2.749844
12,43,2.750926
13,43,2.748025
14,43,2.748852
15,43,2.753922
16,43,2.759333
17,43,2.759776
18,43,2.767810
19,43,2.764686
20,43,2.764794
21,43,2.772502
22,43,2.769896
23,43,2.781230
24,43,2.765495
25,43,2.765583
26,43,2.761214
27,43,2.761343
28,43,2.757279
29,43,2.760323
30,43,2.759427
31,43,2.758952
32,43,2.777798
33,43,2.777138
34,43,2.775891
35,43,2.770712
36,43,2.781952
37,43,2.784308
38,43,2.775030
39,43,2.789300
40,43,2.776021
41,43,2.775239
42,43,2.769509
43,43,2.771920
44,43,2.773758
45,43,2.768269
46,43,2.770464
47,43,2.768235
48,43,2.789564
49,43,2.787598
50,43,2.777964
51,43,2.783174
52,43,2.784975
53,43,2.786550
54,43,2.776659
55,43,2.793173
56,43,2.779311
57,43,2.780587
58,43,2.774304
59,43,2.779015
60,43,2.772874
61,43,2.773607
62,43,2.778647
63,43,2.775416
64,43,2.795966
65,43,2.781056
66,43,2.785867
67,43,2.790287
68,43,2.791128
69,43,2.791403
70,43,2.788286
71,43,2.796806
72,43,2.789206
73,43,2.793629
74,43,2.782168
75,43,2.778772
76,43,2.783030
77,43,2.779076
78,43,2.779369
79,43,2.779611
80,43,2.783165
81,43,2.791001
82,43,2.786703
83,43,2.790584
84,43,2.794405
85,43,2.793794
86,43,2.785922
87,43,2.797285
88,43,2.777775
89,43,2.780734
90,43,2.776522
91,43,2.779964
92,43,2.775016
93,43,2.774492
94,43,2.777768
95,43,2.777007
96,43,2.793764
97,43,2.794137
98,43,2.782958
99,43,2.790925
100,43,2.794489
101,43,2.790786
102,43,2.787032
103,43,2.794790
104,43,2.790925
105,43,2.778747
106,43,2.774771
107,43,2.774597
108,43,2.774320
109,43,2.770175
110,43,2.773661
111,43,2.769389
112,43,2.793935
113,43,2.794576
114,43,2.810568
115,43,2.780266
116,43,2.780727
117,43,2.781128
118,43,2.781470
119,43,2.777900
120,43,2.778127
121,43,2.774438
122,43,2.778396
123,43,2.778441
124,43,2.777887
125,43,2.781667
126,43,2.766125
127,43,2.762082
128,43,2.778835
129,43,2.779727
130,43,2.770922
131,43,2.771689
132,43,2.772941
133,43,2.773586
134,43,2.751054
135,43,2.747726
136,43,2.750125
137,43,2.752456
138,43,2.748948
139,43,2.749233
140,43,2.753312
141,43,2.749626
142,43,2.753587
143,43,2.753636
144,43,2.781135
145,43,2.781068
146,43,2.777089
147,43,2.776915
148,43,2.774716
149,43,2.776360
150,43,2.776027
151,43,2.783803
152,43,2.775652
153,43,2.773124
154,43,2.778344
155,43,2.773881
156,43,2.773618
157,43,2.769041
158,43,2.771955
159,43,2.771115
160,43,2.777497
161,43,2.777693
162,43,2.777800
163,43,2.781708
164,43,2.774534
165,43,2.782184
166,43,2.778226
167,43,2.774707
168,43,2.774489
169,43,2.778074
170,43,2.781537
171,43,2.773977
172,43,2.773546
173,43,2.776813
174,43,2.769087
175,43,2.772344
176,43,2.772082
177,43,2.775225
178,43,2.770609
179,43,2.773998
180,43,2.769267
181,43,2.772187
182,43,2.771518
183,43,2.766615
184,43,2.762177
185,43,2.768484
186,43,2.759552
187,43,2.758790
188,43,2.761304
189,43,2.763995
190,43,2.762532
191,43,2.757675
192,43,2.767331
193,43,2.758492
194,43,2.756782
195,43,2.763233
196,43,2.761028
197,43,2.759638
198,43,2.761522
199,43,2.755739
200,43,2.761335
201,43,2.763529
202,43,2.757434
203,43,2.751320
204,43,2.752782
205,43,2.758544
206,43,2.756014
207,43,2.753400
208,43,2.754563
209,43,2.752318
210,43,2.749479
211,43,2.746490
212,43,2.743999
213,43,2.744764
214,43,2.742114
215,43,2.742055
216,43,2.746929
217,43,2.743490
218,43,2.740486
219,43,2.745098
220,43,2.736787
221,43,2.741198
222,43,2.737809
223,43,2.733800
224,43,2.729382
225,43,2.729003
226,43,2.729048
227,43,2.732839
228,43,2.732142
229,43,2.736695
230,43,2.730500
231,43,2.729437
232,43,2.728786
233,43,2.724159
234,43,2.729360
235,43,2.716749
236,43,2.723269
237,43,2.721411
238,43,2.719950
239,43,2.722199
240,43,2.703791
241,43,2.701318
242,43,2.706935
243,43,2.708539
244,43,2.709977
245,43,2.706847
246,43,2.706487
247,43,2.703510
248,43,2.704200
249,43,2.700291
250,43,2.692883
251,43,2.692976
252,43,2.692856
253,43,2.690211
254,43,2.685747
255,43,2.681048
0,44,2.740418
1,44,2.739323
2,44,2.741906
3,44,2.752025
4,44,2.747079
5,44,2.745315
6,44,2.751100
7,44,2.765651
8,44,2.752352
9,44,2.757667
10,44,2.751285
11,44,2.745272
12,44,2.746328
13,44,2.747256
14,44,2.749075
15,44,2.750232
16,44,2.762328
17,44,2.762749
18,44,2.759702
19,44,2.767605
20,44,2.768569
21,44,2.772881
22,44,2.772740
23,44,2.780204
24,44,2.772653
25,44,2.769134
26,44,2.764730
27,44,2.756876
28,44,2.763848
29,44,2.759173
30,44,2.758757
31,44,2.766128
32,44,2.776590
33,44,2.783611
34,44,2.778500
35,44,2.778247
36,44,2.780669
37,44,2.775309
38,44,2.785778
39,44,2.795680
40,44,2.775694
41,44,2.773879
42,44,2.768633
43,44,2.766679
44,44,2.772818
45,44,2.775060
46,44,2.765184
47,44,2.767294
48,44,2.788111
49,44,2.786629
50,44,2.776485
51,44,2.782182
52,44,2.783472
53,44,2.785532
54,44,2.782837
55,44,2.799840
56,44,2.777763
57,44,2.779527
58,44,2.772734
59,44,2.774084
60,44,2.778735
61,44,2.776362
62,44,2.777037
63,44,2.774302
64,44,2.794337
65,44,2.787630
66,44,2.788076
67,44,2.788967
68,44,2.786115
69,44,2.788316
70,44,2.787113
71,44,2.798969
72,44,2.788020
73,44,2.788577
74,44,2.780874
75,44,2.785267
76,44,2.785155
77,44,2.777792
78,44,2.781989
79,44,2.781712
80,44,2.789598
81,44,2.789747
82,44,2.789306
83,44,2.793177
84,44,2.793133
85,44,2.784821
86,44,2.788530
87,44,2.807555
88,44,2.783666
89,44,2.783359
90,44,2.775218
91,44,2.770946
92,44,2.777661
93,44,2.777028
94,44,2.776443
95,44,2.783512
96,44,2.796477
97,44,2.792986
98,44,2.785591
99,44,2.793603
100,44,2.793282
101,44,2.789578
102,44,2.793543
103,44,2.801287
104,44,2.782011
105,44,2.785259
106,44,2.773578
107,44,2.777216
108,44,2.769276
109,44,2.772825
110,44,2.772457
111,44,2.771502
112,44,2.796650
113,44,2.808844
114,44,2.805556
115,44,2.786808
116,44,2.787265
117,44,2.772252
118,44,2.776443
119,44,2.788281
120,44,2.773091
121,44,2.777105
122,44,2.777207
123,44,2.776726
124,44,2.776712
125,44,2.776641
126,44,2.761098
127,44,2.764762
128,44,2.773838
129,44,2.780502
130,44,2.777477
131,44,2.770536
132,44,2.765460
133,44,2.776265
134,44,2.763353
135,44,2.761951
136,44,2.750856
137,44,2.747408
138,44,2.743901
139,44,2.751893
140,44,2.748268
141,44,2.748437
142,44,2.752398
143,44,2.748597
144,44,2.783266
145,44,2.779872
146,44,2.781675
147,44,2.783422
148,44,2.777422
149,44,2.771311
150,44,2.774832
151,44,2.782595
152,44,2.776373
153,44,2.773951
154,44,2.769437
155,44,2.768829
156,44,2.774471
157,44,2.767832
158,44,2.770911
159,44,2.768158
160,44,2.780125
161,44,2.776439
162,44,2.784261
163,44,2.780482
164,44,2.773298
165,44,2.777106
166,44,2.776985
167,44,2.772976
168,44,2.773284
169,44,2.776821
170,44,2.776503
171,44,2.776646
172,44,2.776136
173,44,2.767949
174,44,2.771780
175,44,2.774926
176,44,2.774280
177,44,2.774091
178,44,2.773185
179,44,2.768520
180,44,2.768162
181,44,2.763201
182,44,2.770430
183,44,2.765541
184,44,2.768303
185,44,2.763576
186,44,2.766218
187,44,2.765456
188,44,2.760010
189,44,2.758620
190,44,2.757677
191,44,2.763878
192,44,2.762500
193,44,2.760866
194,44,2.755824
195,44,2.765272
196,44,2.756243
197,44,2.762061
198,44,2.764467
199,44,2.765896
200,44,2.764308
201,44,2.754447
202,44,2.756582
203,44,2.757681
204,44,2.748109
205,44,2.757228
206,44,2.755223
207,44,2.752119
208,44,2.749956
209,44,2.747215
210,44,2.748758
211,44,2.753572
212,44,2.746652
213,44,2.747947
214,44,2.742877
215,44,2.745937
216,44,2.745808
217,44,2.742904
218,44,2.747111
219,44,2.744033
220,44,2.744717
221,44,2.740182
222,44,2.740662
223,44,2.740535
224,44,2.736968
225,44,2.740159
226,44,2.735857
227,44,2.735815
228,44,2.735665
229,44,2.731038
230,44,2.734520
231,44,2.736900
232,44,2.728049
233,44,2.731152
234,44,2.730278
235,44,2.724904
236,44,2.722654
237,44,2.725213
238,44,2.723257
239,44,2.729389
240,44,2.708405
241,44,2.702155
242,44,2.706536
243,44,2.708173
244,44,2.701941
245,44,2.702714
246,44,2.703844
247,44,2.704796
248,44,2.705027
249,44,2.696341
250,44,2.692828
251,44,2.692965
252,44,2.688496
253,44,2.692057
254,44,2.687689
255,44,2.683089
0,45,2.743880
1,45,2.746601
2,45,2.749149
3,45,2.751528
4,45,2.755535
5,45,2.757560
6,45,2.759432
7,45,2.757302
8,45,2.747813
9,45,2.753101
10,45,2.750545
11,45,2.748345
12,45,2.750436
13,45,2.743609
14,45,2.748216
15,45,2.757043
16,45,2.765264
17,45,2.769516
18,45,2.771201
19,45,2.771357
20,45,2.775258
21,45,2.775686
22,45,2.771675
23,45,2.771416
24,45,2.760767
25,45,2.760295
26,45,2.759729
27,45,2.767258
28,45,2.758805
29,45,2.770697
30,45,2.765904
31,45,2.764880
32,45,2.775810
33,45,2.782327
34,45,2.780213
35,45,2.780776
36,45,2.779335
37,45,2.782150
38,45,2.776705
39,45,2.783749
40,45,2.770439
41,45,2.776800
42,45,2.771055
43,45,2.772945
44,45,2.771847
45,45,2.773590
46,45,2.768040
47,45,2.769651
48,45,2.795193
49,45,2.792811
50,45,2.786994
51,45,2.788341
52,45,2.790107
53,45,2.780108
54,45,2.785595
55,45,2.790542
56,45,2.776648
57,45,2.781765
58,45,2.767745
59,45,2.776303
60,45,2.766023
61,45,2.774707
62,45,2.772012
63,45,2.776483
64,45,2.796796
65,45,2.794131
66,45,2.794577
67,45,2.787750
68,45,2.792100
69,45,2.792863
70,45,2.793573
71,45,2.793744
72,45,2.782908
73,45,2.779110
74,45,2.779605
75,45,2.783900
76,45,2.776168
77,45,2.780352
78,45,2.780139
79,45,2.788115
80,45,2.799843
81,45,2.799466
82,45,2.791837
83,45,2.787992
84,45,2.791304
85,45,2.787358
86,45,2.791033
87,45,2.786976
88,45,2.790072
89,45,2.785847
90,45,2.781627
91,45,2.772998
92,45,2.780134
93,45,2.779603
94,45,2.779021
95,45,2.777743
96,45,2.802894
97,45,2.803254
98,45,2.799767
99,45,2.791804
100,45,2.792003
101,45,2.788322
102,45,2.788410
103,45,2.784596
104,45,2.780722
105,45,2.783994
106,45,2.779987
107,45,2.772099
108,45,2.775718
109,45,2.767691
110,45,2.763468
111,45,2.777945
112,45,2.791575
113,45,2.796058
114,45,2.792766
115,45,2.789426
116,45,2.793732
117,45,2.782568
118,45,2.775192
119,45,2.783175
120,45,2.767982
121,45,2.771993
122,45,2.772095
123,45,2.771627
124,45,2.779318
125,45,2.779246
126,45,2.775264
127,45,2.763517
128,45,2.770692
129,45,2.775426
130,45,2.776238
131,45,2.769296
132,45,2.769998
133,45,2.767303
134,45,2.764032
135,45,2.764545
136,45,2.761156
137,45,2.761560
138,45,2.765753
139,45,2.746776
140,45,2.743152
141,45,2.751028
142,45,2.747285
143,45,2.743487
144,45,2.782010
145,45,2.786312
146,45,2.776560
147,45,2.784079
148,45,2.778080
149,45,2.772030
150,45,2.773566
151,45,2.773693
152,45,2.778948
153,45,2.768823
154,45,2.772132
155,45,2.771411
156,45,2.763048
157,45,2.774406
158,45,2.769634
159,45,2.764957
160,45,2.778283
161,45,2.778995
162,45,2.775258
163,45,2.779177
164,45,2.775337
165,45,2.775794
166,45,2.775699
167,45,2.779371
168,45,2.779665
169,45,2.779409
170,45,2.775181
171,45,2.778666
172,45,2.778746
173,45,2.770571
174,45,2.773793
175,45,2.773708
176,45,2.780780
177,45,2.779951
178,45,2.775846
179,45,2.775047
180,45,2.770659
181,45,2.769744
182,45,2.772628
183,45,2.768246
184,45,2.763096
185,45,2.762446
186,45,2.757398
187,45,2.756146
188,45,2.758916
189,45,2.757541
190,45,2.764307
191,45,2.758661
192,45,2.772514
193,45,2.759830
194,45,2.762007
195,45,2.760407
196,45,2.758599
197,45,2.761072
198,45,2.759140
199,45,2.761082
200,45,2.762863
201,45,2.761217
202,45,2.755163
203,45,2.756776
204,45,2.750574
205,45,2.756352
206,45,2.753865
207,45,2.755650
208,45,2.752485
209,45,2.754111
210,45,2.751319
211,45,2.745090
212,45,2.745399
213,45,2.746706
214,45,2.747932
215,45,2.748585
216,45,2.745795
217,45,2.749449
218,45,2.738766
219,45,2.746765
220,45,2.743611
221,45,2.744219
222,45,2.739606
223,45,2.740007
224,45,2.739812
225,45,2.736163
226,45,2.736264
227,45,2.734880
228,45,2.738603
229,45,2.734009
230,45,2.729806
231,45,2.733194
232,45,2.723400
233,45,2.726527
234,45,2.725677
235,45,2.724194
236,45,2.726940
237,45,2.729553
238,45,2.730355
239,45,2.724957
240,45,2.707855
241,45,2.709355
242,45,2.703510
243,45,2.697507
244,45,2.709250
245,45,2.706220
246,45,2.707387
247,45,2.700671
248,45,2.697102
249,45,2.697719
250,45,2.694289
251,45,2.698364
252,45,2.684622
253,45,2.688231
254,45,2.687764
255,45,2.683215
0,46,2.742936
1,46,2.747493
2,46,2.746119
3,46,2.748433
4,46,2.750584
5,46,2.756914
6,46,2.754903
7,46,2.760449
8,46,2.743214
9,46,2.749606
10,46,2.746996
11,46,2.744731
12,46,2.745712
13,46,2.746567
14,46,2.743921
15,46,2.748385
16,46,2.765240
17,46,2.766069
18,46,2.770168
19,46,2.766451
20,46,2.774658
21,46,2.770731
22,46,2.774407
23,46,2.775399
24,46,2.763448
25,46,2.762960
26,46,2.766701
27,46,2.762176
28,46,2.765968
29,46,2.765570
30,46,2.760764
31,46,2.767900
32,46,2.774486
33,46,2.780990
34,46,2.776922
35,46,2.771695
36,46,2.778416
37,46,2.784594
38,46,2.775754
39,46,2.782306
40,46,2.769453
41,46,2.775327
42,46,2.773426
43,46,2.775776
44,46,2.774188
45,46,2.768684
46,46,2.770355
47,46,2.772427
48,46,2.785921
49,46,2.787853
50,46,2.785404
51,46,2.787214
52,46,2.788495
53,46,2.786662
54,46,2.780106
55,46,2.785518
56,46,2.774992
57,46,2.776718
58,46,2.777625
59,46,2.775092
60,46,2.772033
61,46,2.773477
62,46,2.774620
63,46,2.771385
64,46,2.791684
65,46,2.796236
66,46,2.793301
67,46,2.793692
68,46,2.786799
69,46,2.791558
70,46,2.791781
71,46,2.792427
72,46,2.780987
73,46,2.781634
74,46,2.778263
75,46,2.785922
76,46,2.774745
77,46,2.782841
78,46,2.778778
79,46,2.782850
80,46,2.786899
81,46,2.794231
82,46,2.790437
83,46,2.782739
84,46,2.793756
85,46,2.797507
86,46,2.789648
87,46,2.792763
88,46,2.784793
89,46,2.780626
90,46,2.780181
91,46,2.779263
92,46,2.774932
93,46,2.778144
94,46,2.777553
95,46,2.776413
96,46,2.797682
97,46,2.798107
98,46,2.798405
99,46,2.790455
100,46,2.794540
101,46,2.802384
102,46,2.794766
103,46,2.790953
104,46,2.775024
105,46,2.778805
106,46,2.774799
107,46,2.778469
108,46,2.778184
109,46,2.770192
110,46,2.769827
111,46,2.776604
112,46,2.801840
113,46,2.790907
114,46,2.795317
115,46,2.791973
116,46,2.780856
117,46,2.777395
118,46,2.773875
119,46,2.785703
120,46,2.774362
121,46,2.774518
122,46,2.781826
123,46,2.778016
124,46,2.774149
125,46,2.774076
126,46,2.766242
127,46,2.762201
128,46,2.775181
129,46,2.772204
130,46,2.778797
131,46,2.771851
132,46,2.764833
133,46,2.761621
134,46,2.758851
135,46,2.767069
136,46,2.759826
137,46,2.764076
138,46,2.745159
139,46,2.745446
140,46,2.745672
141,46,2.749696
142,46,2.745955
143,46,2.746011
144,46,2.788390
145,46,2.788828
146,46,2.784860
147,46,2.784703
148,46,2.776741
149,46,2.780324
150,46,2.779935
151,46,2.771849
152,46,2.771913
153,46,2.771330
154,46,2.768861
155,46,2.772121
156,46,2.765561
157,46,2.776908
158,46,2.776150
159,46,2.767466
160,46,2.784636
161,46,2.773746
162,46,2.777724
163,46,2.781662
164,46,2.773972
165,46,2.774426
166,46,2.778171
167,46,2.781878
168,46,2.777830
169,46,2.778016
170,46,2.773857
171,46,2.769648
172,46,2.777343
173,46,2.769170
174,46,2.768651
175,46,2.764711
176,46,2.783224
177,46,2.782541
178,46,2.770730
179,46,2.773632
180,46,2.772783
181,46,2.772362
182,46,2.767554
183,46,2.770190
184,46,2.769597
185,46,2.760765
186,46,2.760062
187,46,2.754720
188,46,2.761122
189,46,2.764095
190,46,2.758827
191,46,2.761383
192,46,2.767547
193,46,2.762572
194,46,2.768619
195,46,2.766550
196,46,2.761383
197,46,2.759531
198,46,2.758095
199,46,2.763421
200,46,2.757993
201,46,2.755876
202,46,2.754171
203,46,2.759171
204,46,2.757319
205,46,2.751069
206,46,2.749080
207,46,2.750397
208,46,2.759294
209,46,2.756599
210,46,2.750455
211,46,2.747610
212,46,2.744574
213,46,2.749265
214,46,2.746650
215,46,2.751660
216,46,2.748402
217,46,2.744863
218,46,2.745271
219,46,2.746073
220,46,2.742451
221,46,2.743074
222,46,2.746201
223,46,2.738912
224,46,2.739232
225,46,2.738968
226,46,2.735235
227,46,2.734765
228,46,2.729925
229,46,2.733559
230,46,2.736593
231,46,2.732297
232,46,2.727884
233,46,2.729548
234,46,2.724869
235,46,2.727770
236,46,2.726195
237,46,2.724982
238,46,2.727485
239,46,2.721648
240,46,2.707243
241,46,2.705434
242,46,2.706826
243,46,2.708561
244,46,2.706283
245,46,2.707188
246,46,2.708426
247,46,2.704185
248,46,2.704521
249,46,2.705179
250,46,2.697937
251,46,2.693836
252,46,2.697747
253,46,2.697592
254,46,2.689513
255,46,2.682747
0,47,2.739986
1,47,2.746927
2,47,2.745520
3,47,2.751653
4,47,2.749920
5,47,2.756207
6,47,2.754166
7,47,2.760863
8,47,2.755117
9,47,2.748764
10,47,2.746129
11,47,2.747679
12,47,2.752489
13,47,2.749468
14,47,2.747776
15,47,2.756048
16,47,2.764203
17,47,2.768852
18,47,2.769078
19,47,2.769195
20,47,2.769666
21,47,2.770405
22,47,2.770192
23,47,2.774190
24,47,2.769929
25,47,2.769882
26,47,2.765434
27,47,2.765461
28,47,2.765123
29,47,2.756537
30,47,2.771438
31,47,2.762683
32,47,2.784668
33,47,2.784520
34,47,2.779359
35,47,2.782281
36,47,2.784673
37,47,2.779737
38,47,2.782510
39,47,2.780812
40,47,2.779497
41,47,2.777658
42,47,2.772351
43,47,2.774684
44,47,2.776934
45,47,2.770957
46,47,2.773075
47,47,2.774675
48,47,2.788614
49,47,2.790074
50,47,2.784222
51,47,2.785559
52,47,2.787291
53,47,2.788835
54,47,2.786584
55,47,2.779966
56,47,2.781451
57,47,2.774996
58,47,2.772504
59,47,2.773809
60,47,2.770748
61,47,2.775795
62,47,2.768993
63,47,2.777773
64,47,2.793746
65,47,2.790862
66,47,2.795806
67,47,2.792345
68,47,2.789291
69,47,2.789577
70,47,2.794259
71,47,2.794893
72,47,2.791160
73,47,2.783986
74,47,2.780239
75,47,2.780660
76,47,2.777176
77,47,2.784734
78,47,2.785051
79,47,2.785260
80,47,2.796508
81,47,2.785058
82,47,2.788974
83,47,2.792354
84,47,2.796155
85,47,2.792173
86,47,2.788158
87,47,2.791324
88,47,2.787208
89,47,2.782973
90,47,2.778268
91,47,2.777842
92,47,2.777264
93,47,2.780580
94,47,2.771803
95,47,2.782586
96,47,2.800183
97,47,2.796678
98,47,2.800881
99,47,2.796787
100,47,2.793122
101,47,2.793259
102,47,2.793358
103,47,2.789533
104,47,2.789030
105,47,2.781232
106,47,2.777247
107,47,2.777065
108,47,2.780634
109,47,2.776483
110,47,2.772257
111,47,2.767495
112,47,2.796623
113,47,2.793393
114,47,2.793945
115,47,2.794450
116,47,2.787182
117,47,2.776005
118,47,2.776336
119,47,2.780457
120,47,2.776819
121,47,2.773121
122,47,2.776588
123,47,2.776630
124,47,2.772762
125,47,2.757279
126,47,2.761003
127,47,2.764669
128,47,2.775747
129,47,2.772764
130,47,2.769726
131,47,2.774323
132,47,2.763463
133,47,2.769870
134,47,2.765158
135,47,2.765670
136,47,2.762280
137,47,2.758824
138,47,2.747612
139,47,2.751748
140,47,2.748122
141,47,2.752148
142,47,2.740703
143,47,2.748466
144,47,2.785069
145,47,2.783570
146,47,2.779603
147,47,2.783294
148,47,2.783038
149,47,2.782770
150,47,2.774745
151,47,2.782002
152,47,2.774349
153,47,2.781575
154,47,2.775154
155,47,2.776489
156,47,2.770067
157,47,2.767927
158,47,2.770880
159,47,2.773925
160,47,2.779321
161,47,2.783390
162,47,2.780141
163,47,2.780216
164,47,2.776388
165,47,2.776353
166,47,2.776744
167,47,2.776576
168,47,2.772529
169,47,2.772757
170,47,2.772462
171,47,2.772041
172,47,2.775489
173,47,2.767798
174,47,2.771036
175,47,2.766615
176,47,2.781877
177,47,2.777354
178,47,2.780334
179,47,2.772313
180,47,2.775329
181,47,2.770588
182,47,2.773772
183,47,2.768914
184,47,2.764469
185,47,2.767209
186,47,2.761950
187,47,2.761183
188,47,2.763748
189,47,2.759017
190,47,2.757331
191,47,2.763568
192,47,2.770213
193,47,2.764777
194,47,2.763264
195,47,2.761551
196,47,2.764094
197,47,2.754554
198,47,2.764217
199,47,2.758471
200,47,2.760290
201,47,2.754804
202,47,2.756494
203,47,2.754276
204,47,2.751967
205,47,2.753907
206,47,2.747609
207,47,2.753264
208,47,2.757857
209,47,2.755648
210,47,2.752901
211,47,2.750545
212,47,2.747647
213,47,2.744533
214,47,2.749169
215,47,2.746485
216,47,2.743252
217,47,2.748109
218,47,2.748338
219,47,2.740980
220,47,2.741708
221,47,2.741876
222,47,2.742421
223,47,2.741616
224,47,2.734247
225,47,2.738337
226,47,2.734150
227,47,2.734185
228,47,2.733641
229,47,2.732550
230,47,2.732240
231,47,2.735195
232,47,2.730804
233,47,2.733522
234,47,2.725039
235,47,2.723074
236,47,2.729244
237,47,2.728056
238,47,2.726734
239,47,2.728643
240,47,2.707775
241,47,2.706026
242,47,2.702374
243,47,2.704141
244,47,2.698042
245,47,2.706701
246,47,2.704121
247,47,2.709073
248,47,2.697941
249,47,2.701012
250,47,2.701517
251,47,2.701325
252,47,2.689868
253,47,2.689759
254,47,2.689432
255,47,2.684523
0,48,2.689320
1,48,2.688048
2,48,2.683214
3,48,2.689315
4,48,2.691404
5,48,2.691171
6,48,2.692925
7,48,2.694532
8,48,2.696451
9,48,2.697778
10,48,2.695118
11,48,2.696631
12,48,2.697564
13,48,2.699380
14,48,2.700492
15,48,2.697184
16,48,2.720729
17,48,2.713788
18,48,2.713994
19,48,2.721798
20,48,2.719232
21,48,2.719102
22,48,2.711611
23,48,2.718989
24,48,2.718564
25,48,2.718491
26,48,2.722459
27,48,2.726037
28,48,2.721377
29,48,2.724337
30,48,2.719949
31,48,2.726593
32,48,2.730365
33,48,2.729126
34,48,2.728249
35,48,2.730707
36,48,2.729677
37,48,2.731984
38,48,2.727038
39,48,2.729626
40,48,2.723996
41,48,2.730295
42,48,2.728379
43,48,2.731143
44,48,2.732932
45,48,2.727391
46,48,2.729048
47,48,2.727231
48,48,2.748412
49,48,2.746456
50,48,2.740145
51,48,2.741920
52,48,2.735486
53,48,2.745172
54,48,2.742461
55,48,2.736283
56,48,2.726194
57,48,2.734870
58,48,2.740344
59,48,2.737336
60,48,2.727013
61,48,2.731600
62,48,2.732726
63,48,2.737858
64,48,2.749978
65,48,2.750932
66,48,2.747534
67,48,2.748546
68,48,2.745032
69,48,2.745767
70,48,2.738745
71,48,2.739047
72,48,2.739618
73,48,2.747843
74,48,2.744008
75,48,2.748358
76,48,2.748716
77,48,2.748571
78,48,2.748829
79,48,2.737514
80,48,2.752618
81,48,2.752716
82,48,2.748911
83,48,2.752297
84,48,2.748383
85,48,2.744418
86,48,2.743795
87,48,2.747388
88,48,2.747115
89,48,2.739087
90,48,2.745874
91,48,2.745440
92,48,2.744955
93,48,2.744419
94,48,2.743240
95,48,2.742591
96,48,2.764011
97,48,2.756716
98,48,2.756537
99,48,2.752921
100,48,2.749286
101,48,2.745560
102,48,2.745638
103,48,2.749518
104,48,2.749018
105,48,2.745084
106,48,2.741099
107,48,2.748581
108,48,2.740635
109,48,2.744171
110,48,2.747185
111,48,2.746760
112,48,2.756663
113,48,2.757281
114,48,2.750124
115,48,2.739058
116,48,2.743354
117,48,2.739879
118,48,2.740201
119,48,2.744324
120,48,2.732975
121,48,2.736980
122,48,2.736607
123,48,2.740501
124,48,2.732780
125,48,2.725001
126,48,2.732579
127,48,2.724688
128,48,2.737717
129,48,2.738581
130,48,2.737456
131,48,2.726653
132,48,2.727337
133,48,2.724111
134,48,2.713606
135,48,2.719896
136,48,2.718424
137,48,2.714976
138,48,2.723021
139,48,2.725232
140,48,2.723538
141,48,2.723709
142,48,2.719971
143,48,2.720031
144,48,2.758562
145,48,2.750803
146,48,2.751163
147,48,2.743289
148,48,2.746934
149,48,2.742766
150,48,2.746302
151,48,2.749787
152,48,2.743968
153,48,2.745417
154,48,2.748741
155,48,2.748162
156,48,2.728135
157,48,2.731296
158,48,2.723315
159,48,2.730061
160,48,2.754715
161,48,2.751047
162,48,2.755520
163,48,2.747890
164,48,2.747915
165,48,2.744038
166,48,2.740551
167,48,2.744270
168,48,2.747939
169,48,2.743799
170,48,2.743964
171,48,2.751326
172,48,2.731668
173,48,2.723880
174,48,2.719522
175,48,2.726671
176,48,2.749637
177,48,2.748842
178,48,2.740417
179,48,2.743953
180,48,2.743130
181,48,2.742073
182,48,2.745441
183,48,2.740597
184,48,2.743406
185,48,2.746387
186,48,2.749077
187,48,2.744006
188,48,2.727775
189,48,2.718469
190,48,2.717525
191,48,2.716073
192,48,2.745837
193,48,2.740097
194,48,2.734607
195,48,2.737215
196,48,2.735459
197,48,2.737946
198,48,2.735685
199,48,2.734184
200,48,2.728316
201,48,2.733942
202,48,2.732250
203,48,2.737297
204,48,2.716195
205,48,2.717692
206,48,2.715718
207,48,2.711297
208,48,2.726000
209,48,2.727201
210,48,2.728781
211,48,2.722129
212,48,2.723560
213,48,2.716155
214,48,2.721269
215,48,2.721995
216,48,2.719242
217,48,2.719803
218,48,2.723903
219,48,2.720880
220,48,2.705754
221,48,2.702553
222,48,2.698804
223,48,2.703124
224,48,2.713796
225,48,2.710198
226,48,2.709893
227,48,2.702241
228,48,2.706042
229,48,2.705423
230,48,2.708079
231,48,2.707214
232,48,2.702845
233,48,2.702210
234,48,2.708696
235,48,2.703964
236,48,2.689852
237,48,2.680985
238,48,2.687395
239,48,2.681638
240,48,2.687769
241,48,2.682195
242,48,2.683706
243,48,2.676541
244,48,2.682033
245,48,2.675328
246,48,2.676636
247,48,2.673918
248,48,2.678248
249,48,2.679021
250,48,2.679604
251,48,2.677924
252,48,2.658805
253,48,2.658740
254,48,2.654117
255,48,2.653613
0,49,2.688677
1,49,2.691224
2,49,2.691512
3,49,2.689844
4,49,2.691871
5,49,2.694188
6,49,2.692060
7,49,2.693640
8,49,2.695519
9,49,2.696821
10,49,2.697988
11,49,2.704367
12,49,2.697546
13,49,2.694455
14,49,2.699386
15,49,2.697983
16,49,2.715729
17,49,2.716461
18,49,2.721383
19,49,2.721876
20,49,2.721831
21,49,2.721684
22,49,2.718018
23,49,2.717674
24,49,2.717667
25,49,2.721726
26,49,2.721082
27,49,2.720782
28,49,2.723814
29,49,2.727192
30,49,2.722348
31,49,2.727484
32,49,2.728872
33,49,2.735757
34,49,2.726723
35,49,2.729170
36,49,2.728118
37,49,2.726563
38,49,2.729738
39,49,2.728023
40,49,2.726667
41,49,2.724812
42,49,2.734876
43,49,2.733335
44,49,2.727840
45,49,2.725704
46,49,2.731638
47,49,2.729373
48,49,2.742886
49,49,2.744719
50,49,2.742685
51,49,2.744013
52,49,2.741859
53,49,2.735362
54,49,2.733400
55,49,2.731058
56,49,2.732082
57,49,2.733480
58,49,2.738242
59,49,2.735926
60,49,2.736714
61,49,2.737880
62,49,2.731286
63,49,2.732115
64,49,2.748520
65,49,2.749027
66,49,2.749916
67,49,2.746899
68,49,2.747399
69,49,2.748121
70,49,2.740649
71,49,2.737417
72,49,2.741946
73,49,2.742016
74,49,2.746327
75,49,2.750587
76,49,2.742798
77,49,2.743161
78,49,2.743408
79,49,2.743163
80,49,2.751016
81,49,2.751128
82,49,2.750721
83,49,2.746856
84,49,2.746795
85,49,2.738949
86,49,2.742183
87,49,2.741961
88,49,2.745482
89,49,2.748553
90,49,2.744318
91,49,2.747738
92,49,2.743299
93,49,2.742299
94,49,2.737851
95,49,2.741056
96,49,2.758669
97,49,2.755152
98,49,2.758838
99,49,2.755262
100,49,2.751586
101,49,2.751713
102,49,2.747937
103,49,2.747510
104,49,2.739772
105,49,2.747396
106,49,2.743380
107,49,2.743190
108,49,2.742949
109,49,2.742621
110,49,2.741794
111,49,2.741369
112,49,2.762870
113,49,2.755778
114,49,2.752470
115,49,2.752958
116,49,2.745684
117,49,2.738354
118,49,2.734821
119,49,2.738943
120,49,2.731444
121,49,2.731595
122,49,2.735086
123,49,2.735126
124,49,2.727404
125,49,2.723480
126,49,2.723351
127,49,2.723167
128,49,2.741998
129,49,2.735153
130,49,2.728248
131,49,2.732842
132,49,2.731610
133,49,2.724529
134,49,2.723631
135,49,2.720288
136,49,2.714963
137,49,2.721146
138,49,2.721487
139,49,2.721771
140,49,2.723926
141,49,2.726025
142,49,2.722289
143,49,2.722351
144,49,2.757031
145,49,2.749274
146,49,2.753477
147,49,2.749451
148,49,2.741538
149,49,2.745134
150,49,2.740908
151,49,2.748247
152,49,2.743977
153,49,2.743867
154,49,2.751045
155,49,2.750468
156,49,2.726723
157,49,2.722049
158,49,2.725615
159,49,2.720970
160,49,2.749306
161,49,2.753343
162,49,2.749625
163,49,2.742455
164,49,2.742491
165,49,2.750172
166,49,2.742392
167,49,2.742717
168,49,2.738650
169,49,2.753828
170,49,2.746286
171,49,2.742027
172,49,2.722370
173,49,2.725780
174,49,2.725731
175,49,2.728924
176,49,2.747583
177,49,2.747370
178,49,2.746663
179,49,2.741894
180,49,2.737662
181,49,2.740643
182,49,2.739717
183,49,2.735328
184,49,2.737937
185,49,2.740695
186,49,2.739986
187,49,2.742636
188,49,2.718442
189,49,2.720971
190,49,2.719591
191,49,2.718593
192,49,2.744069
193,49,2.738787
194,49,2.733313
195,49,2.735486
196,49,2.726480
197,49,2.728166
198,49,2.726732
199,49,2.724798
200,49,2.715534
201,49,2.732737
202,49,2.730179
203,49,2.732268
204,49,2.714587
205,49,2.716543
206,49,2.710285
207,49,2.703894
208,49,2.728305
209,49,2.726114
210,49,2.719558
211,49,2.717221
212,49,2.722075
213,49,2.718991
214,49,2.712116
215,49,2.717160
216,49,2.710124
217,49,2.722711
218,49,2.714828
219,49,2.715671
220,49,2.704424
221,49,2.701237
222,49,2.701812
223,49,2.701850
224,49,2.713002
225,49,2.712828
226,49,2.709147
227,49,2.701065
228,49,2.701032
229,49,2.700444
230,49,2.700196
231,49,2.702745
232,49,2.701799
233,49,2.708892
234,49,2.707707
235,49,2.702999
236,49,2.690459
237,49,2.685041
238,49,2.682672
239,49,2.688513
240,49,2.686966
241,49,2.685274
242,49,2.679122
243,49,2.680982
244,49,2.678833
245,49,2.670861
246,49,2.676057
247,49,2.673374
248,49,2.670048
249,49,2.674712
250,49,2.679188
251,49,2.679146
252,49,2.663963
253,49,2.660132
254,49,2.653912
255,49,2.653454
0,50,2.693198
1,50,2.691825
2,50,2.690720
3,50,2.692873
4,50,2.694870
5,50,2.697146
6,50,2.694989
7,50,2.700395
8,50,2.694530
9,50,2.693048
10,50,2.694165
11,50,2.703285
12,50,2.692588
13,50,2.697180
14,50,2.694372
15,50,2.702580
16,50,2.718803
17,50,2.716125
18,50,2.720125
19,50,2.720588
20,50,2.712820
21,50,2.724636
22,50,2.716668
23,50,2.727866
24,50,2.716273
25,50,2.720312
26,50,2.720074
27,50,2.723181
28,50,2.718914
29,50,2.725701
30,50,2.721264
31,50,2.724659
32,50,2.735035
33,50,2.738045
34,50,2.732853
35,50,2.731855
36,50,2.730364
37,50,2.733602
38,50,2.739655
39,50,2.728717
40,50,2.728850
41,50,2.727405
42,50,2.729326
43,50,2.724339
44,50,2.726114
45,50,2.728241
46,50,2.726034
47,50,2.724181
48,50,2.748817
49,50,2.747207
50,50,2.740885
51,50,2.746480
52,50,2.740456
53,50,2.741662
54,50,2.739680
55,50,2.733052
56,50,2.734491
57,50,2.739307
58,50,2.740634
59,50,2.737633
60,50,2.739087
61,50,2.732533
62,50,2.733209
63,50,2.734254
64,50,2.754087
65,50,2.751354
66,50,2.748377
67,50,2.752630
68,50,2.741844
69,50,2.742702
70,50,2.746789
71,50,2.747398
72,50,2.747955
73,50,2.740330
74,50,2.748578
75,50,2.740841
76,50,2.745040
77,50,2.745336
78,50,2.741773
79,50,2.745383
80,50,2.757079
81,50,2.757167
82,50,2.752921
83,50,2.749047
84,50,2.741270
85,50,2.752272
86,50,2.744356
87,50,2.751831
88,50,2.747697
89,50,2.743076
90,50,2.734907
91,50,2.742171
92,50,2.749385
93,50,2.740694
94,50,2.739975
95,50,2.743173
96,50,2.760893
97,50,2.761228
98,50,2.753419
99,50,2.749791
100,50,2.746114
101,50,2.753966
102,50,2.750180
103,50,2.742050
104,50,2.742019
105,50,2.738062
106,50,2.734069
107,50,2.745437
108,50,2.733586
109,50,2.737152
110,50,2.732485
111,50,2.739764
112,50,2.761304
113,50,2.754197
114,50,2.750886
115,50,2.747519
116,50,2.740250
117,50,2.736770
118,50,2.733234
119,50,2.737348
120,50,2.733700
121,50,2.725699
122,50,2.733499
123,50,2.729686
124,50,2.733522
125,50,2.721892
126,50,2.733323
127,50,2.725434
128,50,2.740436
129,50,2.735512
130,50,2.726680
131,50,2.727418
132,50,2.724246
133,50,2.728722
134,50,2.723510
135,50,2.718688
136,50,2.721068
137,50,2.719539
138,50,2.719880
139,50,2.727871
140,50,2.716546
141,50,2.720572
142,50,2.724543
143,50,2.716899
144,50,2.759287
145,50,2.755385
146,50,2.748019
147,50,2.744024
148,50,2.743782
149,50,2.739673
150,50,2.741294
151,50,2.740861
152,50,2.738520
153,50,2.742350
154,50,2.734129
155,50,2.737297
156,50,2.744376
157,50,2.741773
158,50,2.727849
159,50,2.732839
160,50,2.751494
161,50,2.751687
162,50,2.748002
163,50,2.744671
164,50,2.744706
165,50,2.744692
166,50,2.740756
167,50,2.737216
168,50,2.740895
169,50,2.744526
170,50,2.736487
171,50,2.736589
172,50,2.732354
173,50,2.735775
174,50,2.724063
175,50,2.731226
176,50,2.753750
177,50,2.745831
178,50,2.744991
179,50,2.748087
180,50,2.747279
181,50,2.739143
182,50,2.741895
183,50,2.741349
184,50,2.728763
185,50,2.731534
186,50,2.738532
187,50,2.737099
188,50,2.728139
189,50,2.731109
190,50,2.722039
191,50,2.720326
192,50,2.738528
193,50,2.736981
194,50,2.735802
195,50,2.734139
196,50,2.724359
197,50,2.726844
198,50,2.728841
199,50,2.727350
200,50,2.725371
201,50,2.731460
202,50,2.725073
203,50,2.727167
204,50,2.721065
205,50,2.726453
206,50,2.716789
207,50,2.713836
208,50,2.727137
209,50,2.728380
210,50,2.718420
211,50,2.719518
212,50,2.717116
213,50,2.721324
214,50,2.718753
215,50,2.711822
216,50,2.712945
217,50,2.717409
218,50,2.710661
219,50,2.710411
220,50,2.707327
221,50,2.711428
222,50,2.696607
223,50,2.704377
224,50,2.712486
225,50,2.711985
226,50,2.707888
227,50,2.704123
228,50,2.703673
229,50,2.707405
230,50,2.699035
231,50,2.697757
232,50,2.696844
233,50,2.700106
234,50,2.699396
235,50,2.698123
236,50,2.701019
237,50,2.691785
238,50,2.686715
239,50,2.688068
240,50,2.682251
241,50,2.684440
242,50,2.682183
243,50,2.684073
244,50,2.678103
245,50,2.679228
246,50,2.676784
247,50,2.676620
248,50,2.673344
249,50,2.678045
250,50,2.663295
251,50,2.671012
252,50,2.671282
253,50,2.675199
254,50,2.655327
255,50,2.654961
0,51,2.688570
1,51,2.691018
2,51,2.689447
3,51,2.691991
4,51,2.693958
5,51,2.692339
6,51,2.694008
7,51,2.703240
8,51,2.690746
9,51,2.695823
10,51,2.693062
11,51,2.698294
12,51,2.699133
13,51,2.702190
14,51,2.700862
15,51,2.701344
16,51,2.718449
17,51,2.718685
18,51,2.723077
19,51,2.719248
20,51,2.719168
21,51,2.723250
22,51,2.722971
23,51,2.726857
24,51,2.719429
25,51,2.726961
26,51,2.722438
27,51,2.725531
28,51,2.721239
29,51,2.720308
30,51,2.719700
31,51,2.723079
32,51,2.729997
33,51,2.732578
34,51,2.731635
35,51,2.737915
36,51,2.725262
37,51,2.724216
38,51,2.730667
39,51,2.732788
40,51,2.727539
41,51,2.733374
42,51,2.731841
43,51,2.729836
44,51,2.724747
45,51,2.722598
46,51,2.728496
47,51,2.733925
48,51,2.747403
49,51,2.741150
50,51,2.739447
51,51,2.741172
52,51,2.738579
53,51,2.736334
54,51,2.741330
55,51,2.739261
56,51,2.736425
57,51,2.737793
58,51,2.735252
59,51,2.736102
60,51,2.733452
61,51,2.730562
62,51,2.739352
63,51,2.744236
64,51,2.748657
65,51,2.749582
66,51,2.746360
67,51,2.747172
68,51,2.744078
69,51,2.748227
70,51,2.748885
71,51,2.741900
72,51,2.745886
73,51,2.738676
74,51,2.739121
75,51,2.743027
76,51,2.747215
77,51,2.743648
78,51,2.743467
79,51,2.743653
80,51,2.755370
81,51,2.747322
82,51,2.747350
83,51,2.747328
84,51,2.747237
85,51,2.738979
86,51,2.746504
87,51,2.746274
88,51,2.745570
89,51,2.737462
90,51,2.737072
91,51,2.740485
92,51,2.743847
93,51,2.738910
94,51,2.730602
95,51,2.737654
96,51,2.759271
97,51,2.759168
98,51,2.751736
99,51,2.748108
100,51,2.748313
101,51,2.752282
102,51,2.748496
103,51,2.748085
104,51,2.744188
105,51,2.744097
106,51,2.736251
107,51,2.736018
108,51,2.739622
109,51,2.742738
110,51,2.742367
111,51,2.741947
112,51,2.755819
113,51,2.752561
114,51,2.753100
115,51,2.742023
116,51,2.742449
117,51,2.746672
118,51,2.743134
119,51,2.735688
120,51,2.739744
121,51,2.743313
122,51,2.727995
123,51,2.731886
124,51,2.731869
125,51,2.735649
126,51,2.723964
127,51,2.727634
128,51,2.742658
129,51,2.743510
130,51,2.740443
131,51,2.723842
132,51,2.730301
133,51,2.719365
134,51,2.719931
135,51,2.718949
136,51,2.721328
137,51,2.721725
138,51,2.722067
139,51,2.726205
140,51,2.718730
141,51,2.722757
142,51,2.715171
143,51,2.721014
144,51,2.749919
145,51,2.746021
146,51,2.745920
147,51,2.744275
148,51,2.740227
149,51,2.741853
150,51,2.741548
151,51,2.733488
152,51,2.744556
153,51,2.738742
154,51,2.740155
155,51,2.739591
156,51,2.727289
157,51,2.726614
158,51,2.725888
159,51,2.725540
160,51,2.745954
161,51,2.750000
162,51,2.746291
163,51,2.739118
164,51,2.739153
165,51,2.742991
166,51,2.731369
167,51,2.738932
168,51,2.735330
169,51,2.738961
170,51,2.738689
171,51,2.734936
172,51,2.730632
173,51,2.726349
174,51,2.722015
175,51,2.729609
176,51,2.744316
177,51,2.739821
178,51,2.743399
179,51,2.742655
180,51,2.734154
181,51,2.737401
182,51,2.732639
183,51,2.735530
184,51,2.731079
185,51,2.741350
186,51,2.736365
187,51,2.727889
188,51,2.718943
189,51,2.717648
190,51,2.720289
191,51,2.718871
192,51,2.733223
193,51,2.731692
194,51,2.726250
195,51,2.732386
196,51,2.726815
197,51,2.729304
198,51,2.731319
199,51,2.717861
200,51,2.724019
201,51,2.725435
202,51,2.727600
203,51,2.725435
204,51,2.712059
205,51,2.709762
206,51,2.714621
207,51,2.716441
208,51,2.721629
209,51,2.731014
210,51,2.724500
211,51,2.718329
212,51,2.707245
213,51,2.720172
214,51,2.713343
215,51,2.714557
216,51,2.711421
217,51,2.712474
218,51,2.713026
219,51,2.713224
220,51,2.702030
221,51,2.702723
222,51,2.702908
223,51,2.703420
224,51,2.703419
225,51,2.706793
226,51,2.698871
227,51,2.702829
228,51,2.698556
229,51,2.702307
230,51,2.705950
231,51,2.705207
232,51,2.696114
233,51,2.698971
234,51,2.698282
235,51,2.700898
236,51,2.688405
237,51,2.695049
238,51,2.689574
239,51,2.684394
240,51,2.685183
241,51,2.679695
242,51,2.677913
243,51,2.671694
244,51,2.677312
245,51,2.682334
246,51,2.676072
247,51,2.669640
248,51,2.676576
249,51,2.677461
250,51,2.678160
251,51,2.674372
252,51,2.659271
253,51,2.655078
254,51,2.662680
255,51,2.654653
0,52,2.687735
1,52,2.690150
2,52,2.692401
3,52,2.698755
4,52,2.692987
5,52,2.702481
6,52,2.697986
7,52,2.699457
8,52,2.701195
9,52,2.698541
10,52,2.699610
11,52,2.697101
12,52,2.701771
13,52,2.699015
14,52,2.699593
15,52,2.708690
16,52,2.728681
17,52,2.717340
18,52,2.725555
19,52,2.714003
20,52,2.718156
21,52,2.721813
22,52,2.729224
23,52,2.729990
24,52,2.721782
25,52,2.721583
26,52,2.724751
27,52,2.720522
28,52,2.723516
29,52,2.722967
30,52,2.714235
31,52,2.717992
32,52,2.736053
33,52,2.739017
34,52,2.726099
35,52,2.736617
36,52,2.735107
37,52,2.733918
38,52,2.736626
39,52,2.735280
40,52,2.733471
41,52,2.735839
42,52,2.730041
43,52,2.728423
44,52,2.726771
45,52,2.728862
46,52,2.726643
47,52,2.728608
48,52,2.745527
49,52,2.743516
50,52,2.745646
51,52,2.739255
52,52,2.737053
53,52,2.745956
54,52,2.743637
55,52,2.737013
56,52,2.734859
57,52,2.736212
58,52,2.737114
59,52,2.726799
60,52,2.735297
61,52,2.728726
62,52,2.733870
63,52,2.738343
64,52,2.750866
65,52,2.747527
66,52,2.748388
67,52,2.749352
68,52,2.749700
69,52,2.746543
70,52,2.739483
71,52,2.747382
72,52,2.748029
73,52,2.748513
74,52,2.748545
75,52,2.741223
76,52,2.733852
77,52,2.737636
78,52,2.745567
79,52,2.738038
80,52,2.757428
81,52,2.753246
82,52,2.745568
83,52,2.749389
84,52,2.748899
85,52,2.748769
86,52,2.744694
87,52,2.748308
88,52,2.743754
89,52,2.743415
90,52,2.739173
91,52,2.742493
92,52,2.745431
93,52,2.737176
94,52,2.736575
95,52,2.735787
96,52,2.757514
97,52,2.753570
98,52,2.757696
99,52,2.754106
100,52,2.742713
101,52,2.754387
102,52,2.746332
103,52,2.746347
104,52,2.742453
105,52,2.734657
106,52,2.738370
107,52,2.738137
108,52,2.745595
109,52,2.744859
110,52,2.740633
111,52,2.740213
112,52,2.757976
113,52,2.754714
114,52,2.747543
115,52,2.742242
116,52,2.740731
117,52,2.744952
118,52,2.741412
119,52,2.737817
120,52,2.734166
121,52,2.733891
122,52,2.733984
123,52,2.741727
124,52,2.730152
125,52,2.730079
126,52,2.729953
127,52,2.729771
128,52,2.740963
129,52,2.741810
130,52,2.738745
131,52,2.731774
132,52,2.728598
133,52,2.721514
134,52,2.725931
135,52,2.722998
136,52,2.723451
137,52,2.723848
138,52,2.724189
139,52,2.728328
140,52,2.720849
141,52,2.717173
142,52,2.728852
143,52,2.719286
144,52,2.752046
145,52,2.748150
146,52,2.748052
147,52,2.748316
148,52,2.740415
149,52,2.738189
150,52,2.735959
151,52,2.739459
152,52,2.744835
153,52,2.738507
154,52,2.742264
155,52,2.741702
156,52,2.725678
157,52,2.728729
158,52,2.722226
159,52,2.723794
160,52,2.755717
161,52,2.752102
162,52,2.744539
163,52,2.744633
164,52,2.741238
165,52,2.741226
166,52,2.733457
167,52,2.733344
168,52,2.733592
169,52,2.741086
170,52,2.733062
171,52,2.732741
172,52,2.721221
173,52,2.728507
174,52,2.727938
175,52,2.727815
176,52,2.746500
177,52,2.742017
178,52,2.745188
179,52,2.740857
180,52,2.736211
181,52,2.743072
182,52,2.734874
183,52,2.730073
184,52,2.732718
185,52,2.735910
186,52,2.734792
187,52,2.733620
188,52,2.717386
189,52,2.719695
190,52,2.726054
191,52,2.725054
192,52,2.739006
193,52,2.734040
194,52,2.732146
195,52,2.726650
196,52,2.725350
197,52,2.731294
198,52,2.722169
199,52,2.720287
200,52,2.725652
201,52,2.731740
202,52,2.718099
203,52,2.724059
204,52,2.710288
205,52,2.712264
206,52,2.713294
207,52,2.718572
208,52,2.724183
209,52,2.725467
210,52,2.719378
211,52,2.720518
212,52,2.721422
213,52,2.714692
214,52,2.708289
215,52,2.701404
216,52,2.710254
217,52,2.710914
218,52,2.711230
219,52,2.707853
220,52,2.704795
221,52,2.705096
222,52,2.705714
223,52,2.701981
224,52,2.710120
225,52,2.709254
226,52,2.701770
227,52,2.705335
228,52,2.697650
229,52,2.704860
230,52,2.700817
231,52,2.692399
232,52,2.699693
233,52,2.697781
234,52,2.697114
235,52,2.700180
236,52,2.687295
237,52,2.690109
238,52,2.680818
239,52,2.679517
240,52,2.685364
241,52,2.678744
242,52,2.680843
243,52,2.682371
244,52,2.680315
245,52,2.677675
246,52,2.671445
247,52,2.672752
248,52,2.677314
249,52,2.682124
250,52,2.669415
251,52,2.669962
252,52,2.658754
253,52,2.658469
254,52,2.646850
255,52,2.658132
0,53,2.686840
1,53,2.689224
2,53,2.691444
3,53,2.690050
4,53,2.695812
5,53,2.698756
6,53,2.696883
7,53,2.706035
8,53,2.700030
9,53,2.701205
10,53,2.698398
11,53,2.699707
12,53,2.700502
13,53,2.697714
14,53,2.699217
15,53,2.700025
16,53,2.723450
17,53,2.719796
18,53,2.716423
19,53,2.724118
20,53,2.724391
21,53,2.724178
22,53,2.720400
23,53,2.724603
24,53,2.712911
25,53,2.720009
26,53,2.723547
27,53,2.726615
28,53,2.718038
29,53,2.721319
30,53,2.716428
31,53,2.720158
32,53,2.734355
33,53,2.729592
34,53,2.732075
35,53,2.731014
36,53,2.733347
37,53,2.732138
38,53,2.731363
39,53,2.729615
40,53,2.735886
41,53,2.737854
42,53,2.728577
43,53,2.734264
44,53,2.724857
45,53,2.723118
46,53,2.725128
47,53,2.726693
48,53,2.751696
49,53,2.741962
50,53,2.743345
51,53,2.741531
52,53,2.750488
53,53,2.748212
54,53,2.741642
55,53,2.739251
56,53,2.732951
57,53,2.733918
58,53,2.739318
59,53,2.732457
60,53,2.737484
61,53,2.738606
62,53,2.731583
63,53,2.736450
64,53,2.751084
65,53,2.745818
66,53,2.742813
67,53,2.747075
68,53,2.751673
69,53,2.744794
70,53,2.745039
71,53,2.745622
72,53,2.742302
73,53,2.738542
74,53,2.739055
75,53,2.747134
76,53,2.743605
77,53,2.739634
78,53,2.743712
79,53,2.740063
80,53,2.751344
81,53,2.747558
82,53,2.743723
83,53,2.751397
84,53,2.750898
85,53,2.750758
86,53,2.742863
87,53,2.742625
88,53,2.741937
89,53,2.737673
90,53,2.737275
91,53,2.736827
92,53,2.735926
93,53,2.742968
94,53,2.738506
95,53,2.737846
96,53,2.762998
97,53,2.759467
98,53,2.755936
99,53,2.752296
100,53,2.756314
101,53,2.748723
102,53,2.748394
103,53,2.748401
104,53,2.740655
105,53,2.736712
106,53,2.732686
107,53,2.732487
108,53,2.743799
109,53,2.735357
110,53,2.738836
111,53,2.742268
112,53,2.756217
113,53,2.764509
114,53,2.757325
115,53,2.750096
116,53,2.750516
117,53,2.739316
118,53,2.731921
119,53,2.736030
120,53,2.732374
121,53,2.739819
122,53,2.736058
123,53,2.736095
124,53,2.728372
125,53,2.732152
126,53,2.728173
127,53,2.731845
128,53,2.743058
129,53,2.747753
130,53,2.736983
131,53,2.730009
132,53,2.726820
133,53,2.723587
134,53,2.724151
135,53,2.726994
136,53,2.717805
137,53,2.725908
138,53,2.718544
139,53,2.726530
140,53,2.719057
141,53,2.719233
142,53,2.719353
143,53,2.727127
144,53,2.750257
145,53,2.748289
146,53,2.746267
147,53,2.750367
148,53,2.746320
149,53,2.740297
150,53,2.741865
151,53,2.737660
152,53,2.737259
153,53,2.736808
154,53,2.740458
155,53,2.739897
156,53,2.735434
157,53,2.734772
158,53,2.741618
159,53,2.731213
160,53,2.753904
161,53,2.750253
162,53,2.746553
163,53,2.746671
164,53,2.743263
165,53,2.735553
166,53,2.731646
167,53,2.735370
168,53,2.731753
169,53,2.735395
170,53,2.731282
171,53,2.738678
172,53,2.734785
173,53,2.730513
174,53,2.737751
175,53,2.737233
176,53,2.748618
177,53,2.744017
178,53,2.743338
179,53,2.743001
180,53,2.742220
181,53,2.737535
182,53,2.740321
183,53,2.732062
184,53,2.727211
185,53,2.737718
186,53,2.733152
187,53,2.731756
188,53,2.734386
189,53,2.729647
190,53,2.736020
191,53,2.735023
192,53,2.740989
193,53,2.739477
194,53,2.730593
195,53,2.728966
196,53,2.731133
197,53,2.729778
198,53,2.719899
199,53,2.726117
200,53,2.724178
201,53,2.729881
202,53,2.724354
203,53,2.729930
204,53,2.731979
205,53,2.721554
206,53,2.723456
207,53,2.728754
208,53,2.726276
209,53,2.720266
210,53,2.721500
211,53,2.718653
212,53,2.715872
213,53,2.721114
214,53,2.714330
215,53,2.707859
216,53,2.708623
217,53,2.713551
218,53,2.701933
219,53,2.710138
220,53,2.710946
221,53,2.715125
222,53,2.708051
223,53,2.712049
224,53,2.712498
225,53,2.703958
226,53,2.704196
227,53,2.711643
228,53,2.703974
229,53,2.700055
230,53,2.703337
231,53,2.695350
232,53,2.698411
233,53,2.700792
234,53,2.703598
235,53,2.702832
236,53,2.701540
237,53,2.696673
238,53,2.698976
239,53,2.693847
240,53,2.688581
241,53,2.686622
242,53,2.679863
243,53,2.685285
244,53,2.679405
245,53,2.680662
246,53,2.674464
247,53,2.671952
248,53,2.672707
249,53,2.677552
250,53,2.674094
251,53,2.673194
252,53,2.665878
253,53,2.673353
254,53,2.673335
255,53,2.665397
0,54,2.689354
1,54,2.688239
2,54,2.686576
3,54,2.694082
4,54,2.699786
5,54,2.697637
6,54,2.699578
7,54,2.697146
8,54,2.698810
9,54,2.699962
10,54,2.693658
11,54,2.698407
12,54,2.691475
13,54,2.696360
14,54,2.697837
15,54,2.702466
16,54,2.718167
17,54,2.714871
18,54,2.722652
19,54,2.726851
20,54,2.722869
21,54,2.726493
22,54,2.722689
23,54,2.723019
24,54,2.719008
25,54,2.729944
26,54,2.729606
27,54,2.721102
28,54,2.728296
29,54,2.723476
30,54,2.726651
31,54,2.722277
32,54,2.729129
33,54,2.731679
34,54,2.730671
35,54,2.736923
36,54,2.735766
37,54,2.734166
38,54,2.732865
39,54,2.735464
40,54,2.749422
41,54,2.740194
42,54,2.730529
43,54,2.732727
44,54,2.734489
45,54,2.728853
46,54,2.727028
47,54,2.728959
48,54,2.746239
49,54,2.743825
50,54,2.741720
51,54,2.739186
52,54,2.740816
53,54,2.742325
54,54,2.736124
55,54,2.737571
56,54,2.727032
57,54,2.732220
58,54,2.733128
59,54,2.734593
60,54,2.731902
61,54,2.736489
62,54,2.725985
63,54,2.734692
64,54,2.754531
65,54,2.744044
66,54,2.748732
67,54,2.749141
68,54,2.746021
69,54,2.742851
70,54,2.743106
71,54,2.747651
72,54,2.740467
73,54,2.744413
74,54,2.737129
75,54,2.741354
76,54,2.741297
77,54,2.741619
78,54,2.741833
79,54,2.745469
80,54,2.753291
81,54,2.753358
82,54,2.753373
83,54,2.752948
84,54,2.745152
85,54,2.752718
86,54,2.744824
87,54,2.747998
88,54,2.743847
89,54,2.747353
90,54,2.735398
91,54,2.742267
92,54,2.745518
93,54,2.741108
94,54,2.740501
95,54,2.732137
96,54,2.757344
97,54,2.753802
98,54,2.746359
99,54,2.754277
100,54,2.754468
101,54,2.750721
102,54,2.746533
103,54,2.746541
104,54,2.738794
105,54,2.740607
106,54,2.738532
107,54,2.734481
108,54,2.741940
109,54,2.733499
110,54,2.736977
111,54,2.740408
112,54,2.758247
113,54,2.762673
114,54,2.747790
115,54,2.752107
116,54,2.756378
117,54,2.741330
118,54,2.737780
119,54,2.738033
120,54,2.738229
121,54,2.737979
122,54,2.741922
123,54,2.730399
124,54,2.730381
125,54,2.734163
126,54,2.726330
127,54,2.726150
128,54,2.745089
129,54,2.736295
130,54,2.742863
131,54,2.743580
132,54,2.732697
133,54,2.735230
134,54,2.720382
135,54,2.725139
136,54,2.723655
137,54,2.720199
138,54,2.710903
139,54,2.709264
140,54,2.717202
141,54,2.723156
142,54,2.721353
143,54,2.717568
144,54,2.748405
145,54,2.744514
146,54,2.740567
147,54,2.740798
148,54,2.736751
149,54,2.740361
150,54,2.743921
151,54,2.741579
152,54,2.733473
153,54,2.746508
154,54,2.742548
155,54,2.743925
156,54,2.737421
157,54,2.736762
158,54,2.732199
159,54,2.731439
160,54,2.748175
161,54,2.744524
162,54,2.736971
163,54,2.737074
164,54,2.733280
165,54,2.733664
166,54,2.737463
167,54,2.741213
168,54,2.729503
169,54,2.741201
170,54,2.733236
171,54,2.732927
172,54,2.736422
173,54,2.732545
174,54,2.731991
175,54,2.731474
176,54,2.738613
177,54,2.742232
178,54,2.737712
179,54,2.740697
180,54,2.740300
181,54,2.731764
182,54,2.734735
183,54,2.738035
184,54,2.737050
185,54,2.731945
186,54,2.738928
187,54,2.733921
188,54,2.736565
189,54,2.724122
190,54,2.722804
191,54,2.725002
192,54,2.735499
193,54,2.726297
194,54,2.728596
195,54,2.727363
196,54,2.729546
197,54,2.727464
198,54,2.726042
199,54,2.724180
200,54,2.722636
201,54,2.724505
202,54,2.718604
203,54,2.724147
204,54,2.718105
205,54,2.720082
206,54,2.713908
207,54,2.719603
208,54,2.717145
209,54,2.714617
210,54,2.715722
211,54,2.716889
212,54,2.718362
213,54,2.711675
214,54,2.712998
215,54,2.710011
216,54,2.706944
217,54,2.711245
218,54,2.711852
219,54,2.708905
220,54,2.713195
221,54,2.706224
222,54,2.702633
223,54,2.707041
224,54,2.703267
225,54,2.698998
226,54,2.706572
227,54,2.699022
228,54,2.694837
229,54,2.694788
230,54,2.701952
231,54,2.705543
232,54,2.700929
233,54,2.699484
234,54,2.702322
235,54,2.701578
236,54,2.696858
237,54,2.691623
238,54,2.690503
239,54,2.692711
240,54,2.683617
241,54,2.677843
242,54,2.674973
243,54,2.676583
244,54,2.678438
245,54,2.680137
246,54,2.673571
247,54,2.674944
248,54,2.675745
249,54,2.676773
250,54,2.673363
251,54,2.674023
252,54,2.670639
253,54,2.661204
254,54,2.661227
255,54,2.652923
0,55,2.696060
1,55,2.687196
2,55,2.694468
3,55,2.704519
4,55,2.698637
5,55,2.704167
6,55,2.702218
7,55,2.699761
8,55,2.697537
9,55,2.702518
10,55,2.700032
11,55,2.697054
12,55,2.701659
13,55,2.695910
14,55,2.692552
15,55,2.693298
16,55,2.720539
17,55,2.717214
18,55,2.721125
19,55,2.729149
20,55,2.721298
21,55,2.725269
22,55,2.724929
23,55,2.729454
24,55,2.728909
25,55,2.732487
26,55,2.724058
27,55,2.727461
28,55,2.722712
29,55,2.722094
30,55,2.721033
31,55,2.720252
32,55,2.735033
33,55,2.734080
34,55,2.728839
35,55,2.735441
36,55,2.733904
37,55,2.736508
38,55,2.734828
39,55,2.741144
40,55,2.747501
41,55,2.738256
42,55,2.736649
43,55,2.726911
44,55,2.729027
45,55,2.723013
46,55,2.725002
47,55,2.726947
48,55,2.749990
49,55,2.734445
50,55,2.739671
51,55,2.745198
52,55,2.742600
53,55,2.740305
54,55,2.742099
55,55,2.739318
56,55,2.740695
57,55,2.741655
58,55,2.739070
59,55,2.732577
60,55,2.729520
61,55,2.734693
62,55,2.724176
63,55,2.732508
64,55,2.748856
65,55,2.745888
66,55,2.742505
67,55,2.750993
68,55,2.744159
69,55,2.748318
70,55,2.741232
71,55,2.741802
72,55,2.741956
73,55,2.742427
74,55,2.746778
75,55,2.731360
76,55,2.739378
77,55,2.735788
78,55,2.739855
79,55,2.743530
80,55,2.755194
81,55,2.751398
82,55,2.743328
83,55,2.750993
84,55,2.747050
85,55,2.750730
86,55,2.746304
87,55,2.746057
88,55,2.745760
89,55,2.745414
90,55,2.741081
91,55,2.740247
92,55,2.743595
93,55,2.735334
94,55,2.734601
95,55,2.741640
96,55,2.755414
97,55,2.751871
98,55,2.752132
99,55,2.752381
100,55,2.752535
101,55,2.748408
102,55,2.740759
103,55,2.740762
104,55,2.744564
105,55,2.748318
106,55,2.740464
107,55,2.732561
108,55,2.739584
109,55,2.735433
110,55,2.731204
111,55,2.738487
112,55,2.760205
113,55,2.753080
114,55,2.757448
115,55,2.750213
116,55,2.746768
117,55,2.739423
118,55,2.739724
119,55,2.743829
120,55,2.740170
121,55,2.736078
122,55,2.736166
123,55,2.728496
124,55,2.736183
125,55,2.732258
126,55,2.724427
127,55,2.731953
128,55,2.739354
129,55,2.738262
130,55,2.737109
131,55,2.737839
132,55,2.738499
133,55,2.733338
134,55,2.708846
135,55,2.711664
136,55,2.721739
137,55,2.722135
138,55,2.707060
139,55,2.703495
140,55,2.703724
141,55,2.707755
142,55,2.723289
143,55,2.719507
144,55,2.746492
145,55,2.742603
146,55,2.742512
147,55,2.738526
148,55,2.736753
149,55,2.734585
150,55,2.738146
151,55,2.733953
152,55,2.756680
153,55,2.752295
154,55,2.740238
155,55,2.743923
156,55,2.729841
157,55,2.734837
158,55,2.734129
159,55,2.733371
160,55,2.750045
161,55,2.738698
162,55,2.738886
163,55,2.738989
164,55,2.731337
165,55,2.731718
166,55,2.727807
167,55,2.727705
168,55,2.746818
169,55,2.742765
170,55,2.735184
171,55,2.734820
172,55,2.730611
173,55,2.726351
174,55,2.730120
175,55,2.729615
176,55,2.744471
177,55,2.740256
178,55,2.739591
179,55,2.735022
180,55,2.738108
181,55,2.733807
182,55,2.732758
183,55,2.731827
184,55,2.750476
185,55,2.745588
186,55,2.729089
187,55,2.732168
188,55,2.726875
189,55,2.725614
190,55,2.724667
191,55,2.723297
192,55,2.729577
193,55,2.732315
194,55,2.730776
195,55,2.728854
196,55,2.723702
197,55,2.725830
198,55,2.720193
199,55,2.722568
200,55,2.739926
201,55,2.734472
202,55,2.728176
203,55,2.726069
204,55,2.716560
205,55,2.725881
206,55,2.720093
207,55,2.725428
208,55,2.719136
209,55,2.720338
210,55,2.717745
211,55,2.715448
212,55,2.712709
213,55,2.714117
214,55,2.711229
215,55,2.708263
216,55,2.735792
217,55,2.724946
218,55,2.710535
219,55,2.711082
220,55,2.704210
221,55,2.708438
222,55,2.709097
223,55,2.705441
224,55,2.705158
225,55,2.701298
226,55,2.701566
227,55,2.701364
228,55,2.697582
229,55,2.701028
230,55,2.697039
231,55,2.700272
232,55,2.726888
233,55,2.713534
234,55,2.701371
235,55,2.696418
236,55,2.691720
237,55,2.690372
238,55,2.689275
239,55,2.695372
240,55,2.682451
241,55,2.676715
242,55,2.682778
243,55,2.675529
244,55,2.673560
245,55,2.675289
246,55,2.672619
247,55,2.674024
248,55,2.694135
249,55,2.687491
250,55,2.676424
251,55,2.669415
252,55,2.658363
253,55,2.665985
254,55,2.656761
255,55,2.656218
0,56,2.691151
1,56,2.697656
2,56,2.701037
3,56,2.703343
4,56,2.701287
5,56,2.699084
6,56,2.700951
7,56,2.698469
8,56,2.703915
9,56,2.701168
10,56,2.702501
11,56,2.695649
12,56,2.696735
13,56,2.702152
14,56,2.694921
15,56,2.699491
16,56,2.722861
17,56,2.731065
18,56,2.727254
19,56,2.727545
20,56,2.715825
21,56,2.731329
22,56,2.727121
23,56,2.727762
24,56,2.731056
25,56,2.726905
26,56,2.722315
27,56,2.725695
28,56,2.724788
29,56,2.724147
30,56,2.715369
31,56,2.718420
32,56,2.733534
33,56,2.739918
34,56,2.742721
35,56,2.737396
36,56,2.732346
37,56,2.730729
38,56,2.733243
39,56,2.750749
40,56,2.741566
41,56,2.728916
42,56,2.726943
43,56,2.729106
44,56,2.727003
45,56,2.732891
46,56,2.726809
47,56,2.724866
48,56,2.745979
49,56,2.755476
50,56,2.741781
51,56,2.746944
52,56,2.740839
53,56,2.742381
54,56,2.743518
55,56,2.741095
56,56,2.735031
57,56,2.735989
58,56,2.737242
59,56,2.726532
60,56,2.731530
61,56,2.732622
62,56,2.725605
63,56,2.730635
64,56,2.754676
65,56,2.759050
66,56,2.752165
67,56,2.752936
68,56,2.741743
69,56,2.750118
70,56,2.747002
71,56,2.743353
72,56,2.743862
73,56,2.748174
74,56,2.740878
75,56,2.737030
76,56,2.737398
77,56,2.729945
78,56,2.733643
79,56,2.741503
80,56,2.753167
81,56,2.760929
82,56,2.756720
83,56,2.748964
84,56,2.748864
85,56,2.752568
86,56,2.748155
87,56,2.747853
88,56,2.743695
89,56,2.747193
90,56,2.742569
91,56,2.734409
92,56,2.741611
93,56,2.744793
94,56,2.740326
95,56,2.739291
96,56,2.757275
97,56,2.765290
98,56,2.761744
99,56,2.754241
100,56,2.758247
101,56,2.750279
102,56,2.742635
103,56,2.746486
104,56,2.746435
105,56,2.750189
106,56,2.742335
107,56,2.742094
108,56,2.737616
109,56,2.741158
110,56,2.736936
111,56,2.740357
112,56,2.754408
113,56,2.754974
114,56,2.755497
115,56,2.755955
116,56,2.744803
117,56,2.741309
118,56,2.737755
119,56,2.741858
120,56,2.742050
121,56,2.730261
122,56,2.734203
123,56,2.741943
124,56,2.730365
125,56,2.741852
126,56,2.730168
127,56,2.733843
128,56,2.748967
129,56,2.755577
130,56,2.742867
131,56,2.735875
132,56,2.734621
133,56,2.737153
134,56,2.728082
135,56,2.711613
136,56,2.715908
137,56,2.700894
138,56,2.705083
139,56,2.701518
140,56,2.705600
141,56,2.719261
142,56,2.721314
143,56,2.717531
144,56,2.742593
145,56,2.744483
146,56,2.742469
147,56,2.736553
148,56,2.740591
149,56,2.740306
150,56,2.759280
151,56,2.758940
152,56,2.739288
153,56,2.758114
154,56,2.755597
155,56,2.734228
156,56,2.729780
157,56,2.732987
158,56,2.735998
159,56,2.735242
160,56,2.747682
161,56,2.744406
162,56,2.736862
163,56,2.740843
164,56,2.737045
165,56,2.737050
166,56,2.752781
167,56,2.748836
168,56,2.729431
169,56,2.748462
170,56,2.748575
171,56,2.725161
172,56,2.728667
173,56,2.732124
174,56,2.728092
175,56,2.731441
176,56,2.738592
177,56,2.737989
178,56,2.737694
179,56,2.736990
180,56,2.736078
181,56,2.731767
182,56,2.757870
183,56,2.753099
184,56,2.729011
185,56,2.747610
186,56,2.742461
187,56,2.725910
188,56,2.721222
189,56,2.719975
190,56,2.722527
191,56,2.725380
192,56,2.731675
193,56,2.729907
194,56,2.732581
195,56,2.727135
196,56,2.717779
197,56,2.724131
198,56,2.745480
199,56,2.736300
200,56,2.722468
201,56,2.739769
202,56,2.734246
203,56,2.716745
204,56,2.714592
205,56,2.716582
206,56,2.722003
207,56,2.719528
208,56,2.717095
209,56,2.718445
210,56,2.716227
211,56,2.709729
212,56,2.711221
213,56,2.719987
214,56,2.732888
215,56,2.733199
216,56,2.710896
217,56,2.723548
218,56,2.720348
219,56,2.709719
220,56,2.706353
221,56,2.710964
222,56,2.699719
223,56,2.708006
224,56,2.707382
225,56,2.699695
226,56,2.703832
227,56,2.699804
228,56,2.699891
229,56,2.699513
230,56,2.718658
231,56,2.718068
232,56,2.698469
233,56,2.715974
234,56,2.711537
235,56,2.695057
236,56,2.694235
237,56,2.689067
238,56,2.691846
239,56,2.690273
240,56,2.681230
241,56,2.679384
242,56,2.681620
243,56,2.678644
244,56,2.676331
245,56,2.678089
246,56,2.694726
247,56,2.696162
248,56,2.670085
249,56,2.682738
250,56,2.683277
251,56,2.668599
252,56,2.669142
253,56,2.665257
254,56,2.659937
255,56,2.655596
0,57,2.693890
1,57,2.697773
2,57,2.692139
3,57,2.694406
4,57,2.703881
5,57,2.701653
6,57,2.699630
7,57,2.700977
8,57,2.702535
9,57,2.699765
10,57,2.693360
11,57,2.698045
12,57,2.695247
13,57,2.699694
14,57,2.693730
15,57,2.697928
16,57,2.725474
17,57,2.721751
18,57,2.725969
19,57,2.725892
20,57,2.726055
21,57,2.725781
22,57,2.725751
23,57,2.725289
24,57,2.725790
25,57,2.721276
26,57,2.720865
27,57,2.708472
28,57,2.723302
29,57,2.714595
30,57,2.717704
31,57,2.716542
32,57,2.738756
33,57,2.738005
34,57,2.733082
35,57,2.735791
36,57,2.741943
37,57,2.732950
38,57,2.738960
39,57,2.749090
40,57,2.739552
41,57,2.734136
42,57,2.732943
43,57,2.730899
44,57,2.729127
45,57,2.730808
46,57,2.725058
47,57,2.719246
48,57,2.747712
49,57,2.745632
50,57,2.739302
51,57,2.737428
52,57,2.746719
53,57,2.747909
54,57,2.737822
55,57,2.746943
56,57,2.736406
57,57,2.730005
58,57,2.730916
59,57,2.732346
60,57,2.733478
61,57,2.730364
62,57,2.727538
63,57,2.728512
64,57,2.752210
65,57,2.760786
66,57,2.750205
67,57,2.750622
68,57,2.755182
69,57,2.740428
70,57,2.741036
71,57,2.741250
72,57,2.749464
73,57,2.746155
74,57,2.738504
75,57,2.735001
76,57,2.739154
77,57,2.735207
78,57,2.735410
79,57,2.735589
80,57,2.754949
81,57,2.754647
82,57,2.743087
83,57,2.746889
84,57,2.754495
85,57,2.753961
86,57,2.749901
87,57,2.757351
88,57,2.745487
89,57,2.745133
90,57,2.740523
91,57,2.743826
92,57,2.743313
93,57,2.742751
94,57,2.734432
95,57,2.733411
96,57,2.759143
97,57,2.755589
98,57,2.755840
99,57,2.754115
100,57,2.752341
101,57,2.755958
102,57,2.748299
103,57,2.748297
104,57,2.744394
105,57,2.748148
106,57,2.736406
107,57,2.740053
108,57,2.735588
109,57,2.731412
110,57,2.734895
111,57,2.738324
112,57,2.763962
113,57,2.760672
114,57,2.753476
115,57,2.750080
116,57,2.742785
117,57,2.743135
118,57,2.739579
119,57,2.743676
120,57,2.736166
121,57,2.735946
122,57,2.736032
123,57,2.739919
124,57,2.739900
125,57,2.735976
126,57,2.731998
127,57,2.731820
128,57,2.750815
129,57,2.751642
130,57,2.737006
131,57,2.737718
132,57,2.736450
133,57,2.731286
134,57,2.708719
135,57,2.713429
136,57,2.706174
137,57,2.710415
138,57,2.710751
139,57,2.705255
140,57,2.707416
141,57,2.707594
142,57,2.707718
143,57,2.703938
144,57,2.744412
145,57,2.738600
146,57,2.746220
147,57,2.744152
148,57,2.738547
149,57,2.742168
150,57,2.741826
151,57,2.733782
152,57,2.737247
153,57,2.759927
154,57,2.757515
155,57,2.732180
156,57,2.733512
157,57,2.732868
158,57,2.736026
159,57,2.729503
160,57,2.741785
161,57,2.746202
162,57,2.742510
163,57,2.742622
164,57,2.731127
165,57,2.742697
166,57,2.739153
167,57,2.731356
168,57,2.727362
169,57,2.750290
170,57,2.746199
171,57,2.730788
172,57,2.722736
173,57,2.726195
174,57,2.733456
175,57,2.729459
176,57,2.748180
177,57,2.739758
178,57,2.742959
179,57,2.734898
180,57,2.734145
181,57,2.733341
182,57,2.732833
183,57,2.731739
184,57,2.730771
185,57,2.753213
186,57,2.744435
187,57,2.731751
188,57,2.726720
189,57,2.729685
190,57,2.728134
191,57,2.726781
192,57,2.733423
193,57,2.731959
194,57,2.730439
195,57,2.725353
196,57,2.719865
197,57,2.721678
198,57,2.727963
199,57,2.722286
200,57,2.716892
201,57,2.738062
202,57,2.736054
203,57,2.716988
204,57,2.716779
205,57,2.714130
206,57,2.723753
207,57,2.717553
208,57,2.719336
209,57,2.716852
210,57,2.718151
211,57,2.712018
212,57,2.713173
213,57,2.714599
214,57,2.711174
215,57,2.712088
216,57,2.713271
217,57,2.725587
218,57,2.722757
219,57,2.707939
220,57,2.708796
221,57,2.709221
222,57,2.709557
223,57,2.705568
224,57,2.705706
225,57,2.698394
226,57,2.706049
227,57,2.706251
228,57,2.702150
229,57,2.702152
230,57,2.701699
231,57,2.701490
232,57,2.696051
233,57,2.714864
234,57,2.713946
235,57,2.694000
236,57,2.692844
237,57,2.691919
238,57,2.694365
239,57,2.693184
240,57,2.683807
241,57,2.682357
242,57,2.675377
243,57,2.685172
244,57,2.675193
245,57,2.676980
246,57,2.674395
247,57,2.675862
248,57,2.665240
249,57,2.689485
250,57,2.686218
251,57,2.667722
252,57,2.664450
253,57,2.664468
254,57,2.668507
255,57,2.658765
0,58,2.700425
1,58,2.704260
2,58,2.694745
3,58,2.696636
4,58,2.706421
5,58,2.704168
6,58,2.705962
7,58,2.699579
8,58,2.701103
9,58,2.698311
10,58,2.699579
11,58,2.700390
12,58,2.701413
13,58,2.701988
14,58,2.699842
15,58,2.700168
16,58,2.719981
17,58,2.723946
18,58,2.716578
19,58,2.724191
20,58,2.728181
21,58,2.727892
22,58,2.727837
23,58,2.723508
24,58,2.727121
25,58,2.723306
26,58,2.722872
27,58,2.726206
28,58,2.721423
29,58,2.716884
30,58,2.715791
31,58,2.711093
32,58,2.740665
33,58,2.731960
34,58,2.730559
35,58,2.733795
36,58,2.744117
37,58,2.738631
38,58,2.748813
39,58,2.750893
40,58,2.737821
41,58,2.732061
42,58,2.726562
43,58,2.728703
44,58,2.723156
45,58,2.729010
46,58,2.726770
47,58,2.728648
48,58,2.749729
49,58,2.751160
50,58,2.737447
51,58,2.739087
52,58,2.748048
53,58,2.746018
54,58,2.747148
55,58,2.744696
56,58,2.734484
57,58,2.735447
58,58,2.736684
59,58,2.730161
60,58,2.723257
61,58,2.728395
62,58,2.721703
63,58,2.730041
64,58,2.754068
65,58,2.751074
66,58,2.747698
67,58,2.748454
68,58,2.756866
69,58,2.746089
70,58,2.746353
71,58,2.739194
72,58,2.743544
73,58,2.743658
74,58,2.740203
75,58,2.744405
76,58,2.733201
77,58,2.736960
78,58,2.737153
79,58,2.741150
80,58,2.756657
81,58,2.752514
82,58,2.748659
83,58,2.748593
84,58,2.752337
85,58,2.755693
86,58,2.755486
87,58,2.755231
88,58,2.751074
89,58,2.746449
90,58,2.746037
91,58,2.749428
92,58,2.729652
93,58,2.744502
94,58,2.739564
95,58,2.735039
96,58,2.760887
97,58,2.761185
98,58,2.753729
99,58,2.753930
100,58,2.761469
101,58,2.757711
102,58,2.757757
103,58,2.750050
104,58,2.749999
105,58,2.742169
106,58,2.742012
107,58,2.737954
108,58,2.733502
109,58,2.733166
110,58,2.736647
111,58,2.736223
112,58,2.761886
113,58,2.754742
114,58,2.755249
115,58,2.755711
116,58,2.740701
117,58,2.737196
118,58,2.741344
119,58,2.741587
120,58,2.734072
121,58,2.741571
122,58,2.741656
123,58,2.737836
124,58,2.737817
125,58,2.733893
126,58,2.722209
127,58,2.729737
128,58,2.752603
129,58,2.745721
130,58,2.731085
131,58,2.735649
132,58,2.724747
133,58,2.725350
134,58,2.718194
135,58,2.719047
136,58,2.711783
137,58,2.712172
138,58,2.712508
139,58,2.710866
140,58,2.709170
141,58,2.705499
142,58,2.701772
143,58,2.705698
144,58,2.744247
145,58,2.740363
146,58,2.740279
147,58,2.740134
148,58,2.736444
149,58,2.736213
150,58,2.739786
151,58,2.735534
152,58,2.737074
153,58,2.742418
154,58,2.734227
155,58,2.729841
156,58,2.729480
157,58,2.732690
158,58,2.731997
159,58,2.733181
160,58,2.747339
161,58,2.747558
162,58,2.740394
163,58,2.740505
164,58,2.740569
165,58,2.732878
166,58,2.732844
167,58,2.725375
168,58,2.732940
169,58,2.732751
170,58,2.724808
171,58,2.728713
172,58,2.728378
173,58,2.735617
174,58,2.731322
175,58,2.731167
176,58,2.746037
177,58,2.737740
178,58,2.748658
179,58,2.740597
180,58,2.735849
181,58,2.731194
182,58,2.734194
183,58,2.733625
184,58,2.728817
185,58,2.723957
186,58,2.727084
187,58,2.737301
188,58,2.728419
189,58,2.731042
190,58,2.726239
191,58,2.721047
192,58,2.735065
193,58,2.733948
194,58,2.736295
195,58,2.726708
196,58,2.721556
197,58,2.727572
198,58,2.725823
199,58,2.724347
200,58,2.726331
201,58,2.720548
202,58,2.718889
203,58,2.720268
204,58,2.722322
205,58,2.720126
206,58,2.717864
207,58,2.719721
208,58,2.721178
209,58,2.722565
210,58,2.720364
211,58,2.717758
212,58,2.714870
213,58,2.712104
214,58,2.716968
215,58,2.710533
216,58,2.715243
217,58,2.704799
218,58,2.705498
219,58,2.710302
220,58,2.714688
221,58,2.706738
222,58,2.711271
223,58,2.707672
224,58,2.712025
225,58,2.704390
226,58,2.700851
227,58,2.696877
228,58,2.700848
229,58,2.696674
230,58,2.696248
231,58,2.699021
232,58,2.702212
233,58,2.697928
234,58,2.697040
235,58,2.696378
236,58,2.691401
237,58,2.698203
238,58,2.692977
239,58,2.691820
240,58,2.682478
241,58,2.681053
242,58,2.681824
243,58,2.683939
244,58,2.681705
245,58,2.675815
246,58,2.680976
247,58,2.670916
248,58,2.671896
249,58,2.673057
250,58,2.669836
251,58,2.670639
252,58,2.663195
253,58,2.667471
254,58,2.663843
255,58,2.658018
0,59,2.691494
1,59,2.694023
2,59,2.697296
3,59,2.695308
4,59,2.701203
5,59,2.702777
6,59,2.708389
7,59,2.709688
8,59,2.699620
9,59,2.696806
10,59,2.694188
11,59,2.698832
12,59,2.699824
13,59,2.696527
14,59,2.697289
15,59,2.698507
16,59,2.722144
17,59,2.726092
18,59,2.722551
19,59,2.722442
20,59,2.726407
21,59,2.734127
22,59,2.729876
23,59,2.741262
24,59,2.725270
25,59,2.717212
26,59,2.724834
27,59,2.724292
28,59,2.723351
29,59,2.718791
30,59,2.725708
31,59,2.732232
32,59,2.735141
33,59,2.737658
34,59,2.732711
35,59,2.735080
36,59,2.745398
37,59,2.744585
38,59,2.746728
39,59,2.756822
40,59,2.731858
41,59,2.726407
42,59,2.732449
43,59,2.730405
44,59,2.724760
45,59,2.722589
46,59,2.728377
47,59,2.722913
48,59,2.747516
49,59,2.745406
50,59,2.747089
51,59,2.744545
52,59,2.738407
53,59,2.743454
54,59,2.733350
55,59,2.750159
56,59,2.736036
57,59,2.733461
58,59,2.726979
59,59,2.727831
60,59,2.725095
61,59,2.730012
62,59,2.726852
63,59,2.731665
64,59,2.755690
65,59,2.749006
66,59,2.749482
67,59,2.754080
68,59,2.758628
69,59,2.751246
70,59,2.747988
71,59,2.752386
72,59,2.741094
73,59,2.741531
74,59,2.745771
75,59,2.738404
76,59,2.738371
77,59,2.742464
78,59,2.742657
79,59,2.738948
80,59,2.746436
81,59,2.746473
82,59,2.742609
83,59,2.746402
84,59,2.753671
85,59,2.753514
86,59,2.741703
87,59,2.756849
88,59,2.744978
89,59,2.740432
90,59,2.740020
91,59,2.743412
92,59,2.742794
93,59,2.738371
94,59,2.737417
95,59,2.744453
96,59,2.758719
97,59,2.762869
98,59,2.755457
99,59,2.755648
100,59,2.759311
101,59,2.759406
102,59,2.744040
103,59,2.759443
104,59,2.747825
105,59,2.740011
106,59,2.739855
107,59,2.747356
108,59,2.742915
109,59,2.734861
110,59,2.734489
111,59,2.734063
112,59,2.763617
113,59,2.760322
114,59,2.772384
115,59,2.742013
116,59,2.746264
117,59,2.746610
118,59,2.735345
119,59,2.735587
120,59,2.739629
121,59,2.731724
122,59,2.739515
123,59,2.739548
124,59,2.731822
125,59,2.735603
126,59,2.723921
127,59,2.727597
128,59,2.742775
129,59,2.743595
130,59,2.728945
131,59,2.733508
132,59,2.730311
133,59,2.719366
134,59,2.712208
135,59,2.713040
136,59,2.707703
137,59,2.717724
138,59,2.710354
139,59,2.710638
140,59,2.707017
141,59,2.705270
142,59,2.705397
143,59,2.707399
144,59,2.749802
145,59,2.751700
146,59,2.749692
147,59,2.745690
148,59,2.734283
149,59,2.739832
150,59,2.737627
151,59,2.737300
152,59,2.740777
153,59,2.728703
154,59,2.732072
155,59,2.735392
156,59,2.731291
157,59,2.730660
158,59,2.729837
159,59,2.732948
160,59,2.745177
161,59,2.741543
162,59,2.742044
163,59,2.746018
164,59,2.738394
165,59,2.742262
166,59,2.734523
167,59,2.730917
168,59,2.730787
169,59,2.730608
170,59,2.730329
171,59,2.733897
172,59,2.726184
173,59,2.725801
174,59,2.729222
175,59,2.732593
176,59,2.743835
177,59,2.743246
178,59,2.742606
179,59,2.738064
180,59,2.733796
181,59,2.740712
182,59,2.732166
183,59,2.727421
184,59,2.730460
185,59,2.725602
186,59,2.732250
187,59,2.723757
188,59,2.726447
189,59,2.721377
190,59,2.724282
191,59,2.722686
192,59,2.736706
193,59,2.731407
194,59,2.726373
195,59,2.728667
196,59,2.723197
197,59,2.725697
198,59,2.720111
199,59,2.729876
200,59,2.724114
201,59,2.722188
202,59,2.720199
203,59,2.718471
204,59,2.720209
205,59,2.722205
206,59,2.723813
207,59,2.717650
208,59,2.723300
209,59,2.720356
210,59,2.717825
211,59,2.719400
212,59,2.712874
213,59,2.710451
214,59,2.715336
215,59,2.712439
216,59,2.709789
217,59,2.714443
218,59,2.711634
219,59,2.711621
220,59,2.708306
221,59,2.709085
222,59,2.709452
223,59,2.710056
224,59,2.706391
225,59,2.702960
226,59,2.699109
227,59,2.706719
228,59,2.699147
229,59,2.702706
230,59,2.697922
231,59,2.697398
232,59,2.700948
233,59,2.692499
234,59,2.695826
235,59,2.698706
236,59,2.693760
237,59,2.696731
238,59,2.691538
239,59,2.694256
240,59,2.681097
241,59,2.686267
242,59,2.680510
243,59,2.678799
244,59,2.680457
245,59,2.678447
246,59,2.675944
247,59,2.677472
248,59,2.674642
249,59,2.671982
250,59,2.672659
251,59,2.669644
252,59,2.666101
253,59,2.670414
254,59,2.665242
255,59,2.657209
0,60,2.690213
1,60,2.696240
2,60,2.699793
3,60,2.701631
4,60,2.703637
5,60,2.705186
6,60,2.703057
7,60,2.715892
8,60,2.701938
9,60,2.699102
10,60,2.700305
11,60,2.697223
12,60,2.694333
13,60,2.699031
14,60,2.703308
15,60,2.700076
16,60,2.724259
17,60,2.728499
18,60,2.728476
19,60,2.724807
20,60,2.720733
21,60,2.728428
22,60,2.728017
23,60,2.747084
24,60,2.727226
25,60,2.722998
26,60,2.722536
27,60,2.721683
28,60,2.721687
29,60,2.724506
30,60,2.719844
31,60,2.718652
32,60,2.733099
33,60,2.732059
34,60,2.734493
35,60,2.741011
36,60,2.735594
37,60,2.738117
38,60,2.744423
39,60,2.746972
40,60,2.730011
41,60,2.735796
42,60,2.730263
43,60,2.732370
44,60,2.726404
45,60,2.728385
46,60,2.722599
47,60,2.728006
48,60,2.749068
49,60,2.742796
50,60,2.744805
51,60,2.750268
52,60,2.743810
53,60,2.741454
54,60,2.739041
55,60,2.759384
56,60,2.737597
57,60,2.735019
58,60,2.735933
59,60,2.733475
60,60,2.730726
61,60,2.723765
62,60,2.724764
63,60,2.729564
64,60,2.757429
65,60,2.754113
66,60,2.747202
67,60,2.751798
68,60,2.748461
69,60,2.752948
70,60,2.753531
71,60,2.757918
72,60,2.742681
73,60,2.743117
74,60,2.731945
75,60,2.743529
76,60,2.740017
77,60,2.736395
78,60,2.740430
79,60,2.744103
80,60,2.751894
81,60,2.751930
82,60,2.748066
83,60,2.751859
84,60,2.743701
85,60,2.751240
86,60,2.747172
87,60,2.766173
88,60,2.750130
89,60,2.745915
90,60,2.741564
91,60,2.741094
92,60,2.736723
93,60,2.743859
94,60,2.735213
95,60,2.746102
96,60,2.760411
97,60,2.756845
98,60,2.757084
99,60,2.749568
100,60,2.745537
101,60,2.753337
102,60,2.745681
103,60,2.764933
104,60,2.749462
105,60,2.749354
106,60,2.737640
107,60,2.744818
108,60,2.744509
109,60,2.740359
110,60,2.743838
111,60,2.735707
112,60,2.761426
113,60,2.769686
114,60,2.777894
115,60,2.751374
116,60,2.747917
117,60,2.748262
118,60,2.736995
119,60,2.741088
120,60,2.737422
121,60,2.737234
122,60,2.733465
123,60,2.737350
124,60,2.733477
125,60,2.741110
126,60,2.729428
127,60,2.729252
128,60,2.748298
129,60,2.745262
130,60,2.734466
131,60,2.731322
132,60,2.724271
133,60,2.728725
134,60,2.721567
135,60,2.718534
136,60,2.711270
137,60,2.711659
138,60,2.708143
139,60,2.714206
140,60,2.710586
141,60,2.704986
142,60,2.701261
143,60,2.705190
144,60,2.743742
145,60,2.739861
146,60,2.739781
147,60,2.743514
148,60,2.747154
149,60,2.739541
150,60,2.735410
151,60,2.738936
152,60,2.742414
153,60,2.730432
154,60,2.729859
155,60,2.733181
156,60,2.732922
157,60,2.736145
158,60,2.737392
159,60,2.734736
160,60,2.746811
161,60,2.743176
162,60,2.743665
163,60,2.747639
164,60,2.736154
165,60,2.740031
166,60,2.732291
167,60,2.732209
168,60,2.736249
169,60,2.728365
170,60,2.735844
171,60,2.731716
172,60,2.727785
173,60,2.727403
174,60,2.726972
175,60,2.734197
176,60,2.745227
177,60,2.748815
178,60,2.740482
179,60,2.739804
180,60,2.738924
181,60,2.736523
182,60,2.726052
183,60,2.729015
184,60,2.728386
185,60,2.727394
186,60,2.722496
187,60,2.725252
188,60,2.724177
189,60,2.719110
190,60,2.729401
191,60,2.732243
192,60,2.734719
193,60,2.733286
194,60,2.731798
195,60,2.726711
196,60,2.721256
197,60,2.726963
198,60,2.725544
199,60,2.727607
200,60,2.725758
201,60,2.724158
202,60,2.710628
203,60,2.724005
204,60,2.718365
205,60,2.723909
206,60,2.717376
207,60,2.723087
208,60,2.720713
209,60,2.722435
210,60,2.719924
211,60,2.721195
212,60,2.707295
213,60,2.712274
214,60,2.709473
215,60,2.714615
216,60,2.707809
217,60,2.708328
218,60,2.712907
219,60,2.713551
220,60,2.706720
221,60,2.703344
222,60,2.704049
223,60,2.708204
224,60,2.704563
225,60,2.708851
226,60,2.701172
227,60,2.705272
228,60,2.704289
229,60,2.692759
230,60,2.700075
231,60,2.699579
232,60,2.699294
233,60,2.702433
234,60,2.694220
235,60,2.697130
236,60,2.692537
237,60,2.691355
238,60,2.694222
239,60,2.696640
240,60,2.686591
241,60,2.684864
242,60,2.683320
243,60,2.681311
244,60,2.675301
245,60,2.679099
246,60,2.682415
247,60,2.676266
248,60,2.673479
249,60,2.670851
250,60,2.671572
251,60,2.668591
252,60,2.668948
253,60,2.665592
254,60,2.660135
255,60,2.656339
0,61,2.700437
1,61,2.698730
2,61,2.704879
3,61,2.699015
4,61,2.702166
5,61,2.703691
6,61,2.705380
7,61,2.706634
8,61,2.696500
9,61,2.705501
10,61,2.698668
11,61,2.703570
12,61,2.692645
13,61,2.693461
14,61,2.697720
15,61,2.698314
16,61,2.725472
17,61,2.725853
18,61,2.730502
19,61,2.730660
20,61,2.726571
21,61,2.722683
22,61,2.726407
23,61,2.729744
24,61,2.721727
25,61,2.721034
26,61,2.716696
27,61,2.719685
28,61,2.719033
29,61,2.726005
30,61,2.721044
31,61,2.713029
32,61,2.742573
33,61,2.741514
34,61,2.736527
35,61,2.735027
36,61,2.737602
37,61,2.743665
38,61,2.746100
39,61,2.740761
40,61,2.727355
41,61,2.729589
42,61,2.732182
43,61,2.726274
44,61,2.724449
45,61,2.722267
46,61,2.724171
47,61,2.729867
48,61,2.750620
49,61,2.748491
50,61,2.750156
51,61,2.743763
52,61,2.749166
53,61,2.739393
54,61,2.744377
55,61,2.749601
56,61,2.731653
57,61,2.732619
58,61,2.729974
59,61,2.731129
60,61,2.731934
61,61,2.725278
62,61,2.730128
63,61,2.735109
64,61,2.754960
65,61,2.755793
66,61,2.756575
67,61,2.757009
68,61,2.753838
69,61,2.746764
70,61,2.755052
71,61,2.747580
72,61,2.744302
73,61,2.737021
74,61,2.737397
75,61,2.733571
76,61,2.733850
77,61,2.730227
78,61,2.734262
79,61,2.737945
80,61,2.761147
81,61,2.757333
82,61,2.757312
83,61,2.756937
84,61,2.749114
85,61,2.748947
86,61,2.744880
87,61,2.752322
88,61,2.740076
89,61,2.743558
90,61,2.735433
91,61,2.742670
92,61,2.734447
93,61,2.737421
94,61,2.736804
95,61,2.739850
96,61,2.761982
97,61,2.766121
98,61,2.762507
99,61,2.754682
100,61,2.754824
101,61,2.751078
102,61,2.754967
103,61,2.754955
104,61,2.747190
105,61,2.739377
106,61,2.739221
107,61,2.746364
108,61,2.734544
109,61,2.738087
110,61,2.737713
111,61,2.737286
112,61,2.766895
113,61,2.763583
114,61,2.760230
115,61,2.760677
116,61,2.753367
117,61,2.738298
118,61,2.742441
119,61,2.742679
120,61,2.735160
121,61,2.738832
122,61,2.738916
123,61,2.738947
124,61,2.731222
125,61,2.738855
126,61,2.738732
127,61,2.723145
128,61,2.738355
129,61,2.739168
130,61,2.732225
131,61,2.734858
132,61,2.729732
133,61,2.726479
134,61,2.725099
135,61,2.720118
136,61,2.720560
137,61,2.720949
138,61,2.717433
139,61,2.713865
140,61,2.706392
141,61,2.704646
142,61,2.706701
143,61,2.702924
144,61,2.753036
145,61,2.745305
146,61,2.749080
147,61,2.745103
148,61,2.733373
149,61,2.737267
150,61,2.740842
151,61,2.740517
152,61,2.732437
153,61,2.735867
154,61,2.735395
155,61,2.742471
156,61,2.741891
157,61,2.733868
158,61,2.731264
159,61,2.736315
160,61,2.744486
161,61,2.744753
162,61,2.744922
163,61,2.741498
164,61,2.733865
165,61,2.737742
166,61,2.733866
167,61,2.737647
168,61,2.741656
169,61,2.729919
170,61,2.729693
171,61,2.733271
172,61,2.729096
173,61,2.732881
174,61,2.732461
175,61,2.735745
176,61,2.746775
177,61,2.742648
178,61,2.745875
179,61,2.737493
180,61,2.736766
181,61,2.732439
182,61,2.735465
183,61,2.730734
184,61,2.729613
185,61,2.725071
186,61,2.724029
187,61,2.726786
188,61,2.725639
189,61,2.720886
190,61,2.727337
191,61,2.722175
192,61,2.736523
193,61,2.742520
194,61,2.729476
195,61,2.731787
196,61,2.726636
197,61,2.724979
198,61,2.723264
199,61,2.733348
200,61,2.727662
201,61,2.725767
202,61,2.720258
203,61,2.717829
204,61,2.719588
205,61,2.717731
206,61,2.719361
207,61,2.724777
208,61,2.722722
209,61,2.720298
210,61,2.721658
211,61,2.719396
212,61,2.712909
213,61,2.710502
214,61,2.711009
215,61,2.708138
216,61,2.713198
217,61,2.714024
218,61,2.710919
219,61,2.708034
220,61,2.704765
221,61,2.709420
222,61,2.713686
223,61,2.706306
224,61,2.710699
225,61,2.702386
226,61,2.698870
227,61,2.698807
228,61,2.702498
229,61,2.694838
230,61,2.706033
231,61,2.702019
232,61,2.701444
233,61,2.697214
234,61,2.700270
235,61,2.695505
236,61,2.698637
237,61,2.697487
238,61,2.695482
239,61,2.694054
240,61,2.683175
241,61,2.683409
242,61,2.678037
243,61,2.676064
244,61,2.678111
245,61,2.679696
246,61,2.677587
247,61,2.682711
248,61,2.676112
249,61,2.673515
250,61,2.674281
251,61,2.675186
252,61,2.666400
253,61,2.663042
254,61,2.663019
255,61,2.666967
0,62,2.699048
1,62,2.697314
2,62,2.699572
3,62,2.693682
4,62,2.703350
5,62,2.704879
6,62,2.699947
7,62,2.709173
8,62,2.694864
9,62,2.696128
10,62,2.696980
11,62,2.701853
12,62,2.698615
13,62,2.695549
14,62,2.699790
15,62,2.704209
16,62,2.723645
17,62,2.724000
18,62,2.724252
19,62,2.720266
20,62,2.728026
21,62,2.728451
22,62,2.728299
23,62,2.727769
24,62,2.719731
25,62,2.727015
26,62,2.722371
27,62,2.725633
28,62,2.720822
29,62,2.723921
30,62,2.715381
31,62,2.721891
32,62,2.740166
33,62,2.738819
34,62,2.734362
35,62,2.736990
36,62,2.731557
37,62,2.745602
38,62,2.744166
39,62,2.738527
40,62,2.733103
41,62,2.727331
42,62,2.729482
43,62,2.723864
44,62,2.725605
45,62,2.723714
46,62,2.725987
47,62,2.731384
48,62,2.752417
49,62,2.750273
50,62,2.747787
51,62,2.745527
52,62,2.747063
53,62,2.744405
54,62,2.749682
55,62,2.751050
56,62,2.732815
57,62,2.734074
58,62,2.735515
59,62,2.732518
60,62,2.729755
61,62,2.726939
62,62,2.731776
63,62,2.728570
64,62,2.756422
65,62,2.753401
66,62,2.750041
67,62,2.754625
68,62,2.751583
69,62,2.756056
70,62,2.752486
71,62,2.756861
72,62,2.741923
73,62,2.742347
74,62,2.734727
75,62,2.731201
76,62,2.739184
77,62,2.735602
78,62,2.739334
79,62,2.743311
80,62,2.754945
81,62,2.754972
82,62,2.746951
83,62,2.750735
84,62,2.750617
85,62,2.758118
86,62,2.754041
87,62,2.745767
88,62,2.737740
89,62,2.745076
90,62,2.736952
91,62,2.740337
92,62,2.739820
93,62,2.742687
94,62,2.730503
95,62,2.741386
96,62,2.767350
97,62,2.767636
98,62,2.756315
99,62,2.756239
100,62,2.760224
101,62,2.760308
102,62,2.752639
103,62,2.756480
104,62,2.748715
105,62,2.748607
106,62,2.740709
107,62,2.744048
108,62,2.732229
109,62,2.739611
110,62,2.743097
111,62,2.742670
112,62,2.768443
113,62,2.765140
114,62,2.757922
115,62,2.754514
116,62,2.747201
117,62,2.743689
118,62,2.740125
119,62,2.740358
120,62,2.736691
121,62,2.740376
122,62,2.740458
123,62,2.740489
124,62,2.736615
125,62,2.740397
126,62,2.721009
127,62,2.724687
128,62,2.739911
129,62,2.740723
130,62,2.737632
131,62,2.730619
132,62,2.725492
133,62,2.724165
134,62,2.720859
135,62,2.727435
136,62,2.722096
137,62,2.722477
138,62,2.707403
139,62,2.711541
140,62,2.711774
141,62,2.708102
142,62,2.704377
143,62,2.704455
144,62,2.754569
145,62,2.746838
146,62,2.746763
147,62,2.746636
148,62,2.746464
149,62,2.744619
150,62,2.746219
151,62,2.738188
152,62,2.735888
153,62,2.737393
154,62,2.733069
155,62,2.736403
156,62,2.733908
157,62,2.735387
158,62,2.734711
159,62,2.733985
160,62,2.746007
161,62,2.753939
162,62,2.746412
163,62,2.739154
164,62,2.735373
165,62,2.735398
166,62,2.743080
167,62,2.739155
168,62,2.735182
169,62,2.735310
170,62,2.735094
171,62,2.730918
172,62,2.726743
173,62,2.734077
174,62,2.733951
175,62,2.733483
176,62,2.752230
177,62,2.740105
178,62,2.743635
179,62,2.742831
180,62,2.745959
181,62,2.733625
182,62,2.736944
183,62,2.743773
184,62,2.731288
185,62,2.738015
186,62,2.729570
187,62,2.728487
188,62,2.727119
189,62,2.729773
190,62,2.728811
191,62,2.727505
192,62,2.737702
193,62,2.740429
194,62,2.727399
195,62,2.733577
196,62,2.728140
197,62,2.734493
198,62,2.720887
199,62,2.726822
200,62,2.736839
201,62,2.731095
202,62,2.725290
203,62,2.723565
204,62,2.721488
205,62,2.723199
206,62,2.717430
207,62,2.722864
208,62,2.724379
209,62,2.726115
210,62,2.730843
211,62,2.716726
212,62,2.714386
213,62,2.719389
214,62,2.716613
215,62,2.710199
216,62,2.714977
217,62,2.712263
218,62,2.709179
219,62,2.709866
220,62,2.714616
221,62,2.715138
222,62,2.711027
223,62,2.707798
224,62,2.704187
225,62,2.704631
226,62,2.708541
227,62,2.700797
228,62,2.704809
229,62,2.696869
230,62,2.700680
231,62,2.707946
232,62,2.703546
233,62,2.703186
234,62,2.694713
235,62,2.697020
236,62,2.695998
237,62,2.699005
238,62,2.697738
239,62,2.700196
240,62,2.687413
241,62,2.689608
242,62,2.684260
243,62,2.682323
244,62,2.676690
245,62,2.674460
246,62,2.680084
247,62,2.681396
248,62,2.682848
249,62,2.676125
250,62,2.671680
251,62,2.668730
252,62,2.665288
253,62,2.669671
254,62,2.661991
255,62,2.662124
0,63,2.693753
1,63,2.699698
2,63,2.698065
3,63,2.696003
4,63,2.705636
5,63,2.707141
6,63,2.704937
7,63,2.710305
8,63,2.700885
9,63,2.694412
10,63,2.699097
11,63,2.703940
12,63,2.696830
13,63,2.701442
14,63,2.701813
15,63,2.698499
16,63,2.725901
17,63,2.725953
18,63,2.722327
19,63,2.722179
20,63,2.729915
21,63,2.725997
22,63,2.725565
23,63,2.733021
24,63,2.721543
25,63,2.717247
26,63,2.724423
27,63,2.723537
28,63,2.718990
29,63,2.725647
30,63,2.717087
31,63,2.720008
32,63,2.741844
33,63,2.744613
34,63,2.735478
35,63,2.734249
36,63,2.740654
37,63,2.742863
38,63,2.738046
39,63,2.740377
40,63,2.738517
41,63,2.725306
42,63,2.723588
43,63,2.729239
44,63,2.731248
45,63,2.729341
46,63,2.730953
47,63,2.728925
48,63,2.753807
49,63,2.747534
50,63,2.749182
51,63,2.743378
52,63,2.752332
53,63,2.753797
54,63,2.747502
55,63,2.744730
56,63,2.742178
57,63,2.735718
58,63,2.736636
59,63,2.730071
60,63,2.727305
61,63,2.732193
62,63,2.732900
63,63,2.730159
64,63,2.761852
65,63,2.758542
66,63,2.759312
67,63,2.752325
68,63,2.764553
69,63,2.757189
70,63,2.757759
71,63,2.750575
72,63,2.751047
73,63,2.735859
74,63,2.736224
75,63,2.740393
76,63,2.736808
77,63,2.732894
78,63,2.744624
79,63,2.744748
80,63,2.756381
81,63,2.756408
82,63,2.756094
83,63,2.752163
84,63,2.755889
85,63,2.755713
86,63,2.747784
87,63,2.751080
88,63,2.746907
89,63,2.738832
90,63,2.742178
91,63,2.741701
92,63,2.737034
93,63,2.740312
94,63,2.735834
95,63,2.731307
96,63,2.768810
97,63,2.765243
98,63,2.765522
99,63,2.757708
100,63,2.761693
101,63,2.765630
102,63,2.757960
103,63,2.754096
104,63,2.754019
105,63,2.746196
106,63,2.742179
107,63,2.741677
108,63,2.737563
109,63,2.737234
110,63,2.736859
111,63,2.740284
112,63,2.769936
113,63,2.770483
114,63,2.767125
115,63,2.759853
116,63,2.752539
117,63,2.741319
118,63,2.741601
119,63,2.741838
120,63,2.738169
121,63,2.738011
122,63,2.730386
123,63,2.734269
124,63,2.730396
125,63,2.730323
126,63,2.726348
127,63,2.730027
128,63,2.745266
129,63,2.738368
130,63,2.737191
131,63,2.737895
132,63,2.728915
133,63,2.725660
134,63,2.726195
135,63,2.725054
136,63,2.729348
137,63,2.723957
138,63,2.708876
139,63,2.705309
140,63,2.705543
141,63,2.705721
142,63,2.705852
143,63,2.702079
144,63,2.752193
145,63,2.748317
146,63,2.744390
147,63,2.748114
148,63,2.744090
149,63,2.740307
150,63,2.743893
151,63,2.743578
152,63,2.731578
153,63,2.731157
154,63,2.738393
155,63,2.741728
156,63,2.733456
157,63,2.736981
158,63,2.736177
159,63,2.727746
160,63,2.747472
161,63,2.747698
162,63,2.744023
163,63,2.740301
164,63,2.740669
165,63,2.736850
166,63,2.740680
167,63,2.740608
168,63,2.728930
169,63,2.736752
170,63,2.736537
171,63,2.736273
172,63,2.728255
173,63,2.731748
174,63,2.735386
175,63,2.734919
176,63,2.749814
177,63,2.741543
178,63,2.744782
179,63,2.740547
180,63,2.739833
181,63,2.735217
182,63,2.734403
183,63,2.733640
184,63,2.728862
185,63,2.731738
186,63,2.726857
187,63,2.726056
188,63,2.732629
189,63,2.727591
190,63,2.730204
191,63,2.733043
192,63,2.745181
193,63,2.737712
194,63,2.732670
195,63,2.734998
196,63,2.729563
197,63,2.727924
198,63,2.726506
199,63,2.728602
200,63,2.730640
201,63,2.729043
202,63,2.727106
203,63,2.728961
204,63,2.727178
205,63,2.720768
206,63,2.722419
207,63,2.728135
208,63,2.725801
209,63,2.723399
210,63,2.721208
211,63,2.718668
212,63,2.719909
213,63,2.721358
214,63,2.718601
215,63,2.719622
216,63,2.720847
217,63,2.710157
218,63,2.714176
219,63,2.715150
220,63,2.700349
221,63,2.704728
222,63,2.709304
223,63,2.705805
224,63,2.714058
225,63,2.706527
226,63,2.706609
227,63,2.703026
228,63,2.702916
229,63,2.702991
230,63,2.698828
231,63,2.698415
232,63,2.697293
233,63,2.700496
234,63,2.700020
235,63,2.699146
236,63,2.698153
237,63,2.693475
238,63,2.692239
239,63,2.691165
240,63,2.693527
241,63,2.688050
242,63,2.686578
243,63,2.680824
244,63,2.682923
245,63,2.676877
246,63,2.686381
247,63,2.683879
248,63,2.676332
249,63,2.677322
250,63,2.678138
251,63,2.675220
252,63,2.667971
253,63,2.668536
254,63,2.664757
255,63,2.661075
0,64,2.653730
1,64,2.659648
2,64,2.661832
3,64,2.663598
4,64,2.665490
5,64,2.663388
6,64,2.660882
7,64,2.666217
8,64,2.663450
9,64,2.660824
10,64,2.665514
11,64,2.666498
12,64,2.664176
13,64,2.668760
14,64,2.669380
15,64,2.669626
16,64,2.685443
17,64,2.689333
18,64,2.685682
19,64,2.685784
20,64,2.689378
21,64,2.681584
22,64,2.684991
23,64,2.684720
24,64,2.688211
25,64,2.683647
26,64,2.683114
27,64,2.686086
28,64,2.689861
29,64,2.689066
30,64,2.684076
31,64,2.690830
32,64,2.697508
33,64,2.699996
34,64,2.694968
35,64,2.705016
36,64,2.695993
37,64,2.698457
38,64,2.692885
39,64,2.695214
40,64,2.685917
41,64,2.695556
42,64,2.694254
43,64,2.692457
44,64,2.694187
45,64,2.696118
46,64,2.697988
47,64,2.691829
48,64,2.701285
49,64,2.706829
50,64,2.704347
51,64,2.702070
52,64,2.703590
53,64,2.701200
54,64,2.698491
55,64,2.692139
56,64,2.693690
57,64,2.698512
58,64,2.699692
59,64,2.693114
60,64,2.698042
61,64,2.698799
62,64,2.695918
63,64,2.692985
64,64,2.716704
65,64,2.717523
66,64,2.714438
67,64,2.711303
68,64,2.719537
69,64,2.708587
70,64,2.705294
71,64,2.705804
72,64,2.705997
73,64,2.714116
74,64,2.702922
75,64,2.703238
76,64,2.714793
77,64,2.695749
78,64,2.703626
79,64,2.703768
80,64,2.719244
81,64,2.715137
82,64,2.707401
83,64,2.715028
84,64,2.707195
85,64,2.699315
86,64,2.698817
87,64,2.694693
88,64,2.694304
89,64,2.697778
90,64,2.701205
91,64,2.693023
92,64,2.696074
93,64,2.699353
94,64,2.702582
95,64,2.698056
96,64,2.724043
97,64,2.720465
98,64,2.712710
99,64,2.716742
100,64,2.713021
101,64,2.709252
102,64,2.705435
103,64,2.705416
104,64,2.709200
105,64,2.701378
106,64,2.705066
107,64,2.704575
108,64,2.696609
109,64,2.707826
110,64,2.692046
111,64,2.699323
112,64,2.721298
113,64,2.714127
114,64,2.710766
115,64,2.695788
116,64,2.700030
117,64,2.688809
118,64,2.692942
119,64,2.693177
120,64,2.681798
121,64,2.689636
122,64,2.689438
123,64,2.689467
124,64,2.685594
125,64,2.673963
126,64,2.677693
127,64,2.677519
128,64,2.715889
129,64,2.712841
130,64,2.694327
131,64,2.695030
132,64,2.684122
133,64,2.675076
134,64,2.673976
135,64,2.678321
136,64,2.671047
137,64,2.667583
138,64,2.679472
139,64,2.679758
140,64,2.668434
141,64,2.672466
142,64,2.672598
143,64,2.684235
144,64,2.715087
145,64,2.715065
146,64,2.711141
147,64,2.714861
148,64,2.701206
149,64,2.705118
150,64,2.706778
151,64,2.710317
152,64,2.694543
153,64,2.697898
154,64,2.701282
155,64,2.704618
156,64,2.680935
157,64,2.688026
158,64,2.678007
159,64,2.675368
160,64,2.718060
161,64,2.710580
162,64,2.710758
163,64,2.710887
164,64,2.699686
165,64,2.703573
166,64,2.699706
167,64,2.703497
168,64,2.695654
169,64,2.707045
170,64,2.703250
171,64,2.702987
172,64,2.671853
173,64,2.683051
174,64,2.682643
175,64,2.678606
176,64,2.712775
177,64,2.712104
178,64,2.699933
179,64,2.703123
180,64,2.698829
181,64,2.705772
182,64,2.697254
183,64,2.700244
184,64,2.699601
185,64,2.706342
186,64,2.705325
187,64,2.704257
188,64,2.680059
189,64,2.678875
190,64,2.681491
191,64,2.680200
192,64,2.706094
193,64,2.704694
194,64,2.699386
195,64,2.698143
196,64,2.688870
197,64,2.691098
198,64,2.689415
199,64,2.695648
200,64,2.693481
201,64,2.687755
202,64,2.693796
203,64,2.684095
204,64,2.678184
205,64,2.668357
206,64,2.670293
207,64,2.675748
208,64,2.684989
209,64,2.686726
210,64,2.680420
211,64,2.685603
212,64,2.675573
213,64,2.680614
214,64,2.669614
215,64,2.674762
216,64,2.675712
217,64,2.680437
218,64,2.673795
219,64,2.678361
220,64,2.655876
221,64,2.660547
222,64,2.657158
223,64,2.661658
224,64,2.669653
225,64,2.669850
226,64,2.658669
227,64,2.666387
228,64,2.657797
229,64,2.657867
230,64,2.657562
231,64,2.657428
232,64,2.656915
233,64,2.656293
234,64,2.659688
235,64,2.658842
236,64,2.646596
237,64,2.641662
238,64,2.640457
239,64,2.639404
240,64,2.637946
241,64,2.640485
242,64,2.631054
243,64,2.636893
244,64,2.633974
245,64,2.631787
246,64,2.633582
247,64,2.631087
248,64,2.632565
249,64,2.633596
250,64,2.634737
251,64,2.631569
252,64,2.608953
253,64,2.613405
254,64,2.609674
255,64,2.606029
0,65,2.659889
1,65,2.665781
2,65,2.664075
3,65,2.661964
4,65,2.663821
5,65,2.669392
6,65,2.663011
7,65,2.668314
8,65,2.665526
9,65,2.662870
10,65,2.667540
11,65,2.668496
12,65,2.669334
13,65,2.669804
14,65,2.662713
15,65,2.670670
16,65,2.683467
17,65,2.683744
18,65,2.691372
19,65,2.683744
20,65,2.683472
21,65,2.683360
22,65,2.683156
23,65,2.682608
24,65,2.689931
25,65,2.685608
26,65,2.684800
27,65,2.684163
28,65,2.687043
29,65,2.690096
30,65,2.689218
31,65,2.691863
32,65,2.699092
33,65,2.697972
34,65,2.696526
35,65,2.691408
36,65,2.697777
37,65,2.692266
38,65,2.690793
39,65,2.689251
40,65,2.695097
41,65,2.697278
42,65,2.687835
43,65,2.693487
44,65,2.691625
45,65,2.697405
46,65,2.691314
47,65,2.696974
48,65,2.702917
49,65,2.708194
50,65,2.702108
51,65,2.703670
52,65,2.704922
53,65,2.698667
54,65,2.700061
55,65,2.701401
56,65,2.702432
57,65,2.699811
58,65,2.700990
59,65,2.698007
60,65,2.699081
61,65,2.700102
62,65,2.704924
63,65,2.701912
64,65,2.714327
65,65,2.711281
66,65,2.712038
67,65,2.712488
68,65,2.705439
69,65,2.709900
70,65,2.702753
71,65,2.714563
72,65,2.703465
73,65,2.707730
74,65,2.700388
75,65,2.700761
76,65,2.704612
77,65,2.708674
78,65,2.701129
79,65,2.705095
80,65,2.716458
81,65,2.712623
82,65,2.708739
83,65,2.697102
84,65,2.704681
85,65,2.704203
86,65,2.696265
87,65,2.695984
88,65,2.703361
89,65,2.702984
90,65,2.698705
91,65,2.701817
92,65,2.697440
93,65,2.693014
94,65,2.699967
95,65,2.699285
96,65,2.717688
97,65,2.714110
98,65,2.715997
99,65,2.714250
100,65,2.710529
101,65,2.710612
102,65,2.706797
103,65,2.699070
104,65,2.710560
105,65,2.698885
106,65,2.694601
107,65,2.694389
108,65,2.705687
109,65,2.705339
110,65,2.697257
111,65,2.700689
112,65,2.714976
113,65,2.723213
114,65,2.712146
115,65,2.704871
116,65,2.685994
117,65,2.686324
118,65,2.690462
119,65,2.694548
120,65,2.687021
121,65,2.683299
122,65,2.679256
123,65,2.683139
124,65,2.667707
125,65,2.679193
126,65,2.675218
127,65,2.678897
128,65,2.699943
129,65,2.702672
130,65,2.699568
131,65,2.692565
132,65,2.683570
133,65,2.682240
134,65,2.671486
135,65,2.675831
136,65,2.668558
137,65,2.672800
138,65,2.675063
139,65,2.677270
140,65,2.673652
141,65,2.673832
142,65,2.673964
143,65,2.674044
144,65,2.722235
145,65,2.720288
146,65,2.712511
147,65,2.708524
148,65,2.702575
149,65,2.704283
150,65,2.696579
151,65,2.698192
152,65,2.684345
153,65,2.707052
154,65,2.706497
155,65,2.705981
156,65,2.678446
157,65,2.681686
158,65,2.681290
159,65,2.676725
160,65,2.719365
161,65,2.711895
162,65,2.708260
163,65,2.704537
164,65,2.700766
165,65,2.693358
166,65,2.693344
167,65,2.689430
168,65,2.689320
169,65,2.704574
170,65,2.700516
171,65,2.700469
172,65,2.673188
173,65,2.676682
174,65,2.678201
175,65,2.675819
176,65,2.710250
177,65,2.713550
178,65,2.705242
179,65,2.700738
180,65,2.696444
181,65,2.695537
182,65,2.694726
183,65,2.690012
184,65,2.692953
185,65,2.703808
186,65,2.706646
187,65,2.705580
188,65,2.677492
189,65,2.672727
190,65,2.679208
191,65,2.674078
192,65,2.699715
193,65,2.706009
194,65,2.692998
195,65,2.691489
196,65,2.686071
197,65,2.692413
198,65,2.686880
199,65,2.692847
200,65,2.687455
201,65,2.697156
202,65,2.691385
203,65,2.693258
204,65,2.668357
205,65,2.673958
206,65,2.671788
207,65,2.673665
208,65,2.682455
209,65,2.683927
210,65,2.689441
211,65,2.683070
212,65,2.680481
213,65,2.670373
214,65,2.667639
215,65,2.668684
216,65,2.666059
217,65,2.678510
218,65,2.675471
219,65,2.676464
220,65,2.657853
221,65,2.654570
222,65,2.655316
223,65,2.663420
224,65,2.666865
225,65,2.671181
226,65,2.659734
227,65,2.663603
228,65,2.659933
229,65,2.655902
230,65,2.659739
231,65,2.655505
232,65,2.651166
233,65,2.654687
234,65,2.653983
235,65,2.657018
236,65,2.640938
237,65,2.639887
238,65,2.638978
239,65,2.637681
240,65,2.635183
241,65,2.637718
242,65,2.635998
243,65,2.634406
244,65,2.632404
245,65,2.634107
246,65,2.624370
247,65,2.629619
248,65,2.627272
249,65,2.639902
250,65,2.629516
251,65,2.630243
252,65,2.611524
253,65,2.612157
254,65,2.608472
255,65,2.601011
0,66,2.664754
1,66,2.660303
2,66,2.666268
3,66,2.664133
4,66,2.665956
5,66,2.675346
6,66,2.668944
7,66,2.666510
8,66,2.663702
9,66,2.668721
10,66,2.669766
11,66,2.666594
12,66,2.667404
13,66,2.667857
14,66,2.664592
15,66,2.668925
16,66,2.692172
17,66,2.692444
18,66,2.688519
19,66,2.688593
20,66,2.688570
21,66,2.688946
22,66,2.696424
23,66,2.688402
24,66,2.683901
25,66,2.698821
26,66,2.690297
27,66,2.685786
28,66,2.681194
29,66,2.683985
30,66,2.686940
31,66,2.682113
32,66,2.703937
33,66,2.698960
34,66,2.697763
35,66,2.692398
36,66,2.694912
37,66,2.697356
38,66,2.696103
39,66,2.694546
40,66,2.696775
41,66,2.698697
42,66,2.696944
43,66,2.687422
44,66,2.689154
45,66,2.687215
46,66,2.681361
47,66,2.690859
48,66,2.703908
49,66,2.705583
50,66,2.707200
51,66,2.704664
52,66,2.702315
53,66,2.703762
54,66,2.705155
55,66,2.702657
56,66,2.696224
57,66,2.701296
58,66,2.698364
59,66,2.695625
60,66,2.696686
61,66,2.697695
62,66,2.690702
63,66,2.695462
64,66,2.719434
65,66,2.712534
66,66,2.713043
67,66,2.706043
68,66,2.710552
69,66,2.711159
70,66,2.703869
71,66,2.708221
72,66,2.704818
73,66,2.701367
74,66,2.705573
75,66,2.697924
76,66,2.694328
77,66,2.706096
78,66,2.698551
79,66,2.702517
80,66,2.721596
81,66,2.717760
82,66,2.710012
83,66,2.709924
84,66,2.709788
85,66,2.701646
86,66,2.705267
87,66,2.704987
88,66,2.700806
89,66,2.696576
90,66,2.692299
91,66,2.703127
92,66,2.694789
93,66,2.698060
94,66,2.697428
95,66,2.692895
96,66,2.715133
97,66,2.715152
98,66,2.711525
99,66,2.715557
100,66,2.708003
101,66,2.708077
102,66,2.715809
103,66,2.708082
104,66,2.696455
105,66,2.704045
106,66,2.695918
107,66,2.691854
108,66,2.687684
109,66,2.695087
110,66,2.690864
111,66,2.690443
112,66,2.712452
113,66,2.712982
114,66,2.705766
115,66,2.702342
116,66,2.695022
117,66,2.691497
118,66,2.684075
119,66,2.684303
120,66,2.684484
121,66,2.692318
122,66,2.684692
123,66,2.688315
124,66,2.684440
125,66,2.676664
126,66,2.672688
127,66,2.672516
128,66,2.710912
129,66,2.707859
130,66,2.689345
131,66,2.686180
132,66,2.682975
133,66,2.687673
134,66,2.676658
135,66,2.673288
136,66,2.673728
137,66,2.674110
138,66,2.682153
139,66,2.670875
140,66,2.671110
141,66,2.675144
142,66,2.669498
143,66,2.671505
144,66,2.713917
145,66,2.713898
146,66,2.713830
147,66,2.704088
148,66,2.701964
149,66,2.697893
150,66,2.697884
151,66,2.701424
152,66,2.695284
153,66,2.706434
154,66,2.694418
155,66,2.695839
156,66,2.699021
157,66,2.686850
158,66,2.674630
159,66,2.674175
160,66,2.716815
161,66,2.713197
162,66,2.705677
163,66,2.701963
164,66,2.698214
165,66,2.698502
166,66,2.698488
167,66,2.698426
168,66,2.694464
169,66,2.702012
170,66,2.686396
171,66,2.686395
172,66,2.689947
173,66,2.689598
174,66,2.669852
175,66,2.677103
176,66,2.703819
177,66,2.703267
178,66,2.706518
179,66,2.705868
180,66,2.697462
181,66,2.696962
182,66,2.696163
183,66,2.687608
184,66,2.694413
185,66,2.701168
186,66,2.688649
187,66,2.691437
188,66,2.686468
189,66,2.685299
190,66,2.668913
191,66,2.679196
192,66,2.708689
193,66,2.703452
194,66,2.698407
195,66,2.700765
196,66,2.687656
197,66,2.689900
198,66,2.684629
199,66,2.690611
200,66,2.688828
201,66,2.690710
202,66,2.681090
203,66,2.682966
204,66,2.680927
205,66,2.682925
206,66,2.669201
207,66,2.674676
208,66,2.688037
209,66,2.683747
210,66,2.679389
211,66,2.680741
212,66,2.674565
213,66,2.675775
214,66,2.673059
215,66,2.670519
216,66,2.675360
217,66,2.672419
218,66,2.665183
219,66,2.665921
220,66,2.662725
221,66,2.667402
222,66,2.656333
223,66,2.660589
224,66,2.665008
225,66,2.669087
226,66,2.661515
227,66,2.657954
228,66,2.657899
229,66,2.657745
230,66,2.657744
231,66,2.653536
232,66,2.649475
233,66,2.660467
234,66,2.655937
235,66,2.654459
236,66,2.649679
237,66,2.656339
238,66,2.640014
239,66,2.638722
240,66,2.641409
241,66,2.632153
242,66,2.638172
243,66,2.636603
244,66,2.630784
245,66,2.636633
246,66,2.630517
247,66,2.624245
248,66,2.625779
249,66,2.626891
250,66,2.628093
251,66,2.625009
252,66,2.621746
253,66,2.622411
254,66,2.611067
255,66,2.605932
0,67,2.663112
1,67,2.661277
2,67,2.659531
3,67,2.665106
4,67,2.663071
5,67,2.664751
6,67,2.669912
7,67,2.676216
8,67,2.665682
9,67,2.666819
10,67,2.663982
11,67,2.664645
12,67,2.665428
13,67,2.666098
14,67,2.670278
15,67,2.666879
16,67,2.690111
17,67,2.686506
18,67,2.686653
19,67,2.682617
20,67,2.686423
21,67,2.682431
22,67,2.685819
23,67,2.693204
24,67,2.688942
25,67,2.684362
26,67,2.687635
27,67,2.687368
28,67,2.682756
29,67,2.685770
30,67,2.684621
31,67,2.687480
32,67,2.692191
33,67,2.696595
34,67,2.699233
35,67,2.697947
36,67,2.692505
37,67,2.683374
38,67,2.693438
39,67,2.695730
40,67,2.697724
41,67,2.696032
42,67,2.690424
43,67,2.692226
44,67,2.690345
45,67,2.692255
46,67,2.686529
47,67,2.692160
48,67,2.709290
49,67,2.695540
50,67,2.708469
51,67,2.702309
52,67,2.696094
53,67,2.701147
54,67,2.694821
55,67,2.696146
56,67,2.693564
57,67,2.694547
58,67,2.699564
59,67,2.696823
60,67,2.697882
61,67,2.694802
62,67,2.695758
63,67,2.696664
64,67,2.713094
65,67,2.717506
66,67,2.706691
67,67,2.703533
68,67,2.711884
69,67,2.704537
70,67,2.708937
71,67,2.701729
72,67,2.709884
73,67,2.710286
74,67,2.706547
75,67,2.691441
76,67,2.699403
77,67,2.703464
78,67,2.707504
79,67,2.703515
80,67,2.718982
81,67,2.715137
82,67,2.715097
83,67,2.715009
84,67,2.699220
85,67,2.695183
86,67,2.706510
87,67,2.702378
88,67,2.698197
89,67,2.693888
90,67,2.697061
91,67,2.700431
92,67,2.703752
93,67,2.703172
94,67,2.694836
95,67,2.701862
96,67,2.724083
97,67,2.716406
98,67,2.712819
99,67,2.712988
100,67,2.705404
101,67,2.717036
102,67,2.709357
103,67,2.705483
104,67,2.697709
105,67,2.697593
106,67,2.693292
107,67,2.693071
108,67,2.696656
109,67,2.696346
110,67,2.692123
111,67,2.691693
112,67,2.713728
113,67,2.706551
114,67,2.697406
115,67,2.699759
116,67,2.692438
117,67,2.688912
118,67,2.693041
119,67,2.697126
120,67,2.689597
121,67,2.685874
122,67,2.682099
123,67,2.678027
124,67,2.681858
125,67,2.677934
126,67,2.677812
127,67,2.669934
128,67,2.712195
129,67,2.705287
130,67,2.698331
131,67,2.679754
132,67,2.691960
133,67,2.677381
134,67,2.677914
135,67,2.674553
136,67,2.678838
137,67,2.679226
138,67,2.679557
139,67,2.679838
140,67,2.668516
141,67,2.676402
142,67,2.672684
143,67,2.668912
144,67,2.713252
145,67,2.705529
146,67,2.701608
147,67,2.695718
148,67,2.695558
149,67,2.699203
150,67,2.691431
151,67,2.694972
152,67,2.702317
153,67,2.696129
154,67,2.695673
155,67,2.697095
156,67,2.677278
157,67,2.682455
158,67,2.675889
159,67,2.679278
160,67,2.702653
161,67,2.702887
162,67,2.703073
163,67,2.699359
164,67,2.691744
165,67,2.695640
166,67,2.699732
167,67,2.691958
168,67,2.691849
169,67,2.695545
170,67,2.699193
171,67,2.687382
172,67,2.683470
173,67,2.679269
174,67,2.675020
175,67,2.674575
176,67,2.701052
177,67,2.700750
178,67,2.703889
179,67,2.699386
180,67,2.690982
181,67,2.697939
182,67,2.689675
183,67,2.688826
184,67,2.687928
185,67,2.702389
186,67,2.693683
187,67,2.692869
188,67,2.672500
189,67,2.671344
190,67,2.673987
191,67,2.680667
192,67,2.690639
193,67,2.696962
194,67,2.687820
195,67,2.686564
196,67,2.685016
197,67,2.687263
198,67,2.681747
199,67,2.687968
200,67,2.686188
201,67,2.695907
202,67,2.686301
203,67,2.684577
204,67,2.674848
205,67,2.680467
206,67,2.674701
207,67,2.676340
208,67,2.681765
209,67,2.679418
210,67,2.676749
211,67,2.670399
212,67,2.675537
213,67,2.669282
214,67,2.670424
215,67,2.675344
216,67,2.676574
217,67,2.665932
218,67,2.670622
219,67,2.667528
220,67,2.656886
221,67,2.653628
222,67,2.661845
223,67,2.666362
224,67,2.670553
225,67,2.666948
226,67,2.659640
227,67,2.659704
228,67,2.655820
229,67,2.655124
230,67,2.651023
231,67,2.654767
232,67,2.650460
233,67,2.657603
234,67,2.653321
235,67,2.652537
236,67,2.640080
237,67,2.643159
238,67,2.642022
239,67,2.648466
240,67,2.631910
241,67,2.634244
242,67,2.636688
243,67,2.627192
244,67,2.629113
245,67,2.631134
246,67,2.632760
247,67,2.626526
248,67,2.631939
249,67,2.631759
250,67,2.629104
251,67,2.626027
252,67,2.611211
253,67,2.611872
254,67,2.604388
255,67,2.604662
0,68,2.665271
1,68,2.671117
2,68,2.661630
3,68,2.671035
4,68,2.665114
5,68,2.670614
6,68,2.671901
7,68,2.669431
8,68,2.666834
9,68,2.667741
10,68,2.664899
11,68,2.665567
12,68,2.666346
13,68,2.671755
14,68,2.668213
15,68,2.672495
16,68,2.692083
17,68,2.684377
18,68,2.688353
19,68,2.692232
20,68,2.695792
21,68,2.691777
22,68,2.691301
23,68,2.690958
24,68,2.686675
25,68,2.682084
26,68,2.685337
27,68,2.684655
28,68,2.683669
29,68,2.682827
30,68,2.685759
31,68,2.688615
32,68,2.691174
33,68,2.697733
34,68,2.700886
35,68,2.695507
36,68,2.694134
37,68,2.696544
38,68,2.687106
39,68,2.693235
40,68,2.695445
41,68,2.689662
42,68,2.695597
43,68,2.689910
44,68,2.684161
45,68,2.681981
46,68,2.687670
47,68,2.685592
48,68,2.706350
49,68,2.708009
50,68,2.698051
51,68,2.707301
52,68,2.700860
53,68,2.706146
54,68,2.695965
55,68,2.693693
56,68,2.690874
57,68,2.699785
58,68,2.697084
59,68,2.694330
60,68,2.691301
61,68,2.692297
62,68,2.689388
63,68,2.694135
64,68,2.714017
65,68,2.710957
66,68,2.707847
67,68,2.712393
68,68,2.708958
69,68,2.713406
70,68,2.698541
71,68,2.706744
72,68,2.695634
73,68,2.707439
74,68,2.700076
75,68,2.700371
76,68,2.689059
77,68,2.696964
78,68,2.689179
79,68,2.696988
80,68,2.716308
81,68,2.720168
82,68,2.716276
83,68,2.712103
84,68,2.704262
85,68,2.704079
86,68,2.696090
87,68,2.695802
88,68,2.703171
89,68,2.698933
90,68,2.694412
91,68,2.701636
92,68,2.685694
93,68,2.688967
94,68,2.692190
95,68,2.695365
96,68,2.725333
97,68,2.713804
98,68,2.714021
99,68,2.714189
100,68,2.702752
101,68,2.706679
102,68,2.702852
103,68,2.702831
104,68,2.695057
105,68,2.694913
106,68,2.694504
107,68,2.690431
108,68,2.682457
109,68,2.689847
110,68,2.689468
111,68,2.689046
112,68,2.711099
113,68,2.711625
114,68,2.700552
115,68,2.693272
116,68,2.689795
117,68,2.690126
118,68,2.690402
119,68,2.694481
120,68,2.690808
121,68,2.698640
122,68,2.687159
123,68,2.687188
124,68,2.675608
125,68,2.683003
126,68,2.675177
127,68,2.682711
128,68,2.703793
129,68,2.706515
130,68,2.703398
131,68,2.685072
132,68,2.685707
133,68,2.680522
134,68,2.675275
135,68,2.675757
136,68,2.676196
137,68,2.676577
138,68,2.673056
139,68,2.673343
140,68,2.667795
141,68,2.671830
142,68,2.670038
143,68,2.673973
144,68,2.716387
145,68,2.712518
146,68,2.704746
147,68,2.704633
148,68,2.696767
149,68,2.694634
150,68,2.694614
151,68,2.684614
152,68,2.695812
153,68,2.691552
154,68,2.694949
155,68,2.694445
156,68,2.678482
157,68,2.681734
158,68,2.681085
159,68,2.672915
160,68,2.715408
161,68,2.707936
162,68,2.704269
163,68,2.696701
164,68,2.696792
165,68,2.700688
166,68,2.681652
167,68,2.689306
168,68,2.685354
169,68,2.689059
170,68,2.684967
171,68,2.688568
172,68,2.676710
173,68,2.680446
174,68,2.680050
175,68,2.675753
176,68,2.702231
177,68,2.701690
178,68,2.705183
179,68,2.696839
180,68,2.692298
181,68,2.691561
182,68,2.679215
183,68,2.686139
184,68,2.692948
185,68,2.688147
186,68,2.687147
187,68,2.678391
188,68,2.669811
189,68,2.676361
190,68,2.671301
191,68,2.673892
192,68,2.699774
193,68,2.702258
194,68,2.693129
195,68,2.691649
196,68,2.686488
197,68,2.684896
198,68,2.683247
199,68,2.685393
200,68,2.691559
201,68,2.689362
202,68,2.683612
203,68,2.689358
204,68,2.668301
205,68,2.670070
206,68,2.671776
207,68,2.665711
208,68,2.686778
209,68,2.684434
210,68,2.674317
211,68,2.675917
212,68,2.677219
213,68,2.678451
214,68,2.664199
215,68,2.665512
216,68,2.674229
217,68,2.667458
218,68,2.668544
219,68,2.665469
220,68,2.658461
221,68,2.663158
222,68,2.659163
223,68,2.655740
224,68,2.669796
225,68,2.664270
226,68,2.660578
227,68,2.660647
228,68,2.660850
229,68,2.660726
230,68,2.648944
231,68,2.644997
232,68,2.648421
233,68,2.655591
234,68,2.647473
235,68,2.650569
236,68,2.642225
237,68,2.641238
238,68,2.643982
239,68,2.642984
240,68,2.641627
241,68,2.636287
242,68,2.627194
243,68,2.635856
244,68,2.626224
245,68,2.632093
246,68,2.618313
247,68,2.627732
248,68,2.629052
249,68,2.622503
250,68,2.627582
251,68,2.620694
252,68,2.613626
253,68,2.614320
254,68,2.606880
255,68,2.607189
0,69,2.667380
1,69,2.661643
2,69,2.671386
3,69,2.665356
4,69,2.667109
5,69,2.668724
6,69,2.669991
7,69,2.667490
8,69,2.672569
9,69,2.669604
10,69,2.666734
11,69,2.667599
12,69,2.668137
13,69,2.666850
14,69,2.665454
15,69,2.661812
16,69,2.692955
17,69,2.681401
18,69,2.689226
19,69,2.685396
20,69,2.696668
21,69,2.693376
22,69,2.685395
23,69,2.688671
24,69,2.688220
25,69,2.683830
26,69,2.682998
27,69,2.690001
28,69,2.681513
29,69,2.676799
30,69,2.679500
31,69,2.682338
32,69,2.700512
33,69,2.699136
34,69,2.697900
35,69,2.692740
36,69,2.695004
37,69,2.701265
38,69,2.692046
39,69,2.690466
40,69,2.684756
41,69,2.694604
42,69,2.688978
43,69,2.690781
44,69,2.685414
45,69,2.687295
46,69,2.685263
47,69,2.690664
48,69,2.711631
49,69,2.709423
50,69,2.703092
51,69,2.700770
52,69,2.698392
53,69,2.699812
54,69,2.697110
55,69,2.698420
56,69,2.691971
57,69,2.689321
58,69,2.694110
59,69,2.691355
60,69,2.688548
61,69,2.697249
62,69,2.682781
63,69,2.695016
64,69,2.711269
65,69,2.708209
66,69,2.705240
67,69,2.705706
68,69,2.706340
69,69,2.706924
70,69,2.703607
71,69,2.700241
72,69,2.700462
73,69,2.704705
74,69,2.701194
75,69,2.697636
76,69,2.694029
77,69,2.701714
78,69,2.694159
79,69,2.694262
80,69,2.717434
81,69,2.709736
82,69,2.705830
83,69,2.713217
84,69,2.709220
85,69,2.705175
86,69,2.701081
87,69,2.700793
88,69,2.700457
89,69,2.692143
90,69,2.695563
91,69,2.698934
92,69,2.702257
93,69,2.690120
94,69,2.693213
95,69,2.692526
96,69,2.718544
97,69,2.714954
98,69,2.715170
99,69,2.707633
100,69,2.707754
101,69,2.711680
102,69,2.700148
103,69,2.696274
104,69,2.696187
105,69,2.696062
106,69,2.695664
107,69,2.691591
108,69,2.691323
109,69,2.683289
110,69,2.682916
111,69,2.690200
112,69,2.719975
113,69,2.708942
114,69,2.709425
115,69,2.709849
116,69,2.698664
117,69,2.691283
118,69,2.691563
119,69,2.695641
120,69,2.691964
121,69,2.688239
122,69,2.684463
123,69,2.688343
124,69,2.680616
125,69,2.680543
126,69,2.684275
127,69,2.683877
128,69,2.697265
129,69,2.705993
130,69,2.691317
131,69,2.682383
132,69,2.679164
133,69,2.679746
134,69,2.672573
135,69,2.676917
136,69,2.673495
137,69,2.677729
138,69,2.674214
139,69,2.674496
140,69,2.667022
141,69,2.667205
142,69,2.667340
143,69,2.667423
144,69,2.713691
145,69,2.711750
146,69,2.698201
147,69,2.701937
148,69,2.701778
149,69,2.697718
150,69,2.686130
151,69,2.681975
152,69,2.685403
153,69,2.698481
154,69,2.688394
155,69,2.691744
156,69,2.693119
157,69,2.686740
158,69,2.691871
159,69,2.696952
160,69,2.712647
161,69,2.705184
162,69,2.705412
163,69,2.697845
164,69,2.694082
165,69,2.694126
166,69,2.686415
167,69,2.682733
168,69,2.682634
169,69,2.682487
170,69,2.686145
171,69,2.689756
172,69,2.681761
173,69,2.685496
174,69,2.685028
175,69,2.688438
176,69,2.711063
177,69,2.702817
178,69,2.698376
179,69,2.701810
180,69,2.689565
181,69,2.684976
182,69,2.691896
183,69,2.683355
184,69,2.686540
185,69,2.689456
186,69,2.684616
187,69,2.687430
188,69,2.690191
189,69,2.685414
190,69,2.683973
191,69,2.686566
192,69,2.700664
193,69,2.695662
194,69,2.690387
195,69,2.692762
196,69,2.691229
197,69,2.689639
198,69,2.680504
199,69,2.678799
200,69,2.684741
201,69,2.690623
202,69,2.685105
203,69,2.687014
204,69,2.685008
205,69,2.679087
206,69,2.677173
207,69,2.678830
208,69,2.684274
209,69,2.678311
210,69,2.675916
211,69,2.673453
212,69,2.674257
213,69,2.675709
214,69,2.665314
215,69,2.662550
216,69,2.663782
217,69,2.664720
218,69,2.673287
219,69,2.670216
220,69,2.671136
221,69,2.667902
222,69,2.668438
223,69,2.672960
224,69,2.665618
225,69,2.665893
226,69,2.662443
227,69,2.658682
228,69,2.654826
229,69,2.658579
230,69,2.654747
231,69,2.646742
232,69,2.650191
233,69,2.653755
234,69,2.649284
235,69,2.651478
236,69,2.650834
237,69,2.657557
238,69,2.644895
239,69,2.647744
240,69,2.638686
241,69,2.637426
242,69,2.635811
243,69,2.634059
244,69,2.628537
245,69,2.638058
246,69,2.628167
247,69,2.622200
248,69,2.623558
249,69,2.632459
250,69,2.626008
251,69,2.626866
252,69,2.623693
253,69,2.620565
254,69,2.617023
255,69,2.617366
0,70,2.668220
1,70,2.662489
2,70,2.660669
3,70,2.670262
4,70,2.664099
5,70,2.666786
6,70,2.668032
7,70,2.669355
8,70,2.666699
9,70,2.667569
10,70,2.664671
11,70,2.665509
12,70,2.666029
13,70,2.666643
14,70,2.667148
15,70,2.663491
16,70,2.690757
17,70,2.690951
18,70,2.686991
19,70,2.690843
20,70,2.686895
21,70,2.686504
22,70,2.686225
23,70,2.689711
24,70,2.685200
25,70,2.688514
26,70,2.676332
27,70,2.683332
28,70,2.682343
29,70,2.685332
30,70,2.680536
31,70,2.683726
32,70,2.698030
33,70,2.700702
34,70,2.695393
35,70,2.690217
36,70,2.684971
37,70,2.687362
38,70,2.693336
39,70,2.695593
40,70,2.686227
41,70,2.692004
42,70,2.690216
43,70,2.688364
44,70,2.686451
45,70,2.688127
46,70,2.689946
47,70,2.695558
48,70,2.708817
49,70,2.706404
50,70,2.700284
51,70,2.701813
52,70,2.703286
53,70,2.696794
54,70,2.694304
55,70,2.699466
56,70,2.689162
57,70,2.698099
58,70,2.691532
59,70,2.696471
60,70,2.697505
61,70,2.686724
62,70,2.691509
63,70,2.696243
64,70,2.712485
65,70,2.709413
66,70,2.709938
67,70,2.710620
68,70,2.707400
69,70,2.696425
70,70,2.700812
71,70,2.697238
72,70,2.697676
73,70,2.698066
74,70,2.690702
75,70,2.706407
76,70,2.698738
77,70,2.698936
78,70,2.695259
79,70,2.703058
80,70,2.718515
81,70,2.714660
82,70,2.714400
83,70,2.702744
84,70,2.706453
85,70,2.710113
86,70,2.702168
87,70,2.701880
88,70,2.685920
89,70,2.700947
90,70,2.688956
91,70,2.696181
92,70,2.691687
93,70,2.691100
94,70,2.690463
95,70,2.697482
96,70,2.723495
97,70,2.716052
98,70,2.708562
99,70,2.712583
100,70,2.697293
101,70,2.708924
102,70,2.701245
103,70,2.693509
104,70,2.693431
105,70,2.701012
106,70,2.685213
107,70,2.688846
108,70,2.688568
109,70,2.692097
110,70,2.684019
111,70,2.687449
112,70,2.713389
113,70,2.710059
114,70,2.710532
115,70,2.707110
116,70,2.699777
117,70,2.688541
118,70,2.684962
119,70,2.685187
120,70,2.685365
121,70,2.689343
122,70,2.685567
123,70,2.677888
124,70,2.677866
125,70,2.681647
126,70,2.677673
127,70,2.677502
128,70,2.700535
129,70,2.697473
130,70,2.702062
131,70,2.702746
132,70,2.695686
133,70,2.692415
134,70,2.681388
135,70,2.678016
136,70,2.672677
137,70,2.671131
138,70,2.656051
139,70,2.656333
140,70,2.671977
141,70,2.672163
142,70,2.668443
143,70,2.668527
144,70,2.714796
145,70,2.703224
146,70,2.699308
147,70,2.695343
148,70,2.693251
149,70,2.693045
150,70,2.689153
151,70,2.690778
152,70,2.682723
153,70,2.690032
154,70,2.687566
155,70,2.688990
156,70,2.688440
157,70,2.683988
158,70,2.683341
159,70,2.678791
160,70,2.698328
161,70,2.694717
162,70,2.698765
163,70,2.698912
164,70,2.695174
165,70,2.695217
166,70,2.695212
167,70,2.691308
168,70,2.679862
169,70,2.687421
170,70,2.687227
171,70,2.683133
172,70,2.682843
173,70,2.678653
174,70,2.678479
175,70,2.678046
176,70,2.689123
177,70,2.700152
178,70,2.687894
179,70,2.694962
180,70,2.686780
181,70,2.693751
182,70,2.685261
183,70,2.692132
184,70,2.679688
185,70,2.686667
186,70,2.693386
187,70,2.688496
188,70,2.695112
189,70,2.674707
190,70,2.681426
191,70,2.676327
192,70,2.690437
193,70,2.685230
194,70,2.683821
195,70,2.682564
196,70,2.684896
197,70,2.687173
198,70,2.685539
199,70,2.683710
200,70,2.681949
201,70,2.683981
202,70,2.682101
203,70,2.684219
204,70,2.686069
205,70,2.676298
206,70,2.674169
207,70,2.679888
208,70,2.681483
209,70,2.679158
210,70,2.672913
211,70,2.674512
212,70,2.679688
213,70,2.669382
214,70,2.670562
215,70,2.671876
216,70,2.657498
217,70,2.677719
218,70,2.667248
219,70,2.671902
220,70,2.668770
221,70,2.665557
222,70,2.662469
223,70,2.666793
224,70,2.659472
225,70,2.663108
226,70,2.655591
227,70,2.659539
228,70,2.655896
229,70,2.655800
230,70,2.655606
231,70,2.655310
232,70,2.647415
233,70,2.650763
234,70,2.646296
235,70,2.653488
236,70,2.648797
237,70,2.643989
238,70,2.643127
239,70,2.645783
240,70,2.632902
241,70,2.631663
242,70,2.630079
243,70,2.628360
244,70,2.626713
245,70,2.632416
246,70,2.630265
247,70,2.632030
248,70,2.625718
249,70,2.630805
250,70,2.628234
251,70,2.627749
252,70,2.624798
253,70,2.621449
254,70,2.617912
255,70,2.610544
0,71,2.670159
1,71,2.664541
2,71,2.666461
3,71,2.675963
4,71,2.666042
5,71,2.675289
6,71,2.669030
7,71,2.670154
8,71,2.663641
9,71,2.672417
10,71,2.669321
11,71,2.662450
12,71,2.663170
13,71,2.667439
14,71,2.664088
15,71,2.664483
16,71,2.684663
17,71,2.684834
18,71,2.688759
19,71,2.696249
20,71,2.688426
21,71,2.695921
22,71,2.687723
23,71,2.687334
24,71,2.686859
25,71,2.689959
26,71,2.681611
27,71,2.688592
28,71,2.687787
29,71,2.686711
30,71,2.678045
31,71,2.684714
32,71,2.702675
33,71,2.697638
34,71,2.700235
35,71,2.698909
36,71,2.693468
37,71,2.695856
38,71,2.694324
39,71,2.692533
40,71,2.687018
41,71,2.696848
42,71,2.698910
43,71,2.696863
44,71,2.687243
45,71,2.693340
46,71,2.687439
47,71,2.685139
48,71,2.702237
49,71,2.703867
50,71,2.701586
51,71,2.710614
52,71,2.700516
53,71,2.694215
54,71,2.699418
55,71,2.700714
56,71,2.694057
57,71,2.699100
58,71,2.696384
59,71,2.689763
60,71,2.679042
61,71,2.687730
62,71,2.684808
63,71,2.685688
64,71,2.717340
65,71,2.710218
66,71,2.707095
67,71,2.711629
68,71,2.704555
69,71,2.701285
70,71,2.697769
71,71,2.694402
72,71,2.702626
73,71,2.703006
74,71,2.699485
75,71,2.695717
76,71,2.692100
77,71,2.696141
78,71,2.688577
79,71,2.688670
80,71,2.719538
81,71,2.715483
82,71,2.700022
83,71,2.711484
84,71,2.711340
85,71,2.715000
86,71,2.699350
87,71,2.706768
88,71,2.698524
89,71,2.694205
90,71,2.701469
91,71,2.704833
92,71,2.688883
93,71,2.692149
94,71,2.691513
95,71,2.682916
96,71,2.720689
97,71,2.717099
98,71,2.705756
99,71,2.721335
100,71,2.709897
101,71,2.706127
102,71,2.709996
103,71,2.702260
104,71,2.698330
105,71,2.701853
106,71,2.693975
107,71,2.689903
108,71,2.689619
109,71,2.685443
110,71,2.688922
111,71,2.688499
112,71,2.714456
113,71,2.711125
114,71,2.707743
115,71,2.704312
116,71,2.704691
117,71,2.693454
118,71,2.689873
119,71,2.697802
120,71,2.694124
121,71,2.682690
122,71,2.686620
123,71,2.682794
124,71,2.682771
125,71,2.678847
126,71,2.682579
127,71,2.682408
128,71,2.705451
129,71,2.702387
130,71,2.699271
131,71,2.692248
132,71,2.694807
133,71,2.693462
134,71,2.659329
135,71,2.659809
136,71,2.675652
137,71,2.672180
138,71,2.657100
139,71,2.657383
140,71,2.653767
141,71,2.653950
142,71,2.669495
143,71,2.675360
144,71,2.706218
145,71,2.704278
146,71,2.696511
147,71,2.696400
148,71,2.692380
149,71,2.688320
150,71,2.682287
151,71,2.678338
152,71,2.710739
153,71,2.706490
154,71,2.690634
155,71,2.686186
156,71,2.681783
157,71,2.685038
158,71,2.676686
159,71,2.683696
160,71,2.706870
161,71,2.699611
162,71,2.695953
163,71,2.692247
164,71,2.684641
165,71,2.688546
166,71,2.688551
167,71,2.680789
168,71,2.719420
169,71,2.703863
170,71,2.688257
171,71,2.684163
172,71,2.680022
173,71,2.679685
174,71,2.679300
175,71,2.679068
176,71,2.690146
177,71,2.693470
178,71,2.685187
179,71,2.692266
180,71,2.683886
181,71,2.683361
182,71,2.682587
183,71,2.681764
184,71,2.711532
185,71,2.706745
186,71,2.690547
187,71,2.693363
188,71,2.680717
189,71,2.675724
190,71,2.682237
191,71,2.677337
192,71,2.691449
193,71,2.682391
194,71,2.680983
195,71,2.683374
196,71,2.678200
197,71,2.676626
198,71,2.678847
199,71,2.673305
200,71,2.702577
201,71,2.696918
202,71,2.687346
203,71,2.685419
204,71,2.675725
205,71,2.681578
206,71,2.679464
207,71,2.677286
208,71,2.678896
209,71,2.676784
210,71,2.674409
211,71,2.663762
212,71,2.668940
213,71,2.670393
214,71,2.667723
215,71,2.664980
216,71,2.685280
217,71,2.671026
218,71,2.664204
219,71,2.668861
220,71,2.665930
221,71,2.658868
222,71,2.659428
223,71,2.663755
224,71,2.664342
225,71,2.660789
226,71,2.649441
227,71,2.653610
228,71,2.645928
229,71,2.645856
230,71,2.649537
231,71,2.657171
232,71,2.672208
233,71,2.660170
234,71,2.655929
235,71,2.651379
236,71,2.646715
237,71,2.649841
238,71,2.644943
239,71,2.643775
240,71,2.633934
241,71,2.632488
242,71,2.627056
243,71,2.629395
244,71,2.627541
245,71,2.629395
246,71,2.623599
247,71,2.625155
248,71,2.649671
249,71,2.635701
250,71,2.625216
251,71,2.626160
252,71,2.619263
253,71,2.619870
254,71,2.612605
255,71,2.616686
0,72,2.672130
1,72,2.674187
2,72,2.668373
3,72,2.673993
4,72,2.671769
5,72,2.673244
6,72,2.674606
7,72,2.671987
8,72,2.673096
9,72,2.670212
10,72,2.667228
11,72,2.660275
12,72,2.660914
13,72,2.665296
14,72,2.661865
15,72,2.669868
16,72,2.689346
17,72,2.697164
18,72,2.697215
19,72,2.693335
20,72,2.685326
21,72,2.692819
22,72,2.688663
23,72,2.691941
24,72,2.691463
25,72,2.687047
26,72,2.686218
27,72,2.681638
28,72,2.684683
29,72,2.680528
30,72,2.683219
31,72,2.682166
32,72,2.704154
33,72,2.702953
34,72,2.705351
35,72,2.707861
36,72,2.691037
37,72,2.701115
38,72,2.691680
39,72,2.690066
40,72,2.684535
41,72,2.686462
42,72,2.696215
43,72,2.694346
44,72,2.688564
45,72,2.686390
46,72,2.688193
47,72,2.689937
48,72,2.710886
49,72,2.704808
50,72,2.710048
51,72,2.703856
52,72,2.701462
53,72,2.702865
54,72,2.700177
55,72,2.697619
56,72,2.695007
57,72,2.696196
58,72,2.693478
59,72,2.686671
60,72,2.683850
61,72,2.688683
62,72,2.689613
63,72,2.686809
64,72,2.718264
65,72,2.719033
66,72,2.715900
67,72,2.712717
68,72,2.705633
69,72,2.706018
70,72,2.698836
71,72,2.707017
72,72,2.695885
73,72,2.703970
74,72,2.700260
75,72,2.696690
76,72,2.689221
77,72,2.693262
78,72,2.693402
79,72,2.697348
80,72,2.716467
81,72,2.720318
82,72,2.712564
83,72,2.704761
84,72,2.708470
85,72,2.712087
86,72,2.707985
87,72,2.707496
88,72,2.699446
89,72,2.699053
90,72,2.698613
91,72,2.686565
92,72,2.693733
93,72,2.697000
94,72,2.696365
95,72,2.695485
96,72,2.713980
97,72,2.718095
98,72,2.718310
99,72,2.714652
100,72,2.701279
101,72,2.707122
102,72,2.716771
103,72,2.695550
104,72,2.699325
105,72,2.697079
106,72,2.698834
107,72,2.694762
108,72,2.686767
109,72,2.694148
110,72,2.686069
111,72,2.687572
112,72,2.711620
113,72,2.708287
114,72,2.708757
115,72,2.705324
116,72,2.697989
117,72,2.690604
118,72,2.690876
119,72,2.691103
120,72,2.695129
121,72,2.687547
122,72,2.679917
123,72,2.687648
124,72,2.679920
125,72,2.683702
126,72,2.683580
127,72,2.683411
128,72,2.714169
129,72,2.716881
130,72,2.696428
131,72,2.704816
132,72,2.693889
133,72,2.692544
134,72,2.687295
135,72,2.658880
136,72,2.657385
137,72,2.661627
138,72,2.658105
139,72,2.658387
140,72,2.658620
141,72,2.666509
142,72,2.670497
143,72,2.674435
144,72,2.705295
145,72,2.712988
146,72,2.697516
147,72,2.701259
148,72,2.695310
149,72,2.689324
150,72,2.712188
151,72,2.712082
152,72,2.688617
153,72,2.707485
154,72,2.707042
155,72,2.683434
156,72,2.686747
157,72,2.686036
158,72,2.681538
159,72,2.684696
160,72,2.696312
161,72,2.700601
162,72,2.689237
163,72,2.689383
164,72,2.685630
165,72,2.685683
166,72,2.708804
167,72,2.716468
168,72,2.685556
169,72,2.708728
170,72,2.700838
171,72,2.677438
172,72,2.681002
173,72,2.684518
174,72,2.676429
175,72,2.679850
176,72,2.698824
177,72,2.694443
178,72,2.690013
179,72,2.689388
180,72,2.688714
181,72,2.684138
182,72,2.718229
183,72,2.709701
184,72,2.681859
185,72,2.704053
186,72,2.706932
187,72,2.682979
188,72,2.678050
189,72,2.680775
190,72,2.679594
191,72,2.682214
192,72,2.692673
193,72,2.683353
194,72,2.689653
195,72,2.688192
196,72,2.682823
197,72,2.685290
198,72,2.699072
199,72,2.697385
200,72,2.680228
201,72,2.697688
202,72,2.699864
203,72,2.678675
204,72,2.680542
205,72,2.674641
206,72,2.672716
207,72,2.678247
208,72,2.676006
209,72,2.677553
210,72,2.675179
211,72,2.665220
212,72,2.674268
213,72,2.671687
214,72,2.692151
215,72,2.689613
216,72,2.667550
217,72,2.683939
218,72,2.677323
219,72,2.662735
220,72,2.663479
221,72,2.664141
222,72,2.661056
223,72,2.661552
224,72,2.661961
225,72,2.658429
226,72,2.654996
227,72,2.654382
228,72,2.654409
229,72,2.654340
230,72,2.673626
231,72,2.673358
232,72,2.646018
233,72,2.664995
234,72,2.664412
235,72,2.652159
236,72,2.647689
237,72,2.646767
238,72,2.649597
239,72,2.648491
240,72,2.631848
241,72,2.630508
242,72,2.629017
243,72,2.627391
244,72,2.625627
245,72,2.631425
246,72,2.652488
247,72,2.650303
248,72,2.624826
249,72,2.637718
250,72,2.635034
251,72,2.624494
252,72,2.617614
253,72,2.618259
254,72,2.614886
255,72,2.615154
0,73,2.668996
1,73,2.671052
2,73,2.669091
3,73,2.670858
4,73,2.672486
5,73,2.670126
6,73,2.667635
7,73,2.680427
8,73,2.669977
9,73,2.667111
10,73,2.660256
11,73,2.668713
12,73,2.666395
13,73,2.666902
14,73,2.667302
15,73,2.663762
16,73,2.687072
17,73,2.687165
18,73,2.683307
19,73,2.690911
20,73,2.694570
21,73,2.698137
22,73,2.690055
23,73,2.685756
24,73,2.681353
25,73,2.686498
26,73,2.683854
27,73,2.690779
28,73,2.689901
29,73,2.688944
30,73,2.680223
31,73,2.679115
32,73,2.699123
33,73,2.699811
34,73,2.694683
35,73,2.693165
36,73,2.699456
37,73,2.697973
38,73,2.692571
39,73,2.694635
40,73,2.689101
41,73,2.691210
42,73,2.689402
43,73,2.687532
44,73,2.689279
45,73,2.691140
46,73,2.677530
47,73,2.686977
48,73,2.707750
49,73,2.705842
50,73,2.695841
51,73,2.693490
52,73,2.706319
53,73,2.700005
54,73,2.701342
55,73,2.702624
56,73,2.696148
57,73,2.685590
58,73,2.682862
59,73,2.691639
60,73,2.681101
61,73,2.685923
62,73,2.678960
63,73,2.683681
64,73,2.719174
65,73,2.716089
66,73,2.709102
67,73,2.701888
68,73,2.710214
69,73,2.703080
70,73,2.695898
71,73,2.704078
72,73,2.704505
73,73,2.693147
74,73,2.689625
75,73,2.686055
76,73,2.697849
77,73,2.698037
78,73,2.686619
79,73,2.694237
80,73,2.717403
81,73,2.713539
82,73,2.709627
83,73,2.705669
84,73,2.709368
85,73,2.705314
86,73,2.701030
87,73,2.704587
88,73,2.692684
89,73,2.696145
90,73,2.687999
91,73,2.687511
92,73,2.690827
93,73,2.694094
94,73,2.689421
95,73,2.688738
96,73,2.722631
97,73,2.722940
98,73,2.709660
99,73,2.707892
100,73,2.708003
101,73,2.711919
102,73,2.702304
103,73,2.696495
104,73,2.700270
105,73,2.692255
106,73,2.688231
107,73,2.684160
108,73,2.691570
109,73,2.683539
110,73,2.687018
111,73,2.686594
112,73,2.712587
113,73,2.713104
114,73,2.705867
115,73,2.710138
116,73,2.695096
117,73,2.691563
118,73,2.687981
119,73,2.692055
120,73,2.688375
121,73,2.684646
122,73,2.684721
123,73,2.684747
124,73,2.684725
125,73,2.688506
126,73,2.688385
127,73,2.684362
128,73,2.718981
129,73,2.715914
130,73,2.705093
131,73,2.698069
132,73,2.694847
133,73,2.691574
134,73,2.661282
135,73,2.657910
136,73,2.654487
137,73,2.654869
138,73,2.659053
139,73,2.655483
140,73,2.655716
141,73,2.657827
142,73,2.656036
143,73,2.656123
144,73,2.704321
145,73,2.698531
146,73,2.700397
147,73,2.702215
148,73,2.690484
149,73,2.686425
150,73,2.686172
151,73,2.682204
152,73,2.678003
153,73,2.708431
154,73,2.711841
155,73,2.680528
156,73,2.679989
157,73,2.675549
158,73,2.674914
159,73,2.681793
160,73,2.701114
161,73,2.697503
162,73,2.697881
163,73,2.694175
164,73,2.690422
165,73,2.690474
166,73,2.690479
167,73,2.686584
168,73,2.682642
169,73,2.705622
170,73,2.709473
171,73,2.678419
172,73,2.681993
173,73,2.673961
174,73,2.677440
175,73,2.673165
176,73,2.695712
177,73,2.691512
178,73,2.687084
179,73,2.686459
180,73,2.685786
181,73,2.685063
182,73,2.680438
183,73,2.679796
184,73,2.682778
185,73,2.708825
186,73,2.707853
187,73,2.687565
188,73,2.678785
189,73,2.681689
190,73,2.676657
191,73,2.683131
192,73,2.689551
193,73,2.688212
194,73,2.686997
195,73,2.677843
196,73,2.680193
197,73,2.682486
198,73,2.680869
199,73,2.679373
200,73,2.681494
201,73,2.695115
202,73,2.697117
203,73,2.679796
204,73,2.678001
205,73,2.675968
206,73,2.670019
207,73,2.667418
208,73,2.688474
209,73,2.678465
210,73,2.676094
211,73,2.673655
212,73,2.667471
213,73,2.672599
214,73,2.673802
215,73,2.671079
216,73,2.664430
217,73,2.684852
218,73,2.681904
219,73,2.663466
220,73,2.656507
221,73,2.661203
222,73,2.661786
223,73,2.662320
224,73,2.658933
225,73,2.655458
226,73,2.663433
227,73,2.655924
228,73,2.652174
229,73,2.659870
230,73,2.655926
231,73,2.651883
232,73,2.647738
233,73,2.666586
234,73,2.669934
235,73,2.650056
236,73,2.641624
237,73,2.648488
238,73,2.643675
239,73,2.646447
240,73,2.637536
241,73,2.636185
242,73,2.630869
243,73,2.629271
244,73,2.630243
245,73,2.632189
246,73,2.630155
247,73,2.627951
248,73,2.621739
249,73,2.638485
250,73,2.631949
251,73,2.621391
252,73,2.614512
253,73,2.619011
254,73,2.623343
255,73,2.615907
0,74,2.670877
1,74,2.672903
2,74,2.670931
3,74,2.672669
4,74,2.674269
5,74,2.675736
6,74,2.673218
7,74,2.674426
8,74,2.671657
9,74,2.668766
10,74,2.661905
11,74,2.670340
12,74,2.659398
13,74,2.663758
14,74,2.664158
15,74,2.664470
16,74,2.691632
17,74,2.695578
18,74,2.687867
19,74,2.687783
20,74,2.695294
21,74,2.687302
22,74,2.694632
23,74,2.694185
24,74,2.685930
25,74,2.685296
26,74,2.684595
27,74,2.687650
28,74,2.686789
29,74,2.682560
30,74,2.689234
31,74,2.676553
32,74,2.702342
33,74,2.701073
34,74,2.695897
35,74,2.698339
36,74,2.700729
37,74,2.695345
38,74,2.693731
39,74,2.695920
40,74,2.694176
41,74,2.700089
42,74,2.694381
43,74,2.688611
44,74,2.690470
45,74,2.692284
46,74,2.690185
47,74,2.695734
48,74,2.708930
49,74,2.714346
50,74,2.700458
51,74,2.701925
52,74,2.707189
53,74,2.697004
54,74,2.702192
55,74,2.703473
56,74,2.696830
57,74,2.698005
58,74,2.699128
59,74,2.692493
60,74,2.685807
61,74,2.682756
62,74,2.691379
63,74,2.688393
64,74,2.720033
65,74,2.716947
66,74,2.709792
67,74,2.702755
68,74,2.711080
69,74,2.709725
70,74,2.700616
71,74,2.697237
72,74,2.697494
73,74,2.686314
74,74,2.690558
75,74,2.698537
76,74,2.694910
77,74,2.683530
78,74,2.691196
79,74,2.687426
80,74,2.722138
81,74,2.722126
82,74,2.710509
83,74,2.706551
84,74,2.714103
85,74,2.706197
86,74,2.713481
87,74,2.701627
88,74,2.708989
89,74,2.697039
90,74,2.688894
91,74,2.692259
92,74,2.691722
93,74,2.691138
94,74,2.686343
95,74,2.689503
96,74,2.717804
97,74,2.719983
98,74,2.714408
99,74,2.704934
100,74,2.708898
101,74,2.708961
102,74,2.708978
103,74,2.705095
104,74,2.695386
105,74,2.693160
106,74,2.696842
107,74,2.692721
108,74,2.688617
109,74,2.692144
110,74,2.687917
111,74,2.679787
112,74,2.721208
113,74,2.710166
114,74,2.706780
115,74,2.703344
116,74,2.696006
117,74,2.696324
118,74,2.700442
119,74,2.692957
120,74,2.681571
121,74,2.689401
122,74,2.685623
123,74,2.681796
124,74,2.681774
125,74,2.681702
126,74,2.670023
127,74,2.685264
128,74,2.710260
129,74,2.711043
130,74,2.690591
131,74,2.691271
132,74,2.676490
133,74,2.678996
134,74,2.673746
135,74,2.678079
136,74,2.659245
137,74,2.659626
138,74,2.659951
139,74,2.660235
140,74,2.652763
141,74,2.654875
142,74,2.658864
143,74,2.657025
144,74,2.711003
145,74,2.707140
146,74,2.701302
147,74,2.695415
148,74,2.695276
149,74,2.691182
150,74,2.687076
151,74,2.683098
152,74,2.686604
153,74,2.682356
154,74,2.681914
155,74,2.689129
156,74,2.680886
157,74,2.684153
158,74,2.683518
159,74,2.682835
160,74,2.701960
161,74,2.702211
162,74,2.698770
163,74,2.691211
164,74,2.687457
165,74,2.683657
166,74,2.691367
167,74,2.687473
168,74,2.683530
169,74,2.691100
170,74,2.683382
171,74,2.683151
172,74,2.682873
173,74,2.678694
174,74,2.678320
175,74,2.677899
176,74,2.700546
177,74,2.700029
178,74,2.703487
179,74,2.691314
180,74,2.690651
181,74,2.689939
182,74,2.681314
183,74,2.676641
184,74,2.675940
185,74,2.682725
186,74,2.681753
187,74,2.676878
188,74,2.679657
189,74,2.678531
190,74,2.673669
191,74,2.676292
192,74,2.694272
193,74,2.685229
194,74,2.679984
195,74,2.686411
196,74,2.677203
197,74,2.683351
198,74,2.677883
199,74,2.680064
200,74,2.678502
201,74,2.684419
202,74,2.682570
203,74,2.680678
204,74,2.678742
205,74,2.676744
206,74,2.678536
207,74,2.668722
208,74,2.681944
209,74,2.675836
210,74,2.677367
211,74,2.678831
212,74,2.668683
213,74,2.666155
214,74,2.663556
215,74,2.664736
216,74,2.665860
217,74,2.666893
218,74,2.664013
219,74,2.661038
220,74,2.661837
221,74,2.666424
222,74,2.659355
223,74,2.659923
224,74,2.660389
225,74,2.660785
226,74,2.657221
227,74,2.656687
228,74,2.656773
229,74,2.652928
230,74,2.652821
231,74,2.652630
232,74,2.652338
233,74,2.648071
234,74,2.647567
235,74,2.650805
236,74,2.642374
237,74,2.649221
238,74,2.644408
239,74,2.647181
240,74,2.634417
241,74,2.633068
242,74,2.631605
243,74,2.633861
244,74,2.632126
245,74,2.630249
246,74,2.628226
247,74,2.622201
248,74,2.631432
249,74,2.625094
250,74,2.626298
251,74,2.619628
252,74,2.624343
253,74,2.617321
254,74,2.617820
255,74,2.610424
0,75,2.659955
1,75,2.665834
2,75,2.667714
3,75,2.665599
4,75,2.674905
5,75,2.676371
6,75,2.670001
7,75,2.682783
8,75,2.668455
9,75,2.661712
10,75,2.663491
11,75,2.668066
12,75,2.664808
13,75,2.665293
14,75,2.661820
15,75,2.669815
16,75,2.689252
17,75,2.689325
18,75,2.689317
19,75,2.689197
20,75,2.692853
21,75,2.696402
22,75,2.692157
23,75,2.699397
24,75,2.687272
25,75,2.686637
26,75,2.685905
27,75,2.685107
28,75,2.680361
29,75,2.687111
30,75,2.682227
31,75,2.681105
32,75,2.706894
33,75,2.697935
34,75,2.696596
35,75,2.699054
36,75,2.697591
37,75,2.699898
38,75,2.694447
39,75,2.704342
40,75,2.698761
41,75,2.693101
42,75,2.695099
43,75,2.693182
44,75,2.695057
45,75,2.689166
46,75,2.687068
47,75,2.684911
48,75,2.709665
49,75,2.711246
50,75,2.701211
51,75,2.706531
52,75,2.700238
53,75,2.705448
54,75,2.695192
55,75,2.704147
56,75,2.693784
57,75,2.679516
58,75,2.692164
59,75,2.697056
60,75,2.682632
61,75,2.683583
62,75,2.684646
63,75,2.689323
64,75,2.717067
65,75,2.713955
66,75,2.703073
67,75,2.703699
68,75,2.704293
69,75,2.704822
70,75,2.697597
71,75,2.713456
72,75,2.698430
73,75,2.683371
74,75,2.691365
75,75,2.695475
76,75,2.691815
77,75,2.688125
78,75,2.688223
79,75,2.692143
80,75,2.719133
81,75,2.711400
82,75,2.703636
83,75,2.707383
84,75,2.707230
85,75,2.706867
86,75,2.702766
87,75,2.717881
88,75,2.702127
89,75,2.697883
90,75,2.693591
91,75,2.689148
92,75,2.684749
93,75,2.691696
94,75,2.683348
95,75,2.690361
96,75,2.720576
97,75,2.713123
98,75,2.707548
99,75,2.701927
100,75,2.717448
101,75,2.713659
102,75,2.704044
103,75,2.711719
104,75,2.696231
105,75,2.694016
106,75,2.697657
107,75,2.689724
108,75,2.689467
109,75,2.685288
110,75,2.684913
111,75,2.686414
112,75,2.722074
113,75,2.722579
114,75,2.730751
115,75,2.700345
116,75,2.696859
117,75,2.689472
118,75,2.685888
119,75,2.688035
120,75,2.686280
121,75,2.690255
122,75,2.686476
123,75,2.682648
124,75,2.686478
125,75,2.682553
126,75,2.667022
127,75,2.678411
128,75,2.709194
129,75,2.702269
130,75,2.695289
131,75,2.699822
132,75,2.685041
133,75,2.685621
134,75,2.661108
135,75,2.657735
136,75,2.663945
137,75,2.656621
138,75,2.656953
139,75,2.657236
140,75,2.663249
141,75,2.653802
142,75,2.652012
143,75,2.657877
144,75,2.711856
145,75,2.700288
146,75,2.696378
147,75,2.696271
148,75,2.688424
149,75,2.695933
150,75,2.691783
151,75,2.683943
152,75,2.679743
153,75,2.683202
154,75,2.686613
155,75,2.682270
156,75,2.689439
157,75,2.677295
158,75,2.684367
159,75,2.683684
160,75,2.702809
161,75,2.691501
162,75,2.699410
163,75,2.692024
164,75,2.692133
165,75,2.692201
166,75,2.684500
167,75,2.688311
168,75,2.684369
169,75,2.688086
170,75,2.680197
171,75,2.683980
172,75,2.679849
173,75,2.679524
174,75,2.683004
175,75,2.678746
176,75,2.697557
177,75,2.697057
178,75,2.688818
179,75,2.692073
180,75,2.683738
181,75,2.690748
182,75,2.682314
183,75,2.685373
184,75,2.684545
185,75,2.687504
186,75,2.686576
187,75,2.681744
188,75,2.680697
189,75,2.679615
190,75,2.682333
191,75,2.677278
192,75,2.691449
193,75,2.690155
194,75,2.684672
195,75,2.687095
196,75,2.677921
197,75,2.684102
198,75,2.678667
199,75,2.677028
200,75,2.686890
201,75,2.685134
202,75,2.671761
203,75,2.677591
204,75,2.679508
205,75,2.677509
206,75,2.679301
207,75,2.677177
208,75,2.682693
209,75,2.676585
210,75,2.678116
211,75,2.675727
212,75,2.673269
213,75,2.666888
214,75,2.668141
215,75,2.669338
216,75,2.662740
217,75,2.663773
218,75,2.660876
219,75,2.669476
220,75,2.662570
221,75,2.659436
222,75,2.663941
223,75,2.664493
224,75,2.661107
225,75,2.661502
226,75,2.657940
227,75,2.658138
228,75,2.658260
229,75,2.658271
230,75,2.650494
231,75,2.650308
232,75,2.650036
233,75,2.645791
234,75,2.649162
235,75,2.652423
236,75,2.643997
237,75,2.647032
238,75,2.649933
239,75,2.652730
240,75,2.632287
241,75,2.638670
242,75,2.633381
243,75,2.635664
244,75,2.633957
245,75,2.635946
246,75,2.632756
247,75,2.630584
248,75,2.624405
249,75,2.625757
250,75,2.619255
251,75,2.624144
252,75,2.617301
253,75,2.621838
254,75,2.614632
255,75,2.614941
0,76,2.665600
1,76,2.671449
2,76,2.665595
3,76,2.667320
4,76,2.672746
5,76,2.670333
6,76,2.675496
7,76,2.688252
8,76,2.673900
9,76,2.670986
10,76,2.664116
11,76,2.668676
12,76,2.665418
13,76,2.669771
14,76,2.662445
15,76,2.666587
16,76,2.686025
17,76,2.693819
18,76,2.686089
19,76,2.689838
20,76,2.693479
21,76,2.685484
22,76,2.692798
23,76,2.700038
24,76,2.684075
25,76,2.687278
26,76,2.682708
27,76,2.681910
28,76,2.681018
29,76,2.683915
30,76,2.682883
31,76,2.681762
32,76,2.707551
33,76,2.694740
34,76,2.693416
35,76,2.695860
36,76,2.698725
37,76,2.697181
38,76,2.703276
39,76,2.709305
40,76,2.692153
41,76,2.694201
42,76,2.696187
43,76,2.694258
44,76,2.692254
45,76,2.694057
46,76,2.688094
47,76,2.693646
48,76,2.714537
49,76,2.708401
50,76,2.709914
51,76,2.703666
52,76,2.701215
53,76,2.698709
54,76,2.707707
55,76,2.712799
56,76,2.702441
57,76,2.703574
58,76,2.693097
59,76,2.694126
60,76,2.683560
61,76,2.684486
62,76,2.685363
63,76,2.690041
64,76,2.721654
65,76,2.710822
66,76,2.703808
67,76,2.700583
68,76,2.701162
69,76,2.705561
70,76,2.702190
71,76,2.714197
72,76,2.695319
73,76,2.687966
74,76,2.688256
75,76,2.688514
76,76,2.684872
77,76,2.692725
78,76,2.692840
79,76,2.685203
80,76,2.712178
81,76,2.716005
82,76,2.704373
83,76,2.711942
84,76,2.707921
85,76,2.703852
86,76,2.707442
87,76,2.722478
88,76,2.706699
89,76,2.698562
90,76,2.701951
91,76,2.686028
92,76,2.693173
93,76,2.696417
94,76,2.691907
95,76,2.687347
96,76,2.717551
97,76,2.725493
98,76,2.706418
99,76,2.708486
100,76,2.714361
101,76,2.710556
102,76,2.706720
103,76,2.725938
104,76,2.698855
105,76,2.694853
106,76,2.690820
107,76,2.696357
108,76,2.690315
109,76,2.689972
110,76,2.685744
111,76,2.693017
112,76,2.722896
113,76,2.734953
114,76,2.735417
115,76,2.704994
116,76,2.701507
117,76,2.694119
118,76,2.694366
119,76,2.690733
120,76,2.687051
121,76,2.679468
122,76,2.687232
123,76,2.687257
124,76,2.683381
125,76,2.687162
126,76,2.679337
127,76,2.679168
128,76,2.709958
129,76,2.706885
130,76,2.696051
131,76,2.689025
132,76,2.681949
133,76,2.686382
134,76,2.675368
135,76,2.675848
136,76,2.657014
137,76,2.661248
138,76,2.657736
139,76,2.658020
140,76,2.650549
141,76,2.656529
142,76,2.658593
143,76,2.654844
144,76,2.704970
145,76,2.712682
146,76,2.702994
147,76,2.700977
148,76,2.693128
149,76,2.689094
150,76,2.686925
151,76,2.700136
152,76,2.692035
153,76,2.683951
154,76,2.683510
155,76,2.686889
156,76,2.682515
157,76,2.678093
158,76,2.677475
159,76,2.680662
160,76,2.707493
161,76,2.703906
162,76,2.696418
163,76,2.688884
164,76,2.689008
165,76,2.692938
166,76,2.692967
167,76,2.689113
168,76,2.685195
169,76,2.685053
170,76,2.688738
171,76,2.680817
172,76,2.672848
173,76,2.676406
174,76,2.679901
175,76,2.683349
176,76,2.694469
177,76,2.697821
178,76,2.689566
179,76,2.692836
180,76,2.688337
181,76,2.683789
182,76,2.683059
183,76,2.686118
184,76,2.685289
185,76,2.688248
186,76,2.675760
187,76,2.682470
188,76,2.681439
189,76,2.684208
190,76,2.675353
191,76,2.678018
192,76,2.696026
193,76,2.683173
194,76,2.685677
195,76,2.684274
196,76,2.678948
197,76,2.681287
198,76,2.683569
199,76,2.681941
200,76,2.680240
201,76,2.678496
202,76,2.684398
203,76,2.682535
204,76,2.672905
205,76,2.682477
206,76,2.676576
207,76,2.674464
208,76,2.683846
209,76,2.677736
210,76,2.683134
211,76,2.676905
212,76,2.670623
213,76,2.668109
214,76,2.665524
215,76,2.670573
216,76,2.667843
217,76,2.665038
218,76,2.666010
219,76,2.663052
220,76,2.663244
221,76,2.663978
222,76,2.664615
223,76,2.669020
224,76,2.665635
225,76,2.658324
226,76,2.654762
227,76,2.658814
228,76,2.655082
229,76,2.647388
230,76,2.655008
231,76,2.654837
232,76,2.654550
233,76,2.642600
234,76,2.653676
235,76,2.649216
236,76,2.648512
237,76,2.647679
238,76,2.646743
239,76,2.649525
240,76,2.636787
241,76,2.631613
242,76,2.634029
243,76,2.632445
244,76,2.630738
245,76,2.628890
246,76,2.630734
247,76,2.632445
248,76,2.630150
249,76,2.623829
250,76,2.621214
251,76,2.622284
252,76,2.619329
253,76,2.616181
254,76,2.616718
255,76,2.617067
0,77,2.670007
1,77,2.668151
2,77,2.673869
3,77,2.679433
4,77,2.673302
5,77,2.678608
6,77,2.676066
7,77,2.673410
8,77,2.666764
9,77,2.667717
10,77,2.668539
11,77,2.669260
12,77,2.663035
13,77,2.667366
14,77,2.671577
15,77,2.671846
16,77,2.695130
17,77,2.699038
18,77,2.691304
19,77,2.695020
20,77,2.694803
21,77,2.694496
22,77,2.694087
23,77,2.689751
24,77,2.685330
25,77,2.692384
26,77,2.683931
27,77,2.679264
28,77,2.686076
29,77,2.688958
30,77,2.684058
31,77,2.686776
32,77,2.704845
33,77,2.707431
34,77,2.702240
35,77,2.704685
36,77,2.695503
37,77,2.697811
38,77,2.703907
39,77,2.698378
40,77,2.685079
41,77,2.694833
42,77,2.692967
43,77,2.691038
44,77,2.692902
45,77,2.686999
46,77,2.688743
47,77,2.686576
48,77,2.719039
49,77,2.712904
50,77,2.710565
51,77,2.712022
52,77,2.709572
53,77,2.707081
54,77,2.704521
55,77,2.698056
56,77,2.691537
57,77,2.696537
58,77,2.693766
59,77,2.687091
60,77,2.684231
61,77,2.689011
62,77,2.689889
63,77,2.698435
64,77,2.726182
65,77,2.719217
66,77,2.712190
67,77,2.712833
68,77,2.705708
69,77,2.702401
70,77,2.702884
71,77,2.703334
72,77,2.692163
73,77,2.692516
74,77,2.688969
75,77,2.693067
76,77,2.677866
77,77,2.685735
78,77,2.685838
79,77,2.693612
80,77,2.724456
81,77,2.712873
82,77,2.716621
83,77,2.716492
84,77,2.712462
85,77,2.716091
86,77,2.708114
87,77,2.703943
88,77,2.692018
89,77,2.695456
90,77,2.698846
91,77,2.694483
92,77,2.693924
93,77,2.693317
94,77,2.692661
95,77,2.688103
96,77,2.725988
97,77,2.722372
98,77,2.718709
99,77,2.716940
100,77,2.707404
101,77,2.715158
102,77,2.707455
103,77,2.711266
104,77,2.695754
105,77,2.695606
106,77,2.701205
107,77,2.693258
108,77,2.694916
109,77,2.690721
110,77,2.686500
111,77,2.689913
112,77,2.727515
113,77,2.724160
114,77,2.713065
115,77,2.709604
116,77,2.706116
117,77,2.691022
118,77,2.698995
119,77,2.691493
120,77,2.695516
121,77,2.691783
122,77,2.688004
123,77,2.688029
124,77,2.691844
125,77,2.684066
126,77,2.683946
127,77,2.676072
128,77,2.699162
129,77,2.699941
130,77,2.696814
131,77,2.689788
132,77,2.694284
133,77,2.687157
134,77,2.683833
135,77,2.680451
136,77,2.677029
137,77,2.673572
138,77,2.673905
139,77,2.666482
140,77,2.655158
141,77,2.651502
142,77,2.651640
143,77,2.655597
144,77,2.707650
145,77,2.701877
146,77,2.705675
147,77,2.709438
148,77,2.697733
149,77,2.693699
150,77,2.693456
151,77,2.697034
152,77,2.689006
153,77,2.684687
154,77,2.680408
155,77,2.679934
156,77,2.683265
157,77,2.682680
158,77,2.682062
159,77,2.677543
160,77,2.708241
161,77,2.700800
162,77,2.701017
163,77,2.693482
164,77,2.689752
165,77,2.685975
166,77,2.689857
167,77,2.685985
168,77,2.685920
169,77,2.685808
170,77,2.685648
171,77,2.685442
172,77,2.681335
173,77,2.684887
174,77,2.680621
175,77,2.684068
176,77,2.695173
177,77,2.694671
178,77,2.690282
179,77,2.685831
180,77,2.689037
181,77,2.688356
182,77,2.691464
183,77,2.694522
184,77,2.682134
185,77,2.681240
186,77,2.684162
187,77,2.683167
188,77,2.678281
189,77,2.681036
190,77,2.679900
191,77,2.686403
192,77,2.689014
193,77,2.691557
194,77,2.682503
195,77,2.681099
196,77,2.683478
197,77,2.681964
198,77,2.688098
199,77,2.678750
200,77,2.688622
201,77,2.683025
202,77,2.681221
203,77,2.683196
204,77,2.681271
205,77,2.683138
206,77,2.677236
207,77,2.678977
208,77,2.680639
209,77,2.678397
210,77,2.676088
211,77,2.681418
212,77,2.667415
213,77,2.672607
214,77,2.673875
215,77,2.671218
216,77,2.672340
217,77,2.669536
218,77,2.658949
219,77,2.663697
220,77,2.668365
221,77,2.669101
222,77,2.665901
223,77,2.662618
224,77,2.666956
225,77,2.659662
226,77,2.659971
227,77,2.656336
228,77,2.652609
229,77,2.664198
230,77,2.656441
231,77,2.656276
232,77,2.652157
233,77,2.659493
234,77,2.651325
235,77,2.646888
236,77,2.650045
237,77,2.645397
238,77,2.652176
239,77,2.651144
240,77,2.638417
241,77,2.637122
242,77,2.631858
243,77,2.634154
244,77,2.627490
245,77,2.629481
246,77,2.631340
247,77,2.629184
248,77,2.626889
249,77,2.628274
250,77,2.621806
251,77,2.626714
252,77,2.619906
253,77,2.620626
254,77,2.621149
255,77,2.617644
0,78,2.671711
1,78,2.673679
2,78,2.667810
3,78,2.673360
4,78,2.671054
5,78,2.676334
6,78,2.673767
7,78,2.686497
8,78,2.672122
9,78,2.665346
10,78,2.670011
11,78,2.666843
12,78,2.663578
13,78,2.671761
14,78,2.668268
15,78,2.672390
16,78,2.691821
17,78,2.695742
18,78,2.684142
19,78,2.687871
20,78,2.687655
21,78,2.691201
22,78,2.694646
23,78,2.694163
24,78,2.689742
25,78,2.681384
26,78,2.680650
27,78,2.687542
28,78,2.686649
29,78,2.677972
30,78,2.688484
31,78,2.687363
32,78,2.705432
33,78,2.700312
34,78,2.702827
35,78,2.697567
36,78,2.707649
37,78,2.698400
38,78,2.704495
39,78,2.702820
40,78,2.689521
41,78,2.695423
42,78,2.685852
43,78,2.695482
44,78,2.685800
45,78,2.691457
46,78,2.689349
47,78,2.687182
48,78,2.711940
49,78,2.709658
50,78,2.711172
51,78,2.708778
52,78,2.706341
53,78,2.703837
54,78,2.705131
55,78,2.706385
56,78,2.703720
57,78,2.697149
58,78,2.686687
59,78,2.691571
60,78,2.688711
61,78,2.689640
62,78,2.682825
63,78,2.691359
64,78,2.719120
65,78,2.723702
66,78,2.720541
67,78,2.713466
68,78,2.714061
69,78,2.703049
70,78,2.703534
71,78,2.703984
72,78,2.696680
73,78,2.689383
74,78,2.685828
75,78,2.689930
76,78,2.686266
77,78,2.694127
78,78,2.686529
79,78,2.686589
80,78,2.725131
81,78,2.717378
82,78,2.705738
83,78,2.705610
84,78,2.709287
85,78,2.701359
86,78,2.712647
87,78,2.704624
88,78,2.696553
89,78,2.699993
90,78,2.695679
91,78,2.699023
92,78,2.690760
93,78,2.690154
94,78,2.689499
95,78,2.688810
96,78,2.726686
97,78,2.723070
98,78,2.715555
99,78,2.711846
100,78,2.711957
101,78,2.708161
102,78,2.712007
103,78,2.708115
104,78,2.696457
105,78,2.696310
106,78,2.692278
107,78,2.692037
108,78,2.691763
109,78,2.691421
110,78,2.691052
111,78,2.686760
112,78,2.728233
113,78,2.732573
114,78,2.713772
115,78,2.714185
116,78,2.699125
117,78,2.703287
118,78,2.691996
119,78,2.699920
120,78,2.692371
121,78,2.692492
122,78,2.688711
123,78,2.692589
124,78,2.692566
125,78,2.684788
126,78,2.676963
127,78,2.680647
128,78,2.705671
129,78,2.708374
130,78,2.701394
131,78,2.698220
132,78,2.687290
133,78,2.685942
134,78,2.676829
135,78,2.681161
136,78,2.677752
137,78,2.674281
138,78,2.655349
139,78,2.659479
140,78,2.659728
141,78,2.656062
142,78,2.656199
143,78,2.656301
144,78,2.706429
145,78,2.714141
146,78,2.702528
147,78,2.702438
148,78,2.702289
149,78,2.694402
150,78,2.690307
151,78,2.693884
152,78,2.693561
153,78,2.685472
154,78,2.685054
155,78,2.688340
156,78,2.676246
157,78,2.679529
158,78,2.682763
159,78,2.678243
160,78,2.701235
161,78,2.701485
162,78,2.697848
163,78,2.694165
164,78,2.690434
165,78,2.690508
166,78,2.682831
167,78,2.686664
168,78,2.686598
169,78,2.682632
170,78,2.682472
171,78,2.682264
172,78,2.682010
173,78,2.685561
174,78,2.681358
175,78,2.677122
176,78,2.699794
177,78,2.695449
178,78,2.691055
179,78,2.690466
180,78,2.689842
181,78,2.689156
182,78,2.692273
183,78,2.687483
184,78,2.686639
185,78,2.685745
186,78,2.680960
187,78,2.683817
188,78,2.686624
189,78,2.681686
190,78,2.680535
191,78,2.675493
192,78,2.693501
193,78,2.692205
194,78,2.683136
195,78,2.685585
196,78,2.687965
197,78,2.678743
198,78,2.688717
199,78,2.690941
200,78,2.681548
201,78,2.679790
202,78,2.681838
203,78,2.679974
204,78,2.685741
205,78,2.679902
206,78,2.674000
207,78,2.671887
208,78,2.685108
209,78,2.679013
210,78,2.676704
211,78,2.682033
212,78,2.668017
213,78,2.675135
214,78,2.670624
215,78,2.667967
216,78,2.665236
217,78,2.662431
218,78,2.667256
219,78,2.668151
220,78,2.665114
221,78,2.661996
222,78,2.666503
223,78,2.667072
224,78,2.671410
225,78,2.664102
226,78,2.660558
227,78,2.660777
228,78,2.657050
229,78,2.657081
230,78,2.657015
231,78,2.652997
232,78,2.648879
233,78,2.656215
234,78,2.648047
235,78,2.647463
236,78,2.646767
237,78,2.653664
238,78,2.652751
239,78,2.655558
240,78,2.638978
241,78,2.637684
242,78,2.640125
243,78,2.634716
244,78,2.625317
245,78,2.627349
246,78,2.633078
247,78,2.630952
248,78,2.628687
249,78,2.626252
250,78,2.623669
251,78,2.628612
252,78,2.621838
253,78,2.618728
254,78,2.619288
255,78,2.619673
0,79,2.672184
1,79,2.670312
2,79,2.672138
3,79,2.669982
4,79,2.675394
5,79,2.676810
6,79,2.674255
7,79,2.679280
8,79,2.672623
9,79,2.669688
10,79,2.666647
11,79,2.667345
12,79,2.671785
13,79,2.664558
14,79,2.668771
15,79,2.665187
16,79,2.696177
17,79,2.692392
18,79,2.688511
19,79,2.688388
20,79,2.684319
21,79,2.687865
22,79,2.695860
23,79,2.691508
24,79,2.690923
25,79,2.686402
26,79,2.689505
27,79,2.688675
28,79,2.683914
29,79,2.682928
30,79,2.681867
31,79,2.688437
32,79,2.706492
33,79,2.701358
34,79,2.703860
35,79,2.702439
36,79,2.704802
37,79,2.707110
38,79,2.705488
39,79,2.696094
40,79,2.698195
41,79,2.692526
42,79,2.686807
43,79,2.692573
44,79,2.686720
45,79,2.692378
46,79,2.694111
47,79,2.688081
48,79,2.720532
49,79,2.710534
50,79,2.708186
51,79,2.701940
52,79,2.707186
53,79,2.704684
54,79,2.705968
55,79,2.707200
56,79,2.708390
57,79,2.690251
58,79,2.691337
59,79,2.696212
60,79,2.681783
61,79,2.686556
62,79,2.695143
63,79,2.688269
64,79,2.727567
65,79,2.716741
66,79,2.709706
67,79,2.710340
68,79,2.710926
69,79,2.703758
70,79,2.708087
71,79,2.704675
72,79,2.701216
73,79,2.693843
74,79,2.697994
75,79,2.690538
76,79,2.690741
77,79,2.690897
78,79,2.687153
79,79,2.691055
80,79,2.721891
81,79,2.710300
82,79,2.714073
83,79,2.706240
84,79,2.709918
85,79,2.717402
86,79,2.705575
87,79,2.709111
88,79,2.712600
89,79,2.704482
90,79,2.696317
91,79,2.691957
92,79,2.699119
93,79,2.690809
94,79,2.690156
95,79,2.693307
96,79,2.721543
97,79,2.719868
98,79,2.712353
99,79,2.708671
100,79,2.712612
101,79,2.716519
102,79,2.708808
103,79,2.708769
104,79,2.704817
105,79,2.700819
106,79,2.692933
107,79,2.700400
108,79,2.688561
109,79,2.694006
110,79,2.687850
111,79,2.691264
112,79,2.732744
113,79,2.725549
114,79,2.729851
115,79,2.714844
116,79,2.711355
117,79,2.696246
118,79,2.696512
119,79,2.696726
120,79,2.696896
121,79,2.685458
122,79,2.689371
123,79,2.689395
124,79,2.683593
125,79,2.670036
126,79,2.677622
127,79,2.677454
128,79,2.710189
129,79,2.701333
130,79,2.702058
131,79,2.700810
132,79,2.687953
133,79,2.684667
134,79,2.683283
135,79,2.677983
136,79,2.678413
137,79,2.678787
138,79,2.659855
139,79,2.664004
140,79,2.656534
141,79,2.664422
142,79,2.653015
143,79,2.655031
144,79,2.714791
145,79,2.710944
146,79,2.707037
147,79,2.706949
148,79,2.699092
149,79,2.698909
150,79,2.694814
151,79,2.698390
152,79,2.690361
153,79,2.689978
154,79,2.685707
155,79,2.685229
156,79,2.680863
157,79,2.680181
158,79,2.679562
159,79,2.682735
160,79,2.701874
161,79,2.702136
162,79,2.694645
163,79,2.698666
164,79,2.687216
165,79,2.694995
166,79,2.687316
167,79,2.695002
168,79,2.687229
169,79,2.687115
170,79,2.683101
171,79,2.679040
172,79,2.678785
173,79,2.678482
174,79,2.681985
175,79,2.681587
176,79,2.700406
177,79,2.707631
178,79,2.699384
179,79,2.691089
180,79,2.694304
181,79,2.689764
182,79,2.685176
183,79,2.684403
184,79,2.687421
185,79,2.682684
186,79,2.681761
187,79,2.680776
188,79,2.672033
189,79,2.682504
190,79,2.685229
191,79,2.684036
192,79,2.702067
193,79,2.693063
194,79,2.691711
195,79,2.690317
196,79,2.685002
197,79,2.675791
198,79,2.685776
199,79,2.691863
200,79,2.678617
201,79,2.684588
202,79,2.678942
203,79,2.680930
204,79,2.682869
205,79,2.684735
206,79,2.682698
207,79,2.680597
208,79,2.686126
209,79,2.683896
210,79,2.681600
211,79,2.679225
212,79,2.676794
213,79,2.666588
214,79,2.675563
215,79,2.669067
216,79,2.670204
217,79,2.667414
218,79,2.664548
219,79,2.669299
220,79,2.662425
221,79,2.667029
222,79,2.663846
223,79,2.664433
224,79,2.668787
225,79,2.669203
226,79,2.665677
227,79,2.662060
228,79,2.654499
229,79,2.658402
230,79,2.658356
231,79,2.662064
232,79,2.654113
233,79,2.649911
234,79,2.656284
235,79,2.651847
236,79,2.651152
237,79,2.654196
238,79,2.649417
239,79,2.648371
240,79,2.643350
241,79,2.642056
242,79,2.629085
243,79,2.631382
244,79,2.633541
245,79,2.631708
246,79,2.633584
247,79,2.635323
248,79,2.625339
249,79,2.622905
250,79,2.628014
251,79,2.625264
252,79,2.622330
253,79,2.619219
254,79,2.623644
255,79,2.620164
0,80,2.616009
1,80,2.621814
2,80,2.615917
3,80,2.617586
4,80,2.615256
5,80,2.616658
6,80,2.614077
7,80,2.615225
8,80,2.612397
9,80,2.617155
10,80,2.621798
11,80,2.618621
12,80,2.619186
13,80,2.623486
14,80,2.619984
15,80,2.624086
16,80,2.639644
17,80,2.639694
18,80,2.635793
19,80,2.643357
20,80,2.635428
21,80,2.638957
22,80,2.642397
23,80,2.638045
24,80,2.641313
25,80,2.640645
26,80,2.643749
27,80,2.646772
28,80,2.638159
29,80,2.644890
30,80,2.636123
31,80,2.634988
32,80,2.656897
33,80,2.651764
34,80,2.650423
35,80,2.652856
36,80,2.647515
37,80,2.642106
38,80,2.640495
39,80,2.642660
40,80,2.644762
41,80,2.642958
42,80,2.641080
43,80,2.646847
44,80,2.637153
45,80,2.642799
46,80,2.644545
47,80,2.638515
48,80,2.663261
49,80,2.657117
50,80,2.654780
51,80,2.654303
52,80,2.657623
53,80,2.647416
54,80,2.650639
55,80,2.649944
56,80,2.641503
57,80,2.652262
58,80,2.641789
59,80,2.638959
60,80,2.647648
61,80,2.640875
62,80,2.643672
63,80,2.650283
64,80,2.666476
65,80,2.663345
66,80,2.656323
67,80,2.664663
68,80,2.653691
69,80,2.650365
70,80,2.652781
71,80,2.653222
72,80,2.647837
73,80,2.652036
74,80,2.650408
75,80,2.656427
76,80,2.652778
77,80,2.652935
78,80,2.653044
79,80,2.649253
80,80,2.674312
81,80,2.664648
82,80,2.658790
83,80,2.664443
84,80,2.668122
85,80,2.656343
86,80,2.654149
87,80,2.655760
88,80,2.651544
89,80,2.654986
90,80,2.650687
91,80,2.650180
92,80,2.653478
93,80,2.645170
94,80,2.652224
95,80,2.651535
96,80,2.677892
97,80,2.670416
98,80,2.666757
99,80,2.674599
100,80,2.666983
101,80,2.663184
102,80,2.651621
103,80,2.655423
104,80,2.655337
105,80,2.655192
106,80,2.651160
107,80,2.650922
108,80,2.650642
109,80,2.650302
110,80,2.657630
111,80,2.657212
112,80,2.679425
113,80,2.676082
114,80,2.672681
115,80,2.661522
116,80,2.654179
117,80,2.658340
118,80,2.654742
119,80,2.651106
120,80,2.647419
121,80,2.651393
122,80,2.643760
123,80,2.643784
124,80,2.643749
125,80,2.635972
126,80,2.635852
127,80,2.639537
128,80,2.662645
129,80,2.663419
130,80,2.652587
131,80,2.649412
132,80,2.638481
133,80,2.635207
134,80,2.631882
135,80,2.636214
136,80,2.632783
137,80,2.629312
138,80,2.629656
139,80,2.633787
140,80,2.626317
141,80,2.634222
142,80,2.630505
143,80,2.626743
144,80,2.680736
145,80,2.673025
146,80,2.669118
147,80,2.665175
148,80,2.657318
149,80,2.660988
150,80,2.656893
151,80,2.656615
152,80,2.652427
153,80,2.652055
154,80,2.647784
155,80,2.655011
156,80,2.635234
157,80,2.634672
158,80,2.634051
159,80,2.637245
160,80,2.671655
161,80,2.671904
162,80,2.664412
163,80,2.660726
164,80,2.660846
165,80,2.657066
166,80,2.653228
167,80,2.653207
168,80,2.653139
169,80,2.641465
170,80,2.652862
171,80,2.648800
172,80,2.633133
173,80,2.636682
174,80,2.632479
175,80,2.635933
176,80,2.670163
177,80,2.665816
178,80,2.657569
179,80,2.660831
180,80,2.652487
181,80,2.647959
182,80,2.647222
183,80,2.646437
184,80,2.641749
185,80,2.648570
186,80,2.647635
187,80,2.650513
188,80,2.630212
189,80,2.632977
190,80,2.627984
191,80,2.634508
192,80,2.660232
193,80,2.658934
194,80,2.646034
195,80,2.652333
196,80,2.643166
197,80,2.641660
198,80,2.636233
199,80,2.642320
200,80,2.644485
201,80,2.646602
202,80,2.648650
203,80,2.646785
204,80,2.625607
205,80,2.627484
206,80,2.629288
207,80,2.627186
208,80,2.651980
209,80,2.645896
210,80,2.639736
211,80,2.637372
212,80,2.631077
213,80,2.640134
214,80,2.629857
215,80,2.634908
216,80,2.628339
217,80,2.629401
218,80,2.634229
219,80,2.638991
220,80,2.612853
221,80,2.613604
222,80,2.614262
223,80,2.614849
224,80,2.642320
225,80,2.638882
226,80,2.631503
227,80,2.635581
228,80,2.628019
229,80,2.624216
230,80,2.624170
231,80,2.624025
232,80,2.623779
233,80,2.619578
234,80,2.626829
235,80,2.626267
236,80,2.610172
237,80,2.609385
238,80,2.608483
239,80,2.603609
240,80,2.617876
241,80,2.608901
242,80,2.611356
243,80,2.605984
244,80,2.608172
245,80,2.606367
246,80,2.600565
247,80,2.602323
248,80,2.596223
249,80,2.601525
250,80,2.602814
251,80,2.600085
252,80,2.585638
253,80,2.582563
254,80,2.575455
255,80,2.575865
0,81,2.616403
1,81,2.618355
2,81,2.612459
3,81,2.617981
4,81,2.611810
5,81,2.620917
6,81,2.618338
7,81,2.615633
8,81,2.620511
9,81,2.625270
10,81,2.622207
11,81,2.622884
12,81,2.619597
13,81,2.623907
14,81,2.620416
15,81,2.620665
16,81,2.640077
17,81,2.632421
18,81,2.640080
19,81,2.643792
20,81,2.643559
21,81,2.643244
22,81,2.638979
23,81,2.638481
24,81,2.637897
25,81,2.644935
26,81,2.628785
27,81,2.631809
28,81,2.638607
29,81,2.641485
30,81,2.632720
31,81,2.635438
32,81,2.653494
33,81,2.652225
34,81,2.654727
35,81,2.645612
36,81,2.644124
37,81,2.642569
38,81,2.644811
39,81,2.639271
40,81,2.637531
41,81,2.643422
42,81,2.637703
43,81,2.635765
44,81,2.641482
45,81,2.643277
46,81,2.637316
47,81,2.642846
48,81,2.663739
49,81,2.665302
50,81,2.655259
51,81,2.654783
52,81,2.648483
53,81,2.651760
54,81,2.649194
55,81,2.646585
56,81,2.643913
57,81,2.645051
58,81,2.646137
59,81,2.647171
60,81,2.648145
61,81,2.645225
62,81,2.646107
63,81,2.643076
64,81,2.668902
65,81,2.667709
66,81,2.660687
67,81,2.655543
68,81,2.654194
69,81,2.658585
70,81,2.651369
71,81,2.651811
72,81,2.652206
73,81,2.648700
74,81,2.648999
75,81,2.645398
76,81,2.649456
77,81,2.649613
78,81,2.649723
79,81,2.649786
80,81,2.670993
81,81,2.669035
82,81,2.667031
83,81,2.657274
84,81,2.657101
85,81,2.660735
86,81,2.648910
87,81,2.648595
88,81,2.655950
89,81,2.651688
90,81,2.647378
91,81,2.646873
92,81,2.646319
93,81,2.645604
94,81,2.648797
95,81,2.651941
96,81,2.674593
97,81,2.669044
98,81,2.667301
99,81,2.667449
100,81,2.659833
101,81,2.663730
102,81,2.656031
103,81,2.655981
104,81,2.648190
105,81,2.651899
106,81,2.655572
107,81,2.647629
108,81,2.651197
109,81,2.654721
110,81,2.650487
111,81,2.648134
112,81,2.672282
113,81,2.668938
114,81,2.669398
115,81,2.662084
116,81,2.654741
117,81,2.651202
118,81,2.647609
119,81,2.643974
120,81,2.640279
121,81,2.640397
122,81,2.640469
123,81,2.640493
124,81,2.636616
125,81,2.640398
126,81,2.640278
127,81,2.640111
128,81,2.659372
129,81,2.656292
130,81,2.653165
131,81,2.649977
132,81,2.648678
133,81,2.635772
134,81,2.632447
135,81,2.636770
136,81,2.629505
137,81,2.626034
138,81,2.634065
139,81,2.626644
140,81,2.634585
141,81,2.630927
142,81,2.631066
143,81,2.631157
144,81,2.677443
145,81,2.677438
146,81,2.661985
147,81,2.661884
148,81,2.665583
149,81,2.649987
150,81,2.649746
151,81,2.645615
152,81,2.645279
153,81,2.652613
154,81,2.652182
155,81,2.651716
156,81,2.628084
157,81,2.631364
158,81,2.626901
159,81,2.633948
160,81,2.672144
161,81,2.668560
162,81,2.664930
163,81,2.657416
164,81,2.653682
165,81,2.653754
166,81,2.649926
167,81,2.646051
168,81,2.645972
169,81,2.653562
170,81,2.649546
171,81,2.649336
172,81,2.633668
173,81,2.629511
174,81,2.633012
175,81,2.632614
176,81,2.666842
177,81,2.666348
178,81,2.650394
179,81,2.657509
180,81,2.649165
181,81,2.644624
182,81,2.640035
183,81,2.643102
184,81,2.642266
185,81,2.652939
186,81,2.652004
187,81,2.647165
188,81,2.626874
189,81,2.625785
190,81,2.628498
191,81,2.627305
192,81,2.660735
193,81,2.655593
194,81,2.654241
195,81,2.648981
196,81,2.643677
197,81,2.646012
198,81,2.636733
199,81,2.638955
200,81,2.637278
201,81,2.647090
202,81,2.645295
203,81,2.639577
204,81,2.622241
205,81,2.624117
206,81,2.622068
207,81,2.623819
208,81,2.644759
209,81,2.646381
210,81,2.644074
211,81,2.641709
212,81,2.627708
213,81,2.629059
214,81,2.630329
215,81,2.631538
216,81,2.621106
217,81,2.633725
218,81,2.634701
219,81,2.635610
220,81,2.613324
221,81,2.614064
222,81,2.614733
223,81,2.619162
224,81,2.638927
225,81,2.635488
226,81,2.631961
227,81,2.624482
228,81,2.624625
229,81,2.624674
230,81,2.624618
231,81,2.624472
232,81,2.620373
233,81,2.623877
234,81,2.627275
235,81,2.626702
236,81,2.610618
237,81,2.609831
238,81,2.605075
239,81,2.604053
240,81,2.610615
241,81,2.605492
242,81,2.604084
243,81,2.602554
244,81,2.604741
245,81,2.602935
246,81,2.600986
247,81,2.591185
248,81,2.588937
249,81,2.601945
250,81,2.599380
251,81,2.600504
252,81,2.578340
253,81,2.579117
254,81,2.579714
255,81,2.576270
0,82,2.616765
1,82,2.614866
2,82,2.612823
3,82,2.618346
4,82,2.616029
5,82,2.621284
6,82,2.618705
7,82,2.619854
8,82,2.620880
9,82,2.617943
10,82,2.618733
11,82,2.615558
12,82,2.616124
13,82,2.612730
14,82,2.620797
15,82,2.624900
16,82,2.644313
17,82,2.640510
18,82,2.640473
19,82,2.644920
20,82,2.648522
21,82,2.648190
22,82,2.647761
23,82,2.647246
24,82,2.638949
25,82,2.642120
26,82,2.641356
27,82,2.636668
28,82,2.639598
29,82,2.634747
30,82,2.637534
31,82,2.640238
32,82,2.658290
33,82,2.653144
34,82,2.651790
35,82,2.654211
36,82,2.645013
37,82,2.651152
38,82,2.645674
39,82,2.647829
40,82,2.642222
41,82,2.644250
42,82,2.642371
43,82,2.632725
44,82,2.634201
45,82,2.632153
46,82,2.635816
47,82,2.635577
48,82,2.656470
49,82,2.661886
50,82,2.659550
51,82,2.653305
52,82,2.646996
53,82,2.652199
54,82,2.645791
55,82,2.647035
56,82,2.644364
57,82,2.641649
58,82,2.642736
59,82,2.643771
60,82,2.640893
61,82,2.641826
62,82,2.642709
63,82,2.643541
64,82,2.667441
65,82,2.668175
66,82,2.665007
67,82,2.661781
68,82,2.650810
69,82,2.659054
70,82,2.651839
71,82,2.652282
72,82,2.648825
73,82,2.653025
74,82,2.653325
75,82,2.645872
76,82,2.651857
77,82,2.653941
78,82,2.650200
79,82,2.644484
80,82,2.673397
81,82,2.669524
82,82,2.661741
83,82,2.657764
84,82,2.661446
85,82,2.657375
86,82,2.657109
87,82,2.652953
88,82,2.648739
89,82,2.652098
90,82,2.651633
91,82,2.654982
92,82,2.646715
93,82,2.649957
94,82,2.645456
95,82,2.648601
96,82,2.671236
97,82,2.675330
98,82,2.667809
99,82,2.667947
100,82,2.669974
101,82,2.664239
102,82,2.660394
103,82,2.656492
104,82,2.656406
105,82,2.648558
106,82,2.656084
107,82,2.655848
108,82,2.653630
109,82,2.643675
110,82,2.650993
111,82,2.642869
112,82,2.680522
113,82,2.673314
114,82,2.666059
115,82,2.666469
116,82,2.655255
117,82,2.647863
118,82,2.648128
119,82,2.640635
120,82,2.644656
121,82,2.648629
122,82,2.640984
123,82,2.641008
124,82,2.633278
125,82,2.640913
126,82,2.633087
127,82,2.636772
128,82,2.663742
129,82,2.656809
130,82,2.649831
131,82,2.646642
132,82,2.639564
133,82,2.636289
134,82,2.632964
135,82,2.629590
136,82,2.630020
137,82,2.630394
138,82,2.630727
139,82,2.627159
140,82,2.627400
141,82,2.631440
142,82,2.620019
143,82,2.627826
144,82,2.666397
145,82,2.670245
146,82,2.662496
147,82,2.658545
148,82,2.654536
149,82,2.646645
150,82,2.646404
151,82,2.649978
152,82,2.649642
153,82,2.645416
154,82,2.641134
155,82,2.644519
156,82,2.643994
157,82,2.643431
158,82,2.631262
159,82,2.634446
160,82,2.668799
161,82,2.669067
162,82,2.665426
163,82,2.657895
164,82,2.646463
165,82,2.654239
166,82,2.646567
167,82,2.642691
168,82,2.642621
169,82,2.646348
170,82,2.646184
171,82,2.645973
172,82,2.645716
173,82,2.641558
174,82,2.633500
175,82,2.625385
176,82,2.667319
177,82,2.659118
178,82,2.654723
179,82,2.650279
180,82,2.645786
181,82,2.645098
182,82,2.640508
183,82,2.643574
184,82,2.638886
185,82,2.641853
186,82,2.640917
187,82,2.639930
188,82,2.635040
189,82,2.630107
190,82,2.628967
191,82,2.631626
192,82,2.653497
193,82,2.656051
194,82,2.643140
195,82,2.645586
196,82,2.644133
197,82,2.638762
198,82,2.644894
199,82,2.635558
200,82,2.637732
201,82,2.639839
202,82,2.638034
203,82,2.632316
204,82,2.634252
205,82,2.639971
206,82,2.622511
207,82,2.624261
208,82,2.641349
209,82,2.646813
210,82,2.640662
211,82,2.630582
212,82,2.628644
213,82,2.633852
214,82,2.627431
215,82,2.636359
216,82,2.625941
217,82,2.627017
218,82,2.624155
219,82,2.625079
220,82,2.622063
221,82,2.630534
222,82,2.615798
223,82,2.616400
224,82,2.636172
225,82,2.636603
226,82,2.629232
227,82,2.629485
228,82,2.625794
229,82,2.629705
230,82,2.621971
231,82,2.621845
232,82,2.617757
233,82,2.621281
234,82,2.624699
235,82,2.616443
236,82,2.615792
237,82,2.614086
238,82,2.609321
239,82,2.600593
240,82,2.614859
241,82,2.613589
242,82,2.604475
243,82,2.606797
244,82,2.597425
245,82,2.603324
246,82,2.601375
247,82,2.591563
248,82,2.593168
249,82,2.594616
250,82,2.592051
251,82,2.593173
252,82,2.590272
253,82,2.594902
254,82,2.583939
255,82,2.576642
0,83,2.618254
1,83,2.620180
2,83,2.618110
3,83,2.615902
4,83,2.621271
5,83,2.618796
6,83,2.620046
7,83,2.628876
8,83,2.614476
9,83,2.626919
10,83,2.616129
11,83,2.620646
12,83,2.621192
13,83,2.621630
14,83,2.614265
15,83,2.622201
16,83,2.641595
17,83,2.637782
18,83,2.641570
19,83,2.641420
20,83,2.641170
21,83,2.648544
22,83,2.640410
23,83,2.639896
24,83,2.635452
25,83,2.642476
26,83,2.641721
27,83,2.644731
28,83,2.632259
29,83,2.635114
30,83,2.637901
31,83,2.640615
32,83,2.654806
33,83,2.649669
34,83,2.648307
35,83,2.650736
36,83,2.645392
37,83,2.643826
38,83,2.649907
39,83,2.644357
40,83,2.638751
41,83,2.642714
42,83,2.635048
43,83,2.638887
44,83,2.634961
45,83,2.638680
46,83,2.642332
47,83,2.640155
48,83,2.657185
49,83,2.654885
50,83,2.648685
51,83,2.653988
52,83,2.647677
53,83,2.645165
54,83,2.642591
55,83,2.647677
56,83,2.648858
57,83,2.642281
58,83,2.643358
59,83,2.644383
60,83,2.643431
61,83,2.642428
62,83,2.637514
63,83,2.640263
64,83,2.666080
65,83,2.661026
66,83,2.657715
67,83,2.654499
68,83,2.653161
69,83,2.651774
70,83,2.646486
71,83,2.654635
72,83,2.645399
73,83,2.647674
74,83,2.651828
75,83,2.654016
76,83,2.648443
77,83,2.646676
78,83,2.648714
79,83,2.648779
80,83,2.669987
81,83,2.666096
82,83,2.662166
83,83,2.660107
84,83,2.654148
85,83,2.653921
86,83,2.649794
87,83,2.653334
88,83,2.649112
89,83,2.652549
90,83,2.648240
91,83,2.651581
92,83,2.651020
93,83,2.654273
94,83,2.645910
95,83,2.649057
96,83,2.671696
97,83,2.670002
98,83,2.670196
99,83,2.668408
100,83,2.660803
101,83,2.660848
102,83,2.662782
103,83,2.656955
104,83,2.647237
105,83,2.656727
106,83,2.652695
107,83,2.648616
108,83,2.648316
109,83,2.655692
110,83,2.651459
111,83,2.643327
112,83,2.677135
113,83,2.669937
114,83,2.662681
115,83,2.659229
116,83,2.655738
117,83,2.652191
118,83,2.652447
119,83,2.652663
120,83,2.652828
121,83,2.652947
122,83,2.637607
123,83,2.637631
124,83,2.641459
125,83,2.641389
126,83,2.633563
127,83,2.637248
128,83,2.664222
129,83,2.661142
130,83,2.658015
131,83,2.643268
132,83,2.636189
133,83,2.629061
134,83,2.637284
135,83,2.633911
136,83,2.630480
137,83,2.627009
138,83,2.635056
139,83,2.627629
140,83,2.627866
141,83,2.631903
142,83,2.624346
143,83,2.632143
144,83,2.666861
145,83,2.655298
146,83,2.655256
147,83,2.651303
148,83,2.651156
149,83,2.650961
150,83,2.650720
151,83,2.646587
152,83,2.650105
153,83,2.649731
154,83,2.649301
155,83,2.648833
156,83,2.629045
157,83,2.632334
158,83,2.631714
159,83,2.638759
160,83,2.657693
161,83,2.657960
162,83,2.650474
163,83,2.650638
164,83,2.646912
165,83,2.654697
166,83,2.647015
167,83,2.647000
168,83,2.643086
169,83,2.642969
170,83,2.638962
171,83,2.638760
172,83,2.626952
173,83,2.630509
174,83,2.637862
175,83,2.633533
176,83,2.660055
177,83,2.651853
178,83,2.651310
179,83,2.646865
180,83,2.642372
181,83,2.637822
182,83,2.637084
183,83,2.636297
184,83,2.635460
185,83,2.642280
186,83,2.641343
187,83,2.632651
188,83,2.627760
189,83,2.626670
190,83,2.629616
191,83,2.632286
192,83,2.654167
193,83,2.649026
194,83,2.639986
195,83,2.642442
196,83,2.637138
197,83,2.635632
198,83,2.637922
199,83,2.640155
200,83,2.638478
201,83,2.636744
202,83,2.634958
203,83,2.636958
204,83,2.627339
205,83,2.621511
206,83,2.623328
207,83,2.628942
208,83,2.642190
209,83,2.636108
210,83,2.629970
211,83,2.627609
212,83,2.632885
213,83,2.630387
214,83,2.627827
215,83,2.629041
216,83,2.630181
217,83,2.627403
218,83,2.624541
219,83,2.629317
220,83,2.607037
221,83,2.615499
222,83,2.616183
223,83,2.616775
224,83,2.628850
225,83,2.625419
226,83,2.618048
227,83,2.622153
228,83,2.622306
229,83,2.622372
230,83,2.622335
231,83,2.618355
232,83,2.614267
233,83,2.621643
234,83,2.621208
235,83,2.616804
236,83,2.604593
237,83,2.603820
238,83,2.606792
239,83,2.601931
240,83,2.600810
241,83,2.603417
242,83,2.594330
243,83,2.600530
244,83,2.595037
245,83,2.600956
246,83,2.599034
247,83,2.593113
248,83,2.590886
249,83,2.600071
250,83,2.597537
251,83,2.590986
252,83,2.580405
253,83,2.581216
254,83,2.574141
255,83,2.574586
0,84,2.614675
1,84,2.616603
2,84,2.618393
3,84,2.620039
4,84,2.617697
5,84,2.615230
6,84,2.616481
7,84,2.617613
8,84,2.618618
9,84,2.627216
10,84,2.624133
11,84,2.617085
12,84,2.625344
13,84,2.618078
14,84,2.622272
15,84,2.618650
16,84,2.645758
17,84,2.641938
18,84,2.638029
19,84,2.645578
20,84,2.641483
21,84,2.645004
22,84,2.640725
23,84,2.640218
24,84,2.647326
25,84,2.646653
26,84,2.642045
27,84,2.629645
28,84,2.640290
29,84,2.631588
30,84,2.634376
31,84,2.637089
32,84,2.651281
33,84,2.649998
34,84,2.644791
35,84,2.651073
36,84,2.653428
37,84,2.644164
38,84,2.638687
39,84,2.644704
40,84,2.642944
41,84,2.641128
42,84,2.635397
43,84,2.641163
44,84,2.643009
45,84,2.640949
46,84,2.642684
47,84,2.640507
48,84,2.665243
49,84,2.659099
50,84,2.652899
51,84,2.652416
52,84,2.644179
53,84,2.649373
54,84,2.646808
55,84,2.648042
56,84,2.649223
57,84,2.646499
58,84,2.639871
59,84,2.640896
60,84,2.643798
61,84,2.637016
62,84,2.641743
63,84,2.640640
64,84,2.666458
65,84,2.665257
66,84,2.658227
67,84,2.655002
68,84,2.659434
69,84,2.656112
70,84,2.648889
71,84,2.641618
72,84,2.649718
73,84,2.648131
74,84,2.650350
75,84,2.650595
76,84,2.650792
77,84,2.647090
78,84,2.651054
79,84,2.647258
80,84,2.666531
81,84,2.664567
82,84,2.654850
83,84,2.658579
84,84,2.654548
85,84,2.652396
86,84,2.654057
87,84,2.646031
88,84,2.649516
89,84,2.649108
90,84,2.650571
91,84,2.651986
92,84,2.643729
93,84,2.648901
94,84,2.646326
95,84,2.649474
96,84,2.668255
97,84,2.676194
98,84,2.676380
99,84,2.668822
100,84,2.663143
101,84,2.663189
102,84,2.655491
103,84,2.649664
104,84,2.653431
105,84,2.649438
106,84,2.653112
107,84,2.654812
108,84,2.646802
109,84,2.644552
110,84,2.651878
111,84,2.651452
112,84,2.669858
113,84,2.670355
114,84,2.659254
115,84,2.663508
116,84,2.648450
117,84,2.656468
118,84,2.652874
119,84,2.653090
120,84,2.649394
121,84,2.645661
122,84,2.641879
123,84,2.645755
124,84,2.638025
125,84,2.637955
126,84,2.637834
127,84,2.633815
128,84,2.664644
129,84,2.657709
130,84,2.654584
131,84,2.651395
132,84,2.636610
133,84,2.633324
134,84,2.633852
135,84,2.630478
136,84,2.630908
137,84,2.635142
138,84,2.627763
139,84,2.620343
140,84,2.620574
141,84,2.632329
142,84,2.620911
143,84,2.624854
144,84,2.671132
145,84,2.663430
146,84,2.663378
147,84,2.655575
148,84,2.655425
149,84,2.651377
150,84,2.643430
151,84,2.639297
152,84,2.646667
153,84,2.642440
154,84,2.649716
155,84,2.645394
156,84,2.633312
157,84,2.632740
158,84,2.635980
159,84,2.631467
160,84,2.661959
161,84,2.662225
162,84,2.658583
163,84,2.654903
164,84,2.651167
165,84,2.643540
166,84,2.635866
167,84,2.639696
168,84,2.643486
169,84,2.643377
170,84,2.639361
171,84,2.650716
172,84,2.627350
173,84,2.630898
174,84,2.626701
175,84,2.634015
176,84,2.664398
177,84,2.652352
178,84,2.651810
179,84,2.647374
180,84,2.642890
181,84,2.638358
182,84,2.633776
183,84,2.632999
184,84,2.643722
185,84,2.642845
186,84,2.641918
187,84,2.640941
188,84,2.636060
189,84,2.631128
190,84,2.633849
191,84,2.628813
192,84,2.654546
193,84,2.649404
194,84,2.644209
195,84,2.642812
196,84,2.645213
197,84,2.639853
198,84,2.630584
199,84,2.636670
200,84,2.638846
201,84,2.633258
202,84,2.635317
203,84,2.641169
204,84,2.616138
205,84,2.625729
206,84,2.627545
207,84,2.621592
208,84,2.638692
209,84,2.640317
210,84,2.645728
211,84,2.631808
212,84,2.633239
213,84,2.634594
214,84,2.620467
215,84,2.625533
216,84,2.626680
217,84,2.623894
218,84,2.624885
219,84,2.625799
220,84,2.611231
221,84,2.619694
222,84,2.608811
223,84,2.613256
224,84,2.636888
225,84,2.637310
226,84,2.633791
227,84,2.626337
228,84,2.622636
229,84,2.622702
230,84,2.614959
231,84,2.614824
232,84,2.622301
233,84,2.614257
234,84,2.617674
235,84,2.617123
236,84,2.608757
237,84,2.604137
238,84,2.599395
239,84,2.598395
240,84,2.604971
241,84,2.603724
242,84,2.602342
243,84,2.604688
244,84,2.599187
245,84,2.601259
246,84,2.587777
247,84,2.593407
248,84,2.598892
249,84,2.596510
250,84,2.597827
251,84,2.595121
252,84,2.584546
253,84,2.581503
254,84,2.582125
255,84,2.578716
0,85,2.614910
1,85,2.616844
2,85,2.618630
3,85,2.616430
4,85,2.617942
5,85,2.619329
6,85,2.616728
7,85,2.621714
8,85,2.615015
9,85,2.612055
10,85,2.612832
11,85,2.621197
12,85,2.621751
13,85,2.626044
14,85,2.618680
15,85,2.622772
16,85,2.642168
17,85,2.638356
18,85,2.642153
19,85,2.638145
20,85,2.637903
21,85,2.645277
22,85,2.637146
23,85,2.640493
24,85,2.636050
25,85,2.639224
26,85,2.638469
27,85,2.641487
28,85,2.629017
29,85,2.631874
30,85,2.630809
31,85,2.637376
32,85,2.647723
33,85,2.642587
34,85,2.652785
35,85,2.647510
36,85,2.649872
37,85,2.648314
38,85,2.646691
39,85,2.648855
40,85,2.639397
41,85,2.637575
42,85,2.639550
43,85,2.641464
44,85,2.643317
45,85,2.637405
46,85,2.639140
47,85,2.640817
48,85,2.657847
49,85,2.651704
50,85,2.653210
51,85,2.654661
52,85,2.648352
53,85,2.645840
54,85,2.643276
55,85,2.648363
56,85,2.647618
57,85,2.642969
58,85,2.644047
59,85,2.641220
60,85,2.642195
61,85,2.639267
62,85,2.640142
63,85,2.644819
64,85,2.664859
65,85,2.661738
66,85,2.658562
67,85,2.661117
68,85,2.655917
69,85,2.656449
70,85,2.641521
71,85,2.657374
72,85,2.646204
73,85,2.646544
74,85,2.650690
75,85,2.643230
76,85,2.651141
77,85,2.647439
78,85,2.639838
79,85,2.645675
80,85,2.663029
81,85,2.662993
82,85,2.666762
83,85,2.658932
84,85,2.647196
85,85,2.618075
86,85,2.654412
87,85,2.661798
88,85,2.649880
89,85,2.645612
90,85,2.652856
91,85,2.644647
92,85,2.638310
93,85,2.649269
94,85,2.642834
95,85,2.649843
96,85,2.672466
97,85,2.665001
98,85,2.669041
99,85,2.661482
100,85,2.665429
101,85,2.657777
102,85,2.653932
103,85,2.657738
104,85,2.657652
105,85,2.657513
106,85,2.657334
107,85,2.647476
108,85,2.649098
109,85,2.656474
110,85,2.646470
111,85,2.651821
112,85,2.674082
113,85,2.678440
114,85,2.675036
115,85,2.663886
116,85,2.664233
117,85,2.656839
118,85,2.653250
119,85,2.657313
120,85,2.649775
121,85,2.649892
122,85,2.646111
123,85,2.642274
124,85,2.642250
125,85,2.642177
126,85,2.638206
127,85,2.641892
128,85,2.661166
129,85,2.650378
130,85,2.654944
131,85,2.644063
132,85,2.640837
133,85,2.633704
134,85,2.634232
135,85,2.634702
136,85,2.631280
137,85,2.631654
138,85,2.628135
139,85,2.632272
140,85,2.624806
141,85,2.624994
142,85,2.625132
143,85,2.617519
144,85,2.667656
145,85,2.667652
146,85,2.656043
147,85,2.659797
148,85,2.655793
149,85,2.651746
150,85,2.647651
151,85,2.643517
152,85,2.643182
153,85,2.646660
154,85,2.646231
155,85,2.649607
156,85,2.641384
157,85,2.648518
158,85,2.644052
159,85,2.643384
160,85,2.662325
161,85,2.664510
162,85,2.655096
163,85,2.655260
164,85,2.643826
165,85,2.647749
166,85,2.640074
167,85,2.640058
168,85,2.636135
169,85,2.639878
170,85,2.643567
171,85,2.647216
172,85,2.650818
173,85,2.646661
174,85,2.638610
175,85,2.642071
176,85,2.660888
177,85,2.656547
178,85,2.652159
179,85,2.655428
180,85,2.647084
181,85,2.642551
182,85,2.637969
183,85,2.637190
184,85,2.636362
185,85,2.647037
186,85,2.638404
187,85,2.637425
188,85,2.640249
189,85,2.635316
190,85,2.638037
191,85,2.640700
192,85,2.654874
193,85,2.649732
194,85,2.636830
195,85,2.643138
196,85,2.637833
197,85,2.640178
198,85,2.630909
199,85,2.629289
200,85,2.631464
201,85,2.637434
202,85,2.631787
203,85,2.633786
204,85,2.635724
205,85,2.629896
206,85,2.635564
207,85,2.637317
208,85,2.639005
209,85,2.632924
210,85,2.638335
211,85,2.632120
212,85,2.629691
213,85,2.634898
214,85,2.628476
215,85,2.625842
216,85,2.623129
217,85,2.628048
218,85,2.629039
219,85,2.629953
220,85,2.623083
221,85,2.623839
222,85,2.624520
223,85,2.625113
224,85,2.633326
225,85,2.629895
226,85,2.630228
227,85,2.630478
228,85,2.626778
229,85,2.622983
230,85,2.615240
231,85,2.611257
232,85,2.618727
233,85,2.618388
234,85,2.614098
235,85,2.621252
236,85,2.616738
237,85,2.619823
238,85,2.615081
239,85,2.617925
240,85,2.609096
241,85,2.607841
242,85,2.602606
243,85,2.601098
244,85,2.599448
245,85,2.597666
246,85,2.599589
247,85,2.593659
248,85,2.591437
249,85,2.596760
250,85,2.598075
251,85,2.595368
252,85,2.592497
253,85,2.589446
254,85,2.593926
255,85,2.586656
0,86,2.615105
1,86,2.617040
2,86,2.616093
3,86,2.621568
4,86,2.619207
5,86,2.616715
6,86,2.621797
7,86,2.622907
8,86,2.620043
9,86,2.628614
10,86,2.613958
11,86,2.614601
12,86,2.618987
13,86,2.619408
14,86,2.619729
15,86,2.619948
16,86,2.643185
17,86,2.643201
18,86,2.639274
19,86,2.635254
20,86,2.638848
21,86,2.638499
22,86,2.641916
23,86,2.637536
24,86,2.636929
25,86,2.643946
26,86,2.631617
27,86,2.634621
28,86,2.639472
29,86,2.640395
30,86,2.631605
31,86,2.638158
32,86,2.652343
33,86,2.651046
34,86,2.656893
35,86,2.651618
36,86,2.650127
37,86,2.644718
38,86,2.646947
39,86,2.649112
40,86,2.635802
41,86,2.637840
42,86,2.639815
43,86,2.645582
44,86,2.639731
45,86,2.637672
46,86,2.639408
47,86,2.644938
48,86,2.654263
49,86,2.655826
50,86,2.653480
51,86,2.651079
52,86,2.646696
53,86,2.646112
54,86,2.643548
55,86,2.644789
56,86,2.640192
57,86,2.643249
58,86,2.636621
59,86,2.647280
60,86,2.642477
61,86,2.645329
62,86,2.642357
63,86,2.641256
64,86,2.672854
65,86,2.658170
66,86,2.658847
67,86,2.655629
68,86,2.652357
69,86,2.652889
70,86,2.649521
71,86,2.646110
72,86,2.650351
73,86,2.646840
74,86,2.647134
75,86,2.643533
76,86,2.647585
77,86,2.651590
78,86,2.642069
79,86,2.636348
80,86,2.667182
81,86,2.659446
82,86,2.659364
83,86,2.657313
84,86,2.659063
85,86,2.651134
86,86,2.648942
87,86,2.658256
88,86,2.646337
89,86,2.649777
90,86,2.643542
91,86,2.652666
92,86,2.648262
93,86,2.655362
94,86,2.643156
95,86,2.650159
96,86,2.672784
97,86,2.674945
98,86,2.665507
99,86,2.667581
100,86,2.665749
101,86,2.665803
102,86,2.661951
103,86,2.661912
104,86,2.657973
105,86,2.655909
106,86,2.657656
107,86,2.653577
108,86,2.657127
109,86,2.656797
110,86,2.648712
111,86,2.646366
112,86,2.670569
113,86,2.674911
114,86,2.663809
115,86,2.664210
116,86,2.660717
117,86,2.653316
118,86,2.649721
119,86,2.653785
120,86,2.646246
121,86,2.650216
122,86,2.650287
123,86,2.638752
124,86,2.638728
125,86,2.638655
126,86,2.638537
127,86,2.642223
128,86,2.657646
129,86,2.658415
130,86,2.655277
131,86,2.652101
132,86,2.645022
133,86,2.645588
134,86,2.634557
135,86,2.635027
136,86,2.635457
137,86,2.631979
138,86,2.613054
139,86,2.621039
140,86,2.617423
141,86,2.625314
142,86,2.625455
143,86,2.629405
144,86,2.664125
145,86,2.656417
146,86,2.656366
147,86,2.652422
148,86,2.652262
149,86,2.652067
150,86,2.644120
151,86,2.647691
152,86,2.643503
153,86,2.650827
154,86,2.650404
155,86,2.646074
156,86,2.637851
157,86,2.633426
158,86,2.632806
159,86,2.635997
160,86,2.662638
161,86,2.655197
162,86,2.651555
163,86,2.651725
164,86,2.647989
165,86,2.651919
166,86,2.644237
167,86,2.648072
168,86,2.640297
169,86,2.644039
170,86,2.643875
171,86,2.643671
172,86,2.647272
173,86,2.639262
174,86,2.635063
175,86,2.634664
176,86,2.661193
177,86,2.649146
178,86,2.648604
179,86,2.640314
180,86,2.639681
181,86,2.635142
182,86,2.634412
183,86,2.641338
184,86,2.636657
185,86,2.647331
186,86,2.638697
187,86,2.641571
188,86,2.640542
189,86,2.635602
190,86,2.642175
191,86,2.633285
192,86,2.651312
193,86,2.642316
194,86,2.644819
195,86,2.639568
196,86,2.641968
197,86,2.640460
198,86,2.631190
199,86,2.629569
200,86,2.627891
201,86,2.637708
202,86,2.639766
203,86,2.637911
204,86,2.635997
205,86,2.630168
206,86,2.631983
207,86,2.626029
208,86,2.635423
209,86,2.633193
210,86,2.634751
211,86,2.628536
212,86,2.626106
213,86,2.631312
214,86,2.632596
215,86,2.629955
216,86,2.627242
217,86,2.624454
218,86,2.629297
219,86,2.630211
220,86,2.627193
221,86,2.620243
222,86,2.617708
223,86,2.614464
224,86,2.626546
225,86,2.626985
226,86,2.627341
227,86,2.616044
228,86,2.627772
229,86,2.620143
230,86,2.616271
231,86,2.620007
232,86,2.608233
233,86,2.619478
234,86,2.615202
235,86,2.618524
236,86,2.614032
237,86,2.613280
238,86,2.608560
239,86,2.611433
240,86,2.602621
241,86,2.605244
242,86,2.596181
243,86,2.594697
244,86,2.596927
245,86,2.595167
246,86,2.597117
247,86,2.595073
248,86,2.589022
249,86,2.594375
250,86,2.591868
251,86,2.596899
252,86,2.594056
253,86,2.579485
254,86,2.582562
255,86,2.575291
0,87,2.620287
1,87,2.614486
2,87,2.616251
3,87,2.629437
4,87,2.619372
5,87,2.620735
6,87,2.621966
7,87,2.619224
8,87,2.616360
9,87,2.619158
10,87,2.617988
11,87,2.622485
12,87,2.619166
13,87,2.619589
14,87,2.619911
15,87,2.620131
16,87,2.647221
17,87,2.639538
18,87,2.635612
19,87,2.643151
20,87,2.639040
21,87,2.642545
22,87,2.642110
23,87,2.649294
24,87,2.648688
25,87,2.636441
26,87,2.643378
27,87,2.634823
28,87,2.626191
29,87,2.629040
30,87,2.627962
31,87,2.634515
32,87,2.656407
33,87,2.651259
34,87,2.646040
35,87,2.656163
36,87,2.650807
37,87,2.653090
38,87,2.639896
39,87,2.645902
40,87,2.640285
41,87,2.642311
42,87,2.640422
43,87,2.638473
44,87,2.640315
45,87,2.634397
46,87,2.643486
47,87,2.649017
48,87,2.662196
49,87,2.656054
50,87,2.649856
51,87,2.657092
52,87,2.652710
53,87,2.648274
54,87,2.643784
55,87,2.637314
56,87,2.642355
57,87,2.647339
58,87,2.648418
59,87,2.641740
60,87,2.633085
61,87,2.639795
62,87,2.638744
63,87,2.641497
64,87,2.669248
65,87,2.662270
66,87,2.666801
67,87,2.663578
68,87,2.652605
69,87,2.664697
70,87,2.649771
71,87,2.650213
72,87,2.646749
73,87,2.643239
74,87,2.647391
75,87,2.643786
76,87,2.636285
77,87,2.640291
78,87,2.644250
79,87,2.644314
80,87,2.671296
81,87,2.659707
82,87,2.655773
83,87,2.659502
84,87,2.651620
85,87,2.659108
86,87,2.649206
87,87,2.654673
88,87,2.650455
89,87,2.653901
90,87,2.649588
91,87,2.645232
92,87,2.642750
93,87,2.649856
94,87,2.647277
95,87,2.646580
96,87,2.678835
97,87,2.667512
98,87,2.667706
99,87,2.665922
100,87,2.666022
101,87,2.658370
102,87,2.656446
103,87,2.658333
104,87,2.660174
105,87,2.658110
106,87,2.646373
107,87,2.646147
108,87,2.653550
109,87,2.651287
110,87,2.652841
111,87,2.648560
112,87,2.674697
113,87,2.671340
114,87,2.671791
115,87,2.664486
116,87,2.657140
117,87,2.657445
118,87,2.650003
119,87,2.650214
120,87,2.650381
121,87,2.646642
122,87,2.646712
123,87,2.642882
124,87,2.650563
125,87,2.646638
126,87,2.638814
127,87,2.642500
128,87,2.657925
129,87,2.658693
130,87,2.651703
131,87,2.652379
132,87,2.652994
133,87,2.653571
134,87,2.623267
135,87,2.616046
136,87,2.628034
137,87,2.628409
138,87,2.617184
139,87,2.617463
140,87,2.613847
141,87,2.610179
142,87,2.621884
143,87,2.625828
144,87,2.664400
145,87,2.664398
146,87,2.652790
147,87,2.652697
148,87,2.644831
149,87,2.644636
150,87,2.644395
151,87,2.644112
152,87,2.670747
153,87,2.654954
154,87,2.646824
155,87,2.638642
156,87,2.638118
157,87,2.637551
158,87,2.633079
159,87,2.636269
160,87,2.662911
161,87,2.659316
162,87,2.651826
163,87,2.651991
164,87,2.644407
165,87,2.640625
166,87,2.648359
167,87,2.640630
168,87,2.667535
169,87,2.659713
170,87,2.644143
171,87,2.643933
172,87,2.639827
173,87,2.639523
174,87,2.631471
175,87,2.638777
176,87,2.649894
177,87,2.649400
178,87,2.645010
179,87,2.648278
180,87,2.639934
181,87,2.639252
182,87,2.630810
183,87,2.637736
184,87,2.660024
185,87,2.655287
186,87,2.638947
187,87,2.637967
188,87,2.636932
189,87,2.639703
190,87,2.634717
191,87,2.629679
192,87,2.651553
193,87,2.638704
194,87,2.633506
195,87,2.635956
196,87,2.630649
197,87,2.629140
198,87,2.631428
199,87,2.625954
200,87,2.658946
201,87,2.649503
202,87,2.632296
203,87,2.645852
204,87,2.636231
205,87,2.630397
206,87,2.624506
207,87,2.630110
208,87,2.639503
209,87,2.633420
210,87,2.631589
211,87,2.629236
212,87,2.626819
213,87,2.624333
214,87,2.621777
215,87,2.626855
216,87,2.647273
217,87,2.640647
218,87,2.622387
219,87,2.623315
220,87,2.624166
221,87,2.621084
222,87,2.621774
223,87,2.618529
224,87,2.626758
225,87,2.623343
226,87,2.623693
227,87,2.616248
228,87,2.616417
229,87,2.620345
230,87,2.616473
231,87,2.620208
232,87,2.635402
233,87,2.631230
234,87,2.619247
235,87,2.614864
236,87,2.614223
237,87,2.613470
238,87,2.612602
239,87,2.611616
240,87,2.602803
241,87,2.605425
242,87,2.600214
243,87,2.594875
244,87,2.597104
245,87,2.595342
246,87,2.597291
247,87,2.591389
248,87,2.612306
249,87,2.606099
250,87,2.592032
251,87,2.589355
252,87,2.590363
253,87,2.583492
254,87,2.584147
255,87,2.576915
0,88,2.620402
1,88,2.622312
2,88,2.624079
3,88,2.621855
4,88,2.615644
5,88,2.620861
6,88,2.614392
7,88,2.623209
8,88,2.620345
9,88,2.625070
10,88,2.625828
11,88,2.618767
12,88,2.619302
13,88,2.623583
14,88,2.616204
15,88,2.622204
16,88,2.643516
17,88,2.647392
18,88,2.647320
19,88,2.643302
20,88,2.635339
21,88,2.638845
22,88,2.649969
23,88,2.645596
24,88,2.643065
25,88,2.644304
26,88,2.643535
27,88,2.634982
28,88,2.630203
29,88,2.633057
30,88,2.628126
31,88,2.630828
32,88,2.658500
33,88,2.666837
34,88,2.657766
35,88,2.654405
36,88,2.645201
37,88,2.649411
38,88,2.647777
39,88,2.646077
40,88,2.644314
41,88,2.644418
42,88,2.644457
43,88,2.638655
44,88,2.634719
45,88,2.636503
46,88,2.638232
47,88,2.641825
48,88,2.660773
49,88,2.660400
50,88,2.658048
51,88,2.655637
52,88,2.647392
53,88,2.650389
54,88,2.647830
55,88,2.649066
56,88,2.642545
57,88,2.643680
58,88,2.646687
59,88,2.638083
60,88,2.639065
61,88,2.639992
62,88,2.637016
63,88,2.641699
64,88,2.669446
65,88,2.672101
66,88,2.667005
67,88,2.663783
68,88,2.660516
69,88,2.664903
70,88,2.653830
71,88,2.658125
72,88,2.646957
73,88,2.647304
74,88,2.643746
75,88,2.651704
76,88,2.644200
77,88,2.642431
78,88,2.644465
79,88,2.648382
80,88,2.667659
81,88,2.671482
82,88,2.663695
83,88,2.659718
84,88,2.659544
85,88,2.659326
86,88,2.655204
87,88,2.654891
88,88,2.656454
89,88,2.650267
90,88,2.645960
91,88,2.645453
92,88,2.644902
93,88,2.648151
94,88,2.647504
95,88,2.646807
96,88,2.677129
97,88,2.675443
98,88,2.666005
99,88,2.666148
100,88,2.658543
101,88,2.666302
102,88,2.668232
103,88,2.656634
104,88,2.654622
105,88,2.650637
106,88,2.658159
107,88,2.654030
108,88,2.655698
109,88,2.661152
110,88,2.656923
111,88,2.644936
112,88,2.674926
113,88,2.675431
114,88,2.664320
115,88,2.668580
116,88,2.661222
117,88,2.657680
118,88,2.657938
119,88,2.658152
120,88,2.658316
121,88,2.650729
122,88,2.646946
123,88,2.650822
124,88,2.643092
125,88,2.650725
126,88,2.635195
127,88,2.646587
128,88,2.665866
129,88,2.662782
130,88,2.659644
131,88,2.648762
132,88,2.645523
133,88,2.646101
134,88,2.646619
135,88,2.620128
136,88,2.616698
137,88,2.613227
138,88,2.613554
139,88,2.613840
140,88,2.614077
141,88,2.625824
142,88,2.622110
143,88,2.629909
144,88,2.664629
145,88,2.660774
146,88,2.656875
147,88,2.652927
148,88,2.652798
149,88,2.648717
150,88,2.671596
151,88,2.667456
152,88,2.644004
153,88,2.662886
154,88,2.650903
155,88,2.642721
156,88,2.630639
157,88,2.633924
158,88,2.641010
159,88,2.640343
160,88,2.663136
161,88,2.659541
162,88,2.655900
163,88,2.652215
164,88,2.644627
165,88,2.648554
166,88,2.671694
167,88,2.663966
168,88,2.644636
169,88,2.663783
170,88,2.659771
171,88,2.640297
172,88,2.636190
173,88,2.635886
174,88,2.635538
175,88,2.635139
176,88,2.650108
177,88,2.653467
178,88,2.645223
179,88,2.648486
180,88,2.636293
181,88,2.639459
182,88,2.650286
183,88,2.653354
184,88,2.637113
185,88,2.655493
186,88,2.650711
187,88,2.634319
188,88,2.633284
189,88,2.636055
190,88,2.638769
191,88,2.637583
192,88,2.644050
193,88,2.642754
194,88,2.637556
195,88,2.640009
196,88,2.638551
197,88,2.633189
198,88,2.654740
199,88,2.653114
200,88,2.624464
201,88,2.645844
202,88,2.644044
203,88,2.631006
204,88,2.632955
205,88,2.634842
206,88,2.632812
207,88,2.623016
208,88,2.640127
209,88,2.634056
210,88,2.631769
211,88,2.625566
212,88,2.623148
213,88,2.628367
214,88,2.648927
215,88,2.646296
216,88,2.628184
217,88,2.644674
218,88,2.637972
219,88,2.619636
220,88,2.616629
221,88,2.625104
222,88,2.618088
223,88,2.614842
224,88,2.626923
225,88,2.627360
226,88,2.623856
227,88,2.624112
228,88,2.620427
229,88,2.620502
230,88,2.639745
231,88,2.635774
232,88,2.616291
233,88,2.631382
234,88,2.627104
235,88,2.607308
236,88,2.606666
237,88,2.605912
238,88,2.612748
239,88,2.611761
240,88,2.606800
241,88,2.601715
242,88,2.592646
243,88,2.595008
244,88,2.597236
245,88,2.595472
246,88,2.612831
247,88,2.614633
248,88,2.597023
249,88,2.606225
250,88,2.603711
251,88,2.589474
252,88,2.582774
253,88,2.583607
254,88,2.580407
255,88,2.588581
0,89,2.620479
1,89,2.622390
2,89,2.616453
3,89,2.610379
4,89,2.623434
5,89,2.617095
6,89,2.622186
7,89,2.623299
8,89,2.624292
9,89,2.617460
10,89,2.614366
11,89,2.618866
12,89,2.619402
13,89,2.615981
14,89,2.616306
15,89,2.616529
16,89,2.643621
17,89,2.643646
18,89,2.635869
19,89,2.643412
20,89,2.643157
21,89,2.650517
22,89,2.638525
23,89,2.641858
24,89,2.637402
25,89,2.640571
26,89,2.628245
27,89,2.629325
28,89,2.634179
29,89,2.627401
30,89,2.628251
31,89,2.630953
32,89,2.656700
33,89,2.659261
34,89,2.646338
35,89,2.644905
36,89,2.651110
37,89,2.649544
38,89,2.640205
39,89,2.638507
40,89,2.644453
41,89,2.646480
42,89,2.634961
43,89,2.636869
44,89,2.636787
45,89,2.638572
46,89,2.636448
47,89,2.638116
48,89,2.662843
49,89,2.664400
50,89,2.654340
51,89,2.651930
52,89,2.653321
53,89,2.650802
54,89,2.648230
55,89,2.647533
56,89,2.639075
57,89,2.640201
58,89,2.641061
59,89,2.640164
60,89,2.635366
61,89,2.647852
62,89,2.641027
63,89,2.638002
64,89,2.663827
65,89,2.662629
66,89,2.659460
67,89,2.658165
68,89,2.664530
69,89,2.657359
70,89,2.650143
71,89,2.654435
72,89,2.650976
73,89,2.647467
74,89,2.643914
75,89,2.638384
76,89,2.644368
77,89,2.642597
78,89,2.648487
79,89,2.644695
80,89,2.667829
81,89,2.663943
82,89,2.652308
83,89,2.652184
84,89,2.659716
85,89,2.655645
86,89,2.651524
87,89,2.655065
88,89,2.654705
89,89,2.650442
90,89,2.642281
91,89,2.645631
92,89,2.645077
93,89,2.650257
94,89,2.643830
95,89,2.643131
96,89,2.677308
97,89,2.673695
98,89,2.668107
99,89,2.666327
100,89,2.670281
101,89,2.666482
102,89,2.654928
103,89,2.658741
104,89,2.658655
105,89,2.660449
106,89,2.650594
107,89,2.646506
108,89,2.653953
109,89,2.653628
110,89,2.653248
111,89,2.648972
112,89,2.678971
113,89,2.671760
114,89,2.668354
115,89,2.668762
116,89,2.657555
117,89,2.654013
118,89,2.654271
119,89,2.662188
120,89,2.654646
121,89,2.650912
122,89,2.650981
123,89,2.643299
124,89,2.650980
125,89,2.647055
126,89,2.639231
127,89,2.646770
128,89,2.666049
129,89,2.666818
130,89,2.655974
131,89,2.656650
132,89,2.645706
133,89,2.646284
134,89,2.615979
135,89,2.620311
136,89,2.620734
137,89,2.621119
138,89,2.613741
139,89,2.617879
140,89,2.614259
141,89,2.614448
142,89,2.606881
143,89,2.614678
144,89,2.664811
145,89,2.660959
146,89,2.657056
147,89,2.653108
148,89,2.649126
149,89,2.648941
150,89,2.656365
151,89,2.644519
152,89,2.644184
153,89,2.655361
154,89,2.662640
155,89,2.635195
156,89,2.634671
157,89,2.634099
158,89,2.637336
159,89,2.640521
160,89,2.663312
161,89,2.659720
162,89,2.652225
163,89,2.652389
164,89,2.644804
165,89,2.652580
166,89,2.641045
167,89,2.641025
168,89,2.640956
169,89,2.656250
170,89,2.652237
171,89,2.636615
172,89,2.636361
173,89,2.636057
174,89,2.631852
175,89,2.639162
176,89,2.654127
177,89,2.649783
178,89,2.653094
179,89,2.640949
180,89,2.640310
181,89,2.639627
182,89,2.642744
183,89,2.634257
184,89,2.633423
185,89,2.659512
186,89,2.650872
187,89,2.638333
188,89,2.629592
189,89,2.636214
190,89,2.638929
191,89,2.637742
192,89,2.648058
193,89,2.642913
194,89,2.641563
195,89,2.636310
196,89,2.634852
197,89,2.629488
198,89,2.632093
199,89,2.634331
200,89,2.628809
201,89,2.650196
202,89,2.648411
203,89,2.631155
204,89,2.629247
205,89,2.634987
206,89,2.629106
207,89,2.630865
208,89,2.636417
209,89,2.634198
210,89,2.631910
211,89,2.633412
212,89,2.627140
213,89,2.632356
214,89,2.629798
215,89,2.619463
216,89,2.628318
217,89,2.644807
218,89,2.645809
219,89,2.619764
220,89,2.620612
221,89,2.621381
222,89,2.618216
223,89,2.618819
224,89,2.627046
225,89,2.627482
226,89,2.620124
227,89,2.620380
228,89,2.620547
229,89,2.620620
230,89,2.624451
231,89,2.616623
232,89,2.612551
233,89,2.631493
234,89,2.631066
235,89,2.607416
236,89,2.606773
237,89,2.609868
238,89,2.612850
239,89,2.611861
240,89,2.606898
241,89,2.609517
242,89,2.596597
243,89,2.595102
244,89,2.593475
245,89,2.591710
246,89,2.593656
247,89,2.595456
248,89,2.589400
249,89,2.606306
250,89,2.607642
251,89,2.585696
252,89,2.586700
253,89,2.583677
254,89,2.580475
255,89,2.584794
0,90,2.624369
1,90,2.626283
2,90,2.616495
3,90,2.623908
4,90,2.623480
5,90,2.619068
6,90,2.622235
7,90,2.619497
8,90,2.616639
9,90,2.621368
10,90,2.612497
11,90,2.618924
12,90,2.623316
13,90,2.619895
14,90,2.620221
15,90,2.620445
16,90,2.645613
17,90,2.643714
18,90,2.641718
19,90,2.643482
20,90,2.643228
21,90,2.648663
22,90,2.642452
23,90,2.649641
24,90,2.645186
25,90,2.636795
26,90,2.632178
27,90,2.631332
28,90,2.630409
29,90,2.629410
30,90,2.624482
31,90,2.638744
32,90,2.662567
33,90,2.663201
34,90,2.650281
35,90,2.644996
36,90,2.655054
37,90,2.649636
38,90,2.648004
39,90,2.646307
40,90,2.640694
41,90,2.646576
42,90,2.636986
43,90,2.638892
44,90,2.636886
45,90,2.634819
46,90,2.640399
47,90,2.634365
48,90,2.655240
49,90,2.658724
50,90,2.652518
51,90,2.648184
52,90,2.655352
53,90,2.658615
54,90,2.648338
55,90,2.638010
56,90,2.648817
57,90,2.648016
58,90,2.639455
59,90,2.646257
60,90,2.635668
61,90,2.640441
62,90,2.648845
63,90,2.645823
64,90,2.669720
65,90,2.662746
66,90,2.661501
67,90,2.656356
68,90,2.660793
69,90,2.657477
70,90,2.661820
71,90,2.650702
72,90,2.654949
73,90,2.647588
74,90,2.645961
75,90,2.651992
76,90,2.648342
77,90,2.642721
78,90,2.640904
79,90,2.644820
80,90,2.671807
81,90,2.667922
82,90,2.660140
83,90,2.660016
84,90,2.667549
85,90,2.663478
86,90,2.661286
87,90,2.651340
88,90,2.654833
89,90,2.648646
90,90,2.650115
91,90,2.649613
92,90,2.637503
93,90,2.644607
94,90,2.642033
95,90,2.643263
96,90,2.681292
97,90,2.677678
98,90,2.670166
99,90,2.666460
100,90,2.672340
101,90,2.666612
102,90,2.666620
103,90,2.658875
104,90,2.654936
105,90,2.654772
106,90,2.650728
107,90,2.658199
108,90,2.650235
109,90,2.657609
110,90,2.649530
111,90,2.652962
112,90,2.679108
113,90,2.671895
114,90,2.672351
115,90,2.665044
116,90,2.649991
117,90,2.650296
118,90,2.662112
119,90,2.658473
120,90,2.650931
121,90,2.643344
122,90,2.643414
123,90,2.651143
124,90,2.651119
125,90,2.647193
126,90,2.639369
127,90,2.646908
128,90,2.673891
129,90,2.663102
130,90,2.656112
131,90,2.645230
132,90,2.638139
133,90,2.634864
134,90,2.631529
135,90,2.635861
136,90,2.620872
137,90,2.621254
138,90,2.617729
139,90,2.618009
140,90,2.618247
141,90,2.610727
142,90,2.607016
143,90,2.610963
144,90,2.668801
145,90,2.661094
146,90,2.653340
147,90,2.657095
148,90,2.653113
149,90,2.645222
150,90,2.648845
151,90,2.640800
152,90,2.640465
153,90,2.647789
154,90,2.639654
155,90,2.643033
156,90,2.638656
157,90,2.645790
158,90,2.637465
159,90,2.636800
160,90,2.667297
161,90,2.655996
162,90,2.652354
163,90,2.652521
164,90,2.644932
165,90,2.648856
166,90,2.648882
167,90,2.645006
168,90,2.641083
169,90,2.637116
170,90,2.640805
171,90,2.636742
172,90,2.640340
173,90,2.636182
174,90,2.635831
175,90,2.635434
176,90,2.658104
177,90,2.649905
178,90,2.649365
179,90,2.648775
180,90,2.644286
181,90,2.635894
182,90,2.639011
183,90,2.642081
184,90,2.637394
185,90,2.636513
186,90,2.631726
187,90,2.642300
188,90,2.633562
189,90,2.636328
190,90,2.639045
191,90,2.634002
192,90,2.644320
193,90,2.643024
194,90,2.634245
195,90,2.636706
196,90,2.639113
197,90,2.641464
198,90,2.636054
199,90,2.630587
200,90,2.636622
201,90,2.631040
202,90,2.636959
203,90,2.627405
204,90,2.633205
205,90,2.631236
206,90,2.633060
207,90,2.630966
208,90,2.640369
209,90,2.638148
210,90,2.635862
211,90,2.625804
212,90,2.627235
213,90,2.624746
214,90,2.622186
215,90,2.619555
216,90,2.624557
217,90,2.629486
218,90,2.622782
219,90,2.627558
220,90,2.620700
221,90,2.625320
222,90,2.618300
223,90,2.615051
224,90,2.627128
225,90,2.627562
226,90,2.624056
227,90,2.620459
228,90,2.612918
229,90,2.616843
230,90,2.616818
231,90,2.616697
232,90,2.612623
233,90,2.612298
234,90,2.611870
235,90,2.619041
236,90,2.614542
237,90,2.609932
238,90,2.609059
239,90,2.608067
240,90,2.599250
241,90,2.598014
242,90,2.604356
243,90,2.599008
244,90,2.589673
245,90,2.595611
246,90,2.589849
247,90,2.591646
248,90,2.589440
249,90,2.590933
250,90,2.596120
251,90,2.585731
252,90,2.590585
253,90,2.591412
254,90,2.588208
255,90,2.580965
0,91,2.620514
1,91,2.618577
2,91,2.614571
3,91,2.620059
4,91,2.619633
5,91,2.622929
6,91,2.622244
7,91,2.631067
8,91,2.620505
9,91,2.617530
10,91,2.622146
11,91,2.622796
12,91,2.623336
13,91,2.623769
14,91,2.620244
15,91,2.616618
16,91,2.643713
17,91,2.641815
18,91,2.639821
19,91,2.643512
20,91,2.647113
21,91,2.642917
22,91,2.646340
23,91,2.651603
24,91,2.645223
25,91,2.640687
26,91,2.639922
27,91,2.639079
28,91,2.630451
29,91,2.629453
30,91,2.632232
31,91,2.634938
32,91,2.649128
33,91,2.647837
34,91,2.650328
35,91,2.648898
36,91,2.651252
37,91,2.649687
38,91,2.648056
39,91,2.659846
40,91,2.648454
41,91,2.638926
42,91,2.633189
43,91,2.638949
44,91,2.635017
45,91,2.634878
46,91,2.640459
47,91,2.638278
48,91,2.663007
49,91,2.656859
50,91,2.650655
51,91,2.657879
52,91,2.661196
53,91,2.658679
54,91,2.652257
55,91,2.657339
56,91,2.650811
57,91,2.648083
58,91,2.637597
59,91,2.642472
60,91,2.635737
61,91,2.636658
62,91,2.637529
63,91,2.642202
64,91,2.662237
65,91,2.662818
66,91,2.655795
67,91,2.660282
68,91,2.664720
69,91,2.661405
70,91,2.658042
71,91,2.666189
72,91,2.651172
73,91,2.647666
74,91,2.647964
75,91,2.646290
76,91,2.636863
77,91,2.637020
78,91,2.644836
79,91,2.650680
80,91,2.673812
81,91,2.666077
82,91,2.656368
83,91,2.660097
84,91,2.663778
85,91,2.655854
86,91,2.651736
87,91,2.666834
88,91,2.651063
89,91,2.650655
90,91,2.650200
91,91,2.649696
92,91,2.645292
93,91,2.644693
94,91,2.644045
95,91,2.645275
96,91,2.673670
97,91,2.673911
98,91,2.666399
99,91,2.666546
100,91,2.668573
101,91,2.666699
102,91,2.662854
103,91,2.674373
104,91,2.662706
105,91,2.658712
106,91,2.662376
107,91,2.658287
108,91,2.652250
109,91,2.649991
110,91,2.651544
111,91,2.647262
112,91,2.679196
113,91,2.675837
114,91,2.687851
115,91,2.665132
116,91,2.657786
117,91,2.661943
118,91,2.650646
119,91,2.650856
120,91,2.651020
121,91,2.651139
122,91,2.647355
123,91,2.643526
124,91,2.643502
125,91,2.647282
126,91,2.635605
127,91,2.631585
128,91,2.666274
129,91,2.670896
130,91,2.648495
131,91,2.645319
132,91,2.642080
133,91,2.638805
134,91,2.620059
135,91,2.620538
136,91,2.617108
137,91,2.621336
138,91,2.610112
139,91,2.618098
140,91,2.618336
141,91,2.610817
142,91,2.607106
143,91,2.611051
144,91,2.665036
145,91,2.665034
146,91,2.664986
147,91,2.657183
148,91,2.657054
149,91,2.656870
150,91,2.648932
151,91,2.652506
152,91,2.640552
153,91,2.644022
154,91,2.643593
155,91,2.646971
156,91,2.642594
157,91,2.642023
158,91,2.641403
159,91,2.636883
160,91,2.667382
161,91,2.659935
162,91,2.656293
163,91,2.656457
164,91,2.645016
165,91,2.648940
166,91,2.645111
167,91,2.645088
168,91,2.645018
169,91,2.644903
170,91,2.640887
171,91,2.632971
172,91,2.636567
173,91,2.632410
174,91,2.639764
175,91,2.631659
176,91,2.654331
177,91,2.653837
178,91,2.653295
179,91,2.648853
180,91,2.644362
181,91,2.635970
182,91,2.642941
183,91,2.634451
184,91,2.633616
185,91,2.640439
186,91,2.635653
187,91,2.634668
188,91,2.633634
189,91,2.632548
190,91,2.635263
191,91,2.630463
192,91,2.652348
193,91,2.647211
194,91,2.638166
195,91,2.644479
196,91,2.635327
197,91,2.637677
198,91,2.632267
199,91,2.638358
200,91,2.632833
201,91,2.631104
202,91,2.629315
203,91,2.635174
204,91,2.625560
205,91,2.631297
206,91,2.629266
207,91,2.629099
208,91,2.640427
209,91,2.638205
210,91,2.632065
211,91,2.633563
212,91,2.627289
213,91,2.628651
214,91,2.622238
215,91,2.627311
216,91,2.624607
217,91,2.621829
218,91,2.618976
219,91,2.619899
220,91,2.616892
221,91,2.617658
222,91,2.618343
223,91,2.622798
224,91,2.631022
225,91,2.623749
226,91,2.627946
227,91,2.624348
228,91,2.624512
229,91,2.620729
230,91,2.616851
231,91,2.616727
232,91,2.612652
233,91,2.612326
234,91,2.615749
235,91,2.611359
236,91,2.614565
237,91,2.613805
238,91,2.609078
239,91,2.608085
240,91,2.599266
241,91,2.601880
242,91,2.596662
243,91,2.591312
244,91,2.593534
245,91,2.591764
246,91,2.601411
247,91,2.595500
248,91,2.589440
249,91,2.590930
250,91,2.588408
251,91,2.585723
252,91,2.586721
253,91,2.587547
254,91,2.584339
255,91,2.584799
0,92,2.620472
1,92,2.626243
2,92,2.620312
3,92,2.614244
4,92,2.619599
5,92,2.624823
6,92,2.622214
7,92,2.634891
8,92,2.628184
9,92,2.627137
10,92,2.622123
11,92,2.618921
12,92,2.623316
13,92,2.619898
14,92,2.620228
15,92,2.624308
16,92,2.647553
17,92,2.647582
18,92,2.643663
19,92,2.641577
20,92,2.643251
21,92,2.650616
22,92,2.646334
23,92,2.655452
24,92,2.645220
25,92,2.644538
26,92,2.643775
27,92,2.635226
28,92,2.622747
29,92,2.629456
30,92,2.636089
31,92,2.631089
32,92,2.652987
33,92,2.651697
34,92,2.652263
35,92,2.648907
36,92,2.649336
37,92,2.649698
38,92,2.651921
39,92,2.657931
40,92,2.648467
41,92,2.646646
42,92,2.644762
43,92,2.642818
44,92,2.642739
45,92,2.642601
46,92,2.640478
47,92,2.638296
48,92,2.663027
49,92,2.660732
50,92,2.656454
51,92,2.663680
52,92,2.657365
53,92,2.654850
54,92,2.652280
55,92,2.663143
56,92,2.650836
57,92,2.648108
58,92,2.645329
59,92,2.646352
60,92,2.639618
61,92,2.640538
62,92,2.637557
63,92,2.644157
64,92,2.666119
65,92,2.662988
66,92,2.663662
67,92,2.656581
68,92,2.655120
69,92,2.653731
70,92,2.658074
71,92,2.666221
72,92,2.649278
73,92,2.647698
74,92,2.655704
75,92,2.644397
76,92,2.644602
77,92,2.646687
78,92,2.644871
79,92,2.641082
80,92,2.668069
81,92,2.668039
82,92,2.660256
83,92,2.660133
84,92,2.659961
85,92,2.659743
86,92,2.657552
87,92,2.666871
88,92,2.654953
89,92,2.650693
90,92,2.646385
91,92,2.642029
92,92,2.645330
93,92,2.638952
94,92,2.651789
95,92,2.651092
96,92,2.673710
97,92,2.677803
98,92,2.666439
99,92,2.666586
100,92,2.666686
101,92,2.659034
102,92,2.666747
103,92,2.672474
104,92,2.666599
105,92,2.662605
106,92,2.650858
107,92,2.658328
108,92,2.654211
109,92,2.653885
110,92,2.657364
111,92,2.653082
112,92,2.683089
113,92,2.691299
114,92,2.691745
115,92,2.669028
116,92,2.661681
117,92,2.658132
118,92,2.654542
119,92,2.658605
120,92,2.654918
121,92,2.651181
122,92,2.647398
123,92,2.643568
124,92,2.643544
125,92,2.647324
126,92,2.639499
127,92,2.635480
128,92,2.662462
129,92,2.667084
130,92,2.652389
131,92,2.645360
132,92,2.638269
133,92,2.642700
134,92,2.635512
135,92,2.632130
136,92,2.617150
137,92,2.621378
138,92,2.625565
139,92,2.618140
140,92,2.610672
141,92,2.607006
142,92,2.610998
143,92,2.607239
144,92,2.665077
145,92,2.665075
146,92,2.668880
147,92,2.661079
148,92,2.653242
149,92,2.649204
150,92,2.652825
151,92,2.648694
152,92,2.644515
153,92,2.640210
154,92,2.643633
155,92,2.639304
156,92,2.638781
157,92,2.645914
158,92,2.641442
159,92,2.640774
160,92,2.659715
161,92,2.659973
162,92,2.660184
163,92,2.656496
164,92,2.648907
165,92,2.645125
166,92,2.649001
167,92,2.645126
168,92,2.641203
169,92,2.637234
170,92,2.640923
171,92,2.640713
172,92,2.640456
173,92,2.632446
174,92,2.635947
175,92,2.631695
176,92,2.662071
177,92,2.653871
178,92,2.649476
179,92,2.648886
180,92,2.648248
181,92,2.639855
182,92,2.646825
183,92,2.646040
184,92,2.641353
185,92,2.636617
186,92,2.635683
187,92,2.634698
188,92,2.637727
189,92,2.632798
190,92,2.631670
191,92,2.638196
192,92,2.648522
193,92,2.647236
194,92,2.653603
195,92,2.644505
196,92,2.639204
197,92,2.637701
198,92,2.632290
199,92,2.638380
200,92,2.636707
201,92,2.634977
202,92,2.633188
203,92,2.631340
204,92,2.629431
205,92,2.631314
206,92,2.625430
207,92,2.627189
208,92,2.636589
209,92,2.634366
210,92,2.635931
211,92,2.637429
212,92,2.627301
213,92,2.624809
214,92,2.622247
215,92,2.635026
216,92,2.628468
217,92,2.629541
218,92,2.626687
219,92,2.623756
220,92,2.624601
221,92,2.621513
222,92,2.622196
223,92,2.622797
224,92,2.623315
225,92,2.623746
226,92,2.620236
227,92,2.624343
228,92,2.620652
229,92,2.616868
230,92,2.618768
231,92,2.616716
232,92,2.612639
233,92,2.612312
234,92,2.611880
235,92,2.607488
236,92,2.614546
237,92,2.613785
238,92,2.609055
239,92,2.611914
240,92,2.599239
241,92,2.601853
242,92,2.600484
243,92,2.595133
244,92,2.593499
245,92,2.595581
246,92,2.597519
247,92,2.595460
248,92,2.597102
249,92,2.590885
250,92,2.588360
251,92,2.593378
252,92,2.590522
253,92,2.587491
254,92,2.584281
255,92,2.588591
0,93,2.629262
1,93,2.627299
2,93,2.627122
3,93,2.624882
4,93,2.624433
5,93,2.625780
6,93,2.627002
7,93,2.628098
8,93,2.617517
9,93,2.618374
10,93,2.622969
11,93,2.627455
12,93,2.624123
13,93,2.620685
14,93,2.619070
15,93,2.628910
16,93,2.652136
17,93,2.650220
18,93,2.648211
19,93,2.646108
20,93,2.647765
21,93,2.645482
22,93,2.645037
23,93,2.648358
24,93,2.641324
25,93,2.629085
26,93,2.643733
27,93,2.639040
28,93,2.630414
29,93,2.633271
30,93,2.634125
31,93,2.632981
32,93,2.654879
33,93,2.655516
34,93,2.658010
35,93,2.654654
36,93,2.651231
37,93,2.645814
38,93,2.651892
39,93,2.642492
40,93,2.640734
41,93,2.650472
42,93,2.644736
43,93,2.635087
44,93,2.640788
45,93,2.642577
46,93,2.640454
47,93,2.634421
48,93,2.661079
49,93,2.660711
50,93,2.658360
51,93,2.663659
52,93,2.653493
53,93,2.658684
54,93,2.658041
55,93,2.653493
56,93,2.646965
57,93,2.646164
58,93,2.645313
59,93,2.640556
60,93,2.639602
61,93,2.644376
62,93,2.633689
63,93,2.640290
64,93,2.679590
65,93,2.670680
66,93,2.667501
67,93,2.664274
68,93,2.659072
69,93,2.657674
70,93,2.659988
71,93,2.658504
72,93,2.643488
73,93,2.647688
74,93,2.644134
75,93,2.640534
76,93,2.648445
77,93,2.648603
78,93,2.648714
79,93,2.648778
80,93,2.675765
81,93,2.664177
82,93,2.667953
83,93,2.663976
84,93,2.663806
85,93,2.653956
86,93,2.651764
87,93,2.655304
88,93,2.645312
89,93,2.646831
90,93,2.646376
91,93,2.645873
92,93,2.645322
93,93,2.646649
94,93,2.651780
95,93,2.645304
96,93,2.673702
97,93,2.677796
98,93,2.677990
99,93,2.678138
100,93,2.670533
101,93,2.666734
102,93,2.666737
103,93,2.658983
104,93,2.662740
105,93,2.651040
106,93,2.650852
107,93,2.654469
108,93,2.658058
109,93,2.659658
110,93,2.655432
111,93,2.649224
112,93,2.686936
113,93,2.679735
114,93,2.672475
115,93,2.672875
116,93,2.665528
117,93,2.658127
118,93,2.646831
119,93,2.650894
120,93,2.647207
121,93,2.651176
122,93,2.651246
123,93,2.651269
124,93,2.647392
125,93,2.651172
126,93,2.651053
127,93,2.631622
128,93,2.654750
129,93,2.655519
130,93,2.648530
131,93,2.649207
132,93,2.645969
133,93,2.642694
134,93,2.639359
135,93,2.628272
136,93,2.632556
137,93,2.632931
138,93,2.633265
139,93,2.618135
140,93,2.614520
141,93,2.618559
142,93,2.618698
143,93,2.614940
144,93,2.668925
145,93,2.668923
146,93,2.661168
147,93,2.661073
148,93,2.653236
149,93,2.649198
150,93,2.652819
151,93,2.648687
152,93,2.648362
153,93,2.647989
154,93,2.647479
155,93,2.643150
156,93,2.634920
157,93,2.642054
158,93,2.641434
159,93,2.640766
160,93,2.667413
161,93,2.659966
162,93,2.660177
163,93,2.652635
164,93,2.652753
165,93,2.648970
166,93,2.648993
167,93,2.645118
168,93,2.645048
169,93,2.644931
170,93,2.640915
171,93,2.640704
172,93,2.636593
173,93,2.636289
174,93,2.632084
175,93,2.631685
176,93,2.658208
177,93,2.661566
178,93,2.653318
179,93,2.648875
180,93,2.644384
181,93,2.647549
182,93,2.642960
183,93,2.646028
184,93,2.637487
185,93,2.632750
186,93,2.639713
187,93,2.631032
188,93,2.633860
189,93,2.632783
190,93,2.631654
191,93,2.630474
192,93,2.656211
193,93,2.647220
194,93,2.642027
195,93,2.640633
196,93,2.635333
197,93,2.637682
198,93,2.636122
199,93,2.634506
200,93,2.628981
201,93,2.634955
202,93,2.629313
203,93,2.635169
204,93,2.625554
205,93,2.631290
206,93,2.629258
207,93,2.627162
208,93,2.644267
209,93,2.634339
210,93,2.635902
211,93,2.629693
212,93,2.627270
213,93,2.636336
214,93,2.622215
215,93,2.627286
216,93,2.624580
217,93,2.629506
218,93,2.626650
219,93,2.623718
220,93,2.620709
221,93,2.617620
222,93,2.622155
223,93,2.626608
224,93,2.634830
225,93,2.627553
226,93,2.624043
227,93,2.620443
228,93,2.616751
229,93,2.624523
230,93,2.624495
231,93,2.620517
232,93,2.617260
233,93,2.620806
234,93,2.616541
235,93,2.616021
236,93,2.611541
237,93,2.610802
238,93,2.613798
239,93,2.612826
240,93,2.604028
241,93,2.602812
242,93,2.601467
243,93,2.596140
244,93,2.598386
245,93,2.596638
246,93,2.598604
247,93,2.600425
248,93,2.594389
249,93,2.599759
250,93,2.597263
251,93,2.590754
252,93,2.591783
253,93,2.592635
254,93,2.585607
255,93,2.589953
0,94,2.621434
1,94,2.619475
2,94,2.621227
3,94,2.626694
4,94,2.620468
5,94,2.625670
6,94,2.632672
7,94,2.629917
8,94,2.617410
9,94,2.622123
10,94,2.620941
11,94,2.623500
12,94,2.618245
13,94,2.624440
14,94,2.622826
15,94,2.621110
16,94,2.644337
17,94,2.644350
18,94,2.646194
19,94,2.644092
20,94,2.643825
21,94,2.643469
22,94,2.643025
23,94,2.650201
24,94,2.641882
25,94,2.641186
26,94,2.634630
27,94,2.635699
28,94,2.634188
29,94,2.635119
30,94,2.634049
31,94,2.634830
32,94,2.664436
33,94,2.655442
34,94,2.652157
35,94,2.654581
36,94,2.656939
37,94,2.653450
38,94,2.651821
39,94,2.650128
40,94,2.640665
41,94,2.648477
42,94,2.636963
43,94,2.638873
44,94,2.640722
45,94,2.638659
46,94,2.644242
47,94,2.642062
48,94,2.662942
49,94,2.664500
50,94,2.656371
51,94,2.655892
52,94,2.657284
53,94,2.658622
54,94,2.661833
55,94,2.653433
56,94,2.650758
57,94,2.644179
58,94,2.647180
59,94,2.638571
60,94,2.643397
61,94,2.642392
62,94,2.637484
63,94,2.638306
64,94,2.673754
65,94,2.676403
66,94,2.667445
67,94,2.660365
68,94,2.664795
69,94,2.661471
70,94,2.661952
71,94,2.656523
72,94,2.654991
73,94,2.651485
74,94,2.647933
75,94,2.652038
76,94,2.648390
77,94,2.648549
78,94,2.642881
79,94,2.648724
80,94,2.675711
81,94,2.669902
82,94,2.664046
83,94,2.660069
84,94,2.663751
85,94,2.667386
86,94,2.651710
87,94,2.655250
88,94,2.651037
89,94,2.644850
90,94,2.652101
91,94,2.645819
92,94,2.641414
93,94,2.640815
94,94,2.651725
95,94,2.649102
96,94,2.681355
97,94,2.681596
98,94,2.677937
99,94,2.670379
100,94,2.672406
101,94,2.674386
102,94,2.662831
103,94,2.662783
104,94,2.656908
105,94,2.654840
106,94,2.658504
107,94,2.654416
108,94,2.654152
109,94,2.649973
110,94,2.653444
111,94,2.653023
112,94,2.686883
113,94,2.687387
114,94,2.680128
115,94,2.672822
116,94,2.657769
117,94,2.658074
118,94,2.650631
119,94,2.654694
120,94,2.654860
121,94,2.651124
122,94,2.651193
123,94,2.643511
124,94,2.655045
125,94,2.647267
126,94,2.639442
127,94,2.631570
128,94,2.658549
129,94,2.659318
130,94,2.660035
131,94,2.645301
132,94,2.638210
133,94,2.642641
134,94,2.631600
135,94,2.635924
136,94,2.636356
137,94,2.636731
138,94,2.625507
139,94,2.621935
140,94,2.610614
141,94,2.614653
142,94,2.610940
143,94,2.614887
144,94,2.672725
145,94,2.668871
146,94,2.664969
147,94,2.661021
148,94,2.657036
149,94,2.660704
150,94,2.648913
151,94,2.652487
152,94,2.652161
153,94,2.647935
154,94,2.651279
155,94,2.643096
156,94,2.642572
157,94,2.645853
158,94,2.641380
159,94,2.648417
160,94,2.669286
161,94,2.659912
162,94,2.660123
163,94,2.652582
164,94,2.648846
165,94,2.645064
166,94,2.648940
167,94,2.645064
168,94,2.641141
169,94,2.644877
170,94,2.640861
171,94,2.640650
172,94,2.640392
173,94,2.640088
174,94,2.635883
175,94,2.639336
176,94,2.665859
177,94,2.657658
178,94,2.653263
179,94,2.648820
180,94,2.648181
181,94,2.647493
182,94,2.642904
183,94,2.645971
184,94,2.637431
185,94,2.640580
186,94,2.631950
187,94,2.642533
188,94,2.633801
189,94,2.632724
190,94,2.631595
191,94,2.634267
192,94,2.652298
193,94,2.651012
194,94,2.645819
195,94,2.640572
196,94,2.639123
197,94,2.637619
198,94,2.632207
199,94,2.634443
200,94,2.632769
201,94,2.627185
202,94,2.625394
203,94,2.627397
204,94,2.633193
205,94,2.627369
206,94,2.625336
207,94,2.630946
208,94,2.644198
209,94,2.634268
210,94,2.631978
211,94,2.629621
212,94,2.634902
213,94,2.624703
214,94,2.625993
215,94,2.627211
216,94,2.628356
217,94,2.625575
218,94,2.618866
219,94,2.623639
220,94,2.624481
221,94,2.625243
222,94,2.622072
223,94,2.626524
224,94,2.630891
225,94,2.631320
226,94,2.623955
227,94,2.628059
228,94,2.621258
229,94,2.625196
230,94,2.621333
231,94,2.621225
232,94,2.617165
233,94,2.616855
234,94,2.612589
235,94,2.615921
236,94,2.611439
237,94,2.614550
238,94,2.613693
239,94,2.616572
240,94,2.603918
241,94,2.606552
242,94,2.601353
243,94,2.596024
244,94,2.594414
245,94,2.592666
246,94,2.598482
247,94,2.592594
248,94,2.598115
249,94,2.591924
250,94,2.593280
251,94,2.590620
252,94,2.591645
253,94,2.592497
254,94,2.589317
255,94,2.589806
0,95,2.621273
1,95,2.619316
2,95,2.621070
3,95,2.622686
4,95,2.624168
5,95,2.629372
6,95,2.622891
7,95,2.623991
8,95,2.624970
9,95,2.620053
10,95,2.624652
11,95,2.623360
12,95,2.620032
13,95,2.616597
14,95,2.618838
15,95,2.617123
16,95,2.648057
17,95,2.648071
18,95,2.646064
19,95,2.647816
20,95,2.647550
21,95,2.643343
22,95,2.650605
23,95,2.646224
24,95,2.645611
25,95,2.637211
26,95,2.636435
27,95,2.635579
28,95,2.625014
29,95,2.631710
30,95,2.632005
31,95,2.630861
32,95,2.660467
33,95,2.659180
34,95,2.653969
35,95,2.652542
36,95,2.658752
37,95,2.649485
38,95,2.653636
39,95,2.650018
40,95,2.652114
41,95,2.642589
42,95,2.644560
43,95,2.638765
44,95,2.636762
45,95,2.642405
46,95,2.640283
47,95,2.645809
48,95,2.670542
49,95,2.664396
50,95,2.662046
51,95,2.657714
52,95,2.657181
53,95,2.664299
54,95,2.659804
55,95,2.661036
56,95,2.654509
57,95,2.644078
58,95,2.649005
59,95,2.650029
60,95,2.639443
61,95,2.644218
62,95,2.639311
63,95,2.649765
64,95,2.673654
65,95,2.674377
66,95,2.667346
67,95,2.660266
68,95,2.668549
69,95,2.663298
70,95,2.665705
71,95,2.658350
72,95,2.658745
73,95,2.651387
74,95,2.647834
75,95,2.651939
76,95,2.646365
77,95,2.648450
78,95,2.644708
79,95,2.648625
80,95,2.669833
81,95,2.673656
82,95,2.663947
83,95,2.659970
84,95,2.663652
85,95,2.655728
86,95,2.659316
87,95,2.660929
88,95,2.654790
89,95,2.654382
90,95,2.642368
91,95,2.649570
92,95,2.647093
93,95,2.648419
94,95,2.643918
95,95,2.645147
96,95,2.681256
97,95,2.673791
98,95,2.675911
99,95,2.670279
100,95,2.678086
101,95,2.668508
102,95,2.670437
103,95,2.674242
104,95,2.662588
105,95,2.662446
106,95,2.660331
107,95,2.662022
108,95,2.654052
109,95,2.649873
110,95,2.653344
111,95,2.660628
112,95,2.694488
113,95,2.687286
114,95,2.683881
115,95,2.680435
116,95,2.665375
117,95,2.657974
118,95,2.662090
119,95,2.650741
120,95,2.654761
121,95,2.651024
122,95,2.643389
123,95,2.639558
124,95,2.643387
125,95,2.631756
126,95,2.635490
127,95,2.635323
128,95,2.666152
129,95,2.659216
130,95,2.656080
131,95,2.649052
132,95,2.645814
133,95,2.646381
134,95,2.643058
135,95,2.643529
136,95,2.640108
137,95,2.636631
138,95,2.617701
139,95,2.617982
140,95,2.610510
141,95,2.614554
142,95,2.622399
143,95,2.618640
144,95,2.676478
145,95,2.672624
146,95,2.664869
147,95,2.664774
148,95,2.656937
149,95,2.649046
150,95,2.652666
151,95,2.648534
152,95,2.648209
153,95,2.647836
154,95,2.647326
155,95,2.646849
156,95,2.642471
157,95,2.645752
158,95,2.645132
159,95,2.636758
160,95,2.667260
161,95,2.663665
162,95,2.663876
163,95,2.656335
164,95,2.648747
165,95,2.652670
166,95,2.652694
167,95,2.648818
168,95,2.641042
169,95,2.640925
170,95,2.640762
171,95,2.640551
172,95,2.636440
173,95,2.639988
174,95,2.631931
175,95,2.635384
176,95,2.665759
177,95,2.661412
178,95,2.660869
179,95,2.652573
180,95,2.648081
181,95,2.639687
182,95,2.646657
183,95,2.642018
184,95,2.641183
185,95,2.644332
186,95,2.635701
187,95,2.638579
188,95,2.641405
189,95,2.636475
190,95,2.631493
191,95,2.634165
192,95,2.656048
193,95,2.647055
194,95,2.645715
195,95,2.644320
196,95,2.642871
197,95,2.641366
198,95,2.639806
199,95,2.634336
200,95,2.632662
201,95,2.634783
202,95,2.629139
203,95,2.627289
204,95,2.633083
205,95,2.627259
206,95,2.629078
207,95,2.630835
208,95,2.651791
209,95,2.638008
210,95,2.631864
211,95,2.637212
212,95,2.630934
213,95,2.632293
214,95,2.633581
215,95,2.627093
216,95,2.624384
217,95,2.629308
218,95,2.622598
219,95,2.627370
220,95,2.620505
221,95,2.628972
222,95,2.625800
223,95,2.622545
224,95,2.634616
225,95,2.627338
226,95,2.624534
227,95,2.624802
228,95,2.621126
229,95,2.628915
230,95,2.625051
231,95,2.621088
232,95,2.617027
233,95,2.620568
234,95,2.616301
235,95,2.619631
236,95,2.615147
237,95,2.614404
238,95,2.617398
239,95,2.612569
240,95,2.603767
241,95,2.610251
242,95,2.605050
243,95,2.603572
244,95,2.598107
245,95,2.596356
246,95,2.598318
247,95,2.596280
248,95,2.590240
249,95,2.595605
250,95,2.593106
251,95,2.594296
252,95,2.591466
253,95,2.588462
254,95,2.585279
255,95,2.589618
0,96,2.651896
1,96,2.653793
2,96,2.651696
3,96,2.653314
4,96,2.658651
5,96,2.656151
6,96,2.645819
7,96,2.646921
8,96,2.644049
9,96,2.648765
10,96,2.649514
11,96,2.646297
12,96,2.648749
13,96,2.658801
14,96,2.655263
15,96,2.651624
16,96,2.672927
17,96,2.674869
18,96,2.663231
19,96,2.670764
20,96,2.674352
21,96,2.673998
22,96,2.669704
23,96,2.671103
24,96,2.664712
25,96,2.667871
26,96,2.663243
27,96,2.666241
28,96,2.669162
29,96,2.668154
30,96,2.670375
31,96,2.673085
32,96,2.683428
33,96,2.680214
34,96,2.680784
35,96,2.683210
36,96,2.685569
37,96,2.676302
38,96,2.678528
39,96,2.680688
40,96,2.673154
41,96,2.669408
42,96,2.671380
43,96,2.673291
44,96,2.667435
45,96,2.669226
46,96,2.670958
47,96,2.672632
48,96,2.693512
49,96,2.695072
50,96,2.688869
51,96,2.690318
52,96,2.684005
53,96,2.681491
54,96,2.682776
55,96,2.676303
56,96,2.673629
57,96,2.670903
58,96,2.675831
59,96,2.676855
60,96,2.670122
61,96,2.667191
62,96,2.671916
63,96,2.672738
64,96,2.696628
65,96,2.691572
66,96,2.686467
67,96,2.685166
68,96,2.679964
69,96,2.682419
70,96,2.673268
71,96,2.673618
72,96,2.674013
73,96,2.682066
74,96,2.674660
75,96,2.682619
76,96,2.675118
77,96,2.679129
78,96,2.671535
79,96,2.671598
80,96,2.698585
81,96,2.692776
82,96,2.686919
83,96,2.690648
84,96,2.682771
85,96,2.674847
86,96,2.678434
87,96,2.678121
88,96,2.681614
89,96,2.669647
90,96,2.680750
91,96,2.678319
92,96,2.671988
93,96,2.675241
94,96,2.670739
95,96,2.670041
96,96,2.704227
97,96,2.700615
98,96,2.693103
99,96,2.689398
100,96,2.693351
101,96,2.681846
102,96,2.677997
103,96,2.677948
104,96,2.679779
105,96,2.685417
106,96,2.673669
107,96,2.683065
108,96,2.677022
109,96,2.684401
110,96,2.676313
111,96,2.679744
112,96,2.705898
113,96,2.698697
114,96,2.699144
115,96,2.687993
116,96,2.676786
117,96,2.684797
118,96,2.683133
119,96,2.673711
120,96,2.670025
121,96,2.673994
122,96,2.670212
123,96,2.670234
124,96,2.670210
125,96,2.662431
126,96,2.670018
127,96,2.665998
128,96,2.696824
129,96,2.689888
130,96,2.682900
131,96,2.672020
132,96,2.668782
133,96,2.665497
134,96,2.658321
135,96,2.662645
136,96,2.655371
137,96,2.651894
138,96,2.663788
139,96,2.660216
140,96,2.656597
141,96,2.660640
142,96,2.656927
143,96,2.660875
144,96,2.707154
145,96,2.703300
146,96,2.699398
147,96,2.695450
148,96,2.687613
149,96,2.683574
150,96,2.683343
151,96,2.683063
152,96,2.682737
153,96,2.678511
154,96,2.681854
155,96,2.677525
156,96,2.657736
157,96,2.657163
158,96,2.664249
159,96,2.659727
160,96,2.697936
161,96,2.698195
162,96,2.690700
163,96,2.687012
164,96,2.675571
165,96,2.675642
166,96,2.671813
167,96,2.675643
168,96,2.675573
169,96,2.679309
170,96,2.675292
171,96,2.675082
172,96,2.651707
173,96,2.655255
174,96,2.658756
175,96,2.658357
176,96,2.696438
177,96,2.692090
178,96,2.683842
179,96,2.683251
180,96,2.674906
181,96,2.678071
182,96,2.673481
183,96,2.664990
184,96,2.668008
185,96,2.671156
186,96,2.670231
187,96,2.665403
188,96,2.648965
189,96,2.651740
190,96,2.646758
191,96,2.649429
192,96,2.682870
193,96,2.677731
194,96,2.668684
195,96,2.667289
196,96,2.661987
197,96,2.660482
198,96,2.662774
199,96,2.657304
200,96,2.655629
201,96,2.661602
202,96,2.663663
203,96,2.661812
204,96,2.644490
205,96,2.638664
206,96,2.644336
207,96,2.646091
208,96,2.670900
209,96,2.664822
210,96,2.662530
211,96,2.660172
212,96,2.657746
213,96,2.655251
214,96,2.652686
215,96,2.657755
216,96,2.655046
217,96,2.656116
218,96,2.657110
219,96,2.658028
220,96,2.631898
221,96,2.640364
222,96,2.641043
223,96,2.637787
224,96,2.657564
225,96,2.654137
226,96,2.647480
227,96,2.643893
228,96,2.640216
229,96,2.640298
230,96,2.644137
231,96,2.640174
232,96,2.636110
233,96,2.635798
234,96,2.639234
235,96,2.642563
236,96,2.622666
237,96,2.621921
238,96,2.621061
239,96,2.620083
240,96,2.626689
241,96,2.621614
242,96,2.620264
243,96,2.618783
244,96,2.617169
245,96,2.615416
246,96,2.617375
247,96,2.615335
248,96,2.609293
249,96,2.618508
250,96,2.616006
251,96,2.617194
252,96,2.598949
253,96,2.595942
254,96,2.592757
255,96,2.589388
0,97,2.647802
1,97,2.645849
2,97,2.647607
3,97,2.649227
4,97,2.654566
5,97,2.648215
6,97,2.649443
7,97,2.640915
8,97,2.649603
9,97,2.644689
10,97,2.649292
11,97,2.649930
12,97,2.648531
13,97,2.650879
14,97,2.651195
15,97,2.655262
16,97,2.670788
17,97,2.670805
18,97,2.666874
19,97,2.670554
20,97,2.662585
21,97,2.669938
22,97,2.669498
23,97,2.665119
24,97,2.668361
25,97,2.667668
26,97,2.664967
27,97,2.666041
28,97,2.668384
29,97,2.671244
30,97,2.666323
31,97,2.669034
32,97,2.687083
33,97,2.680018
34,97,2.680588
35,97,2.683015
36,97,2.689227
37,97,2.683814
38,97,2.674482
39,97,2.680496
40,97,2.674888
41,97,2.671143
42,97,2.673116
43,97,2.675027
44,97,2.667245
45,97,2.670963
46,97,2.666916
47,97,2.666664
48,97,2.693324
49,97,2.687178
50,97,2.690608
51,97,2.680498
52,97,2.679965
53,97,2.677451
54,97,2.678737
55,97,2.676116
56,97,2.673443
57,97,2.670717
58,97,2.675645
59,97,2.672816
60,97,2.673789
61,97,2.668932
62,97,2.667878
63,97,2.672552
64,97,2.696442
65,97,2.693312
66,97,2.690134
67,97,2.688833
68,97,2.687484
69,97,2.684160
70,97,2.675008
71,97,2.677285
72,97,2.673827
73,97,2.670321
74,97,2.678326
75,97,2.678578
76,97,2.682636
77,97,2.671236
78,97,2.675199
79,97,2.673337
80,97,2.694544
81,97,2.694513
82,97,2.686730
83,97,2.682753
84,97,2.678728
85,97,2.674657
86,97,2.682096
87,97,2.674077
88,97,2.673716
89,97,2.673308
90,97,2.678630
91,97,2.672347
92,97,2.669868
93,97,2.673120
94,97,2.674397
95,97,2.673698
96,97,2.700182
97,97,2.696570
98,97,2.696764
99,97,2.689205
100,97,2.689306
101,97,2.689360
102,97,2.683584
103,97,2.681608
104,97,2.677660
105,97,2.681370
106,97,2.673475
107,97,2.677092
108,97,2.672975
109,97,2.680353
110,97,2.683824
111,97,2.671843
112,97,2.701850
113,97,2.694650
114,97,2.698949
115,97,2.691644
116,97,2.676592
117,97,2.676896
118,97,2.669454
119,97,2.677370
120,97,2.673684
121,97,2.669947
122,97,2.670016
123,97,2.670039
124,97,2.662310
125,97,2.662237
126,97,2.658265
127,97,2.661951
128,97,2.688920
129,97,2.689690
130,97,2.674997
131,97,2.671822
132,97,2.668585
133,97,2.665311
134,97,2.658125
135,97,2.658597
136,97,2.659029
137,97,2.651699
138,97,2.659740
139,97,2.656168
140,97,2.652554
141,97,2.656593
142,97,2.656733
143,97,2.652975
144,97,2.703107
145,97,2.703107
146,97,2.691499
147,97,2.687552
148,97,2.683567
149,97,2.679528
150,97,2.675444
151,97,2.679017
152,97,2.674839
153,97,2.682171
154,97,2.677808
155,97,2.673478
156,97,2.657542
157,97,2.656970
158,97,2.664055
159,97,2.659533
160,97,2.697744
161,97,2.698003
162,97,2.686656
163,97,2.686820
164,97,2.679233
165,97,2.675451
166,97,2.671622
167,97,2.671600
168,97,2.667677
169,97,2.679119
170,97,2.682808
171,97,2.671040
172,97,2.647665
173,97,2.658919
174,97,2.654714
175,97,2.658168
176,97,2.700102
177,97,2.688048
178,97,2.679800
179,97,2.675356
180,97,2.670864
181,97,2.670177
182,97,2.665587
183,97,2.664801
184,97,2.667819
185,97,2.667115
186,97,2.673895
187,97,2.672919
188,97,2.656481
189,97,2.651551
190,97,2.650421
191,97,2.649239
192,97,2.678827
193,97,2.673687
194,97,2.668494
195,97,2.663245
196,97,2.661796
197,97,2.660290
198,97,2.662582
199,97,2.653258
200,97,2.651583
201,97,2.669114
202,97,2.655764
203,97,2.665470
204,97,2.644295
205,97,2.646175
206,97,2.640287
207,97,2.642042
208,97,2.662997
209,97,2.668476
210,97,2.662332
211,97,2.656120
212,97,2.657546
213,97,2.651197
214,97,2.652484
215,97,2.649847
216,97,2.650989
217,97,2.659764
218,97,2.656905
219,97,2.653969
220,97,2.635544
221,97,2.636303
222,97,2.636981
223,97,2.641430
224,97,2.657352
225,97,2.646218
226,97,2.646555
227,97,2.639097
228,97,2.640000
229,97,2.640080
230,97,2.636213
231,97,2.636101
232,97,2.635889
233,97,2.647133
234,97,2.639009
235,97,2.646189
236,97,2.626290
237,97,2.625543
238,97,2.620829
239,97,2.627554
240,97,2.622601
241,97,2.625229
242,97,2.620024
243,97,2.618541
244,97,2.616925
245,97,2.615170
246,97,2.613274
247,97,2.611231
248,97,2.605187
249,97,2.614399
250,97,2.611895
251,97,2.613079
252,97,2.592905
253,97,2.599528
254,97,2.596339
255,97,2.592967
0,98,2.651372
1,98,2.651351
2,98,2.647334
3,98,2.648951
4,98,2.654295
5,98,2.653728
6,98,2.656879
7,98,2.654134
8,98,2.645482
9,98,2.652131
10,98,2.649032
11,98,2.643887
12,98,2.642492
13,98,2.646770
14,98,2.647083
15,98,2.651154
16,98,2.682095
17,98,2.666704
18,98,2.666622
19,98,2.666453
20,98,2.664267
21,98,2.669690
22,98,2.669252
23,98,2.664876
24,98,2.667473
25,98,2.670652
26,98,2.669896
27,98,2.669055
28,98,2.668142
29,98,2.671005
30,98,2.669940
31,98,2.664941
32,98,2.681067
33,98,2.681709
34,98,2.678423
35,98,2.684705
36,98,2.681287
37,98,2.687434
38,98,2.681952
39,98,2.680262
40,98,2.678509
41,98,2.672834
42,98,2.672882
43,98,2.669016
44,98,2.668942
45,98,2.664950
46,98,2.662831
47,98,2.672213
48,98,2.696948
49,98,2.690798
50,98,2.690377
51,98,2.684122
52,98,2.679737
53,98,2.681072
54,98,2.676580
55,98,2.679740
56,98,2.669362
57,98,2.674343
58,98,2.671562
59,98,2.672587
60,98,2.667781
61,98,2.668705
62,98,2.663794
63,98,2.664617
64,98,2.700065
65,98,2.689231
66,98,2.693759
67,98,2.686675
68,98,2.683400
69,98,2.683930
70,98,2.680466
71,98,2.675130
72,98,2.681299
73,98,2.668162
74,98,2.674242
75,98,2.670642
76,98,2.674700
77,98,2.671006
78,98,2.663406
79,98,2.671176
80,98,2.694310
81,98,2.690427
82,98,2.690350
83,98,2.680594
84,98,2.682344
85,98,2.682125
86,98,2.678007
87,98,2.677693
88,98,2.673480
89,98,2.671145
90,98,2.668757
91,98,2.668252
92,98,2.667700
93,98,2.670952
94,98,2.670302
95,98,2.669604
96,98,2.703798
97,98,2.700186
98,98,2.696528
99,98,2.688965
100,98,2.692918
101,98,2.689120
102,98,2.685270
103,98,2.673663
104,98,2.677420
105,98,2.683057
106,98,2.680942
107,98,2.676853
108,98,2.678515
109,98,2.685893
110,98,2.675882
111,98,2.675451
112,98,2.701606
113,98,2.698259
114,98,2.694853
115,98,2.691401
116,98,2.680202
117,98,2.672802
118,98,2.665359
119,98,2.673275
120,98,2.665736
121,98,2.669705
122,98,2.669775
123,98,2.665946
124,98,2.665921
125,98,2.658143
126,98,2.661876
127,98,2.661709
128,98,2.700233
129,98,2.689445
130,98,2.670900
131,98,2.671578
132,98,2.664489
133,98,2.668921
134,98,2.661734
135,98,2.658354
136,98,2.654933
137,98,2.659162
138,98,2.663350
139,98,2.663631
140,98,2.663870
141,98,2.656351
142,98,2.656491
143,98,2.652732
144,98,2.699012
145,98,2.695157
146,98,2.691261
147,98,2.691166
148,98,2.683328
149,98,2.671584
150,98,2.675204
151,98,2.671072
152,98,2.674599
153,98,2.670372
154,98,2.669862
155,98,2.677089
156,98,2.672711
157,98,2.672143
158,98,2.652258
159,98,2.659294
160,98,2.693653
161,98,2.690059
162,98,2.686417
163,98,2.678876
164,98,2.671288
165,98,2.679065
166,98,2.671388
167,98,2.671365
168,98,2.667442
169,98,2.671178
170,98,2.663308
171,98,2.666950
172,98,2.658992
173,98,2.666392
174,98,2.646776
175,98,2.657934
176,98,2.692161
177,98,2.691666
178,98,2.679569
179,98,2.671272
180,98,2.670632
181,98,2.666091
182,98,2.661500
183,98,2.660713
184,98,2.663735
185,98,2.662849
186,98,2.654398
187,98,2.657274
188,98,2.660099
189,98,2.655172
190,98,2.642483
191,98,2.645153
192,98,2.678593
193,98,2.673451
194,98,2.668261
195,98,2.666865
196,98,2.659634
197,98,2.656201
198,98,2.654643
199,98,2.649171
200,98,2.651347
201,98,2.665023
202,98,2.651671
203,98,2.653676
204,98,2.651763
205,98,2.653641
206,98,2.643899
207,98,2.645657
208,98,2.670463
209,98,2.660529
210,98,2.658235
211,98,2.652027
212,98,2.657303
213,98,2.654805
214,98,2.652237
215,98,2.649603
216,98,2.650743
217,98,2.655663
218,98,2.652807
219,98,2.653721
220,98,2.646852
221,98,2.643756
222,98,2.636732
223,98,2.633472
224,98,2.653244
225,98,2.645966
226,98,2.642447
227,98,2.642691
228,98,2.638991
229,98,2.639056
230,98,2.639018
231,98,2.635030
232,98,2.635627
233,98,2.639162
234,98,2.634887
235,98,2.634365
236,98,2.637579
237,98,2.632975
238,98,2.620558
239,98,2.623427
240,98,2.626175
241,98,2.624946
242,98,2.619743
243,98,2.614403
244,98,2.612782
245,98,2.614883
246,98,2.612981
247,98,2.607082
248,98,2.604892
249,98,2.610247
250,98,2.603892
251,98,2.601218
252,98,2.602229
253,98,2.603074
254,98,2.596027
255,98,2.588796
0,99,2.649885
1,99,2.653740
2,99,2.649755
3,99,2.657182
4,99,2.645217
5,99,2.642753
6,99,2.645932
7,99,2.652847
8,99,2.648074
9,99,2.647043
10,99,2.643962
11,99,2.656187
12,99,2.647104
13,99,2.649479
14,99,2.645962
15,99,2.655835
16,99,2.677158
17,99,2.673347
18,99,2.669434
19,99,2.663507
20,99,2.665193
21,99,2.664856
22,99,2.668291
23,99,2.667780
24,99,2.667191
25,99,2.662659
26,99,2.661906
27,99,2.670705
28,99,2.667860
29,99,2.666872
30,99,2.665802
31,99,2.668517
32,99,2.682717
33,99,2.685281
34,99,2.680076
35,99,2.682500
36,99,2.679084
37,99,2.687159
38,99,2.681677
39,99,2.676136
40,99,2.682083
41,99,2.666783
42,99,2.674538
43,99,2.672593
44,99,2.670594
45,99,2.660830
46,99,2.662558
47,99,2.664235
48,99,2.692824
49,99,2.690528
50,99,2.688181
51,99,2.685779
52,99,2.681389
53,99,2.669246
54,99,2.678239
55,99,2.677541
56,99,2.672943
57,99,2.674072
58,99,2.667437
59,99,2.666537
60,99,2.677143
61,99,2.670356
62,99,2.673156
63,99,2.668200
64,99,2.692085
65,99,2.688957
66,99,2.693485
67,99,2.678701
68,99,2.675309
69,99,2.675848
70,99,2.682119
71,99,2.688336
72,99,2.679099
73,99,2.679447
74,99,2.675895
75,99,2.674215
76,99,2.674421
77,99,2.674580
78,99,2.674691
79,99,2.667043
80,99,2.694030
81,99,2.690147
82,99,2.688144
83,99,2.682240
84,99,2.689768
85,99,2.676065
86,99,2.681578
87,99,2.677412
88,99,2.677044
89,99,2.668930
90,99,2.672326
91,99,2.667969
92,99,2.671268
93,99,2.674520
94,99,2.658452
95,99,2.673165
96,99,2.703512
97,99,2.694121
98,99,2.692389
99,99,2.684831
100,99,2.688779
101,99,2.683054
102,99,2.688840
103,99,2.681082
104,99,2.680986
105,99,2.676991
106,99,2.672949
107,99,2.676566
108,99,2.680148
109,99,2.679821
110,99,2.675593
111,99,2.677089
112,99,2.701317
113,99,2.694118
114,99,2.690713
115,99,2.683407
116,99,2.683767
117,99,2.680220
118,99,2.680483
119,99,2.672988
120,99,2.669302
121,99,2.677124
122,99,2.669482
123,99,2.665653
124,99,2.665628
125,99,2.669408
126,99,2.661584
127,99,2.649858
128,99,2.692229
129,99,2.693001
130,99,2.682161
131,99,2.667429
132,99,2.668046
133,99,2.657067
134,99,2.657593
135,99,2.658065
136,99,2.662351
137,99,2.658874
138,99,2.659210
139,99,2.655638
140,99,2.652024
141,99,2.656064
142,99,2.656204
143,99,2.652445
144,99,2.694872
145,99,2.687165
146,99,2.687116
147,99,2.683168
148,99,2.675336
149,99,2.679003
150,99,2.678771
151,99,2.670785
152,99,2.670459
153,99,2.673857
154,99,2.673427
155,99,2.672949
156,99,2.660871
157,99,2.656444
158,99,2.659676
159,99,2.655153
160,99,2.689512
161,99,2.685919
162,99,2.682284
163,99,2.678596
164,99,2.671008
165,99,2.678784
166,99,2.671102
167,99,2.667226
168,99,2.671015
169,99,2.682457
170,99,2.666881
171,99,2.666670
172,99,2.654860
173,99,2.650701
174,99,2.654201
175,99,2.646095
176,99,2.680323
177,99,2.679833
178,99,2.671584
179,99,2.663286
180,99,2.666498
181,99,2.665815
182,99,2.665077
183,99,2.668142
184,99,2.663453
185,99,2.670278
186,99,2.661635
187,99,2.664500
188,99,2.640563
189,99,2.647188
190,99,2.646057
191,99,2.648726
192,99,2.670613
193,99,2.665470
194,99,2.664127
195,99,2.655030
196,99,2.649725
197,99,2.652070
198,99,2.658218
199,99,2.652745
200,99,2.658772
201,99,2.657043
202,99,2.655248
203,99,2.661099
204,99,2.643779
205,99,2.637951
206,99,2.643618
207,99,2.649229
208,99,2.666328
209,99,2.656393
210,99,2.657956
211,99,2.647888
212,99,2.649310
213,99,2.654523
214,99,2.655805
215,99,2.657017
216,99,2.658162
217,99,2.659227
218,99,2.656370
219,99,2.649577
220,99,2.631147
221,99,2.635761
222,99,2.640288
223,99,2.640885
224,99,2.649097
225,99,2.645664
226,99,2.642150
227,99,2.638538
228,99,2.642548
229,99,2.642604
230,99,2.631006
231,99,2.638581
232,99,2.638343
233,99,2.638009
234,99,2.629857
235,99,2.633164
236,99,2.620942
237,99,2.627871
238,99,2.623133
239,99,2.618269
240,99,2.613292
241,99,2.615887
242,99,2.610656
243,99,2.609139
244,99,2.611348
245,99,2.609556
246,99,2.611484
247,99,2.605550
248,99,2.607180
249,99,2.608646
250,99,2.609961
251,99,2.603397
252,99,2.592810
253,99,2.597470
254,99,2.598087
255,99,2.586969
0,100,2.649526
1,100,2.651458
2,100,2.655173
3,100,2.652980
4,100,2.644863
5,100,2.655888
6,100,2.643658
7,100,2.650568
8,100,2.649659
9,100,2.648622
10,100,2.647470
11,100,2.648139
12,100,2.648690
13,100,2.649142
14,100,2.649480
15,100,2.645862
16,100,2.672975
17,100,2.671085
18,100,2.674887
19,100,2.668954
20,100,2.668717
21,100,2.670308
22,100,2.664113
23,100,2.665530
24,100,2.670714
25,100,2.662339
26,100,2.669286
27,100,2.664602
28,100,2.659832
29,100,2.666552
30,100,2.669335
31,100,2.668199
32,100,2.678541
33,100,2.684966
34,100,2.677829
35,100,2.678335
36,100,2.682619
37,100,2.686842
38,100,2.681361
39,100,2.677748
40,100,2.681769
41,100,2.679956
42,100,2.666514
43,100,2.672283
44,100,2.662572
45,100,2.668220
46,100,2.666096
47,100,2.663921
48,100,2.690578
49,100,2.690215
50,100,2.680164
51,100,2.677756
52,100,2.677226
53,100,2.684341
54,100,2.677924
55,100,2.675299
56,100,2.676481
57,100,2.669905
58,100,2.670976
59,100,2.664297
60,100,2.667192
61,100,2.666190
62,100,2.667064
63,100,2.667882
64,100,2.699479
65,100,2.688497
66,100,2.685331
67,100,2.685968
68,100,2.682696
69,100,2.687089
70,100,2.677949
71,100,2.676459
72,100,2.680708
73,100,2.673351
74,100,2.673644
75,100,2.671971
76,100,2.674104
77,100,2.662697
78,100,2.666661
79,100,2.666725
80,100,2.695631
81,100,2.697528
82,100,2.682039
83,100,2.678062
84,100,2.683663
85,100,2.681517
86,100,2.673545
87,100,2.677077
88,100,2.674790
89,100,2.672454
90,100,2.675850
91,100,2.671485
92,100,2.670931
93,100,2.666477
94,100,2.673532
95,100,2.670906
96,100,2.703179
97,100,2.695715
98,100,2.695909
99,100,2.692204
100,100,2.684600
101,100,2.680794
102,100,2.682728
103,100,2.684614
104,100,2.676800
105,100,2.680510
106,100,2.680321
107,100,2.670446
108,100,2.672113
109,100,2.667927
110,100,2.669478
111,100,2.670973
112,100,2.697129
113,100,2.697626
114,100,2.690378
115,100,2.683066
116,100,2.675720
117,100,2.683732
118,100,2.676289
119,100,2.668795
120,100,2.665106
121,100,2.672931
122,100,2.669148
123,100,2.673024
124,100,2.661441
125,100,2.661368
126,100,2.665102
127,100,2.661082
128,100,2.688036
129,100,2.684956
130,100,2.677970
131,100,2.663238
132,100,2.671561
133,100,2.664435
134,100,2.657250
135,100,2.657731
136,100,2.658155
137,100,2.662385
138,100,2.655015
139,100,2.659149
140,100,2.655535
141,100,2.655729
142,100,2.652019
143,100,2.655964
144,100,2.698391
145,100,2.694536
146,100,2.682929
147,100,2.686684
148,100,2.686555
149,100,2.678670
150,100,2.666879
151,100,2.670452
152,100,2.673907
153,100,2.677376
154,100,2.669239
155,100,2.664915
156,100,2.656684
157,100,2.656110
158,100,2.663193
159,100,2.658670
160,100,2.693038
161,100,2.689444
162,100,2.685803
163,100,2.682115
164,100,2.678380
165,100,2.678458
166,100,2.670776
167,100,2.666900
168,100,2.674536
169,100,2.666720
170,100,2.670409
171,100,2.662492
172,100,2.650682
173,100,2.654229
174,100,2.653876
175,100,2.653475
176,100,2.687709
177,100,2.679508
178,100,2.682816
179,100,2.674525
180,100,2.666179
181,100,2.669342
182,100,2.657052
183,100,2.660117
184,100,2.663132
185,100,2.662251
186,100,2.661314
187,100,2.660325
188,100,2.647734
189,100,2.642791
190,100,2.645501
191,100,2.652262
192,100,2.670288
193,100,2.672858
194,100,2.663808
195,100,2.662409
196,100,2.657110
197,100,2.655601
198,100,2.654044
199,100,2.648569
200,100,2.654595
201,100,2.656718
202,100,2.658775
203,100,2.649221
204,100,2.643452
205,100,2.641482
206,100,2.643295
207,100,2.641192
208,100,2.658297
209,100,2.667624
210,100,2.657629
211,100,2.655264
212,100,2.656692
213,100,2.661896
214,100,2.647774
215,100,2.648983
216,100,2.650128
217,100,2.651190
218,100,2.652185
219,100,2.660801
220,100,2.638524
221,100,2.635424
222,100,2.636103
223,100,2.640544
224,100,2.652614
225,100,2.649178
226,100,2.641810
227,100,2.642049
228,100,2.642204
229,100,2.638405
230,100,2.634517
231,100,2.630524
232,100,2.637996
233,100,2.637661
234,100,2.633359
235,100,2.632811
236,100,2.620585
237,100,2.619814
238,100,2.618918
239,100,2.621765
240,100,2.620628
241,100,2.615523
242,100,2.614143
243,100,2.616474
244,100,2.614827
245,100,2.609179
246,100,2.603397
247,100,2.609028
248,100,2.610644
249,100,2.608263
250,100,2.605721
251,100,2.606858
252,100,2.592424
253,100,2.593216
254,100,2.597691
255,100,2.590422
0,101,2.652971
1,101,2.647210
2,101,2.650929
3,101,2.654509
4,101,2.654101
5,101,2.649718
6,101,2.647123
7,101,2.648256
8,101,2.643488
9,101,2.650170
10,101,2.647093
11,101,2.647757
12,101,2.648310
13,101,2.644912
14,101,2.649105
15,101,2.653195
16,101,2.672596
17,101,2.668791
18,101,2.668734
19,101,2.668582
20,101,2.672200
21,101,2.671867
22,101,2.669518
23,101,2.667092
24,101,2.662647
25,101,2.661971
26,101,2.665075
27,101,2.668090
28,101,2.667174
29,101,2.670043
30,101,2.665122
31,101,2.671685
32,101,2.685890
33,101,2.678824
34,101,2.675548
35,101,2.685680
36,101,2.688038
37,101,2.682632
38,101,2.681004
39,101,2.679311
40,101,2.673709
41,101,2.673815
42,101,2.673867
43,101,2.675776
44,101,2.666074
45,101,2.667863
46,101,2.661886
47,101,2.661639
48,101,2.692149
49,101,2.682155
50,101,2.683656
51,101,2.677403
52,101,2.682646
53,101,2.687842
54,101,2.677565
55,101,2.674948
56,101,2.668418
57,101,2.669549
58,101,2.674472
59,101,2.663941
60,101,2.668762
61,101,2.665835
62,101,2.662678
63,101,2.667366
64,101,2.691260
65,101,2.684290
66,101,2.684969
67,101,2.689459
68,101,2.686187
69,101,2.690580
70,101,2.675661
71,101,2.679950
72,101,2.670715
73,101,2.680687
74,101,2.673283
75,101,2.673536
76,101,2.666029
77,101,2.670040
78,101,2.670144
79,101,2.666355
80,101,2.695268
81,101,2.687525
82,101,2.681668
83,101,2.685397
84,101,2.689070
85,101,2.677292
86,101,2.680878
87,101,2.676703
88,101,2.674415
89,101,2.679785
90,101,2.669688
91,101,2.673035
92,101,2.670555
93,101,2.666091
94,101,2.669293
95,101,2.666667
96,101,2.698953
97,101,2.695334
98,101,2.693603
99,101,2.687972
100,101,2.691925
101,101,2.680413
102,101,2.680420
103,101,2.684234
104,101,2.676442
105,101,2.676276
106,101,2.679932
107,101,2.675842
108,101,2.671731
109,101,2.675249
110,101,2.676801
111,101,2.674452
112,101,2.700599
113,101,2.701088
114,101,2.693840
115,101,2.690389
116,101,2.686896
117,101,2.679497
118,101,2.675903
119,101,2.676119
120,101,2.676283
121,101,2.672549
122,101,2.676472
123,101,2.672643
124,101,2.657207
125,101,2.657134
126,101,2.660868
127,101,2.668406
128,101,2.687649
129,101,2.684569
130,101,2.677584
131,101,2.670558
132,101,2.659617
133,101,2.664051
134,101,2.660718
135,101,2.661200
136,101,2.650066
137,101,2.654303
138,101,2.662338
139,101,2.654914
140,101,2.651300
141,101,2.651487
142,101,2.651630
143,101,2.655583
144,101,2.701863
145,101,2.694155
146,101,2.682548
147,101,2.682451
148,101,2.670762
149,101,2.674429
150,101,2.670351
151,101,2.666156
152,101,2.665820
153,101,2.673142
154,101,2.665005
155,101,2.668387
156,101,2.664007
157,101,2.663433
158,101,2.670516
159,101,2.669853
160,101,2.688804
161,101,2.685210
162,101,2.677717
163,101,2.681743
164,101,2.678008
165,101,2.670373
166,101,2.670405
167,101,2.666529
168,101,2.666459
169,101,2.666350
170,101,2.662332
171,101,2.662121
172,101,2.661870
173,101,2.657712
174,101,2.661211
175,101,2.668524
176,101,2.687339
177,101,2.679137
178,101,2.678600
179,101,2.681860
180,101,2.669668
181,101,2.668978
182,101,2.664386
183,101,2.655899
184,101,2.658914
185,101,2.661887
186,101,2.664801
187,101,2.659959
188,101,2.662779
189,101,2.657835
190,101,2.656699
191,101,2.655503
192,101,2.673526
193,101,2.668371
194,101,2.667299
195,101,2.669752
196,101,2.664452
197,101,2.655237
198,101,2.653679
199,101,2.652055
200,101,2.650383
201,101,2.648645
202,101,2.654561
203,101,2.656556
204,101,2.646941
205,101,2.652668
206,101,2.654488
207,101,2.656236
208,101,2.665635
209,101,2.663402
210,101,2.657258
211,101,2.654900
212,101,2.660172
213,101,2.653824
214,101,2.658955
215,101,2.648613
216,101,2.645895
217,101,2.650817
218,101,2.651810
219,101,2.656571
220,101,2.657410
221,101,2.646610
222,101,2.651131
223,101,2.647873
224,101,2.656079
225,101,2.648797
226,101,2.645280
227,101,2.641664
228,101,2.637964
229,101,2.638024
230,101,2.634125
231,101,2.633991
232,101,2.629903
233,101,2.633408
234,101,2.636818
235,101,2.628562
236,101,2.627891
237,101,2.630970
238,101,2.630080
239,101,2.632914
240,101,2.616373
241,101,2.615118
242,101,2.617587
243,101,2.612209
244,101,2.610558
245,101,2.608769
246,101,2.606837
247,101,2.608600
248,101,2.606370
249,101,2.607837
250,101,2.609144
251,101,2.610276
252,101,2.603543
253,101,2.604341
254,101,2.601106
255,101,2.601527
0,102,2.648679
1,102,2.654471
2,102,2.646634
3,102,2.650218
4,102,2.651739
5,102,2.649287
6,102,2.642843
7,102,2.655537
8,102,2.644993
9,102,2.649741
10,102,2.642815
11,102,2.647334
12,102,2.645963
13,102,2.648348
14,102,2.648690
15,102,2.648930
16,102,2.672186
17,102,2.664521
18,102,2.664466
19,102,2.662400
20,102,2.660232
21,102,2.667606
22,102,2.667186
23,102,2.670532
24,102,2.658382
25,102,2.663497
26,102,2.655035
27,102,2.667684
28,102,2.670623
29,102,2.665788
30,102,2.664722
31,102,2.667433
32,102,2.681630
33,102,2.678428
34,102,2.686703
35,102,2.677572
36,102,2.679931
37,102,2.686085
38,102,2.680605
39,102,2.678913
40,102,2.675240
41,102,2.686905
42,102,2.665759
43,102,2.671531
44,102,2.661821
45,102,2.663610
46,102,2.661496
47,102,2.667021
48,102,2.691752
49,102,2.683686
50,102,2.681334
51,102,2.680853
52,102,2.678399
53,102,2.673955
54,102,2.673311
55,102,2.674548
56,102,2.679576
57,102,2.669149
58,102,2.666156
59,102,2.663332
60,102,2.660467
61,102,2.669100
62,102,2.666133
63,102,2.670812
64,102,2.690862
65,102,2.689663
66,102,2.688424
67,102,2.681348
68,102,2.678084
69,102,2.678616
70,102,2.675256
71,102,2.675692
72,102,2.662604
73,102,2.672576
74,102,2.665171
75,102,2.671195
76,102,2.665622
77,102,2.669625
78,102,2.669737
79,102,2.669792
80,102,2.692926
81,102,2.681329
82,102,2.681251
83,102,2.684980
84,102,2.677093
85,102,2.673021
86,102,2.676598
87,102,2.672431
88,102,2.668216
89,102,2.671650
90,102,2.667339
91,102,2.670686
92,102,2.670123
93,102,2.669520
94,102,2.668868
95,102,2.673938
96,102,2.696600
97,102,2.687210
98,102,2.691249
99,102,2.693324
100,102,2.687645
101,102,2.679994
102,102,2.679992
103,102,2.679953
104,102,2.676014
105,102,2.668175
106,102,2.675649
107,102,2.675413
108,102,2.679006
109,102,2.674826
110,102,2.676370
111,102,2.677864
112,102,2.696307
113,102,2.692952
114,102,2.693402
115,102,2.689959
116,102,2.682607
117,102,2.679067
118,102,2.675474
119,102,2.671828
120,102,2.671992
121,102,2.675965
122,102,2.672182
123,102,2.660647
124,102,2.664475
125,102,2.660549
126,102,2.660430
127,102,2.664115
128,102,2.683353
129,102,2.691832
130,102,2.680993
131,102,2.681674
132,102,2.670734
133,102,2.671315
134,102,2.660278
135,102,2.660760
136,102,2.657332
137,102,2.661579
138,102,2.642644
139,102,2.639078
140,102,2.658577
141,102,2.656841
142,102,2.655054
143,102,2.651293
144,102,2.689867
145,102,2.686022
146,102,2.685972
147,102,2.682022
148,102,2.674187
149,102,2.674000
150,102,2.681429
151,102,2.669581
152,102,2.669244
153,102,2.672713
154,102,2.660732
155,102,2.671811
156,102,2.671284
157,102,2.663003
158,102,2.662389
159,102,2.665570
160,102,2.680670
161,102,2.680938
162,102,2.677298
163,102,2.681316
164,102,2.669884
165,102,2.673808
166,102,2.673832
167,102,2.669965
168,102,2.662189
169,102,2.665924
170,102,2.665769
171,102,2.661704
172,102,2.661454
173,102,2.657295
174,102,2.656942
175,102,2.656549
176,102,2.675364
177,102,2.671023
178,102,2.666625
179,102,2.669894
180,102,2.665399
181,102,2.657011
182,102,2.656271
183,102,2.659344
184,102,2.654652
185,102,2.657625
186,102,2.660538
187,102,2.655704
188,102,2.654663
189,102,2.657432
190,102,2.652434
191,102,2.655099
192,102,2.673113
193,102,2.664113
194,102,2.658903
195,102,2.661353
196,102,2.652180
197,102,2.654519
198,102,2.657123
199,102,2.655498
200,102,2.653825
201,102,2.655938
202,102,2.654148
203,102,2.656151
204,102,2.654232
205,102,2.644555
206,102,2.650227
207,102,2.648121
208,102,2.657518
209,102,2.655292
210,102,2.652991
211,102,2.646780
212,102,2.652058
213,102,2.649553
214,102,2.646986
215,102,2.648201
216,102,2.645480
217,102,2.658106
218,102,2.651393
219,102,2.656151
220,102,2.653135
221,102,2.650039
222,102,2.646862
223,102,2.647445
224,102,2.644100
225,102,2.640669
226,102,2.637150
227,102,2.637383
228,102,2.637534
229,102,2.633739
230,102,2.637553
231,102,2.637406
232,102,2.633315
233,102,2.632975
234,102,2.636382
235,102,2.635829
236,102,2.631312
237,102,2.626672
238,102,2.621926
239,102,2.620915
240,102,2.619781
241,102,2.610817
242,102,2.613283
243,102,2.611753
244,102,2.610099
245,102,2.608306
246,102,2.606370
247,102,2.611993
248,102,2.605906
249,102,2.607369
250,102,2.608672
251,102,2.605945
252,102,2.606914
253,102,2.600001
254,102,2.596761
255,102,2.593335
0,103,2.652053
1,103,2.646290
2,103,2.646164
3,103,2.657456
4,103,2.647423
5,103,2.648816
6,103,2.653933
7,103,2.647367
8,103,2.644520
9,103,2.643492
10,103,2.644274
11,103,2.646870
12,103,2.647428
13,103,2.644026
14,103,2.644383
15,103,2.648478
16,103,2.675589
17,103,2.669853
18,103,2.664021
19,103,2.673505
20,103,2.673266
21,103,2.674863
22,103,2.666739
23,103,2.666234
24,103,2.665645
25,103,2.661120
26,103,2.664218
27,103,2.663384
28,103,2.662472
29,103,2.663419
30,103,2.668133
31,103,2.666993
32,103,2.685045
33,103,2.683760
34,103,2.672773
35,103,2.680981
36,103,2.679499
37,103,2.681792
38,103,2.680166
39,103,2.674622
40,103,2.680572
41,103,2.674911
42,103,2.684588
43,103,2.665308
44,103,2.661378
45,103,2.663168
46,103,2.657203
47,103,2.666581
48,103,2.683607
49,103,2.685165
50,103,2.678970
51,103,2.688121
52,103,2.681806
53,103,2.679025
54,103,2.676474
55,103,2.677713
56,103,2.671194
57,103,2.672337
58,103,2.669566
59,103,2.664816
60,103,2.667731
61,103,2.660952
62,103,2.657976
63,103,2.654960
64,103,2.694265
65,103,2.687287
66,103,2.682195
67,103,2.688603
68,103,2.685340
69,103,2.682019
70,103,2.678650
71,103,2.679095
72,103,2.679482
73,103,2.668273
74,103,2.676270
75,103,2.672671
76,103,2.669015
77,103,2.669174
78,103,2.659644
79,103,2.661635
80,103,2.696317
81,103,2.688582
82,103,2.680789
83,103,2.692222
84,103,2.684335
85,103,2.678336
86,103,2.679986
87,103,2.679671
88,103,2.675446
89,103,2.676962
90,103,2.666872
91,103,2.662502
92,103,2.661947
93,103,2.665187
94,103,2.664534
95,103,2.659980
96,103,2.698052
97,103,2.694442
98,103,2.690784
99,103,2.692849
100,103,2.687171
101,103,2.685299
102,103,2.675664
103,103,2.679477
104,103,2.675538
105,103,2.683110
106,103,2.675214
107,103,2.671083
108,103,2.674676
109,103,2.670496
110,103,2.673963
111,103,2.673532
112,103,2.699670
113,103,2.688621
114,103,2.689071
115,103,2.689481
116,103,2.682120
117,103,2.674728
118,103,2.671135
119,103,2.675204
120,103,2.679221
121,103,2.667782
122,103,2.671705
123,103,2.667876
124,103,2.667851
125,103,2.667778
126,103,2.671512
127,103,2.667491
128,103,2.686722
129,103,2.683644
130,103,2.680511
131,103,2.677339
132,103,2.674106
133,103,2.670834
134,103,2.648239
135,103,2.648722
136,103,2.653000
137,103,2.657238
138,103,2.642156
139,103,2.634738
140,103,2.634983
141,103,2.642879
142,103,2.646871
143,103,2.654671
144,103,2.689391
145,103,2.685536
146,103,2.685496
147,103,2.673841
148,103,2.673711
149,103,2.669629
150,103,2.665543
151,103,2.669105
152,103,2.691885
153,103,2.683795
154,103,2.664109
155,103,2.663629
156,103,2.663101
157,103,2.662536
158,103,2.661912
159,103,2.661239
160,103,2.684056
161,103,2.684316
162,103,2.676823
163,103,2.673145
164,103,2.673263
165,103,2.665639
166,103,2.665662
167,103,2.669492
168,103,2.677137
169,103,2.677020
170,103,2.669160
171,103,2.657389
172,103,2.657140
173,103,2.656833
174,103,2.660342
175,103,2.656088
176,103,2.678765
177,103,2.678267
178,103,2.670026
179,103,2.665579
180,103,2.661093
181,103,2.660402
182,103,2.655818
183,103,2.655028
184,103,2.673462
185,103,2.668719
186,103,2.652378
187,103,2.651397
188,103,2.646502
189,103,2.653123
190,103,2.655830
191,103,2.654642
192,103,2.668812
193,103,2.667507
194,103,2.650747
195,103,2.657050
196,103,2.651729
197,103,2.650215
198,103,2.648644
199,103,2.647007
200,103,2.672291
201,103,2.662842
202,103,2.653324
203,103,2.651841
204,103,2.646077
205,103,2.647957
206,103,2.645912
207,103,2.647667
208,103,2.653211
209,103,2.654837
210,103,2.652534
211,103,2.646321
212,103,2.640040
213,103,2.641395
214,103,2.642680
215,103,2.636177
216,103,2.675845
217,103,2.665353
218,103,2.654785
219,103,2.655699
220,103,2.648817
221,103,2.649573
222,103,2.646394
223,103,2.643132
224,103,2.643638
225,103,2.640204
226,103,2.636683
227,103,2.636913
228,103,2.633209
229,103,2.637117
230,103,2.633222
231,103,2.633083
232,103,2.655959
233,103,2.647911
234,103,2.632051
235,103,2.627642
236,103,2.626975
237,103,2.630048
238,103,2.625299
239,103,2.624284
240,103,2.611589
241,103,2.610327
242,103,2.612777
243,103,2.607402
244,103,2.605744
245,103,2.607799
246,103,2.605859
247,103,2.603772
248,103,2.624663
249,103,2.614564
250,103,2.604304
251,103,2.609290
252,103,2.602548
253,103,2.603336
254,103,2.600091
255,103,2.592807
0,104,2.649609
1,104,2.649616
2,104,2.651419
3,104,2.649231
4,104,2.658466
5,104,2.652157
6,104,2.649559
7,104,2.646849
8,104,2.647870
9,104,2.648772
10,104,2.645705
11,104,2.646377
12,104,2.643086
13,104,2.647380
14,104,2.647728
15,104,2.647973
16,104,2.675087
17,104,2.677059
18,104,2.671230
19,104,2.671085
20,104,2.670848
21,104,2.674373
22,104,2.670105
23,104,2.665750
24,104,2.669015
25,104,2.676050
26,104,2.673372
27,104,2.662907
28,104,2.665849
29,104,2.664861
30,104,2.667651
31,104,2.670365
32,104,2.680713
33,104,2.690988
34,104,2.681929
35,104,2.684359
36,104,2.679015
37,104,2.677456
38,104,2.677758
39,104,2.683773
40,104,2.674314
41,104,2.678275
42,104,2.668690
43,104,2.662895
44,104,2.666672
45,104,2.662695
46,104,2.656377
47,104,2.665767
48,104,2.698216
49,104,2.690154
50,104,2.693593
51,104,2.689282
52,104,2.681052
53,104,2.674694
54,104,2.670207
55,104,2.673373
56,104,2.678423
57,104,2.675704
58,104,2.669080
59,104,2.666257
60,104,2.667235
61,104,2.668173
62,104,2.661345
63,104,2.666024
64,104,2.689928
65,104,2.694508
66,104,2.689406
67,104,2.684256
68,104,2.680994
69,104,2.681525
70,104,2.682008
71,104,2.682453
72,104,2.677061
73,104,2.669694
74,104,2.675775
75,104,2.666386
76,104,2.668520
77,104,2.660962
78,104,2.664916
79,104,2.668834
80,104,2.690030
81,104,2.693853
82,104,2.687985
83,104,2.689787
84,104,2.679972
85,104,2.679752
86,104,2.679474
87,104,2.671453
88,104,2.671080
89,104,2.678375
90,104,2.674052
91,104,2.669692
92,104,2.669126
93,104,2.668522
94,104,2.665931
95,104,2.663303
96,104,2.697541
97,104,2.705479
98,104,2.694116
99,104,2.690400
100,104,2.692428
101,104,2.686703
102,104,2.682847
103,104,2.682807
104,104,2.678868
105,104,2.680650
106,104,2.670837
107,104,2.672536
108,104,2.674157
109,104,2.669959
110,104,2.669584
111,104,2.673005
112,104,2.699144
113,104,2.699644
114,104,2.692387
115,104,2.685085
116,104,2.685448
117,104,2.678050
118,104,2.674463
119,104,2.670822
120,104,2.682549
121,104,2.667247
122,104,2.671170
123,104,2.671193
124,104,2.671169
125,104,2.663390
126,104,2.663271
127,104,2.670808
128,104,2.693885
129,104,2.694660
130,104,2.683822
131,104,2.680651
132,104,2.669713
133,104,2.674148
134,104,2.666965
135,104,2.648195
136,104,2.648629
137,104,2.637448
138,104,2.645489
139,104,2.638066
140,104,2.638304
141,104,2.646197
142,104,2.654055
143,104,2.654147
144,104,2.692720
145,104,2.685012
146,104,2.681109
147,104,2.673316
148,104,2.680860
149,104,2.676811
150,104,2.699684
151,104,2.691699
152,104,2.664392
153,104,2.683271
154,104,2.682849
155,104,2.659252
156,104,2.662577
157,104,2.665864
158,104,2.661387
159,104,2.660725
160,104,2.687386
161,104,2.676087
162,104,2.680164
163,104,2.676476
164,104,2.668900
165,104,2.668971
166,104,2.692123
167,104,2.692099
168,104,2.661217
169,104,2.672658
170,104,2.672504
171,104,2.660734
172,104,2.656632
173,104,2.660178
174,104,2.659835
175,104,2.655580
176,104,2.678257
177,104,2.673906
178,104,2.669518
179,104,2.665082
180,104,2.668291
181,104,2.663757
182,104,2.689985
183,104,2.677646
184,104,2.657552
185,104,2.664367
186,104,2.667290
187,104,2.654750
188,104,2.653707
189,104,2.648770
190,104,2.651487
191,104,2.654151
192,104,2.672162
193,104,2.667014
194,104,2.661812
195,104,2.656545
196,104,2.651233
197,104,2.657424
198,104,2.675117
199,104,2.677342
200,104,2.648675
201,104,2.666195
202,104,2.660539
203,104,2.650970
204,104,2.645193
205,104,2.650902
206,104,2.648853
207,104,2.650594
208,104,2.659977
209,104,2.646177
210,104,2.652044
211,104,2.649671
212,104,2.651094
213,104,2.652448
214,104,2.676848
215,104,2.670354
216,104,2.648376
217,104,2.668704
218,104,2.661987
219,104,2.651341
220,104,2.652174
221,104,2.652927
222,104,2.645893
223,104,2.644555
224,104,2.643133
225,104,2.643550
226,104,2.643879
227,104,2.632559
228,104,2.632705
229,104,2.628905
230,104,2.655830
231,104,2.651835
232,104,2.628475
233,104,2.647393
234,104,2.639236
235,104,2.627118
236,104,2.626448
237,104,2.621812
238,104,2.624765
239,104,2.623746
240,104,2.614900
241,104,2.613634
242,104,2.608387
243,104,2.610726
244,104,2.609064
245,104,2.603410
246,104,2.628435
247,104,2.634049
248,104,2.604836
249,104,2.621701
250,104,2.619156
251,104,2.601021
252,104,2.601979
253,104,2.606614
254,104,2.599511
255,104,2.599941
0,105,2.653634
1,105,2.651761
2,105,2.645090
3,105,2.656376
4,105,2.657909
5,105,2.653531
6,105,2.652863
7,105,2.646304
8,105,2.651181
9,105,2.652073
10,105,2.643230
11,105,2.641979
12,105,2.646397
13,105,2.650693
14,105,2.647192
15,105,2.649366
16,105,2.672630
17,105,2.674592
18,105,2.670692
19,105,2.666697
20,105,2.681874
21,105,2.673843
22,105,2.663798
23,105,2.672917
24,105,2.668479
25,105,2.667811
26,105,2.659356
27,105,2.662378
28,105,2.661469
29,105,2.664336
30,105,2.663262
31,105,2.669832
32,105,2.687886
33,105,2.686605
34,105,2.684756
35,105,2.675643
36,105,2.681872
37,105,2.680329
38,105,2.686424
39,105,2.680895
40,105,2.683008
41,105,2.671572
42,105,2.671632
43,105,2.665851
44,105,2.663862
45,105,2.661813
46,105,2.663557
47,105,2.665242
48,105,2.693839
49,105,2.691557
50,105,2.677659
51,105,2.677191
52,105,2.680520
53,105,2.678015
54,105,2.671603
55,105,2.672854
56,105,2.666335
57,105,2.671322
58,105,2.668551
59,105,2.665728
60,105,2.666706
61,105,2.663781
62,105,2.664670
63,105,2.665496
64,105,2.689390
65,105,2.697822
66,105,2.685015
67,105,2.679876
68,105,2.686234
69,105,2.680986
70,105,2.673763
71,105,2.681915
72,105,2.678448
73,105,2.674933
74,105,2.663665
75,105,2.667773
76,105,2.664115
77,105,2.668116
78,105,2.662448
79,105,2.666354
80,105,2.695255
81,105,2.687520
82,105,2.679725
83,105,2.683453
84,105,2.681342
85,105,2.683036
86,105,2.675063
87,105,2.670883
88,105,2.674373
89,105,2.670097
90,105,2.669638
91,105,2.665265
92,105,2.664709
93,105,2.664093
94,105,2.665365
95,105,2.658871
96,105,2.700825
97,105,2.695277
98,105,2.693546
99,105,2.682136
100,105,2.693784
101,105,2.689986
102,105,2.678423
103,105,2.686089
104,105,2.678297
105,105,2.678151
106,105,2.674117
107,105,2.673889
108,105,2.673584
109,105,2.673245
110,105,2.680567
111,105,2.672438
112,105,2.702423
113,105,2.695205
114,105,2.695666
115,105,2.684511
116,105,2.677169
117,105,2.677477
118,105,2.670025
119,105,2.674091
120,105,2.674260
121,105,2.670525
122,105,2.666744
123,105,2.666768
124,105,2.670596
125,105,2.674376
126,105,2.666550
127,105,2.662529
128,105,2.697156
129,105,2.690226
130,105,2.679390
131,105,2.676220
132,105,2.672999
133,105,2.669718
134,105,2.650987
135,105,2.647608
136,105,2.636484
137,105,2.640714
138,105,2.644916
139,105,2.645198
140,105,2.637731
141,105,2.641771
142,105,2.641913
143,105,2.638164
144,105,2.688296
145,105,2.688293
146,105,2.684389
147,105,2.684303
148,105,2.680288
149,105,2.676239
150,105,2.675996
151,105,2.671864
152,105,2.667673
153,105,2.678846
154,105,2.678425
155,105,2.658680
156,105,2.662016
157,105,2.665292
158,105,2.660814
159,105,2.652446
160,105,2.686814
161,105,2.683234
162,105,2.675741
163,105,2.675919
164,105,2.672184
165,105,2.668414
166,105,2.660733
167,105,2.664574
168,105,2.660651
169,105,2.675956
170,105,2.675791
171,105,2.660179
172,105,2.652226
173,105,2.655771
174,105,2.651576
175,105,2.651173
176,105,2.685409
177,105,2.673364
178,105,2.672817
179,105,2.668381
180,105,2.660043
181,105,2.663203
182,105,2.654766
183,105,2.657839
184,105,2.653157
185,105,2.667676
186,105,2.670598
187,105,2.650353
188,105,2.645467
189,105,2.652077
190,105,2.654793
191,105,2.657457
192,105,2.667773
193,105,2.662625
194,105,2.657411
195,105,2.656006
196,105,2.654547
197,105,2.653032
198,105,2.647607
199,105,2.645978
200,105,2.651997
201,105,2.665651
202,105,2.667699
203,105,2.642718
204,105,2.644646
205,105,2.650364
206,105,2.648315
207,105,2.650054
208,105,2.655583
209,105,2.653340
210,105,2.647178
211,105,2.648654
212,105,2.646209
213,105,2.643694
214,105,2.641109
215,105,2.650010
216,105,2.647279
217,105,2.663737
218,105,2.660856
219,105,2.646339
220,105,2.643301
221,105,2.647888
222,105,2.645338
223,105,2.642071
224,105,2.654131
225,105,2.642987
226,105,2.639473
227,105,2.639709
228,105,2.639853
229,105,2.632196
230,105,2.639855
231,105,2.632004
232,105,2.627905
233,105,2.646833
234,105,2.646378
235,105,2.626551
236,105,2.625877
237,105,2.625090
238,105,2.628040
239,105,2.627031
240,105,2.614328
241,105,2.613058
242,105,2.615512
243,105,2.610143
244,105,2.604624
245,105,2.602818
246,105,2.604721
247,105,2.606492
248,105,2.600391
249,105,2.624957
250,105,2.614701
251,105,2.604266
252,105,2.597513
253,105,2.602158
254,105,2.597454
255,105,2.590120
0,106,2.649180
1,106,2.649239
2,106,2.649138
3,106,2.650839
4,106,2.652388
5,106,2.649967
6,106,2.645475
7,106,2.652430
8,106,2.649615
9,106,2.648621
10,106,2.645584
11,106,2.648198
12,106,2.643009
13,106,2.639624
14,106,2.647705
15,106,2.649903
16,106,2.677029
17,106,2.673248
18,106,2.669369
19,106,2.673088
20,106,2.676727
21,106,2.668718
22,106,2.668311
23,106,2.667831
24,106,2.663412
25,106,2.666602
26,106,2.665871
27,106,2.661206
28,106,2.666094
29,106,2.659333
30,106,2.662141
31,106,2.666801
32,106,2.682946
33,106,2.687460
34,106,2.680332
35,106,2.682779
36,106,2.685157
37,106,2.687467
38,106,2.689711
39,106,2.680332
40,106,2.684372
41,106,2.674851
42,106,2.669133
43,106,2.661427
44,106,2.663291
45,106,2.661243
46,106,2.664915
47,106,2.660822
48,106,2.697126
49,106,2.690991
50,106,2.675168
51,106,2.670847
52,106,2.687662
53,106,2.679378
54,106,2.682598
55,106,2.672280
56,106,2.673467
57,106,2.666896
58,106,2.675684
59,106,2.661303
60,106,2.666134
61,106,2.667062
62,106,2.666012
63,106,2.664913
64,106,2.700364
65,106,2.704957
66,106,2.680591
67,106,2.679293
68,106,2.687578
69,106,2.684255
70,106,2.686664
71,106,2.673626
72,106,2.685570
73,106,2.672423
74,106,2.670786
75,106,2.667175
76,106,2.667383
77,106,2.675235
78,106,2.663776
79,106,2.665754
80,106,2.698521
81,106,2.690772
82,106,2.686829
83,106,2.682851
84,106,2.682665
85,106,2.680506
86,106,2.678312
87,106,2.677983
88,106,2.675693
89,106,2.677195
90,106,2.669017
91,106,2.664656
92,106,2.667939
93,106,2.667333
94,106,2.666666
95,106,2.665962
96,106,2.700208
97,106,2.700451
98,106,2.685223
99,106,2.691151
100,106,2.691240
101,106,2.693221
102,106,2.681670
103,106,2.673911
104,106,2.681530
105,106,2.677531
106,106,2.673497
107,106,2.673269
108,106,2.676809
109,106,2.676475
110,106,2.672247
111,106,2.671815
112,106,2.701777
113,106,2.698435
114,106,2.695035
115,106,2.691595
116,106,2.680381
117,106,2.680696
118,106,2.677109
119,106,2.685028
120,106,2.669786
121,106,2.673757
122,106,2.669976
123,106,2.666134
124,106,2.669962
125,106,2.673742
126,106,2.658211
127,106,2.665748
128,106,2.692660
129,106,2.689586
130,106,2.674896
131,106,2.671727
132,106,2.664655
133,106,2.661387
134,106,2.658067
135,106,2.662395
136,106,2.647418
137,106,2.647797
138,106,2.640428
139,106,2.646495
140,106,2.644816
141,106,2.641153
142,106,2.633587
143,106,2.629827
144,106,2.691529
145,106,2.687673
146,106,2.683769
147,106,2.675963
148,106,2.679669
149,106,2.679473
150,106,2.675376
151,106,2.667392
152,106,2.670907
153,106,2.670533
154,106,2.666247
155,106,2.661913
156,106,2.661396
157,106,2.656966
158,106,2.660205
159,106,2.663383
160,106,2.686207
161,106,2.682615
162,106,2.682841
163,106,2.675302
164,106,2.671580
165,106,2.671651
166,106,2.667835
167,106,2.663972
168,106,2.660049
169,106,2.659944
170,106,2.655926
171,106,2.659579
172,106,2.659331
173,106,2.659024
174,106,2.658681
175,106,2.654438
176,106,2.684809
177,106,2.672764
178,106,2.676082
179,106,2.663941
180,106,2.663296
181,106,2.666467
182,106,2.661884
183,106,2.657251
184,106,2.660274
185,106,2.651676
186,106,2.654598
187,106,2.657469
188,106,2.652583
189,106,2.651499
190,106,2.658067
191,106,2.656865
192,106,2.671034
193,106,2.658179
194,106,2.656829
195,106,2.655424
196,106,2.657817
197,106,2.660153
198,106,2.647022
199,106,2.649245
200,106,2.651410
201,106,2.653517
202,106,2.647858
203,106,2.645993
204,106,2.651772
205,106,2.645931
206,106,2.647733
207,106,2.649471
208,106,2.662703
209,106,2.660459
210,106,2.654295
211,106,2.651917
212,106,2.653323
213,106,2.650807
214,106,2.652072
215,106,2.641720
216,106,2.650546
217,106,2.643885
218,106,2.648707
219,106,2.649599
220,106,2.646559
221,106,2.643438
222,106,2.647955
223,106,2.644669
224,106,2.652856
225,106,2.645544
226,106,2.641997
227,106,2.638373
228,106,2.642347
229,106,2.642375
230,106,2.638452
231,106,2.634445
232,106,2.634174
233,106,2.629948
234,106,2.629482
235,106,2.632746
236,106,2.620488
237,106,2.623542
238,106,2.626463
239,106,2.625413
240,106,2.612696
241,106,2.619101
242,106,2.613819
243,106,2.608419
244,106,2.606720
245,106,2.612602
246,106,2.606766
247,106,2.604634
248,106,2.602366
249,106,2.607630
250,106,2.601190
251,106,2.606126
252,106,2.603202
253,106,2.600084
254,106,2.592948
255,106,2.597166
0,107,2.652392
1,107,2.648586
2,107,2.648506
3,107,2.650196
4,107,2.655601
5,107,2.660890
6,107,2.650622
7,107,2.655655
8,107,2.648991
9,107,2.646075
10,107,2.646879
11,107,2.645643
12,107,2.652017
13,107,2.648634
14,107,2.641308
15,107,2.645421
16,107,2.672564
17,107,2.668771
18,107,2.672601
19,107,2.664763
20,107,2.676112
21,107,2.668105
22,107,2.671553
23,107,2.680707
24,107,2.666645
25,107,2.665998
26,107,2.665269
27,107,2.662519
28,107,2.655851
29,107,2.662576
30,107,2.665387
31,107,2.668122
32,107,2.686181
33,107,2.684918
34,107,2.683584
35,107,2.682180
36,107,2.684546
37,107,2.683006
38,107,2.677546
39,107,2.691284
40,107,2.687607
41,107,2.676174
42,107,2.670457
43,107,2.668531
44,107,2.662678
45,107,2.668336
46,107,2.660451
47,107,2.664065
48,107,2.694590
49,107,2.690383
50,107,2.676487
51,107,2.677933
52,107,2.683189
53,107,2.676833
54,107,2.672348
55,107,2.694780
56,107,2.676703
57,107,2.662427
58,107,2.667362
59,107,2.664540
60,107,2.665519
61,107,2.666446
62,107,2.667323
63,107,2.664297
64,107,2.695896
65,107,2.686991
66,107,2.685742
67,107,2.678665
68,107,2.686949
69,107,2.687480
70,107,2.684109
71,107,2.692248
72,107,2.684941
73,107,2.669867
74,107,2.674009
75,107,2.670398
76,107,2.664812
77,107,2.670738
78,107,2.666997
79,107,2.659343
80,107,2.694021
81,107,2.690125
82,107,2.686181
83,107,2.680276
84,107,2.682016
85,107,2.677929
86,107,2.677660
87,107,2.692742
88,107,2.673100
89,107,2.672688
90,107,2.672213
91,107,2.671691
92,107,2.671133
93,107,2.666660
94,107,2.662152
95,107,2.661433
96,107,2.695704
97,107,2.692081
98,107,2.692263
99,107,2.684706
100,107,2.684808
101,107,2.688701
102,107,2.682930
103,107,2.688655
104,107,2.680863
105,107,2.674936
106,107,2.668975
107,107,2.676452
108,107,2.672286
109,107,2.668105
110,107,2.671575
111,107,2.671138
112,107,2.704958
113,107,2.701607
114,107,2.705923
115,107,2.683206
116,107,2.679710
117,107,2.676173
118,107,2.672582
119,107,2.668947
120,107,2.672953
121,107,2.669221
122,107,2.665441
123,107,2.669317
124,107,2.669292
125,107,2.665368
126,107,2.653688
127,107,2.657372
128,107,2.695834
129,107,2.681202
130,107,2.674232
131,107,2.667198
132,107,2.675537
133,107,2.668404
134,107,2.649674
135,107,2.650159
136,107,2.642894
137,107,2.643279
138,107,2.643610
139,107,2.643898
140,107,2.640279
141,107,2.640484
142,107,2.632920
143,107,2.633011
144,107,2.694700
145,107,2.690858
146,107,2.686952
147,107,2.679148
148,107,2.679002
149,107,2.678805
150,107,2.674708
151,107,2.678283
152,107,2.674092
153,107,2.666013
154,107,2.669432
155,107,2.661258
156,107,2.660728
157,107,2.660149
158,107,2.659536
159,107,2.658875
160,107,2.689393
161,107,2.685815
162,107,2.682176
163,107,2.682356
164,107,2.670916
165,107,2.671001
166,107,2.667186
167,107,2.667163
168,107,2.663253
169,107,2.663149
170,107,2.659130
171,107,2.655078
172,107,2.650979
173,107,2.658377
174,107,2.654182
175,107,2.657645
176,107,2.684176
177,107,2.675984
178,107,2.671583
179,107,2.667147
180,107,2.670368
181,107,2.665834
182,107,2.665104
183,107,2.656618
184,107,2.659627
185,107,2.654894
186,107,2.650110
187,107,2.656834
188,107,2.655801
189,107,2.654716
190,107,2.653579
191,107,2.648536
192,107,2.670409
193,107,2.669113
194,107,2.663909
195,107,2.654797
196,107,2.661042
197,107,2.655672
198,107,2.650246
199,107,2.644762
200,107,2.650779
201,107,2.652884
202,107,2.647225
203,107,2.653063
204,107,2.654988
205,107,2.645307
206,107,2.647107
207,107,2.648844
208,107,2.665927
209,107,2.659829
210,107,2.657516
211,107,2.655136
212,107,2.652701
213,107,2.650183
214,107,2.647593
215,107,2.648784
216,107,2.646063
217,107,2.647106
218,107,2.648073
219,107,2.648962
220,107,2.642081
221,107,2.646664
222,107,2.643459
223,107,2.644022
224,107,2.652221
225,107,2.641054
226,107,2.641356
227,107,2.641583
228,107,2.641701
229,107,2.637888
230,107,2.633962
231,107,2.629936
232,107,2.637383
233,107,2.629300
234,107,2.624979
235,107,2.624386
236,107,2.627535
237,107,2.622880
238,107,2.621945
239,107,2.620905
240,107,2.615874
241,107,2.614586
242,107,2.617004
243,107,2.615453
244,107,2.609896
245,107,2.608068
246,107,2.609949
247,107,2.607812
248,107,2.601686
249,107,2.603091
250,107,2.600500
251,107,2.601577
252,107,2.602500
253,107,2.599393
254,107,2.596087
255,107,2.592610
0,108,2.651710
1,108,2.655615
2,108,2.647817
3,108,2.653363
4,108,2.654937
5,108,2.650582
6,108,2.649950
7,108,2.666529
8,108,2.648326
9,108,2.645398
10,108,2.648132
11,108,2.646916
12,108,2.643645
13,108,2.644118
14,108,2.648354
15,108,2.652470
16,108,2.675748
17,108,2.673900
18,108,2.670012
19,108,2.671824
20,108,2.667749
21,108,2.679009
22,108,2.668974
23,108,2.681969
24,108,2.665998
25,108,2.665339
26,108,2.660760
27,108,2.661864
28,108,2.662904
29,108,2.661925
30,108,2.662812
31,108,2.663623
32,108,2.687462
33,108,2.684275
34,108,2.682928
35,108,2.681526
36,108,2.687761
37,108,2.686207
38,108,2.682675
39,108,2.700254
40,108,2.681180
41,108,2.679381
42,108,2.677504
43,108,2.671727
44,108,2.662036
45,108,2.667695
46,108,2.665575
47,108,2.667264
48,108,2.692011
49,108,2.693570
50,108,2.675822
51,108,2.684988
52,108,2.674835
53,108,2.676184
54,108,2.681318
55,108,2.694118
56,108,2.676042
57,108,2.673324
58,108,2.664775
59,108,2.667733
60,108,2.668712
61,108,2.665787
62,108,2.668576
63,108,2.667477
64,108,2.702929
65,108,2.690171
66,108,2.684934
67,108,2.681719
68,108,2.682308
69,108,2.678995
70,108,2.691045
71,108,2.699193
72,108,2.672618
73,108,2.672964
74,108,2.677116
75,108,2.669675
76,108,2.669878
77,108,2.662327
78,108,2.658582
79,108,2.674053
80,108,2.693329
81,108,2.693283
82,108,2.685500
83,108,2.685360
84,108,2.677466
85,108,2.681084
86,108,2.676948
87,108,2.692042
88,108,2.674325
89,108,2.671971
90,108,2.667657
91,108,2.670986
92,108,2.666560
93,108,2.665953
94,108,2.661428
95,108,2.664560
96,108,2.702696
97,108,2.691367
98,108,2.689637
99,108,2.695551
100,108,2.684094
101,108,2.689913
102,108,2.686068
103,108,2.699498
104,108,2.680147
105,108,2.679998
106,108,2.672111
107,108,2.679587
108,108,2.671572
109,108,2.678944
110,108,2.674701
111,108,2.674269
112,108,2.704227
113,108,2.716299
114,108,2.712895
115,108,2.686332
116,108,2.690550
117,108,2.679302
118,108,2.675702
119,108,2.679773
120,108,2.672234
121,108,2.668503
122,108,2.664721
123,108,2.668599
124,108,2.672427
125,108,2.672355
126,108,2.656823
127,108,2.660506
128,108,2.691252
129,108,2.688182
130,108,2.677359
131,108,2.670325
132,108,2.667107
133,108,2.667691
134,108,2.660510
135,108,2.660995
136,108,2.649863
137,108,2.646397
138,108,2.642896
139,108,2.647031
140,108,2.631859
141,108,2.635898
142,108,2.636055
143,108,2.632295
144,108,2.693983
145,108,2.690126
146,108,2.693942
147,108,2.686134
148,108,2.674433
149,108,2.678089
150,108,2.677844
151,108,2.673715
152,108,2.669522
153,108,2.669150
154,108,2.672568
155,108,2.668247
156,108,2.660011
157,108,2.667152
158,108,2.651113
159,108,2.658157
160,108,2.692530
161,108,2.685100
162,108,2.685329
163,108,2.677790
164,108,2.677923
165,108,2.666451
166,108,2.666475
167,108,2.662614
168,108,2.662557
169,108,2.662439
170,108,2.658436
171,108,2.662090
172,108,2.657991
173,108,2.657697
174,108,2.657341
175,108,2.653012
176,108,2.683387
177,108,2.682892
178,108,2.678495
179,108,2.666344
180,108,2.661849
181,108,2.661143
182,108,2.664256
183,108,2.663466
184,108,2.658773
185,108,2.654029
186,108,2.660794
187,108,2.655948
188,108,2.654904
189,108,2.653808
190,108,2.652897
191,108,2.651706
192,108,2.669726
193,108,2.664576
194,108,2.663239
195,108,2.661832
196,108,2.648812
197,108,2.654999
198,108,2.653424
199,108,2.651792
200,108,2.657808
201,108,2.656059
202,108,2.648487
203,108,2.644692
204,108,2.650468
205,108,2.652330
206,108,2.650276
207,108,2.648173
208,108,2.657549
209,108,2.655301
210,108,2.660707
211,108,2.658325
212,108,2.655874
213,108,2.653354
214,108,2.650777
215,108,2.655819
216,108,2.649228
217,108,2.650284
218,108,2.647395
219,108,2.648297
220,108,2.645252
221,108,2.642126
222,108,2.642786
223,108,2.639494
224,108,2.647691
225,108,2.644226
226,108,2.642599
227,108,2.644749
228,108,2.637159
229,108,2.637195
230,108,2.637118
231,108,2.636958
232,108,2.632828
233,108,2.632463
234,108,2.631991
235,108,2.627541
236,108,2.626850
237,108,2.622174
238,108,2.625104
239,108,2.620191
240,108,2.615172
241,108,2.617733
242,108,2.616293
243,108,2.614738
244,108,2.609193
245,108,2.611196
246,108,2.605366
247,108,2.610947
248,108,2.604798
249,108,2.606215
250,108,2.603618
251,108,2.604707
252,108,2.597900
253,108,2.602494
254,108,2.599199
255,108,2.599569
0,109,2.657501
1,109,2.655660
2,109,2.657528
3,109,2.655401
4,109,2.653136
5,109,2.658443
6,109,2.652062
7,109,2.653259
8,109,2.646626
9,109,2.645669
10,109,2.644577
11,109,2.649150
12,109,2.645904
13,109,2.650255
14,109,2.648737
15,109,2.650950
16,109,2.681957
17,109,2.678189
18,109,2.674340
19,109,2.674976
20,109,2.670903
21,109,2.670608
22,109,2.670207
23,109,2.667793
24,109,2.665310
25,109,2.664652
26,109,2.667766
27,109,2.659256
28,109,2.662209
29,109,2.668937
30,109,2.664047
31,109,2.666771
32,109,2.696408
33,109,2.687427
34,109,2.684171
35,109,2.684682
36,109,2.683213
37,109,2.681660
38,109,2.683910
39,109,2.682225
40,109,2.676638
41,109,2.670972
42,109,2.674890
43,109,2.671041
44,109,2.672522
45,109,2.668564
46,109,2.664530
47,109,2.666231
48,109,2.698697
49,109,2.698341
50,109,2.694090
51,109,2.687857
52,109,2.681553
53,109,2.675209
54,109,2.676516
55,109,2.681622
56,109,2.667394
57,109,2.664688
58,109,2.669635
59,109,2.666824
60,109,2.669724
61,109,2.668737
62,109,2.667698
63,109,2.678167
64,109,2.705924
65,109,2.700881
66,109,2.695789
67,109,2.688706
68,109,2.689295
69,109,2.680202
70,109,2.682620
71,109,2.679209
72,109,2.675751
73,109,2.676097
74,109,2.668689
75,109,2.672791
76,109,2.669141
77,109,2.671221
78,109,2.665549
79,109,2.677166
80,109,2.700294
81,109,2.700273
82,109,2.688631
83,109,2.686573
84,109,2.684467
85,109,2.680387
86,109,2.678185
87,109,2.675951
88,109,2.669801
89,109,2.671221
90,109,2.666891
91,109,2.666381
92,109,2.665806
93,109,2.665182
94,109,2.656819
95,109,2.659949
96,109,2.705787
97,109,2.700252
98,109,2.702360
99,109,2.692861
100,109,2.687184
101,109,2.689149
102,109,2.683378
103,109,2.685248
104,109,2.679382
105,109,2.675379
106,109,2.675197
107,109,2.678805
108,109,2.670804
109,109,2.670477
110,109,2.672005
111,109,2.673507
112,109,2.711163
113,109,2.707809
114,109,2.696706
115,109,2.693269
116,109,2.685907
117,109,2.682371
118,109,2.671081
119,109,2.671296
120,109,2.671467
121,109,2.675441
122,109,2.671644
123,109,2.671669
124,109,2.667791
125,109,2.667719
126,109,2.671451
127,109,2.655870
128,109,2.690458
129,109,2.683536
130,109,2.680420
131,109,2.677240
132,109,2.670170
133,109,2.666903
134,109,2.659738
135,109,2.664076
136,109,2.656807
137,109,2.661038
138,109,2.653670
139,109,2.642399
140,109,2.638797
141,109,2.642840
142,109,2.635273
143,109,2.639234
144,109,2.700923
145,109,2.700918
146,109,2.693175
147,109,2.681516
148,109,2.681359
149,109,2.681177
150,109,2.673226
151,109,2.676803
152,109,2.676463
153,109,2.668385
154,109,2.667950
155,109,2.667482
156,109,2.663098
157,109,2.654828
158,109,2.658068
159,109,2.661243
160,109,2.695633
161,109,2.692058
162,109,2.684567
163,109,2.680896
164,109,2.669472
165,109,2.665691
166,109,2.673436
167,109,2.669565
168,109,2.661795
169,109,2.661667
170,109,2.661508
171,109,2.661300
172,109,2.661045
173,109,2.660742
174,109,2.660392
175,109,2.656125
176,109,2.682647
177,109,2.682152
178,109,2.673902
179,109,2.677162
180,109,2.668815
181,109,2.664271
182,109,2.667384
183,109,2.662741
184,109,2.661900
185,109,2.661009
186,109,2.660067
187,109,2.655222
188,109,2.650324
189,109,2.660802
190,109,2.651947
191,109,2.654598
192,109,2.668754
193,109,2.667445
194,109,2.662228
195,109,2.660810
196,109,2.659351
197,109,2.650115
198,109,2.656233
199,109,2.654588
200,109,2.656754
201,109,2.651139
202,109,2.649317
203,109,2.651288
204,109,2.641655
205,109,2.647355
206,109,2.649139
207,109,2.650876
208,109,2.664090
209,109,2.657974
210,109,2.659513
211,109,2.653262
212,109,2.651313
213,109,2.652643
214,109,2.657754
215,109,2.655104
216,109,2.652364
217,109,2.653418
218,109,2.646674
219,109,2.651427
220,109,2.644525
221,109,2.649119
222,109,2.645907
223,109,2.646482
224,109,2.646954
225,109,2.647355
226,109,2.639945
227,109,2.640167
228,109,2.640295
229,109,2.640311
230,109,2.636395
231,109,2.636232
232,109,2.635950
233,109,2.631729
234,109,2.631254
235,109,2.634505
236,109,2.626104
237,109,2.628194
238,109,2.631078
239,109,2.622301
240,109,2.617253
241,109,2.615931
242,109,2.606754
243,109,2.612873
244,109,2.607295
245,109,2.605430
246,109,2.603418
247,109,2.608944
248,109,2.610482
249,109,2.604157
250,109,2.601521
251,109,2.602570
252,109,2.599594
253,109,2.600292
254,109,2.596954
255,109,2.601132
0,110,2.650937
1,110,2.652955
2,110,2.652900
3,110,2.650778
4,110,2.652371
5,110,2.653830
6,110,2.653232
7,110,2.656359
8,110,2.649731
9,110,2.646834
10,110,2.647672
11,110,2.652248
12,110,2.645154
13,110,2.649508
14,110,2.649921
15,110,2.654063
16,110,2.677368
17,110,2.675529
18,110,2.669740
19,110,2.671560
20,110,2.673288
21,110,2.669162
22,110,2.676487
23,110,2.672166
24,110,2.660054
25,110,2.667121
26,110,2.658712
27,110,2.661762
28,110,2.660880
29,110,2.667643
30,110,2.664680
31,110,2.669347
32,110,2.691278
33,110,2.690036
34,110,2.682927
35,110,2.683470
36,110,2.689706
37,110,2.692021
38,110,2.686580
39,110,2.682982
40,110,2.683190
41,110,2.669831
42,110,2.667985
43,110,2.667986
44,110,2.669869
45,110,2.665895
46,110,2.671510
47,110,2.663565
48,110,2.697958
49,110,2.695676
50,110,2.693353
51,110,2.698663
52,110,2.688522
53,110,2.682179
54,110,2.687323
55,110,2.684724
56,110,2.670497
57,110,2.671644
58,110,2.668886
59,110,2.664149
60,110,2.661270
61,110,2.666062
62,110,2.668876
63,110,2.665845
64,110,2.697454
65,110,2.694338
66,110,2.683467
67,110,2.684105
68,110,2.684677
69,110,2.685216
70,110,2.685707
71,110,2.682297
72,110,2.674985
73,110,2.671477
74,110,2.671775
75,110,2.675877
76,110,2.672225
77,110,2.668526
78,110,2.666706
79,110,2.668690
80,110,2.703375
81,110,2.699485
82,110,2.687842
83,110,2.687709
84,110,2.687528
85,110,2.685373
86,110,2.683170
87,110,2.678993
88,110,2.670931
89,110,2.670510
90,110,2.666188
91,110,2.665670
92,110,2.665103
93,110,2.668231
94,110,2.667555
95,110,2.666831
96,110,2.708846
97,110,2.697515
98,110,2.697696
99,110,2.690140
100,110,2.690225
101,110,2.690263
102,110,2.692197
103,110,2.688287
104,110,2.682421
105,110,2.678417
106,110,2.678235
107,110,2.674135
108,110,2.677699
109,110,2.673512
110,110,2.669267
111,110,2.672687
112,110,2.714170
113,110,2.703127
114,110,2.695888
115,110,2.692427
116,110,2.685089
117,110,2.681554
118,110,2.677965
119,110,2.670480
120,110,2.678339
121,110,2.674606
122,110,2.678533
123,110,2.670852
124,110,2.678533
125,110,2.670755
126,110,2.655222
127,110,2.651200
128,110,2.689632
129,110,2.686563
130,110,2.679594
131,110,2.676415
132,110,2.665494
133,110,2.671859
134,110,2.666615
135,110,2.663239
136,110,2.663692
137,110,2.652521
138,110,2.645146
139,110,2.641581
140,110,2.637967
141,110,2.642023
142,110,2.642165
143,110,2.642256
144,110,2.707813
145,110,2.696250
146,110,2.692361
147,110,2.688405
148,110,2.684397
149,110,2.680363
150,110,2.680118
151,110,2.675989
152,110,2.675648
153,110,2.667571
154,110,2.667135
155,110,2.670521
156,110,2.666152
157,110,2.657866
158,110,2.657253
159,110,2.668149
160,110,2.690967
161,110,2.691246
162,110,2.679919
163,110,2.680113
164,110,2.680240
165,110,2.668760
166,110,2.672644
167,110,2.668775
168,110,2.660989
169,110,2.660877
170,110,2.660718
171,110,2.664364
172,110,2.656404
173,110,2.663808
174,110,2.655752
175,110,2.659206
176,110,2.685729
177,110,2.685234
178,110,2.676985
179,110,2.676392
180,110,2.668045
181,110,2.675059
182,110,2.670466
183,110,2.669675
184,110,2.661129
185,110,2.660237
186,110,2.659295
187,110,2.654449
188,110,2.653420
189,110,2.660029
190,110,2.655026
191,110,2.657676
192,110,2.675684
193,110,2.666685
194,110,2.669173
195,110,2.663901
196,110,2.662442
197,110,2.657057
198,110,2.663174
199,110,2.657675
200,110,2.652135
201,110,2.646518
202,110,2.652418
203,110,2.650534
204,110,2.648589
205,110,2.654304
206,110,2.652233
207,110,2.653969
208,110,2.667180
209,110,2.661079
210,110,2.666452
211,110,2.656364
212,110,2.657747
213,110,2.647519
214,110,2.648761
215,110,2.653800
216,110,2.651042
217,110,2.652079
218,110,2.645316
219,110,2.646198
220,110,2.643149
221,110,2.643853
222,110,2.644492
223,110,2.645029
224,110,2.649351
225,110,2.642026
226,110,2.638465
227,110,2.642500
228,110,2.634901
229,110,2.638765
230,110,2.634807
231,110,2.638474
232,110,2.630480
233,110,2.630087
234,110,2.629587
235,110,2.628958
236,110,2.624383
237,110,2.623547
238,110,2.622592
239,110,2.629222
240,110,2.620316
241,110,2.611284
242,110,2.609807
243,110,2.612068
244,110,2.610338
245,110,2.604615
246,110,2.610304
247,110,2.611990
248,110,2.613523
249,110,2.607191
250,110,2.604550
251,110,2.605593
252,110,2.602610
253,110,2.599449
254,110,2.599956
255,110,2.600274
0,111,2.653983
1,111,2.654079
2,111,2.652104
3,111,2.649987
4,111,2.651564
5,111,2.649175
6,111,2.654361
7,111,2.657493
8,111,2.654721
9,111,2.651829
10,111,2.650744
11,111,2.647619
12,111,2.644381
13,111,2.646793
14,111,2.649117
15,111,2.651337
16,111,2.680424
17,111,2.668956
18,111,2.672802
19,111,2.674626
20,111,2.676375
21,111,2.668382
22,111,2.669931
23,111,2.671392
24,111,2.674693
25,111,2.670204
26,111,2.667559
27,111,2.664832
28,111,2.663953
29,111,2.664939
30,111,2.661978
31,111,2.668573
32,111,2.690506
33,111,2.681543
34,111,2.684086
35,111,2.686539
36,111,2.685071
37,111,2.691240
38,111,2.687728
39,111,2.684132
40,111,2.680471
41,111,2.670984
42,111,2.678754
43,111,2.678756
44,111,2.669082
45,111,2.676667
46,111,2.666873
47,111,2.668560
48,111,2.699102
49,111,2.694893
50,111,2.688719
51,111,2.690176
52,111,2.691578
53,111,2.691015
54,111,2.686545
55,111,2.683929
56,111,2.675498
57,111,2.670850
58,111,2.668092
59,111,2.669118
60,111,2.670109
61,111,2.663343
62,111,2.664214
63,111,2.668904
64,111,2.702440
65,111,2.697381
66,111,2.692289
67,111,2.694853
68,111,2.695442
69,111,2.688258
70,111,2.681043
71,111,2.685338
72,111,2.685731
73,111,2.674518
74,111,2.678668
75,111,2.675046
76,111,2.671394
77,111,2.663841
78,111,2.667799
79,111,2.667856
80,111,2.702541
81,111,2.698650
82,111,2.690858
83,111,2.692650
84,111,2.694395
85,111,2.684533
86,111,2.686181
87,111,2.678150
88,111,2.677775
89,111,2.671574
90,111,2.676899
91,111,2.662895
92,111,2.664252
93,111,2.659781
94,111,2.661040
95,111,2.669973
96,111,2.707986
97,111,2.700508
98,111,2.700705
99,111,2.693132
100,111,2.693216
101,111,2.693271
102,111,2.685555
103,111,2.685498
104,111,2.685410
105,111,2.685258
106,111,2.675443
107,111,2.677122
108,111,2.672985
109,111,2.674560
110,111,2.672251
111,111,2.675679
112,111,2.713300
113,111,2.713818
114,111,2.698865
115,111,2.695412
116,111,2.691927
117,111,2.680682
118,111,2.680934
119,111,2.677301
120,111,2.673617
121,111,2.666034
122,111,2.662255
123,111,2.669985
124,111,2.666091
125,111,2.658313
126,111,2.658191
127,111,2.658021
128,111,2.692588
129,111,2.685668
130,111,2.682553
131,111,2.679388
132,111,2.664620
133,111,2.665207
134,111,2.665744
135,111,2.666230
136,111,2.662805
137,111,2.663192
138,111,2.644284
139,111,2.640714
140,111,2.640953
141,111,2.641161
142,111,2.637446
143,111,2.637538
144,111,2.699244
145,111,2.703091
146,111,2.687625
147,111,2.691392
148,111,2.691238
149,111,2.679500
150,111,2.679254
151,111,2.678978
152,111,2.674785
153,111,2.674414
154,111,2.666289
155,111,2.661951
156,111,2.661435
157,111,2.660871
158,111,2.664093
159,111,2.667284
160,111,2.697884
161,111,2.690431
162,111,2.686801
163,111,2.679271
164,111,2.675545
165,111,2.675625
166,111,2.675640
167,111,2.667919
168,111,2.664003
169,111,2.667745
170,111,2.659881
171,111,2.663528
172,111,2.667127
173,111,2.655267
174,111,2.662622
175,111,2.666077
176,111,2.688748
177,111,2.688253
178,111,2.680003
179,111,2.675558
180,111,2.671063
181,111,2.666537
182,111,2.665796
183,111,2.661152
184,111,2.660311
185,111,2.659420
186,111,2.662330
187,111,2.669059
188,111,2.660307
189,111,2.659209
190,111,2.658059
191,111,2.653020
192,111,2.678733
193,111,2.677421
194,111,2.668368
195,111,2.659241
196,111,2.661617
197,111,2.652396
198,111,2.654659
199,111,2.660734
200,111,2.655175
201,111,2.649575
202,111,2.655456
203,111,2.653570
204,111,2.655494
205,111,2.649649
206,111,2.647577
207,111,2.653164
208,111,2.670226
209,111,2.667977
210,111,2.665642
211,111,2.659404
212,111,2.660785
213,111,2.654408
214,111,2.659518
215,111,2.656831
216,111,2.654089
217,111,2.647418
218,111,2.648358
219,111,2.656943
220,111,2.646186
221,111,2.646905
222,111,2.647523
223,111,2.644222
224,111,2.652394
225,111,2.648920
226,111,2.649208
227,111,2.649386
228,111,2.637931
229,111,2.637939
230,111,2.645555
231,111,2.637659
232,111,2.633514
233,111,2.636970
234,111,2.628761
235,111,2.632000
236,111,2.627401
237,111,2.630413
238,111,2.629453
239,111,2.624520
240,111,2.619463
241,111,2.614278
242,111,2.612816
243,111,2.611240
244,111,2.613358
245,111,2.611481
246,111,2.621018
247,111,2.607287
248,111,2.604961
249,111,2.610182
250,111,2.603681
251,111,2.604717
252,111,2.601750
253,111,2.602434
254,111,2.599082
255,111,2.599393
0,112,2.651931
1,112,2.657843
2,112,2.653954
3,112,2.651870
4,112,2.657353
5,112,2.651121
6,112,2.652485
7,112,2.649868
8,112,2.658684
9,112,2.655799
10,112,2.656669
11,112,2.653571
12,112,2.650359
13,112,2.658595
14,112,2.651293
15,112,2.655463
16,112,2.678795
17,112,2.678909
18,112,2.671220
19,112,2.674992
20,112,2.672891
21,112,2.674551
22,112,2.676817
23,112,2.670575
24,112,2.670026
25,112,2.673245
26,112,2.672529
27,112,2.671731
28,112,2.672780
29,112,2.677604
30,112,2.672718
31,112,2.675463
32,112,2.697398
33,112,2.699995
34,112,2.690963
35,112,2.693418
36,112,2.688099
37,112,2.694288
38,112,2.688833
39,112,2.683312
40,112,2.687358
41,112,2.691339
42,112,2.685644
43,112,2.691426
44,112,2.685588
45,112,2.685487
46,112,2.689161
47,112,2.686996
48,112,2.704055
49,112,2.701773
50,112,2.703287
51,112,2.702837
52,112,2.698459
53,112,2.692119
54,112,2.689558
55,112,2.683089
56,112,2.688144
57,112,2.685422
58,112,2.690370
59,112,2.681764
60,112,2.682755
61,112,2.681751
62,112,2.680713
63,112,2.679625
64,112,2.715069
65,112,2.704248
66,112,2.704918
67,112,2.701703
68,112,2.702291
69,112,2.698978
70,112,2.691744
71,112,2.686407
72,112,2.684873
73,112,2.683273
74,112,2.685496
75,112,2.681891
76,112,2.689797
77,112,2.682244
78,112,2.682348
79,112,2.680459
80,112,2.717069
81,112,2.713177
82,112,2.701532
83,112,2.699470
84,112,2.701213
85,112,2.693276
86,112,2.687218
87,112,2.686890
88,112,2.692294
89,112,2.688016
90,112,2.687543
91,112,2.683169
92,112,2.682617
93,112,2.681997
94,112,2.681327
95,112,2.684461
96,112,2.718581
97,112,2.711130
98,112,2.709392
99,112,2.703780
100,112,2.696158
101,112,2.700066
102,112,2.692349
103,112,2.698088
104,112,2.686423
105,112,2.684343
106,112,2.691866
107,112,2.691617
108,112,2.683627
109,112,2.690987
110,112,2.682898
111,112,2.690152
112,112,2.720076
113,112,2.712890
114,112,2.713340
115,112,2.694487
116,112,2.687151
117,112,2.683599
118,112,2.683870
119,112,2.684087
120,112,2.678480
121,112,2.684382
122,112,2.676732
123,112,2.669051
124,112,2.680585
125,112,2.672807
126,112,2.672685
127,112,2.676367
128,112,2.710922
129,112,2.704006
130,112,2.693185
131,112,2.690021
132,112,2.679100
133,112,2.671971
134,112,2.668675
135,112,2.661456
136,112,2.658040
137,112,2.666126
138,112,2.670317
139,112,2.666771
140,112,2.663157
141,112,2.663343
142,112,2.663502
143,112,2.667447
144,112,2.721427
145,112,2.717587
146,112,2.702120
147,112,2.702036
148,112,2.698030
149,112,2.693998
150,112,2.686046
151,112,2.681918
152,112,2.685448
153,112,2.688911
154,112,2.688493
155,112,2.695712
156,112,2.675933
157,112,2.667541
158,112,2.670771
159,112,2.670080
160,112,2.720088
161,112,2.708802
162,112,2.705174
163,112,2.697644
164,112,2.686196
165,112,2.693983
166,112,2.690163
167,112,2.686296
168,112,2.682381
169,112,2.686124
170,112,2.682113
171,112,2.689614
172,112,2.670096
173,112,2.665942
174,112,2.669445
175,112,2.661342
176,112,2.707129
177,112,2.706653
178,112,2.702256
179,112,2.693958
180,112,2.681758
181,112,2.684919
182,112,2.684178
183,112,2.687258
184,112,2.674858
185,112,2.677819
186,112,2.680747
187,112,2.679752
188,112,2.663295
189,112,2.658343
190,112,2.657210
191,112,2.656006
192,112,2.704853
193,112,2.699687
194,112,2.690615
195,112,2.685358
196,112,2.680027
197,112,2.678512
198,112,2.676920
199,112,2.682995
200,112,2.681287
201,112,2.679539
202,112,2.677731
203,112,2.687402
204,112,2.666207
205,112,2.660343
206,112,2.665993
207,112,2.652314
208,112,2.692491
209,112,2.690240
210,112,2.684069
211,112,2.681663
212,112,2.675355
213,112,2.672829
214,112,2.674065
215,112,2.671394
216,112,2.672502
217,112,2.665829
218,112,2.670638
219,112,2.675349
220,112,2.656883
221,112,2.653747
222,112,2.650528
223,112,2.647225
224,112,2.674658
225,112,2.671180
226,112,2.663760
227,112,2.667807
228,112,2.664054
229,112,2.664058
230,112,2.660112
231,112,2.659918
232,112,2.659622
233,112,2.655368
234,112,2.650114
235,112,2.657179
236,112,2.644868
237,112,2.636293
238,112,2.635305
239,112,2.638048
240,112,2.648371
241,112,2.643156
242,112,2.637830
243,112,2.640053
244,112,2.642138
245,112,2.636374
246,112,2.642021
247,112,2.635982
248,112,2.633618
249,112,2.631094
250,112,2.636112
251,112,2.633277
252,112,2.610981
253,112,2.611622
254,112,2.612101
255,112,2.604659
0,113,2.652966
1,113,2.655008
2,113,2.656925
3,113,2.654847
4,113,2.656461
5,113,2.657961
6,113,2.655455
7,113,2.656696
8,113,2.650084
9,113,2.653004
10,113,2.651952
11,113,2.652689
12,113,2.653335
13,113,2.653870
14,113,2.652349
15,113,2.650744
16,113,2.677933
17,113,2.674198
18,113,2.678049
19,113,2.676046
20,113,2.673949
21,113,2.669832
22,113,2.669458
23,113,2.669016
24,113,2.668487
25,113,2.671726
26,113,2.667176
27,113,2.670250
28,113,2.669391
29,113,2.674233
30,113,2.671291
31,113,2.677906
32,113,2.692152
33,113,2.690913
34,113,2.693455
35,113,2.692074
36,113,2.686770
37,113,2.683323
38,113,2.681736
39,113,2.685862
40,113,2.684143
41,113,2.690065
42,113,2.692070
43,113,2.690160
44,113,2.690135
45,113,2.686175
46,113,2.687935
47,113,2.685783
48,113,2.702855
49,113,2.700586
50,113,2.704038
51,113,2.703581
52,113,2.693455
53,113,2.698666
54,113,2.688410
55,113,2.697383
56,113,2.683167
57,113,2.688160
58,113,2.681562
59,113,2.682598
60,113,2.683600
61,113,2.680679
62,113,2.677726
63,113,2.682408
64,113,2.710176
65,113,2.707052
66,113,2.707749
67,113,2.704525
68,113,2.697418
69,113,2.690261
70,113,2.692669
71,113,2.687341
72,113,2.683890
73,113,2.691999
74,113,2.682663
75,113,2.677132
76,113,2.681165
77,113,2.681316
78,113,2.681420
79,113,2.681475
80,113,2.714232
81,113,2.700687
82,113,2.706378
83,113,2.704315
84,113,2.700277
85,113,2.696192
86,113,2.688206
87,113,2.691730
88,113,2.687499
89,113,2.687073
90,113,2.682746
91,113,2.686075
92,113,2.689355
93,113,2.686806
94,113,2.680355
95,113,2.683506
96,113,2.715714
97,113,2.708244
98,113,2.712285
99,113,2.698940
100,113,2.697126
101,113,2.702958
102,113,2.689460
103,113,2.693273
104,113,2.687387
105,113,2.691084
106,113,2.690901
107,113,2.692577
108,113,2.686519
109,113,2.688092
110,113,2.689643
111,113,2.685337
112,113,2.722960
113,113,2.717671
114,113,2.712362
115,113,2.703151
116,113,2.691943
117,113,2.680699
118,113,2.684824
119,113,2.686973
120,113,2.679420
121,113,2.675691
122,113,2.675764
123,113,2.683495
124,113,2.675765
125,113,2.671839
126,113,2.673644
127,113,2.679252
128,113,2.709942
129,113,2.699174
130,113,2.684502
131,113,2.685192
132,113,2.674273
133,113,2.674861
134,113,2.656124
135,113,2.664318
136,113,2.668628
137,113,2.665163
138,113,2.665501
139,113,2.665784
140,113,2.666043
141,113,2.670085
142,113,2.674078
143,113,2.674187
144,113,2.716610
145,113,2.712769
146,113,2.708861
147,113,2.701070
148,113,2.697066
149,113,2.696887
150,113,2.681230
151,113,2.680955
152,113,2.680633
153,113,2.687948
154,113,2.691382
155,113,2.694665
156,113,2.671003
157,113,2.674282
158,113,2.673659
159,113,2.672987
160,113,2.711440
161,113,2.715547
162,113,2.704214
163,113,2.692833
164,113,2.689110
165,113,2.689192
166,113,2.685374
167,113,2.681508
168,113,2.677594
169,113,2.685190
170,113,2.685033
171,113,2.684828
172,113,2.669164
173,113,2.668863
174,113,2.660808
175,113,2.664283
176,113,2.702365
177,113,2.698018
178,113,2.693621
179,113,2.689176
180,113,2.688553
181,113,2.680156
182,113,2.679415
183,113,2.674621
184,113,2.673769
185,113,2.676719
186,113,2.679637
187,113,2.674779
188,113,2.658310
189,113,2.657219
190,113,2.656056
191,113,2.662565
192,113,2.703676
193,113,2.694665
194,113,2.693286
195,113,2.691871
196,113,2.690380
197,113,2.677294
198,113,2.671836
199,113,2.674046
200,113,2.672344
201,113,2.685974
202,113,2.680300
203,113,2.678418
204,113,2.661043
205,113,2.659037
206,113,2.649261
207,113,2.654832
208,113,2.691141
209,113,2.685022
210,113,2.674982
211,113,2.680286
212,113,2.677794
213,113,2.667546
214,113,2.668785
215,113,2.669950
216,113,2.663335
217,113,2.672056
218,113,2.672994
219,113,2.673853
220,113,2.651515
221,113,2.652213
222,113,2.648974
223,113,2.653356
224,113,2.665357
225,113,2.673417
226,113,2.665975
227,113,2.662294
228,113,2.662371
229,113,2.658499
230,113,2.654529
231,113,2.654311
232,113,2.653990
233,113,2.661269
234,113,2.653051
235,113,2.656259
236,113,2.636237
237,113,2.639216
238,113,2.638245
239,113,2.640983
240,113,2.647448
241,113,2.642227
242,113,2.640750
243,113,2.639114
244,113,2.633487
245,113,2.639298
246,113,2.637234
247,113,2.631166
248,113,2.632672
249,113,2.645552
250,113,2.635175
251,113,2.636163
252,113,2.617737
253,113,2.614517
254,113,2.614965
255,113,2.611392
0,114,2.656600
1,114,2.656750
2,114,2.654850
3,114,2.658562
4,114,2.652502
5,114,2.659814
6,114,2.657339
7,114,2.654757
8,114,2.650101
9,114,2.649197
10,114,2.646225
11,114,2.654717
12,114,2.652415
13,114,2.645248
14,114,2.649510
15,114,2.649836
16,114,2.684734
17,114,2.677129
18,114,2.671373
19,114,2.673204
20,114,2.676889
21,114,2.676630
22,114,2.680110
23,114,2.673892
24,114,2.667587
25,114,2.670829
26,114,2.668187
27,114,2.669338
28,114,2.672334
29,114,2.677178
30,114,2.674239
31,114,2.671203
32,114,2.693157
33,114,2.693847
34,114,2.692538
35,114,2.687306
36,114,2.689710
37,114,2.688192
38,114,2.686606
39,114,2.692660
40,114,2.687089
41,114,2.685307
42,114,2.691167
43,114,2.681553
44,114,2.687288
45,114,2.689109
46,114,2.681238
47,114,2.686792
48,114,2.701939
49,114,2.701597
50,114,2.697345
51,114,2.698815
52,114,2.692523
53,114,2.701607
54,114,2.699057
55,114,2.696453
56,114,2.686089
57,114,2.683397
58,114,2.678706
59,114,2.679742
60,114,2.682671
61,114,2.685529
62,114,2.684483
63,114,2.685332
64,114,2.705374
65,114,2.711901
66,114,2.704874
67,114,2.703595
68,114,2.694541
69,114,2.698943
70,114,2.699423
71,114,2.694095
72,114,2.686771
73,114,2.683272
74,114,2.679725
75,114,2.668403
76,114,2.682096
77,114,2.678404
78,114,2.676569
79,114,2.676633
80,114,2.711325
81,114,2.707440
82,114,2.699616
83,114,2.703332
84,114,2.695440
85,114,2.695206
86,114,2.698777
87,114,2.690741
88,114,2.686509
89,114,2.686081
90,114,2.677899
91,114,2.685079
92,114,2.680651
93,114,2.683880
94,114,2.683206
95,114,2.686335
96,114,2.714705
97,114,2.722646
98,114,2.709348
99,114,2.705656
100,114,2.701895
101,114,2.701939
102,114,2.694229
103,114,2.694187
104,114,2.690225
105,114,2.691995
106,114,2.689886
107,114,2.689634
108,114,2.681655
109,114,2.681301
110,114,2.688631
111,114,2.684324
112,114,2.716150
113,114,2.714725
114,114,2.703638
115,114,2.692472
116,114,2.688991
117,114,2.683534
118,114,2.678027
119,114,2.682082
120,114,2.682255
121,114,2.686230
122,114,2.682452
123,114,2.682477
124,114,2.682433
125,114,2.682359
126,114,2.678385
127,114,2.678213
128,114,2.708890
129,114,2.698125
130,114,2.691158
131,114,2.687997
132,114,2.673247
133,114,2.681542
134,114,2.666669
135,114,2.663295
136,114,2.671439
137,114,2.667996
138,114,2.672187
139,114,2.672475
140,114,2.668861
141,114,2.672921
142,114,2.669208
143,114,2.669320
144,114,2.715594
145,114,2.704048
146,114,2.696287
147,114,2.703907
148,114,2.688346
149,114,2.692021
150,114,2.684068
151,114,2.683794
152,114,2.683472
153,114,2.686850
154,114,2.690275
155,114,2.682093
156,114,2.681567
157,114,2.684825
158,114,2.672644
159,114,2.679677
160,114,2.714281
161,114,2.710703
162,114,2.707077
163,114,2.695698
164,114,2.695829
165,114,2.684354
166,114,2.688242
167,114,2.684376
168,114,2.680463
169,114,2.684208
170,114,2.687904
171,114,2.679994
172,114,2.672036
173,114,2.679441
174,114,2.663622
175,114,2.667068
176,114,2.697435
177,114,2.696930
178,114,2.688692
179,114,2.688089
180,114,2.683584
181,114,2.675197
182,114,2.674445
183,114,2.677496
184,114,2.672811
185,114,2.675760
186,114,2.667120
187,114,2.669967
188,114,2.672781
189,114,2.671670
190,114,2.658968
191,114,2.661603
192,114,2.695028
193,114,2.689849
194,114,2.684636
195,114,2.679368
196,114,2.674023
197,114,2.674420
198,114,2.674761
199,114,2.661538
200,114,2.675246
201,114,2.673484
202,114,2.671662
203,114,2.673611
204,114,2.667813
205,114,2.673510
206,114,2.659880
207,114,2.665450
208,114,2.686344
209,114,2.684076
210,114,2.681741
211,114,2.671631
212,114,2.673010
213,114,2.672392
214,114,2.667849
215,114,2.672865
216,114,2.670100
217,114,2.667260
218,114,2.664342
219,114,2.669051
220,114,2.662122
221,114,2.662816
222,114,2.655721
223,114,2.652395
224,114,2.672098
225,114,2.668617
226,114,2.661172
227,114,2.661340
228,114,2.657560
229,114,2.653685
230,114,2.657438
231,114,2.653363
232,114,2.653038
233,114,2.652607
234,114,2.652090
235,114,2.647588
236,114,2.646825
237,114,2.645969
238,114,2.641118
239,114,2.636168
240,114,2.642628
241,114,2.645107
242,114,2.639771
243,114,2.634277
244,114,2.631367
245,114,2.637120
246,114,2.635043
247,114,2.625085
248,114,2.626553
249,114,2.627835
250,114,2.628977
251,114,2.626069
252,114,2.626864
253,114,2.623625
254,114,2.608615
255,114,2.612702
0,115,2.655622
1,115,2.651926
2,115,2.659639
3,115,2.651822
4,115,2.649620
5,115,2.654988
6,115,2.658296
7,115,2.657647
8,115,2.654921
9,115,2.655925
10,115,2.649128
11,115,2.653748
12,115,2.650550
13,115,2.653042
14,115,2.651550
15,115,2.655754
16,115,2.675242
17,115,2.677315
18,115,2.679265
19,115,2.679215
20,115,2.671342
21,115,2.674957
22,115,2.672679
23,115,2.678041
24,115,2.669830
25,115,2.673070
26,115,2.670469
27,115,2.671638
28,115,2.670779
29,115,2.677567
30,115,2.670794
31,115,2.671627
32,115,2.693598
33,115,2.688526
34,115,2.689160
35,115,2.691628
36,115,2.688753
37,115,2.675678
38,115,2.689506
39,115,2.687856
40,115,2.686140
41,115,2.692065
42,115,2.690220
43,115,2.688313
44,115,2.694028
45,115,2.684292
46,115,2.686054
47,115,2.683924
48,115,2.700979
49,115,2.698711
50,115,2.700239
51,115,2.703636
52,115,2.683860
53,115,2.692924
54,115,2.696154
55,115,2.697402
56,115,2.687060
57,115,2.684348
58,115,2.687363
59,115,2.690324
60,115,2.681697
61,115,2.682628
62,115,2.681581
63,115,2.682410
64,115,2.708252
65,115,2.701273
66,115,2.709677
67,115,2.706452
68,115,2.695471
69,115,2.690241
70,115,2.690719
71,115,2.693097
72,115,2.689625
73,115,2.682272
74,115,2.682556
75,115,2.675107
76,115,2.681094
77,115,2.679306
78,115,2.675564
79,115,2.683333
80,115,2.718002
81,115,2.710264
82,115,2.698624
83,115,2.698474
84,115,2.694444
85,115,2.690365
86,115,2.695870
87,115,2.693555
88,115,2.689322
89,115,2.688870
90,115,2.690318
91,115,2.684011
92,115,2.683434
93,115,2.686661
94,115,2.685984
95,115,2.685258
96,115,2.715593
97,115,2.715828
98,115,2.716015
99,115,2.702669
100,115,2.693127
101,115,2.697023
102,115,2.689335
103,115,2.693135
104,115,2.689161
105,115,2.689003
106,115,2.688819
107,115,2.686639
108,115,2.686372
109,115,2.684090
110,115,2.683707
111,115,2.685187
112,115,2.716995
113,115,2.702085
114,115,2.702559
115,115,2.691401
116,115,2.695627
117,115,2.688244
118,115,2.690417
119,115,2.684862
120,115,2.688889
121,115,2.685161
122,115,2.685215
123,115,2.685240
124,115,2.685216
125,115,2.681290
126,115,2.677315
127,115,2.677144
128,115,2.711660
129,115,2.708602
130,115,2.693930
131,115,2.683064
132,115,2.676000
133,115,2.672738
134,115,2.669447
135,115,2.669936
136,115,2.670374
137,115,2.666910
138,115,2.663411
139,115,2.671405
140,115,2.667792
141,115,2.675708
142,115,2.671995
143,115,2.672107
144,115,2.706822
145,115,2.699130
146,115,2.699072
147,115,2.691281
148,115,2.683428
149,115,2.694809
150,115,2.686856
151,115,2.686582
152,115,2.682333
153,115,2.689659
154,115,2.693063
155,115,2.681028
156,115,2.680502
157,115,2.676075
158,115,2.679305
159,115,2.678632
160,115,2.705512
161,115,2.705788
162,115,2.694458
163,115,2.686933
164,115,2.679360
165,115,2.687150
166,115,2.683333
167,115,2.679491
168,115,2.675578
169,115,2.683145
170,115,2.679127
171,115,2.682766
172,115,2.667093
173,115,2.662952
174,115,2.666447
175,115,2.666040
176,115,2.696428
177,115,2.688218
178,115,2.683812
179,115,2.683231
180,115,2.678726
181,115,2.678023
182,115,2.673440
183,115,2.668784
184,115,2.675658
185,115,2.674754
186,115,2.673820
187,115,2.672812
188,115,2.664069
189,115,2.662978
190,115,2.665665
191,115,2.660615
192,115,2.686312
193,115,2.681154
194,115,2.679793
195,115,2.682230
196,115,2.669177
197,115,2.667648
198,115,2.669914
199,115,2.672122
200,115,2.670396
201,115,2.668633
202,115,2.678368
203,115,2.676483
204,115,2.659125
205,115,2.657116
206,115,2.658895
207,115,2.664463
208,115,2.685377
209,115,2.675379
210,115,2.673042
211,115,2.674488
212,115,2.668181
213,115,2.669487
214,115,2.670721
215,115,2.668029
216,115,2.661409
217,115,2.662418
218,115,2.667203
219,115,2.668057
220,115,2.660489
221,115,2.653481
222,115,2.654071
223,115,2.654577
224,115,2.662700
225,115,2.659199
226,115,2.663290
227,115,2.655729
228,115,2.648097
229,115,2.655756
230,115,2.651757
231,115,2.655386
232,115,2.651182
233,115,2.654578
234,115,2.654035
235,115,2.649505
236,115,2.637180
237,115,2.640124
238,115,2.631415
239,115,2.641822
240,115,2.640570
241,115,2.635311
242,115,2.633796
243,115,2.635973
244,115,2.630330
245,115,2.636101
246,115,2.626288
247,115,2.631759
248,115,2.625515
249,115,2.630642
250,115,2.627924
251,115,2.625036
252,115,2.614265
253,115,2.610992
254,115,2.611411
255,115,2.611637
0,116,2.655307
1,116,2.655499
2,116,2.651689
3,116,2.657367
4,116,2.651345
5,116,2.660598
6,116,2.660085
7,116,2.647908
8,116,2.652918
9,116,2.646245
10,116,2.648112
11,116,2.648908
12,116,2.657272
13,116,2.653966
14,116,2.646698
15,116,2.650907
16,116,2.678105
17,116,2.682084
18,116,2.674430
19,116,2.674360
20,116,2.676145
21,116,2.677814
22,116,2.673613
23,116,2.669346
24,116,2.668821
25,116,2.672086
26,116,2.675244
27,116,2.670638
28,116,2.669780
29,116,2.665014
30,116,2.664022
31,116,2.674490
32,116,2.696463
33,116,2.693320
34,116,2.690081
35,116,2.688720
36,116,2.691142
37,116,2.689619
38,116,2.688051
39,116,2.686416
40,116,2.684714
41,116,2.686779
42,116,2.692654
43,116,2.684982
44,116,2.688805
45,116,2.684862
46,116,2.686637
47,116,2.682573
48,116,2.703493
49,116,2.703164
50,116,2.696999
51,116,2.696555
52,116,2.686423
53,116,2.701278
54,116,2.692961
55,116,2.698073
56,116,2.689647
57,116,2.692726
58,116,2.676487
59,116,2.679459
60,116,2.676600
61,116,2.673710
62,116,2.682486
63,116,2.675609
64,116,2.714914
65,116,2.709884
66,116,2.708634
67,116,2.699628
68,116,2.696374
69,116,2.694975
70,116,2.691600
71,116,2.692051
72,116,2.688577
73,116,2.688931
74,116,2.681507
75,116,2.681763
76,116,2.678095
77,116,2.678254
78,116,2.678343
79,116,2.680332
80,116,2.716947
81,116,2.709208
82,116,2.709148
83,116,2.705188
84,116,2.693473
85,116,2.693042
86,116,2.685084
87,116,2.684782
88,116,2.688285
89,116,2.684034
90,116,2.683586
91,116,2.682984
92,116,2.678575
93,116,2.681592
94,116,2.680936
95,116,2.680231
96,116,2.718290
97,116,2.714694
98,116,2.711050
99,116,2.713137
100,116,2.699766
101,116,2.703683
102,116,2.695995
103,116,2.688258
104,116,2.692033
105,116,2.687825
106,116,2.683757
107,116,2.683525
108,116,2.683262
109,116,2.682930
110,116,2.682547
111,116,2.678261
112,116,2.711996
113,116,2.708659
114,116,2.697576
115,116,2.694148
116,116,2.690670
117,116,2.683288
118,116,2.687416
119,116,2.685714
120,116,2.689741
121,116,2.691793
122,116,2.684163
123,116,2.691894
124,116,2.680312
125,116,2.684091
126,116,2.683969
127,116,2.679944
128,116,2.710594
129,116,2.703685
130,116,2.689014
131,116,2.678150
132,116,2.671087
133,116,2.671679
134,116,2.668367
135,116,2.668857
136,116,2.665443
137,116,2.677390
138,116,2.673876
139,116,2.670312
140,116,2.674403
141,116,2.678445
142,116,2.674731
143,116,2.670966
144,116,2.717240
145,116,2.709525
146,116,2.705613
147,116,2.693946
148,116,2.697655
149,116,2.685896
150,116,2.677887
151,116,2.677810
152,116,2.681309
153,116,2.688612
154,116,2.688162
155,116,2.691515
156,116,2.679409
157,116,2.682664
158,116,2.682018
159,116,2.677469
160,116,2.704351
161,116,2.700754
162,116,2.700961
163,116,2.697494
164,116,2.687973
165,116,2.689969
166,116,2.678416
167,116,2.678373
168,116,2.685988
169,116,2.678143
170,116,2.681809
171,116,2.681799
172,116,2.669957
173,116,2.669625
174,116,2.669244
175,116,2.668838
176,116,2.703058
177,116,2.694848
178,116,2.690464
179,116,2.689861
180,116,2.681525
181,116,2.676970
182,116,2.668534
183,116,2.671583
184,116,2.678457
185,116,2.673700
186,116,2.680471
187,116,2.679485
188,116,2.670719
189,116,2.665775
190,116,2.660779
191,116,2.663411
192,116,2.696835
193,116,2.691676
194,116,2.682321
195,116,2.680870
196,116,2.683239
197,116,2.677844
198,116,2.664686
199,116,2.666881
200,116,2.676723
201,116,2.674946
202,116,2.669256
203,116,2.675063
204,116,2.665397
205,116,2.663373
206,116,2.661285
207,116,2.666838
208,116,2.683884
209,116,2.677745
210,116,2.671539
211,116,2.669117
212,116,2.674330
213,116,2.667913
214,116,2.665277
215,116,2.662590
216,116,2.667510
217,116,2.664649
218,116,2.661709
219,116,2.666420
220,116,2.659468
221,116,2.656286
222,116,2.653044
223,116,2.657398
224,116,2.665518
225,116,2.665867
226,116,2.662248
227,116,2.658536
228,116,2.654753
229,116,2.658554
230,116,2.650723
231,116,2.650470
232,116,2.653992
233,116,2.653529
234,116,2.649130
235,116,2.644620
236,116,2.639970
237,116,2.642934
238,116,2.634195
239,116,2.636916
240,116,2.647217
241,116,2.641951
242,116,2.636578
243,116,2.638775
244,116,2.633126
245,116,2.635012
246,116,2.627848
247,116,2.625576
248,116,2.630852
249,116,2.628233
250,116,2.625474
251,116,2.626395
252,116,2.615581
253,116,2.616143
254,116,2.612663
255,116,2.608988
0,117,2.654243
1,117,2.648662
2,117,2.654490
3,117,2.656321
4,117,2.658010
5,117,2.659562
6,117,2.649423
7,117,2.654564
8,117,2.648020
9,117,2.652910
10,117,2.646122
11,117,2.654628
12,117,2.651460
13,117,2.655886
14,117,2.652496
15,117,2.649026
16,117,2.676247
17,117,2.674471
18,117,2.674522
19,117,2.670647
20,117,2.676284
21,117,2.668342
22,117,2.671867
23,117,2.667622
24,117,2.674822
25,117,2.670379
26,117,2.665875
27,117,2.668969
28,117,2.668154
29,117,2.671680
30,117,2.666839
31,117,2.669602
32,117,2.695432
33,117,2.686488
34,117,2.689054
35,117,2.691524
36,117,2.690095
37,117,2.694377
38,117,2.690861
39,117,2.689227
40,117,2.691358
41,117,2.683814
42,117,2.687765
43,117,2.685873
44,117,2.691602
45,117,2.689586
46,117,2.683657
47,117,2.685373
48,117,2.702442
49,117,2.698238
50,117,2.697852
51,117,2.699336
52,117,2.696910
53,117,2.694451
54,117,2.695813
55,117,2.693267
56,117,2.686582
57,117,2.687781
58,117,2.683147
59,117,2.686166
60,117,2.679500
61,117,2.676403
62,117,2.681191
63,117,2.674370
64,117,2.713732
65,117,2.706809
66,117,2.703456
67,117,2.700285
68,117,2.704771
69,117,2.699574
70,117,2.690475
71,117,2.687106
72,117,2.681529
73,117,2.683841
74,117,2.682313
75,117,2.684519
76,117,2.675117
77,117,2.681078
78,117,2.679050
79,117,2.677209
80,117,2.715774
81,117,2.702278
82,117,2.704144
83,117,2.696331
84,117,2.696174
85,117,2.695970
86,117,2.693553
87,117,2.691324
88,117,2.679415
89,117,2.682868
90,117,2.686272
91,117,2.678069
92,117,2.675595
93,117,2.684630
94,117,2.679755
95,117,2.679047
96,117,2.719052
97,117,2.707751
98,117,2.706034
99,117,2.702343
100,117,2.704382
101,117,2.706374
102,117,2.694832
103,117,2.690949
104,117,2.687017
105,117,2.684725
106,117,2.682624
107,117,2.686203
108,117,2.682094
109,117,2.681761
110,117,2.679452
111,117,2.680945
112,117,2.714663
113,117,2.711337
114,117,2.700255
115,117,2.700681
116,117,2.693351
117,117,2.687897
118,117,2.690093
119,117,2.692246
120,117,2.686643
121,117,2.690622
122,117,2.690698
123,117,2.686872
124,117,2.684923
125,117,2.679071
126,117,2.682800
127,117,2.678774
128,117,2.701704
129,117,2.696724
130,117,2.691699
131,117,2.680836
132,117,2.669921
133,117,2.670512
134,117,2.667201
135,117,2.671543
136,117,2.675835
137,117,2.672371
138,117,2.672704
139,117,2.672993
140,117,2.677085
141,117,2.669568
142,117,2.677413
143,117,2.677502
144,117,2.712217
145,117,2.704501
146,117,2.700588
147,117,2.700478
148,117,2.692630
149,117,2.684678
150,117,2.684420
151,117,2.680500
152,117,2.683998
153,117,2.687448
154,117,2.690849
155,117,2.694202
156,117,2.693653
157,117,2.693054
158,117,2.692406
159,117,2.691709
160,117,2.710888
161,117,2.703438
162,117,2.692361
163,117,2.696363
164,117,2.684906
165,117,2.688812
166,117,2.677259
167,117,2.669511
168,117,2.680978
169,117,2.684691
170,117,2.680887
171,117,2.680651
172,117,2.684220
173,117,2.683887
174,117,2.679653
175,117,2.679223
176,117,2.705714
177,117,2.697480
178,117,2.689432
179,117,2.688805
180,117,2.680423
181,117,2.679697
182,117,2.674906
183,117,2.670216
184,117,2.677268
185,117,2.680181
186,117,2.675337
187,117,2.674294
188,117,2.677050
189,117,2.675902
190,117,2.674935
191,117,2.673679
192,117,2.695486
193,117,2.682563
194,117,2.684995
195,117,2.683755
196,117,2.678369
197,117,2.676780
198,117,2.675132
199,117,2.665720
200,117,2.666118
201,117,2.673924
202,117,2.675891
203,117,2.677820
204,117,2.675857
205,117,2.669979
206,117,2.679447
207,117,2.677316
208,117,2.682801
209,117,2.676661
210,117,2.674305
211,117,2.675733
212,117,2.680967
213,117,2.670695
214,117,2.668056
215,117,2.661490
216,117,2.670285
217,117,2.667420
218,117,2.668355
219,117,2.669185
220,117,2.669935
221,117,2.670627
222,117,2.671210
223,117,2.667880
224,117,2.664437
225,117,2.664783
226,117,2.661160
227,117,2.656704
228,117,2.652873
229,117,2.656675
230,117,2.652647
231,117,2.644689
232,117,2.648185
233,117,2.651548
234,117,2.647123
235,117,2.650290
236,117,2.649491
237,117,2.644694
238,117,2.647509
239,117,2.646347
240,117,2.641205
241,117,2.635907
242,117,2.634354
243,117,2.636517
244,117,2.630833
245,117,2.628856
246,117,2.619025
247,117,2.628305
248,117,2.622015
249,117,2.627122
250,117,2.624356
251,117,2.632975
252,117,2.626006
253,117,2.626559
254,117,2.619218
255,117,2.619388
0,118,2.653830
1,118,2.648286
2,118,2.650269
3,118,2.654061
4,118,2.655785
5,118,2.653517
6,118,2.654968
7,118,2.650509
8,118,2.645921
9,118,2.648915
10,118,2.647908
11,118,2.648736
12,118,2.654217
13,118,2.647089
14,118,2.647557
15,118,2.655650
16,118,2.679023
17,118,2.671471
18,118,2.675378
19,118,2.675335
20,118,2.675196
21,118,2.674963
22,118,2.666933
23,118,2.674250
24,118,2.666042
25,118,2.673160
26,118,2.662855
27,118,2.667904
28,118,2.674773
29,118,2.668077
30,118,2.665181
31,118,2.671815
32,118,2.689931
33,118,2.684882
34,118,2.687514
35,118,2.685974
36,118,2.684612
37,118,2.687032
38,118,2.685531
39,118,2.691422
40,118,2.685935
41,118,2.686162
42,118,2.678618
43,118,2.680642
44,118,2.684285
45,118,2.688112
46,118,2.678393
47,118,2.680171
48,118,2.697057
49,118,2.697116
50,118,2.696781
51,118,2.690608
52,118,2.689915
53,118,2.691335
54,118,2.692700
55,118,2.688230
56,118,2.685633
57,118,2.690444
58,118,2.687739
59,118,2.688834
60,118,2.682170
61,118,2.679307
62,118,2.680002
63,118,2.677036
64,118,2.712546
65,118,2.701772
66,118,2.702506
67,118,2.702947
68,118,2.699727
69,118,2.692606
70,118,2.696993
71,118,2.689772
72,118,2.678649
73,118,2.680719
74,118,2.675278
75,118,2.683272
76,118,2.679660
77,118,2.672146
78,118,2.676143
79,118,2.677919
80,118,2.710718
81,118,2.695295
82,118,2.697162
83,118,2.695127
84,118,2.691118
85,118,2.694765
86,118,2.694264
87,118,2.686255
88,118,2.678198
89,118,2.683577
90,118,2.673495
91,118,2.684554
92,118,2.680153
93,118,2.683408
94,118,2.684435
95,118,2.677957
96,118,2.711999
97,118,2.708462
98,118,2.702892
99,118,2.701127
100,118,2.691609
101,118,2.699380
102,118,2.693617
103,118,2.693587
104,118,2.689655
105,118,2.691205
106,118,2.679471
107,118,2.685027
108,118,2.680872
109,118,2.680540
110,118,2.676305
111,118,2.683577
112,118,2.713424
113,118,2.710101
114,118,2.702873
115,118,2.699448
116,118,2.695973
117,118,2.688594
118,118,2.683091
119,118,2.685244
120,118,2.689274
121,118,2.689400
122,118,2.693330
123,118,2.683725
124,118,2.683702
125,118,2.689408
126,118,2.685431
127,118,2.692963
128,118,2.704319
129,118,2.701269
130,118,2.705876
131,118,2.691162
132,118,2.684101
133,118,2.680841
134,118,2.665972
135,118,2.670316
136,118,2.670756
137,118,2.674998
138,118,2.659926
139,118,2.660215
140,118,2.668159
141,118,2.672201
142,118,2.672339
143,118,2.676281
144,118,2.699436
145,118,2.699425
146,118,2.691658
147,118,2.691546
148,118,2.687518
149,118,2.683454
150,118,2.679343
151,118,2.683138
152,118,2.686635
153,118,2.693937
154,118,2.689632
155,118,2.689130
156,118,2.688580
157,118,2.687980
158,118,2.679625
159,118,2.686486
160,118,2.698163
161,118,2.698410
162,118,2.698857
163,118,2.687448
164,118,2.691403
165,118,2.687603
166,118,2.683756
167,118,2.683712
168,118,2.683621
169,118,2.683481
170,118,2.687393
171,118,2.687156
172,118,2.683019
173,118,2.674980
174,118,2.674598
175,118,2.678020
176,118,2.696702
177,118,2.688702
178,118,2.688114
179,118,2.679771
180,118,2.682936
181,118,2.678345
182,118,2.681409
183,118,2.673109
184,118,2.676072
185,118,2.678983
186,118,2.685696
187,118,2.680797
188,118,2.679699
189,118,2.671088
190,118,2.669884
191,118,2.672478
192,118,2.686576
193,118,2.681356
194,118,2.680179
195,118,2.674847
196,118,2.673311
197,118,2.675571
198,118,2.673919
199,118,2.676310
200,118,2.666835
201,118,2.672712
202,118,2.674674
203,118,2.680428
204,118,2.678663
205,118,2.676585
206,118,2.670591
207,118,2.675640
208,118,2.673604
209,118,2.671250
210,118,2.668828
211,118,2.666335
212,118,2.664025
213,118,2.665244
214,118,2.666389
215,118,2.675165
216,118,2.664602
217,118,2.669628
218,118,2.662762
219,118,2.663522
220,118,2.671905
221,118,2.665053
222,118,2.661710
223,118,2.662186
224,118,2.658748
225,118,2.659072
226,118,2.655425
227,118,2.655564
228,118,2.655608
229,118,2.655527
230,118,2.651520
231,118,2.655116
232,118,2.650902
233,118,2.654260
234,118,2.657535
235,118,2.645287
236,118,2.644482
237,118,2.647412
238,118,2.646369
239,118,2.645201
240,118,2.632349
241,118,2.630896
242,118,2.629337
243,118,2.631493
244,118,2.632335
245,118,2.630323
246,118,2.628189
247,118,2.625872
248,118,2.623395
249,118,2.624608
250,118,2.621800
251,118,2.622670
252,118,2.627215
253,118,2.616164
254,118,2.616511
255,118,2.612779
0,119,2.654604
1,119,2.652919
2,119,2.647203
3,119,2.660633
4,119,2.658510
5,119,2.656220
6,119,2.651897
7,119,2.651296
8,119,2.648641
9,119,2.645833
10,119,2.650638
11,119,2.645691
12,119,2.652188
13,119,2.652792
14,119,2.649434
15,119,2.647866
16,119,2.680897
17,119,2.669517
18,119,2.677355
19,119,2.681268
20,119,2.679037
21,119,2.671201
22,119,2.669052
23,119,2.664619
24,119,2.675777
25,119,2.675288
26,119,2.674450
27,119,2.666087
28,119,2.669201
29,119,2.668978
30,119,2.663950
31,119,2.668738
32,119,2.692714
33,119,2.693498
34,119,2.690098
35,119,2.696517
36,119,2.687453
37,119,2.689878
38,119,2.691977
39,119,2.690414
40,119,2.684931
41,119,2.688758
42,119,2.688924
43,119,2.687100
44,119,2.681360
45,119,2.686861
46,119,2.680999
47,119,2.675075
48,119,2.703767
49,119,2.697725
50,119,2.691371
51,119,2.704477
52,119,2.698262
53,119,2.695844
54,119,2.693117
55,119,2.690587
56,119,2.689929
57,119,2.689217
58,119,2.686525
59,119,2.679674
60,119,2.680729
61,119,2.681731
62,119,2.674976
63,119,2.676047
64,119,2.711307
65,119,2.706314
66,119,2.705123
67,119,2.709661
68,119,2.702590
69,119,2.700996
70,119,2.691899
71,119,2.692385
72,119,2.687042
73,119,2.685503
74,119,2.685588
75,119,2.682025
76,119,2.674560
77,119,2.674753
78,119,2.678749
79,119,2.674992
80,119,2.709458
81,119,2.701751
82,119,2.701700
83,119,2.709307
84,119,2.699528
85,119,2.693508
86,119,2.685547
87,119,2.688839
88,119,2.688486
89,119,2.680379
90,119,2.683781
91,119,2.675576
92,119,2.678879
93,119,2.678279
94,119,2.681482
95,119,2.686299
96,119,2.710730
97,119,2.710998
98,119,2.701586
99,119,2.715271
100,119,2.699973
101,119,2.700038
102,119,2.692350
103,119,2.684613
104,119,2.688387
105,119,2.691853
106,119,2.691677
107,119,2.679894
108,119,2.679598
109,119,2.679266
110,119,2.678884
111,119,2.678450
112,119,2.710206
113,119,2.704958
114,119,2.693880
115,119,2.698163
116,119,2.698542
117,119,2.691165
118,119,2.687590
119,119,2.691675
120,119,2.691852
121,119,2.688126
122,119,2.684350
123,119,2.686304
124,119,2.688207
125,119,2.690060
126,119,2.684157
127,119,2.687836
128,119,2.706883
129,119,2.696129
130,119,2.700736
131,119,2.697581
132,119,2.690522
133,119,2.687264
134,119,2.653132
135,119,2.661330
136,119,2.673329
137,119,2.662168
138,119,2.662507
139,119,2.658943
140,119,2.659181
141,119,2.663222
142,119,2.667213
143,119,2.671153
144,119,2.702013
145,119,2.698148
146,119,2.694233
147,119,2.686415
148,119,2.690094
149,119,2.682177
150,119,2.689624
151,119,2.685723
152,119,2.716189
153,119,2.704226
154,119,2.692214
155,119,2.691712
156,119,2.683454
157,119,2.682727
158,119,2.685919
159,119,2.685209
160,119,2.704594
161,119,2.701248
162,119,2.689888
163,119,2.686186
164,119,2.682435
165,119,2.678636
166,119,2.678641
167,119,2.678598
168,119,2.709328
169,119,2.690181
170,119,2.686140
171,119,2.678145
172,119,2.673997
173,119,2.685211
174,119,2.680966
175,119,2.676671
176,119,2.691847
177,119,2.691307
178,119,2.679159
179,119,2.674667
180,119,2.677831
181,119,2.673238
182,119,2.672703
183,119,2.671862
184,119,2.697940
185,119,2.693144
186,119,2.680590
187,119,2.679797
188,119,2.670991
189,119,2.673691
190,119,2.668631
191,119,2.675076
192,119,2.693280
193,119,2.680071
194,119,2.678634
195,119,2.680993
196,119,2.667884
197,119,2.662680
198,119,2.668719
199,119,2.670847
200,119,2.692179
201,119,2.690334
202,119,2.680981
203,119,2.679013
204,119,2.673129
205,119,2.678740
206,119,2.672988
207,119,2.678470
208,119,2.680031
209,119,2.669967
210,119,2.667539
211,119,2.669158
212,119,2.662738
213,119,2.671656
214,119,2.665090
215,119,2.666420
216,119,2.686674
217,119,2.679880
218,119,2.661717
219,119,2.662471
220,119,2.659290
221,119,2.667584
222,119,2.660652
223,119,2.661070
224,119,2.657547
225,119,2.657785
226,119,2.658205
227,119,2.653634
228,119,2.653571
229,119,2.657262
230,119,2.649572
231,119,2.653060
232,119,2.671852
233,119,2.663849
234,119,2.655454
235,119,2.643092
236,119,2.638605
237,119,2.641421
238,119,2.640290
239,119,2.639091
240,119,2.637764
241,119,2.636336
242,119,2.634743
243,119,2.629159
244,119,2.627286
245,119,2.625266
246,119,2.623096
247,119,2.624654
248,119,2.641434
249,119,2.638786
250,119,2.624411
251,119,2.621451
252,119,2.622135
253,119,2.614927
254,119,2.611414
255,119,2.611525
0,120,2.663724
1,120,2.660151
2,120,2.656396
3,120,2.662157
4,120,2.661965
5,120,2.661693
6,120,2.647860
7,120,2.652864
8,120,2.650328
9,120,2.653445
10,120,2.648443
11,120,2.645539
12,120,2.650223
13,120,2.650654
14,120,2.651261
15,120,2.651759
16,120,2.675820
17,120,2.683794
18,120,2.683960
19,120,2.677968
20,120,2.679866
21,120,2.672037
22,120,2.675396
23,120,2.671237
24,120,2.674695
25,120,2.673937
26,120,2.669517
27,120,2.668866
28,120,2.668133
29,120,2.667046
30,120,2.666154
31,120,2.667109
32,120,2.692762
33,120,2.689714
34,120,2.696224
35,120,2.696883
36,120,2.693349
37,120,2.688088
38,120,2.690462
39,120,2.688649
40,120,2.690890
41,120,2.689211
42,120,2.681689
43,120,2.685395
44,120,2.679672
45,120,2.681968
46,120,2.683814
47,120,2.677630
48,120,2.702473
49,120,2.702214
50,120,2.705748
51,120,2.707036
52,120,2.696971
53,120,2.690703
54,120,2.699790
55,120,2.689557
56,120,2.686713
57,120,2.695636
58,120,2.689093
59,120,2.682497
60,120,2.673659
61,120,2.678517
62,120,2.675616
63,120,2.674590
64,120,2.710114
65,120,2.714502
66,120,2.711396
67,120,2.700534
68,120,2.706960
69,120,2.694071
70,120,2.694354
71,120,2.690998
72,120,2.687677
73,120,2.680359
74,120,2.692257
75,120,2.680724
76,120,2.673260
77,120,2.673453
78,120,2.677450
79,120,2.673693
80,120,2.716120
81,120,2.719705
82,120,2.708096
83,120,2.704144
84,120,2.696291
85,120,2.694168
86,120,2.701628
87,120,2.683997
88,120,2.683384
89,120,2.684834
90,120,2.690161
91,120,2.678101
92,120,2.673698
93,120,2.680802
94,120,2.672445
95,120,2.679176
96,120,2.720966
97,120,2.717382
98,120,2.713749
99,120,2.710068
100,120,2.702486
101,120,2.702571
102,120,2.694882
103,120,2.687146
104,120,2.690919
105,120,2.690521
106,120,2.690345
107,120,2.682414
108,120,2.682123
109,120,2.677939
110,120,2.677556
111,120,2.684829
112,120,2.720419
113,120,2.705542
114,120,2.704098
115,120,2.696824
116,120,2.697212
117,120,2.685983
118,120,2.686262
119,120,2.694196
120,120,2.692448
121,120,2.690650
122,120,2.690729
123,120,2.692682
124,120,2.694585
125,120,2.694512
126,120,2.686683
127,120,2.686508
128,120,2.713244
129,120,2.710199
130,120,2.703248
131,120,2.692389
132,120,2.681479
133,120,2.682075
134,120,2.682629
135,120,2.652299
136,120,2.656593
137,120,2.660837
138,120,2.657324
139,120,2.657613
140,120,2.665561
141,120,2.673454
142,120,2.673591
143,120,2.673678
144,120,2.708390
145,120,2.689113
146,120,2.696755
147,120,2.696641
148,120,2.688764
149,120,2.688553
150,120,2.715263
151,120,2.715225
152,120,2.680193
153,120,2.714462
154,120,2.706302
155,120,2.686427
156,120,2.685865
157,120,2.685252
158,120,2.684590
159,120,2.687730
160,120,2.703266
161,120,2.696079
162,120,2.688572
163,120,2.688723
164,120,2.692678
165,120,2.681173
166,120,2.712001
167,120,2.704237
168,120,2.677434
169,120,2.708106
170,120,2.696349
171,120,2.676838
172,120,2.676542
173,120,2.680051
174,120,2.679657
175,120,2.675628
176,120,2.690547
177,120,2.690006
178,120,2.677856
179,120,2.681068
180,120,2.676525
181,120,2.672196
182,120,2.709933
183,120,2.705237
184,120,2.669483
185,120,2.695496
186,120,2.698607
187,120,2.670577
188,120,2.673316
189,120,2.668297
190,120,2.674782
191,120,2.669921
192,120,2.684003
193,120,2.686471
194,120,2.681178
195,120,2.679681
196,120,2.674541
197,120,2.676783
198,120,2.698230
199,120,2.696501
200,120,2.664159
201,120,2.693132
202,120,2.691222
203,120,2.677692
204,120,2.679509
205,120,2.669975
206,120,2.675517
207,120,2.673288
208,120,2.682550
209,120,2.672753
210,120,2.666468
211,120,2.671163
212,120,2.664722
213,120,2.662337
214,120,2.690426
215,120,2.683765
216,120,2.661616
217,120,2.682048
218,120,2.679007
219,120,2.664326
220,120,2.657549
221,120,2.661968
222,120,2.666300
223,120,2.658987
224,120,2.663427
225,120,2.659788
226,120,2.652203
227,120,2.652515
228,120,2.648592
229,120,2.648423
230,120,2.675122
231,120,2.671185
232,120,2.647590
233,120,2.666266
234,120,2.662008
235,120,2.649638
236,120,2.644857
237,120,2.644107
238,120,2.639086
239,120,2.641644
240,120,2.631745
241,120,2.637869
242,120,2.628445
243,120,2.626893
244,120,2.624892
245,120,2.626595
246,120,2.647721
247,120,2.649116
248,120,2.623380
249,120,2.640177
250,120,2.637222
251,120,2.622597
252,120,2.615561
253,120,2.616012
254,120,2.616303
255,120,2.612512
0,121,2.653651
1,121,2.655675
2,121,2.654009
3,121,2.656046
4,121,2.657628
5,121,2.656632
6,121,2.654061
7,121,2.653591
8,121,2.652990
9,121,2.653887
10,121,2.647260
11,121,2.648217
12,121,2.648758
13,121,2.647559
14,121,2.650100
15,121,2.646458
16,121,2.681533
17,121,2.677976
18,121,2.674026
19,121,2.670268
20,121,2.679898
21,121,2.673732
22,121,2.673542
23,121,2.673261
24,121,2.672603
25,121,2.668292
26,121,2.671601
27,121,2.670972
28,121,2.673831
29,121,2.669186
30,121,2.672167
31,121,2.667655
32,121,2.693584
33,121,2.684762
34,121,2.683292
35,121,2.685883
36,121,2.692255
37,121,2.698556
38,121,2.685247
39,121,2.687559
40,121,2.685950
41,121,2.687853
42,121,2.682261
43,121,2.684311
44,121,2.682444
45,121,2.684093
46,121,2.685955
47,121,2.678125
48,121,2.702983
49,121,2.700538
50,121,2.694456
51,121,2.694096
52,121,2.699457
53,121,2.692929
54,121,2.702031
55,121,2.691812
56,121,2.693097
57,121,2.698147
58,121,2.683901
59,121,2.685013
60,121,2.678367
61,121,2.682953
62,121,2.676202
63,121,2.673252
64,121,2.708778
65,121,2.717283
66,121,2.698494
67,121,2.695339
68,121,2.707546
69,121,2.700438
70,121,2.695206
71,121,2.691577
72,121,2.701658
73,121,2.686646
74,121,2.683143
75,121,2.679591
76,121,2.679568
77,121,2.672065
78,121,2.672244
79,121,2.676193
80,121,2.710915
81,121,2.703207
82,121,2.699027
83,121,2.691222
84,121,2.698779
85,121,2.694730
86,121,2.688705
87,121,2.686483
88,121,2.678154
89,121,2.685466
90,121,2.677317
91,121,2.680677
92,121,2.676168
93,121,2.683271
94,121,2.671060
95,121,2.679988
96,121,2.723442
97,121,2.716006
98,121,2.704668
99,121,2.697135
100,121,2.712670
101,121,2.701187
102,121,2.689655
103,121,2.689624
104,121,2.689544
105,121,2.681711
106,121,2.677400
107,121,2.681028
108,121,2.673036
109,121,2.680410
110,121,2.683881
111,121,2.679594
112,121,2.709388
113,121,2.711850
114,121,2.698851
115,121,2.695439
116,121,2.688116
117,121,2.692300
118,121,2.681022
119,121,2.688958
120,121,2.692993
121,121,2.693122
122,121,2.689347
123,121,2.685522
124,121,2.697058
125,121,2.696984
126,121,2.683375
127,121,2.685126
128,121,2.711845
129,121,2.712656
130,121,2.698000
131,121,2.698702
132,121,2.695510
133,121,2.688401
134,121,2.658123
135,121,2.654764
136,121,2.662920
137,121,2.659458
138,121,2.652092
139,121,2.660086
140,121,2.660325
141,121,2.668222
142,121,2.660652
143,121,2.668444
144,121,2.707008
145,121,2.699288
146,121,2.695371
147,121,2.691403
148,121,2.687381
149,121,2.691022
150,121,2.687190
151,121,2.690733
152,121,2.686523
153,121,2.713086
154,121,2.708680
155,121,2.681196
156,121,2.684484
157,121,2.680017
158,121,2.690912
159,121,2.682492
160,121,2.706018
161,121,2.694708
162,121,2.691055
163,121,2.687353
164,121,2.687470
165,121,2.683661
166,121,2.687510
167,121,2.675898
168,121,2.676075
169,121,2.702894
170,121,2.698842
171,121,2.675478
172,121,2.679034
173,121,2.674836
174,121,2.674718
175,121,2.678128
176,121,2.696899
177,121,2.688650
178,121,2.684081
179,121,2.679576
180,121,2.675296
181,121,2.674544
182,121,2.669887
183,121,2.676738
184,121,2.675831
185,121,2.705971
186,121,2.697256
187,121,2.673076
188,121,2.664254
189,121,2.670791
190,121,2.673697
191,121,2.672420
192,121,2.690351
193,121,2.692816
194,121,2.679814
195,121,2.682444
196,121,2.680887
197,121,2.675420
198,121,2.681452
199,121,2.675791
200,121,2.666281
201,121,2.695239
202,121,2.693312
203,121,2.680044
204,121,2.670287
205,121,2.675876
206,121,2.673694
207,121,2.671729
208,121,2.677120
209,121,2.670885
210,121,2.672287
211,121,2.662343
212,121,2.667456
213,121,2.664791
214,121,2.665904
215,121,2.663377
216,121,2.664339
217,121,2.684488
218,121,2.677876
219,121,2.663189
220,121,2.663832
221,121,2.664390
222,121,2.665155
223,121,2.665541
224,121,2.661985
225,121,2.657893
226,121,2.657988
227,121,2.657987
228,121,2.650481
229,121,2.646432
230,121,2.649986
231,121,2.645729
232,121,2.653228
233,121,2.668021
234,121,2.663438
235,121,2.647489
236,121,2.646528
237,121,2.645447
238,121,2.648406
239,121,2.647076
240,121,2.637910
241,121,2.632780
242,121,2.631051
243,121,2.633034
244,121,2.627488
245,121,2.629180
246,121,2.626866
247,121,2.628573
248,121,2.622090
249,121,2.642408
250,121,2.639771
251,121,2.623648
252,121,2.620621
253,121,2.617070
254,121,2.617178
255,121,2.613575
0,122,2.652367
1,122,2.658243
2,122,2.652735
3,122,2.650608
4,122,2.656365
5,122,2.656201
6,122,2.665214
7,122,2.660927
8,122,2.654583
9,122,2.651651
10,122,2.654688
11,122,2.647973
12,122,2.650462
13,122,2.647367
14,122,2.655718
15,122,2.652095
16,122,2.675641
17,122,2.679514
18,122,2.670105
19,122,2.672154
20,122,2.675730
21,122,2.672553
22,122,2.676222
23,122,2.675649
24,122,2.667580
25,122,2.674835
26,122,2.674001
27,122,2.669527
28,122,2.668823
29,122,2.666110
30,122,2.663026
31,122,2.669788
32,122,2.691885
33,122,2.694351
34,122,2.685476
35,122,2.680381
36,122,2.694188
37,122,2.692804
38,122,2.687496
39,122,2.693679
40,122,2.691802
41,122,2.682440
42,122,2.680718
43,122,2.682499
44,122,2.681043
45,122,2.681044
46,122,2.680984
47,122,2.682505
48,122,2.707367
49,122,2.701347
50,122,2.702690
51,122,2.692701
52,122,2.694213
53,122,2.699520
54,122,2.694856
55,122,2.694272
56,122,2.687855
57,122,2.685235
58,122,2.686130
59,122,2.685330
60,122,2.680623
61,122,2.685495
62,122,2.682609
63,122,2.679387
64,122,2.714926
65,122,2.711885
66,122,2.705086
67,122,2.693943
68,122,2.702298
69,122,2.702897
70,122,2.695740
71,122,2.703945
72,122,2.692551
73,122,2.685246
74,122,2.685597
75,122,2.678193
76,122,2.682298
77,122,2.674510
78,122,2.674664
79,122,2.678623
80,122,2.717208
81,122,2.709510
82,122,2.701749
83,122,2.701362
84,122,2.697360
85,122,2.697163
86,122,2.693064
87,122,2.696621
88,122,2.680865
89,122,2.682106
90,122,2.685514
91,122,2.686947
92,122,2.678698
93,122,2.678104
94,122,2.673472
95,122,2.676620
96,122,2.725864
97,122,2.722281
98,122,2.710944
99,122,2.703411
100,122,2.703535
101,122,2.695905
102,122,2.695932
103,122,2.695911
104,122,2.688115
105,122,2.680281
106,122,2.683665
107,122,2.683439
108,122,2.671606
109,122,2.678974
110,122,2.678592
111,122,2.674306
112,122,2.723345
113,122,2.712325
114,122,2.697410
115,122,2.697845
116,122,2.688597
117,122,2.690856
118,122,2.687291
119,122,2.691375
120,122,2.683849
121,122,2.691687
122,122,2.684059
123,122,2.691793
124,122,2.695623
125,122,2.697475
126,122,2.683867
127,122,2.683397
128,122,2.713948
129,122,2.707353
130,122,2.688845
131,122,2.681855
132,122,2.670947
133,122,2.671545
134,122,2.675944
135,122,2.668742
136,122,2.657626
137,122,2.661871
138,122,2.658364
139,122,2.654800
140,122,2.662744
141,122,2.666784
142,122,2.663070
143,122,2.663156
144,122,2.709424
145,122,2.701703
146,122,2.693932
147,122,2.693813
148,122,2.689796
149,122,2.697289
150,122,2.689614
151,122,2.693157
152,122,2.681163
153,122,2.688451
154,122,2.684131
155,122,2.683615
156,122,2.686902
157,122,2.686287
158,122,2.685621
159,122,2.684905
160,122,2.700740
161,122,2.704842
162,122,2.693518
163,122,2.689806
164,122,2.682194
165,122,2.686091
166,122,2.682233
167,122,2.674764
168,122,2.682367
169,122,2.678364
170,122,2.678164
171,122,2.677916
172,122,2.677619
173,122,2.681413
174,122,2.680933
175,122,2.672773
176,122,2.695385
177,122,2.687126
178,122,2.690375
179,122,2.686155
180,122,2.677745
181,122,2.680843
182,122,2.672332
183,122,2.675328
184,122,2.674706
185,122,2.677598
186,122,2.672733
187,122,2.671667
188,122,2.670549
189,122,2.669664
190,122,2.675892
191,122,2.670748
192,122,2.684813
193,122,2.691404
194,122,2.689946
195,122,2.684578
196,122,2.683006
197,122,2.677522
198,122,2.676122
199,122,2.682080
200,122,2.668713
201,122,2.674549
202,122,2.672908
203,122,2.674767
204,122,2.676563
205,122,2.682147
206,122,2.668695
207,122,2.674148
208,122,2.675682
209,122,2.677440
210,122,2.674984
211,122,2.672457
212,122,2.661624
213,122,2.663087
214,122,2.660327
215,122,2.661345
216,122,2.666436
217,122,2.663446
218,122,2.660376
219,122,2.661078
220,122,2.665850
221,122,2.662532
222,122,2.666834
223,122,2.659793
224,122,2.663917
225,122,2.664098
226,122,2.660638
227,122,2.649072
228,122,2.648966
229,122,2.652612
230,122,2.652616
231,122,2.652204
232,122,2.651686
233,122,2.651373
234,122,2.646782
235,122,2.648825
236,122,2.648149
237,122,2.647034
238,122,2.641942
239,122,2.637046
240,122,2.643255
241,122,2.634246
242,122,2.632479
243,122,2.638275
244,122,2.628847
245,122,2.626645
246,122,2.628141
247,122,2.625964
248,122,2.623288
249,122,2.628149
250,122,2.625476
251,122,2.622283
252,122,2.622758
253,122,2.619543
254,122,2.615783
255,122,2.612178
0,123,2.657482
1,123,2.655684
2,123,2.650218
3,123,2.651972
4,123,2.653916
5,123,2.661497
6,123,2.660904
7,123,2.672065
8,123,2.659977
9,123,2.655142
10,123,2.646656
11,123,2.651209
12,123,2.648263
13,123,2.649967
14,123,2.654156
15,123,2.650849
16,123,2.682108
17,123,2.674421
18,123,2.666946
19,123,2.674782
20,123,2.678355
21,123,2.678292
22,123,2.673972
23,123,2.685282
24,123,2.673385
25,123,2.672651
26,123,2.674064
27,123,2.671540
28,123,2.666700
29,123,2.669791
30,123,2.672801
31,123,2.669952
32,123,2.689842
33,123,2.688767
34,123,2.684297
35,123,2.682759
36,123,2.685303
37,123,2.687776
38,123,2.689881
39,123,2.696070
40,123,2.690632
41,123,2.684830
42,123,2.686966
43,123,2.685185
44,123,2.683339
45,123,2.681135
46,123,2.683018
47,123,2.677134
48,123,2.701717
49,123,2.703419
50,123,2.697356
51,123,2.695087
52,123,2.702098
53,123,2.697789
54,123,2.691496
55,123,2.704677
56,123,2.692189
57,123,2.689572
58,123,2.688827
59,123,2.689955
60,123,2.683031
61,123,2.684052
62,123,2.681169
63,123,2.678233
64,123,2.717332
65,123,2.706587
66,123,2.703497
67,123,2.704208
68,123,2.700722
69,123,2.697479
70,123,2.690334
71,123,2.712035
72,123,2.695158
73,123,2.679938
74,123,2.680290
75,123,2.680592
76,123,2.676993
77,123,2.677196
78,123,2.673202
79,123,2.677160
80,123,2.715745
81,123,2.709974
82,123,2.700301
83,123,2.696059
84,123,2.703626
85,123,2.703438
86,123,2.699294
87,123,2.706703
88,123,2.687094
89,123,2.678993
90,123,2.678245
91,123,2.687382
92,123,2.684911
93,123,2.688168
94,123,2.670184
95,123,2.679120
96,123,2.720826
97,123,2.713090
98,123,2.701754
99,123,2.709632
100,123,2.702051
101,123,2.702127
102,123,2.698301
103,123,2.705985
104,123,2.694357
105,123,2.682650
106,123,2.678316
107,123,2.678090
108,123,2.681667
109,123,2.681343
110,123,2.684807
111,123,2.680520
112,123,2.717984
113,123,2.718524
114,123,2.719023
115,123,2.696343
116,123,2.685171
117,123,2.689364
118,123,2.681942
119,123,2.686027
120,123,2.682359
121,123,2.686342
122,123,2.690274
123,123,2.686450
124,123,2.690281
125,123,2.689901
126,123,2.682072
127,123,2.679969
128,123,2.708575
129,123,2.697834
130,123,2.694737
131,123,2.686131
132,123,2.681004
133,123,2.677762
134,123,2.659044
135,123,2.659539
136,123,2.656138
137,123,2.660382
138,123,2.660723
139,123,2.661017
140,123,2.668961
141,123,2.657589
142,123,2.661580
143,123,2.661665
144,123,2.711785
145,123,2.704063
146,123,2.703995
147,123,2.696173
148,123,2.688303
149,123,2.691943
150,123,2.688131
151,123,2.683900
152,123,2.687383
153,123,2.679259
154,123,2.686497
155,123,2.689832
156,123,2.681559
157,123,2.692501
158,123,2.684128
159,123,2.687566
160,123,2.703166
161,123,2.699553
162,123,2.692038
163,123,2.688327
164,123,2.680715
165,123,2.688465
166,123,2.681055
167,123,2.677149
168,123,2.680899
169,123,2.673043
170,123,2.676650
171,123,2.680244
172,123,2.676083
173,123,2.676025
174,123,2.667913
175,123,2.675163
176,123,2.701627
177,123,2.693366
178,123,2.685353
179,123,2.684698
180,123,2.676286
181,123,2.679382
182,123,2.678574
183,123,2.677835
184,123,2.673061
185,123,2.679793
186,123,2.674915
187,123,2.669983
188,123,2.673002
189,123,2.671816
190,123,2.670577
191,123,2.673135
192,123,2.695200
193,123,2.689942
194,123,2.684628
195,123,2.683109
196,123,2.681832
197,123,2.676345
198,123,2.674653
199,123,2.680606
200,123,2.679093
201,123,2.676837
202,123,2.678742
203,123,2.672879
204,123,2.674959
205,123,2.676673
206,123,2.670616
207,123,2.668345
208,123,2.681721
209,123,2.667757
210,123,2.669133
211,123,2.674597
212,123,2.668126
213,123,2.661581
214,123,2.658815
215,123,2.667840
216,123,2.664921
217,123,2.665777
218,123,2.659158
219,123,2.667558
220,123,2.664318
221,123,2.661305
222,123,2.661054
223,123,2.657537
224,123,2.665804
225,123,2.658252
226,123,2.658312
227,123,2.658275
228,123,2.654608
229,123,2.650521
230,123,2.650184
231,123,2.650066
232,123,2.649517
233,123,2.648857
234,123,2.648413
235,123,2.647527
236,123,2.650705
237,123,2.645728
238,123,2.648331
239,123,2.647289
240,123,2.641930
241,123,2.636435
242,123,2.634996
243,123,2.635756
244,123,2.629807
245,123,2.624054
246,123,2.633213
247,123,2.631003
248,123,2.632134
249,123,2.621537
250,123,2.622680
251,123,2.623290
252,123,2.616008
253,123,2.620459
254,123,2.616644
255,123,2.612996
0,124,2.650982
1,124,2.649216
2,124,2.651498
3,124,2.653282
4,124,2.655266
5,124,2.657107
6,124,2.658467
7,124,2.672659
8,124,2.658318
9,124,2.651893
10,124,2.645342
11,124,2.653748
12,124,2.646958
13,124,2.647756
14,124,2.644260
15,124,2.648689
16,124,2.675799
17,124,2.676162
18,124,2.676421
19,124,2.672403
20,124,2.674390
21,124,2.670501
22,124,2.675828
23,124,2.687164
24,124,2.675292
25,124,2.670718
26,124,2.674082
27,124,2.673837
28,124,2.675089
29,124,2.672406
30,124,2.671255
31,124,2.670341
32,124,2.692465
33,124,2.689158
34,124,2.682236
35,124,2.686798
36,124,2.689051
37,124,2.681913
38,124,2.693968
39,124,2.702101
40,124,2.684815
41,124,2.687034
42,124,2.681482
43,124,2.683264
44,124,2.681436
45,124,2.679545
46,124,2.681511
47,124,2.679484
48,124,2.704366
49,124,2.706072
50,124,2.695854
51,124,2.693590
52,124,2.697046
53,124,2.700141
54,124,2.697704
55,124,2.710623
56,124,2.694590
57,124,2.693609
58,124,2.687099
59,124,2.684388
60,124,2.681623
61,124,2.686206
62,124,2.673703
63,124,2.672707
64,124,2.710355
65,124,2.707013
66,124,2.701998
67,124,2.698859
68,124,2.705300
69,124,2.695975
70,124,2.692684
71,124,2.712460
72,124,2.687878
73,124,2.682511
74,124,2.690272
75,124,2.680953
76,124,2.679291
77,124,2.681431
78,124,2.679697
79,124,2.679495
80,124,2.718080
81,124,2.706530
82,124,2.698783
83,124,2.702546
84,124,2.694390
85,124,2.701907
86,124,2.697817
87,124,2.705235
88,124,2.685634
89,124,2.689017
90,124,2.676699
91,124,2.681982
92,124,2.683362
93,124,2.682765
94,124,2.676338
95,124,2.679492
96,124,2.723089
97,124,2.715352
98,124,2.711772
99,124,2.711945
100,124,2.700512
101,124,2.696735
102,124,2.700615
103,124,2.712152
104,124,2.692817
105,124,2.684993
106,124,2.684470
107,124,2.680391
108,124,2.683967
109,124,2.683649
110,124,2.683268
111,124,2.682826
112,124,2.724124
113,124,2.732373
114,124,2.725168
115,124,2.698638
116,124,2.693254
117,124,2.687810
118,124,2.680390
119,124,2.684480
120,124,2.680810
121,124,2.679017
122,124,2.684876
123,124,2.684589
124,124,2.688420
125,124,2.688347
126,124,2.676662
127,124,2.676485
128,124,2.706998
129,124,2.703966
130,124,2.689326
131,124,2.690032
132,124,2.671434
133,124,2.683911
134,124,2.665195
135,124,2.665701
136,124,2.654586
137,124,2.654986
138,124,2.655326
139,124,2.663321
140,124,2.655858
141,124,2.659897
142,124,2.660035
143,124,2.663971
144,124,2.702533
145,124,2.702514
146,124,2.694740
147,124,2.694625
148,124,2.690608
149,124,2.686541
150,124,2.686535
151,124,2.690066
152,124,2.693549
153,124,2.685423
154,124,2.692660
155,124,2.688288
156,124,2.683866
157,124,2.683248
158,124,2.682439
159,124,2.682024
160,124,2.705482
161,124,2.701870
162,124,2.694356
163,124,2.690645
164,124,2.686886
165,124,2.686930
166,124,2.687237
167,124,2.683314
168,124,2.683202
169,124,2.683041
170,124,2.678978
171,124,2.686424
172,124,2.674867
173,124,2.682214
174,124,2.674102
175,124,2.673645
176,124,2.700108
177,124,2.692154
178,124,2.699125
179,124,2.686900
180,124,2.682329
181,124,2.687339
182,124,2.684901
183,124,2.680177
184,124,2.686959
185,124,2.674425
186,124,2.673397
187,124,2.684182
188,124,2.671489
189,124,2.670301
190,124,2.672911
191,124,2.679627
192,124,2.685703
193,124,2.688136
194,124,2.690512
195,124,2.689288
196,124,2.683844
197,124,2.678341
198,124,2.680485
199,124,2.682880
200,124,2.681051
201,124,2.675307
202,124,2.673354
203,124,2.679357
204,124,2.673425
205,124,2.678986
206,124,2.673237
207,124,2.674814
208,124,2.684029
209,124,2.677764
210,124,2.671240
211,124,2.664820
212,124,2.666034
213,124,2.671344
214,124,2.664704
215,124,2.665693
216,124,2.663072
217,124,2.663906
218,124,2.660806
219,124,2.661477
220,124,2.658535
221,124,2.655185
222,124,2.659454
223,124,2.656254
224,124,2.660345
225,124,2.656637
226,124,2.660870
227,124,2.656973
228,124,2.652977
229,124,2.648382
230,124,2.655721
231,124,2.647878
232,124,2.658857
233,124,2.650460
234,124,2.646142
235,124,2.649076
236,124,2.648037
237,124,2.643367
238,124,2.638229
239,124,2.644520
240,124,2.643323
241,124,2.637790
242,124,2.632470
243,124,2.630510
244,124,2.628402
245,124,2.630354
246,124,2.635647
247,124,2.629222
248,124,2.630702
249,124,2.622572
250,124,2.627531
251,124,2.624237
252,124,2.620756
253,124,2.617460
254,124,2.613590
255,124,2.617603
0,125,2.655984
1,125,2.659351
2,125,2.657792
3,125,2.653797
4,125,2.657720
5,125,2.655718
6,125,2.657078
7,125,2.662508
8,125,2.653971
9,125,2.653362
10,125,2.646846
11,125,2.647569
12,125,2.654296
13,125,2.649007
14,125,2.653578
15,125,2.654185
16,125,2.683241
17,125,2.681707
18,125,2.677806
19,125,2.674142
20,125,2.674230
21,125,2.674645
22,125,2.670670
23,125,2.678161
24,125,2.669819
25,125,2.665572
26,125,2.668614
27,125,2.668048
28,125,2.669323
29,125,2.674043
30,125,2.665525
31,125,2.662705
32,125,2.694159
33,125,2.693113
34,125,2.691990
35,125,2.684693
36,125,2.689204
37,125,2.695570
38,125,2.688540
39,125,2.688973
40,125,2.687412
41,125,2.681612
42,125,2.681845
43,125,2.682013
44,125,2.679871
45,125,2.681838
46,125,2.676037
47,125,2.685585
48,125,2.714020
49,125,2.708036
50,125,2.698139
51,125,2.699427
52,125,2.697120
53,125,2.702460
54,125,2.700039
55,125,2.693661
56,125,2.691116
57,125,2.688516
58,125,2.693252
59,125,2.684765
60,125,2.687782
61,125,2.688819
62,125,2.685635
63,125,2.686567
64,125,2.718270
65,125,2.715245
66,125,2.708000
67,125,2.708725
68,125,2.703621
69,125,2.702318
70,125,2.698830
71,125,2.699343
72,125,2.692101
73,125,2.696367
74,125,2.696730
75,125,2.677462
76,125,2.691211
77,125,2.685647
78,125,2.678107
79,125,2.685929
80,125,2.716499
81,125,2.720369
82,125,2.712620
83,125,2.712530
84,125,2.704684
85,125,2.702247
86,125,2.703935
87,125,2.699794
88,125,2.685972
89,125,2.681731
90,125,2.692852
91,125,2.686260
92,125,2.681756
93,125,2.681157
94,125,2.686287
95,125,2.687513
96,125,2.725355
97,125,2.721460
98,125,2.717840
99,125,2.714171
100,125,2.710475
101,125,2.702845
102,125,2.702872
103,125,2.695145
104,125,2.683516
105,125,2.683397
106,125,2.680976
107,125,2.686537
108,125,2.674653
109,125,2.682046
110,125,2.681665
111,125,2.688937
112,125,2.726356
113,125,2.711490
114,125,2.708141
115,125,2.704729
116,125,2.695495
117,125,2.682348
118,125,2.686492
119,125,2.679021
120,125,2.679208
121,125,2.683192
122,125,2.687127
123,125,2.686830
124,125,2.686807
125,125,2.690587
126,125,2.686608
127,125,2.672945
128,125,2.705365
129,125,2.702336
130,125,2.695402
131,125,2.688405
132,125,2.681367
133,125,2.678446
134,125,2.667447
135,125,2.675650
136,125,2.668397
137,125,2.672643
138,125,2.669137
139,125,2.654015
140,125,2.661963
141,125,2.658296
142,125,2.658433
143,125,2.658516
144,125,2.712488
145,125,2.704763
146,125,2.700840
147,125,2.696874
148,125,2.692817
149,125,2.692593
150,125,2.700351
151,125,2.692323
152,125,2.691952
153,125,2.695384
154,125,2.687208
155,125,2.686687
156,125,2.685997
157,125,2.689219
158,125,2.684685
159,125,2.691985
160,125,2.707743
161,125,2.704131
162,125,2.696617
163,125,2.692907
164,125,2.693014
165,125,2.681813
166,125,2.685651
167,125,2.685588
168,125,2.689328
169,125,2.685314
170,125,2.681250
171,125,2.681311
172,125,2.681001
173,125,2.680642
174,125,2.676294
175,125,2.675825
176,125,2.698744
177,125,2.698176
178,125,2.693705
179,125,2.681477
180,125,2.680758
181,125,2.684159
182,125,2.687189
183,125,2.682463
184,125,2.677684
185,125,2.676706
186,125,2.683487
187,125,2.678540
188,125,2.677392
189,125,2.680042
190,125,2.679105
191,125,2.673940
192,125,2.691836
193,125,2.694265
194,125,2.685400
195,125,2.683862
196,125,2.689973
197,125,2.680613
198,125,2.686927
199,125,2.685154
200,125,2.679467
201,125,2.673655
202,125,2.675538
203,125,2.677358
204,125,2.675260
205,125,2.673422
206,125,2.675047
207,125,2.676605
208,125,2.682273
209,125,2.675988
210,125,2.677339
211,125,2.670913
212,125,2.668595
213,125,2.662023
214,125,2.666935
215,125,2.664394
216,125,2.665300
217,125,2.662273
218,125,2.662720
219,125,2.663367
220,125,2.656225
221,125,2.664744
222,125,2.657429
223,125,2.657730
224,125,2.662133
225,125,2.662251
226,125,2.658422
227,125,2.654837
228,125,2.650813
229,125,2.658245
230,125,2.654361
231,125,2.657732
232,125,2.657490
233,125,2.649084
234,125,2.648270
235,125,2.654426
236,125,2.645647
237,125,2.648303
238,125,2.643485
239,125,2.642034
240,125,2.640810
241,125,2.639091
242,125,2.633379
243,125,2.639448
244,125,2.625739
245,125,2.631513
246,125,2.629056
247,125,2.626437
248,125,2.627882
249,125,2.624929
250,125,2.626034
251,125,2.622726
252,125,2.615377
253,125,2.619783
254,125,2.615898
255,125,2.614441
0,126,2.654510
1,126,2.654704
2,126,2.655115
3,126,2.655004
4,126,2.660894
5,126,2.653154
6,126,2.656468
7,126,2.658083
8,126,2.653425
9,126,2.654778
10,126,2.647940
11,126,2.649043
12,126,2.653878
13,126,2.650537
14,126,2.653214
15,126,2.653501
16,126,2.683791
17,126,2.680340
18,126,2.676437
19,126,2.676634
20,126,2.678312
21,126,2.676386
22,126,2.676290
23,126,2.671907
24,126,2.667774
25,126,2.667405
26,126,2.670462
27,126,2.669919
28,126,2.670881
29,126,2.668245
30,126,2.671307
31,126,2.670101
32,126,2.694768
33,126,2.691801
34,126,2.690351
35,126,2.687235
36,126,2.687899
37,126,2.686233
38,126,2.692535
39,126,2.689134
40,126,2.679556
41,126,2.683726
42,126,2.682050
43,126,2.681907
44,126,2.680102
45,126,2.684012
46,126,2.683679
47,126,2.679759
48,126,2.705026
49,126,2.700646
50,126,2.702312
51,126,2.698140
52,126,2.695510
53,126,2.693149
54,126,2.694584
55,126,2.695962
56,126,2.689253
57,126,2.694373
58,126,2.687880
59,126,2.690638
60,126,2.689816
61,126,2.688940
62,126,2.680306
63,126,2.684960
64,126,2.720517
65,126,2.711716
66,126,2.706715
67,126,2.703262
68,126,2.700086
69,126,2.700711
70,126,2.701286
71,126,2.701483
72,126,2.694251
73,126,2.694675
74,126,2.683491
75,126,2.687727
76,126,2.683811
77,126,2.684026
78,126,2.676487
79,126,2.680456
80,126,2.718720
81,126,2.718738
82,126,2.714854
83,126,2.703215
84,126,2.703085
85,126,2.706383
86,126,2.706143
87,126,2.702002
88,126,2.693957
89,126,2.689716
90,126,2.683498
91,126,2.692305
92,126,2.684059
93,126,2.685396
94,126,2.686547
95,126,2.687771
96,126,2.723711
97,126,2.720141
98,126,2.708481
99,126,2.704813
100,126,2.708801
101,126,2.701181
102,126,2.697367
103,126,2.697346
104,126,2.685716
105,126,2.681744
106,126,2.692796
107,126,2.684872
108,126,2.676898
109,126,2.680393
110,126,2.672299
111,126,2.683424
112,126,2.724677
113,126,2.721373
114,126,2.714173
115,126,2.706911
116,126,2.688046
117,126,2.688386
118,126,2.684827
119,126,2.685067
120,126,2.681399
121,126,2.685387
122,126,2.685130
123,126,2.683234
124,126,2.681286
125,126,2.685064
126,126,2.673379
127,126,2.677054
128,126,2.707527
129,126,2.696796
130,126,2.697568
131,126,2.682881
132,126,2.675832
133,126,2.676447
134,126,2.669632
135,126,2.670140
136,126,2.670585
137,126,2.674839
138,126,2.653996
139,126,2.656211
140,126,2.656453
141,126,2.656638
142,126,2.652922
143,126,2.653004
144,126,2.714680
145,126,2.714660
146,126,2.703028
147,126,2.702890
148,126,2.698861
149,126,2.694784
150,126,2.698700
151,126,2.690671
152,126,2.698004
153,126,2.686023
154,126,2.689304
155,126,2.692625
156,126,2.692043
157,126,2.679852
158,126,2.679507
159,126,2.682626
160,126,2.713799
161,126,2.706335
162,126,2.702707
163,126,2.698988
164,126,2.699072
165,126,2.691735
166,126,2.687868
167,126,2.695510
168,126,2.687691
169,126,2.675971
170,126,2.683465
171,126,2.679626
172,126,2.683158
173,126,2.682789
174,126,2.678516
175,126,2.685752
176,126,2.708681
177,126,2.692700
178,126,2.688227
179,126,2.683704
180,126,2.687165
181,126,2.690084
182,126,2.689250
183,126,2.688363
184,126,2.687424
185,126,2.679057
186,126,2.678013
187,126,2.676916
188,126,2.679617
189,126,2.682595
190,126,2.673629
191,126,2.676167
192,126,2.697912
193,126,2.696524
194,126,2.691175
195,126,2.689622
196,126,2.688011
197,126,2.686673
198,126,2.688796
199,126,2.683154
200,126,2.681636
201,126,2.675871
202,126,2.677749
203,126,2.675710
204,126,2.681648
205,126,2.675628
206,126,2.677247
207,126,2.679135
208,126,2.687843
209,126,2.677685
210,126,2.675501
211,126,2.672907
212,126,2.674093
213,126,2.667839
214,126,2.665024
215,126,2.665984
216,126,2.667208
217,126,2.664159
218,126,2.661028
219,126,2.662012
220,126,2.662568
221,126,2.663038
222,126,2.659915
223,126,2.660209
224,126,2.663523
225,126,2.663964
226,126,2.663960
227,126,2.660005
228,126,2.656305
229,126,2.656003
230,126,2.659805
231,126,2.659293
232,126,2.650965
233,126,2.650592
234,126,2.649745
235,126,2.648779
236,126,2.644207
237,126,2.646852
238,126,2.642035
239,126,2.644425
240,126,2.641723
241,126,2.640338
242,126,2.634585
243,126,2.632918
244,126,2.634578
245,126,2.628378
246,126,2.633965
247,126,2.631300
248,126,2.625004
249,126,2.629708
250,126,2.623069
251,126,2.619709
252,126,2.620012
253,126,2.624376
254,126,2.616581
255,126,2.616692
0,127,2.659405
1,127,2.653853
2,127,2.652382
3,127,2.652302
4,127,2.652455
5,127,2.662093
6,127,2.663508
7,127,2.657457
8,127,2.658604
9,127,2.656141
10,127,2.651254
11,127,2.650466
12,127,2.655929
13,127,2.652952
14,127,2.651786
15,127,2.655925
16,127,2.677655
17,127,2.677727
18,127,2.674203
19,127,2.678281
20,127,2.678050
21,127,2.678078
22,127,2.673803
23,127,2.673642
24,127,2.673388
25,127,2.672693
26,127,2.672262
27,127,2.671394
28,127,2.667580
29,127,2.670730
30,127,2.667673
31,127,2.668736
32,127,2.698617
33,127,2.693400
34,127,2.692306
35,127,2.692720
36,127,2.687626
37,127,2.692092
38,127,2.694217
39,127,2.688911
40,127,2.687388
41,127,2.685457
42,127,2.680379
43,127,2.682496
44,127,2.680356
45,127,2.682345
46,127,2.680418
47,127,2.681943
48,127,2.708790
49,127,2.704753
50,127,2.706097
51,127,2.700015
52,127,2.701580
53,127,2.695381
54,127,2.700347
55,127,2.697887
56,127,2.695632
57,127,2.685007
58,127,2.693928
59,127,2.689310
60,127,2.686564
61,127,2.685354
62,127,2.686355
63,127,2.683449
64,127,2.710976
65,127,2.704114
66,127,2.702978
67,127,2.705644
68,127,2.702273
69,127,2.700974
70,127,2.699623
71,127,2.707855
72,127,2.704138
73,127,2.693005
74,127,2.693381
75,127,2.686001
76,127,2.682083
77,127,2.680383
78,127,2.682485
79,127,2.686484
80,127,2.725080
81,127,2.715124
82,127,2.707386
83,127,2.709232
84,127,2.709101
85,127,2.705068
86,127,2.700640
87,127,2.704214
88,127,2.696106
89,127,2.684158
90,127,2.691424
91,127,2.687081
92,127,2.684265
93,127,2.685599
94,127,2.692662
95,127,2.688115
96,127,2.733569
97,127,2.722294
98,127,2.710623
99,127,2.706955
100,127,2.707091
101,127,2.707177
102,127,2.707215
103,127,2.703341
104,127,2.707123
105,127,2.691592
106,127,2.687570
107,127,2.687001
108,127,2.686733
109,127,2.690233
110,127,2.686000
111,127,2.677853
112,127,2.728720
113,127,2.723492
114,127,2.716295
115,127,2.712888
116,127,2.697878
117,127,2.686668
118,127,2.686957
119,127,2.683346
120,127,2.679679
121,127,2.683669
122,127,2.679549
123,127,2.677654
124,127,2.675706
125,127,2.671778
126,127,2.675505
127,127,2.667620
128,127,2.709630
129,127,2.702756
130,127,2.695823
131,127,2.696549
132,127,2.681809
133,127,2.678560
134,127,2.675622
135,127,2.676130
136,127,2.665017
137,127,2.673124
138,127,2.650348
139,127,2.650643
140,127,2.650885
141,127,2.658775
142,127,2.655058
143,127,2.655140
144,127,2.716815
145,127,2.709087
146,127,2.705161
147,127,2.705024
148,127,2.700995
149,127,2.701118
150,127,2.700843
151,127,2.696667
152,127,2.696293
153,127,2.695779
154,127,2.687590
155,127,2.698615
156,127,2.686473
157,127,2.685839
158,127,2.677797
159,127,2.688620
160,127,2.712144
161,127,2.712377
162,127,2.701001
163,127,2.704988
164,127,2.697712
165,127,2.693894
166,127,2.690027
167,127,2.686111
168,127,2.685969
169,127,2.681944
170,127,2.678212
171,127,2.681794
172,127,2.677620
173,127,2.677249
174,127,2.680681
175,127,2.680553
176,127,2.703149
177,127,2.702458
178,127,2.694120
179,127,2.693437
180,127,2.689192
181,127,2.684554
182,127,2.687570
183,127,2.690533
184,127,2.682228
185,127,2.677381
186,127,2.680187
187,127,2.679086
188,127,2.681889
189,127,2.680669
190,127,2.679394
191,127,2.674211
192,127,2.696284
193,127,2.698695
194,127,2.697195
195,127,2.692128
196,127,2.690513
197,127,2.688838
198,127,2.687104
199,127,2.685653
200,127,2.683420
201,127,2.677637
202,127,2.679842
203,127,2.677786
204,127,2.675665
205,127,2.677331
206,127,2.675425
207,127,2.680811
208,127,2.689980
209,127,2.680165
210,127,2.677636
211,127,2.671183
212,127,2.672713
213,127,2.666113
214,127,2.666568
215,127,2.667858
216,127,2.661012
217,127,2.665644
218,127,2.662844
219,127,2.659606
220,127,2.660136
221,127,2.660939
222,127,2.661295
223,127,2.658069
224,127,2.665951
225,127,2.666032
226,127,2.662529
227,127,2.654713
228,127,2.657529
229,127,2.657563
230,127,2.653272
231,127,2.656950
232,127,2.648590
233,127,2.651675
234,127,2.643462
235,127,2.642462
236,127,2.645572
237,127,2.648181
238,127,2.646810
239,127,2.641838
240,127,2.640203
241,127,2.638817
242,127,2.636904
243,127,2.638699
244,127,2.635654
245,127,2.629410
246,127,2.631110
247,127,2.632250
248,127,2.629772
249,127,2.622867
250,127,2.623895
251,127,2.624335
252,127,2.620732
253,127,2.617347
254,127,2.617200
255,127,2.613412
0,128,2.675800
1,128,2.677987
2,128,2.676561
3,128,2.678438
4,128,2.676707
5,128,2.676365
6,128,2.668567
7,128,2.674113
8,128,2.676353
9,128,2.675828
10,128,2.678646
11,128,2.679796
12,128,2.684298
13,128,2.679429
14,128,2.674068
15,128,2.680529
16,128,2.702290
17,128,2.702382
18,128,2.698888
19,128,2.700700
20,128,2.702782
21,128,2.698985
22,128,2.700506
23,128,2.696519
24,128,2.694717
25,128,2.698235
26,128,2.693958
27,128,2.696940
28,128,2.692493
29,128,2.699161
30,128,2.694549
31,128,2.695635
32,128,2.711696
33,128,2.710700
34,128,2.713125
35,128,2.708125
36,128,2.710758
37,128,2.705258
38,128,2.700530
39,128,2.702935
40,128,2.701066
41,128,2.701407
42,128,2.693977
43,128,2.703467
44,128,2.697832
45,128,2.701765
46,128,2.693726
47,128,2.701387
48,128,2.724397
49,128,2.718101
50,128,2.715947
51,128,2.717907
52,128,2.707569
53,128,2.712933
54,128,2.706681
55,128,2.711583
56,128,2.712923
57,128,2.714208
58,128,2.713164
59,128,2.708560
60,128,2.705828
61,128,2.706895
62,128,2.703707
63,128,2.702927
64,128,2.732721
65,128,2.725511
66,128,2.730157
67,128,2.723193
68,128,2.716178
69,128,2.712614
70,128,2.715129
71,128,2.709887
72,128,2.714227
73,128,2.710541
74,128,2.712844
75,128,2.711244
76,128,2.707668
77,128,2.703690
78,128,2.707719
79,128,2.703994
80,128,2.731041
81,128,2.723363
82,128,2.722977
83,128,2.722896
84,128,2.718912
85,128,2.711026
86,128,2.710795
87,128,2.710158
88,128,2.702122
89,128,2.709446
90,128,2.705070
91,128,2.708431
92,128,2.703675
93,128,2.706934
94,128,2.702437
95,128,2.705593
96,128,2.735599
97,128,2.739747
98,128,2.728476
99,128,2.728303
100,128,2.724586
101,128,2.720820
102,128,2.709299
103,128,2.713140
104,128,2.713061
105,128,2.705234
106,128,2.708917
107,128,2.708337
108,128,2.708068
109,128,2.707728
110,128,2.707340
111,128,2.703046
112,128,2.730767
113,128,2.729405
114,128,2.722211
115,128,2.713027
116,128,2.711504
117,128,2.711854
118,128,2.712146
119,128,2.708537
120,128,2.697169
121,128,2.706576
122,128,2.697027
123,128,2.700911
124,128,2.695110
125,128,2.689256
126,128,2.692983
127,128,2.688950
128,128,2.727087
129,128,2.724068
130,128,2.717136
131,128,2.714011
132,128,2.699273
133,128,2.692185
134,128,2.681180
135,128,2.685906
136,128,2.678655
137,128,2.682909
138,128,2.687103
139,128,2.687398
140,128,2.676081
141,128,2.687824
142,128,2.687959
143,128,2.688041
144,128,2.738156
145,128,2.730427
146,128,2.726497
147,128,2.722511
148,128,2.714629
149,128,2.710910
150,128,2.706782
151,128,2.710309
152,128,2.706001
153,128,2.709419
154,128,2.712787
155,128,2.716105
156,128,2.680845
157,128,2.695980
158,128,2.687444
159,128,2.686696
160,128,2.729643
161,128,2.729876
162,128,2.718501
163,128,2.718635
164,128,2.715225
165,128,2.715260
166,128,2.715236
167,128,2.711309
168,128,2.707333
169,128,2.703663
170,128,2.707293
171,128,2.707021
172,128,2.683582
173,128,2.679357
174,128,2.686905
175,128,2.682570
176,128,2.728271
177,128,2.719982
178,128,2.711643
179,128,2.711311
180,128,2.702870
181,128,2.705935
182,128,2.701243
183,128,2.708225
184,128,2.695712
185,128,2.698557
186,128,2.697497
187,128,2.696735
188,128,2.687861
189,128,2.682785
190,128,2.677654
191,128,2.680526
192,128,2.713812
193,128,2.708216
194,128,2.707055
195,128,2.697776
196,128,2.699998
197,128,2.694454
198,128,2.696911
199,128,2.695099
200,128,2.689374
201,128,2.691647
202,128,2.693502
203,128,2.695293
204,128,2.678112
205,128,2.671622
206,128,2.680908
207,128,2.675074
208,128,2.699635
209,128,2.693303
210,128,2.691114
211,128,2.688493
212,128,2.678092
213,128,2.683391
214,128,2.676693
215,128,2.677623
216,128,2.674986
217,128,2.675758
218,128,2.675805
219,128,2.680616
220,128,2.661857
221,128,2.662275
222,128,2.651417
223,128,2.661289
224,128,2.675294
225,128,2.671495
226,128,2.667600
227,128,2.660130
228,128,2.659889
229,128,2.663777
230,128,2.663330
231,128,2.662774
232,128,2.665427
233,128,2.656921
234,128,2.660243
235,128,2.666915
236,128,2.642641
237,128,2.645603
238,128,2.640341
239,128,2.646901
240,128,2.649080
241,128,2.647266
242,128,2.641858
243,128,2.639757
244,128,2.637910
245,128,2.635505
246,128,2.633351
247,128,2.634477
248,128,2.630626
249,128,2.639082
250,128,2.635798
251,128,2.632752
252,128,2.613682
253,128,2.614106
254,128,2.610048
255,128,2.610066
0,129,2.676724
1,129,2.673166
2,129,2.675638
3,129,2.675621
4,129,2.670081
5,129,2.671695
6,129,2.670845
7,129,2.676403
8,129,2.677577
9,129,2.675163
10,129,2.679933
11,129,2.675340
12,129,2.681792
13,129,2.676957
14,129,2.675471
15,129,2.680038
16,129,2.703374
17,129,2.707723
18,129,2.704259
19,129,2.692605
20,129,2.696642
21,129,2.700978
22,129,2.695168
23,129,2.692740
24,129,2.692523
25,129,2.692214
26,129,2.695297
27,129,2.694812
28,129,2.693871
29,129,2.697071
30,129,2.692482
31,129,2.695149
32,129,2.709665
33,129,2.706397
34,129,2.705898
35,129,2.706684
36,129,2.701252
37,129,2.699966
38,129,2.702460
39,129,2.700668
40,129,2.703024
41,129,2.706875
42,129,2.701390
43,129,2.701618
44,129,2.693713
45,129,2.707297
46,129,2.696158
47,129,2.697683
48,129,2.722624
49,129,2.716682
50,129,2.718025
51,129,2.711964
52,129,2.717401
53,129,2.714716
54,129,2.706553
55,129,2.707965
56,129,2.707035
57,129,2.706408
58,129,2.709821
59,129,2.702934
60,129,2.707911
61,129,2.708981
62,129,2.694586
63,129,2.702896
64,129,2.726923
65,129,2.727781
66,129,2.724374
67,129,2.713569
68,129,2.712480
69,129,2.718900
70,129,2.707570
71,129,2.708109
72,129,2.716303
73,129,2.709035
74,129,2.712913
75,129,2.705545
76,129,2.705832
77,129,2.709964
78,129,2.698219
79,129,2.706052
80,129,2.729247
81,129,2.725422
82,129,2.721182
83,129,2.717257
84,129,2.717136
85,129,2.713071
86,129,2.708987
87,129,2.708337
88,129,2.708006
89,129,2.707624
90,129,2.699486
91,129,2.702855
92,129,2.702321
93,129,2.705093
94,129,2.700593
95,129,2.703748
96,129,2.741487
97,129,2.730224
98,129,2.726617
99,129,2.726475
100,129,2.718906
101,129,2.715140
102,129,2.707472
103,129,2.707460
104,129,2.707399
105,129,2.703435
106,129,2.707089
107,129,2.702643
108,129,2.706226
109,129,2.705892
110,129,2.705512
111,129,2.701218
112,129,2.726986
113,129,2.723701
114,129,2.724205
115,129,2.713107
116,129,2.705807
117,129,2.706160
118,129,2.702605
119,129,2.706698
120,129,2.695332
121,129,2.698950
122,129,2.689403
123,129,2.695214
124,129,2.691339
125,129,2.691266
126,129,2.687285
127,129,2.687104
128,129,2.725218
129,129,2.729910
130,129,2.715287
131,129,2.704444
132,129,2.705119
133,129,2.690328
134,129,2.675482
135,129,2.695631
136,129,2.692234
137,129,2.688776
138,129,2.689124
139,129,2.685566
140,129,2.685807
141,129,2.685994
142,129,2.689978
143,129,2.682354
144,129,2.736321
145,129,2.724737
146,129,2.728512
147,129,2.724528
148,129,2.716645
149,129,2.712937
150,129,2.708747
151,129,2.704558
152,129,2.700320
153,129,2.715295
154,129,2.707103
155,129,2.706566
156,129,2.686715
157,129,2.690168
158,129,2.689469
159,129,2.692572
160,129,2.723965
161,129,2.724199
162,129,2.716678
163,129,2.717203
164,129,2.713425
165,129,2.709597
166,129,2.698014
167,129,2.705646
168,129,2.701669
169,129,2.709568
170,129,2.705492
171,129,2.701306
172,129,2.681709
173,129,2.685179
174,129,2.681258
175,129,2.684628
176,129,2.722622
177,129,2.718184
178,129,2.710208
179,129,2.709377
180,129,2.704776
181,129,2.700123
182,129,2.695782
183,129,2.694878
184,129,2.690068
185,129,2.696763
186,129,2.699916
187,129,2.694946
188,129,2.681974
189,129,2.676884
190,129,2.687514
191,129,2.686165
192,129,2.711730
193,129,2.702927
194,129,2.693702
195,129,2.692125
196,129,2.698194
197,129,2.689159
198,129,2.683192
199,129,2.689069
200,129,2.687545
201,129,2.701004
202,129,2.691282
203,129,2.689570
204,129,2.679719
205,129,2.677508
206,129,2.675599
207,129,2.677106
208,129,2.701660
209,129,2.687988
210,129,2.684912
211,129,2.682268
212,129,2.679924
213,129,2.673280
214,129,2.670411
215,129,2.667841
216,129,2.672521
217,129,2.681352
218,129,2.678164
219,129,2.678746
220,129,2.660359
221,129,2.664621
222,129,2.660372
223,129,2.657115
224,129,2.680351
225,129,2.673056
226,129,2.669132
227,129,2.661255
228,129,2.665226
229,129,2.660999
230,129,2.657058
231,129,2.656470
232,129,2.651918
233,129,2.663060
234,129,2.662132
235,129,2.668196
236,129,2.643886
237,129,2.642971
238,129,2.645376
239,129,2.643795
240,129,2.642489
241,129,2.640634
242,129,2.639049
243,129,2.633051
244,129,2.642731
245,129,2.636428
246,129,2.630386
247,129,2.631464
248,129,2.628946
249,129,2.637386
250,129,2.632633
251,129,2.629546
252,129,2.614273
253,129,2.614653
254,129,2.610535
255,129,2.606653
0,130,2.675661
1,130,2.677917
2,130,2.674656
3,130,2.672746
4,130,2.672296
5,130,2.683544
6,130,2.675799
7,130,2.673282
8,130,2.678746
9,130,2.676371
10,130,2.677313
11,130,2.674682
12,130,2.671526
13,130,2.676358
14,130,2.676821
15,130,2.677569
16,130,2.700925
17,130,2.705306
18,130,2.702322
19,130,2.698765
20,130,2.702421
21,130,2.694811
22,130,2.702514
23,130,2.696250
24,130,2.692207
25,130,2.693466
26,130,2.693096
27,130,2.688400
28,130,2.687856
29,130,2.691080
30,130,2.686135
31,130,2.693650
32,130,2.711646
33,130,2.706828
34,130,2.711564
35,130,2.704288
36,130,2.706949
37,130,2.709160
38,130,2.700118
39,130,2.706416
40,130,2.700711
41,130,2.699166
42,130,2.701845
43,130,2.699779
44,130,2.690315
45,130,2.703531
46,130,2.693940
47,130,2.695843
48,130,2.720430
49,130,2.726064
50,130,2.714299
51,130,2.717514
52,130,2.715263
53,130,2.713254
54,130,2.710503
55,130,2.708067
56,130,2.705574
57,130,2.706506
58,130,2.711607
59,130,2.705094
60,130,2.705861
61,130,2.705019
62,130,2.696417
63,130,2.697582
64,130,2.727020
65,130,2.725954
66,130,2.726763
67,130,2.723294
68,130,2.716293
69,130,2.720799
70,130,2.713695
71,130,2.717726
72,130,2.714467
73,130,2.711053
74,130,2.707589
75,130,2.701774
76,130,2.703989
77,130,2.704227
78,130,2.704414
79,130,2.700324
80,130,2.727382
81,130,2.723569
82,130,2.719694
83,130,2.715391
84,130,2.715270
85,130,2.715098
86,130,2.714876
87,130,2.710751
88,130,2.702271
89,130,2.709594
90,130,2.701454
91,130,2.704822
92,130,2.700434
93,130,2.707168
94,130,2.698823
95,130,2.697989
96,130,2.735756
97,130,2.732199
98,130,2.724740
99,130,2.720702
100,130,2.716996
101,130,2.720959
102,130,2.713291
103,130,2.713279
104,130,2.705512
105,130,2.709253
106,130,2.712945
107,130,2.712301
108,130,2.700471
109,130,2.700151
110,130,2.703616
111,130,2.707028
112,130,2.732777
113,130,2.725632
114,130,2.720370
115,130,2.724685
116,130,2.703903
117,130,2.702331
118,130,2.704558
119,130,2.700952
120,130,2.701144
121,130,2.700895
122,130,2.695203
123,130,2.697162
124,130,2.695215
125,130,2.685509
126,130,2.689233
127,130,2.692905
128,130,2.727143
129,130,2.720280
130,130,2.709510
131,130,2.702536
132,130,2.699359
133,130,2.696127
134,130,2.692840
135,130,2.693729
136,130,2.690334
137,130,2.690736
138,130,2.691085
139,130,2.687527
140,130,2.691620
141,130,2.687954
142,130,2.691940
143,130,2.684313
144,130,2.730573
145,130,2.738252
146,130,2.726613
147,130,2.718779
148,130,2.710896
149,130,2.711001
150,130,2.710714
151,130,2.710377
152,130,2.702284
153,130,2.709552
154,130,2.709064
155,130,2.704559
156,130,2.707813
157,130,2.699841
158,130,2.691435
159,130,2.698387
160,130,2.725933
161,130,2.722357
162,130,2.710973
163,130,2.715332
164,130,2.707702
165,130,2.707727
166,130,2.699997
167,130,2.707628
168,130,2.700146
169,130,2.703815
170,130,2.699729
171,130,2.699445
172,130,2.695258
173,130,2.691398
174,130,2.675553
175,130,2.678817
176,130,2.716800
177,130,2.712726
178,130,2.708226
179,130,2.703674
180,130,2.699070
181,130,2.698644
182,130,2.697789
183,130,2.693029
184,130,2.691870
185,130,2.698928
186,130,2.697850
187,130,2.692866
188,130,2.695532
189,130,2.694667
190,130,2.685664
191,130,2.684312
192,130,2.714101
193,130,2.708482
194,130,2.699241
195,130,2.689942
196,130,2.692519
197,130,2.683101
198,130,2.689034
199,130,2.687578
200,130,2.689535
201,130,2.691430
202,130,2.689787
203,130,2.687276
204,130,2.681258
205,130,2.687114
206,130,2.677110
207,130,2.678596
208,130,2.691954
209,130,2.685595
210,130,2.683017
211,130,2.680751
212,130,2.678027
213,130,2.671760
214,130,2.668300
215,130,2.673035
216,130,2.670375
217,130,2.674950
218,130,2.671737
219,130,2.672684
220,130,2.669302
221,130,2.670078
222,130,2.658813
223,130,2.666721
224,130,2.674933
225,130,2.674169
226,130,2.662908
227,130,2.662707
228,130,2.658551
229,130,2.662401
230,130,2.658035
231,130,2.650114
232,130,2.657086
233,130,2.656648
234,130,2.647979
235,130,2.654601
236,130,2.653809
237,130,2.652477
238,130,2.642649
239,130,2.641029
240,130,2.643547
241,130,2.645502
242,130,2.640034
243,130,2.633993
244,130,2.632082
245,130,2.629584
246,130,2.631213
247,130,2.628389
248,130,2.629246
249,130,2.634222
250,130,2.627016
251,130,2.631630
252,130,2.626357
253,130,2.618986
254,130,2.610955
255,130,2.610877
0,131,2.674537
1,131,2.672976
2,131,2.674879
3,131,2.676823
4,131,2.677120
5,131,2.671061
6,131,2.676843
7,131,2.682061
8,131,2.676006
9,131,2.675177
10,131,2.674638
11,131,2.671629
12,131,2.672765
13,131,2.677632
14,131,2.674265
15,131,2.675047
16,131,2.701242
17,131,2.699853
18,131,2.699879
19,131,2.692500
20,131,2.696175
21,131,2.700152
22,131,2.699778
23,131,2.697784
24,131,2.691443
25,131,2.691190
26,131,2.686993
27,131,2.690018
28,131,2.690156
29,131,2.689141
30,131,2.692291
31,131,2.694967
32,131,2.713367
33,131,2.708571
34,131,2.707161
35,131,2.706065
36,131,2.704506
37,131,2.699410
38,131,2.709653
39,131,2.704511
40,131,2.706893
41,131,2.701115
42,131,2.699508
43,131,2.699761
44,131,2.701490
45,131,2.701613
46,131,2.699745
47,131,2.703209
48,131,2.722406
49,131,2.716115
50,131,2.710487
51,131,2.716005
52,131,2.707596
53,131,2.711069
54,131,2.710632
55,131,2.711681
56,131,2.711130
57,131,2.708595
58,131,2.709475
59,131,2.703212
60,131,2.704353
61,131,2.705058
62,131,2.702238
63,131,2.703218
64,131,2.729187
65,131,2.723899
66,131,2.718941
67,131,2.721636
68,131,2.714401
69,131,2.711203
70,131,2.717586
71,131,2.712359
72,131,2.712476
73,131,2.705221
74,131,2.709474
75,131,2.705584
76,131,2.709790
77,131,2.702323
78,131,2.702512
79,131,2.706115
80,131,2.729320
81,131,2.725506
82,131,2.721641
83,131,2.717726
84,131,2.709490
85,131,2.705465
86,131,2.712948
87,131,2.708822
88,131,2.704252
89,131,2.707731
90,131,2.707215
91,131,2.702876
92,131,2.694633
93,131,2.705603
94,131,2.708417
95,131,2.700019
96,131,2.733817
97,131,2.726409
98,131,2.722803
99,131,2.715295
100,131,2.715048
101,131,2.715145
102,131,2.715197
103,131,2.711332
104,131,2.703564
105,131,2.707305
106,131,2.703291
107,131,2.706535
108,131,2.706215
109,131,2.702054
110,131,2.705520
111,131,2.705079
112,131,2.725011
113,131,2.719806
114,131,2.722253
115,131,2.716939
116,131,2.711570
117,131,2.710001
118,131,2.710303
119,131,2.706698
120,131,2.706893
121,131,2.706635
122,131,2.702869
123,131,2.695197
124,131,2.685544
125,131,2.698954
126,131,2.691120
127,131,2.698644
128,131,2.721299
129,131,2.714440
130,131,2.715230
131,131,2.708259
132,131,2.701231
133,131,2.690296
134,131,2.687011
135,131,2.691776
136,131,2.692233
137,131,2.696489
138,131,2.696838
139,131,2.693279
140,131,2.689667
141,131,2.689853
142,131,2.697691
143,131,2.690064
144,131,2.732470
145,131,2.717030
146,131,2.713094
147,131,2.716822
148,131,2.712750
149,131,2.705202
150,131,2.708767
151,131,2.708429
152,131,2.700335
153,131,2.711454
154,131,2.707008
155,131,2.702605
156,131,2.694694
157,131,2.694042
158,131,2.697192
159,131,2.692584
160,131,2.716334
161,131,2.712707
162,131,2.713276
163,131,2.709548
164,131,2.705771
165,131,2.705796
166,131,2.705760
167,131,2.697970
168,131,2.698227
169,131,2.694189
170,131,2.701660
171,131,2.693670
172,131,2.682093
173,131,2.689403
174,131,2.685104
175,131,2.676902
176,131,2.714883
177,131,2.706967
178,131,2.702464
179,131,2.701763
180,131,2.693147
181,131,2.692720
182,131,2.691852
183,131,2.694784
184,131,2.690345
185,131,2.700876
186,131,2.695943
187,131,2.694807
188,131,2.689908
189,131,2.688652
190,131,2.687340
191,131,2.686360
192,131,2.700346
193,131,2.695012
194,131,2.689619
195,131,2.688409
196,131,2.682899
197,131,2.684683
198,131,2.687135
199,131,2.685284
200,131,2.683370
201,131,2.689489
202,131,2.695155
203,131,2.689196
204,131,2.675859
205,131,2.677475
206,131,2.678553
207,131,2.676560
208,131,2.685662
209,131,2.679676
210,131,2.677077
211,131,2.682110
212,131,2.672054
213,131,2.676937
214,131,2.670184
215,131,2.675311
216,131,2.672254
217,131,2.672731
218,131,2.669493
219,131,2.673876
220,131,2.667018
221,131,2.663521
222,131,2.664193
223,131,2.660515
224,131,2.672154
225,131,2.660991
226,131,2.660879
227,131,2.664933
228,131,2.656068
229,131,2.659897
230,131,2.655499
231,131,2.654843
232,131,2.654496
233,131,2.661318
234,131,2.656889
235,131,2.659621
236,131,2.643393
237,131,2.649728
238,131,2.648658
239,131,2.643171
240,131,2.644547
241,131,2.638754
242,131,2.633255
243,131,2.634875
244,131,2.624780
245,131,2.630386
246,131,2.627677
247,131,2.632958
248,131,2.633763
249,131,2.630994
250,131,2.631440
251,131,2.628306
252,131,2.612957
253,131,2.620993
254,131,2.611308
255,131,2.611180
0,132,2.671425
1,132,2.674200
2,132,2.673787
3,132,2.679617
4,132,2.670326
5,132,2.675857
6,132,2.677829
7,132,2.679223
8,132,2.673209
9,132,2.678186
10,132,2.675760
11,132,2.672776
12,132,2.670096
13,132,2.670722
14,132,2.667802
15,132,2.672970
16,132,2.700621
17,132,2.700773
18,132,2.697384
19,132,2.701179
20,132,2.697582
21,132,2.697737
22,132,2.691601
23,132,2.697341
24,132,2.692943
25,132,2.692717
26,132,2.688835
27,132,2.686486
28,132,2.687496
29,132,2.688828
30,132,2.690076
31,132,2.692764
32,132,2.711188
33,132,2.707940
34,132,2.708869
35,132,2.709321
36,132,2.708173
37,132,2.709395
38,132,2.699982
39,132,2.702455
40,132,2.704459
41,132,2.699088
42,132,2.701353
43,132,2.699302
44,132,2.697583
45,132,2.699254
46,132,2.699331
47,132,2.695872
48,132,2.720459
49,132,2.718409
50,132,2.712445
51,132,2.713733
52,132,2.711502
53,132,2.710745
54,132,2.706471
55,132,2.711771
56,132,2.713039
57,132,2.708582
58,132,2.707922
59,132,2.704886
60,132,2.700263
61,132,2.695585
62,132,2.700090
63,132,2.691452
64,132,2.725140
65,132,2.722345
66,132,2.720848
67,132,2.719693
68,132,2.712706
69,132,2.720683
70,132,2.713594
71,132,2.710305
72,132,2.706665
73,132,2.710970
74,132,2.707519
75,132,2.700164
76,132,2.707771
77,132,2.700315
78,132,2.704367
79,132,2.700663
80,132,2.727345
81,132,2.723531
82,132,2.719666
83,132,2.723456
84,132,2.711383
85,132,2.711220
86,132,2.710958
87,132,2.706831
88,132,2.702654
89,132,2.709578
90,132,2.705299
91,132,2.700969
92,132,2.700328
93,132,2.699737
94,132,2.694832
95,132,2.701842
96,132,2.739457
97,132,2.728207
98,132,2.720805
99,132,2.717150
100,132,2.709186
101,132,2.713136
102,132,2.713184
103,132,2.701617
104,132,2.713114
105,132,2.709149
106,132,2.705134
107,132,2.701069
108,132,2.700396
109,132,2.700035
110,132,2.699649
111,132,2.699208
112,132,2.728753
113,132,2.717772
114,132,2.714442
115,132,2.711057
116,132,2.711470
117,132,2.707976
118,132,2.708281
119,132,2.712384
120,132,2.712580
121,132,2.708459
122,132,2.700841
123,132,2.700875
124,132,2.697002
125,132,2.700780
126,132,2.696799
127,132,2.700468
128,132,2.723101
129,132,2.716246
130,132,2.717036
131,132,2.698508
132,132,2.699189
133,132,2.692119
134,132,2.684982
135,132,2.685908
136,132,2.694071
137,132,2.694475
138,132,2.690971
139,132,2.695118
140,132,2.695358
141,132,2.691691
142,132,2.695676
143,132,2.688048
144,132,2.730453
145,132,2.718864
146,132,2.718780
147,132,2.714773
148,132,2.711139
149,132,2.707048
150,132,2.702906
151,132,2.706419
152,132,2.706030
153,132,2.709348
154,132,2.704994
155,132,2.704442
156,132,2.696542
157,132,2.695887
158,132,2.695034
159,132,2.698119
160,132,2.722033
161,132,2.718406
162,132,2.715135
163,132,2.715261
164,132,2.707640
165,132,2.711508
166,132,2.699915
167,132,2.704087
168,132,2.703952
169,132,2.707619
170,132,2.699625
171,132,2.691624
172,132,2.683974
173,132,2.687430
174,132,2.686982
175,132,2.686484
176,132,2.717042
177,132,2.712578
178,132,2.708063
179,132,2.703497
180,132,2.695425
181,132,2.702312
182,132,2.686031
183,132,2.688960
184,132,2.692034
185,132,2.694845
186,132,2.697603
187,132,2.696853
188,132,2.684090
189,132,2.686683
190,132,2.681913
191,132,2.687966
192,132,2.705789
193,132,2.704291
194,132,2.687724
195,132,2.689962
196,132,2.684434
197,132,2.686953
198,132,2.685158
199,132,2.683301
200,132,2.692950
201,132,2.690955
202,132,2.688895
203,132,2.683321
204,132,2.677278
205,132,2.675425
206,132,2.680806
207,132,2.674559
208,132,2.691765
209,132,2.688715
210,132,2.682240
211,132,2.676101
212,132,2.669478
213,132,2.670895
214,132,2.667972
215,132,2.664969
216,132,2.673857
217,132,2.670693
218,132,2.675566
219,132,2.667705
220,132,2.660415
221,132,2.665014
222,132,2.657546
223,132,2.661965
224,132,2.669722
225,132,2.670100
226,132,2.662252
227,132,2.662009
228,132,2.662090
229,132,2.665492
230,132,2.645205
231,132,2.652220
232,132,2.655703
233,132,2.658638
234,132,2.658038
235,132,2.656880
236,132,2.647891
237,132,2.643070
238,132,2.649234
239,132,2.644151
240,132,2.646190
241,132,2.635800
242,132,2.637522
243,132,2.639549
244,132,2.633261
245,132,2.631126
246,132,2.628368
247,132,2.629758
248,132,2.634364
249,132,2.635408
250,132,2.631946
251,132,2.628768
252,132,2.617214
253,132,2.617498
254,132,2.612077
255,132,2.611414
0,133,2.679808
1,133,2.674317
2,133,2.676485
3,133,2.676571
4,133,2.675031
5,133,2.672888
6,133,2.674903
7,133,2.672474
8,133,2.670354
9,133,2.671507
10,133,2.669119
11,133,2.670014
12,133,2.663519
13,133,2.664169
14,133,2.673793
15,133,2.674187
16,133,2.705725
17,133,2.702045
18,133,2.694836
19,133,2.696724
20,133,2.702790
21,133,2.694844
22,133,2.693005
23,133,2.696423
24,133,2.686686
25,133,2.692566
26,133,2.690333
27,133,2.689936
28,133,2.692887
29,133,2.692318
30,133,2.691248
31,133,2.694366
32,133,2.710472
33,133,2.707651
34,133,2.702410
35,133,2.705765
36,133,2.706551
37,133,2.706851
38,133,2.701711
39,133,2.703795
40,133,2.706219
41,133,2.696605
42,133,2.698891
43,133,2.699183
44,133,2.699424
45,133,2.697645
46,133,2.699246
47,133,2.697339
48,133,2.718486
49,133,2.717974
50,133,2.721660
51,133,2.715653
52,133,2.713033
53,133,2.722628
54,133,2.712173
55,133,2.705919
56,133,2.707314
57,133,2.708245
58,133,2.705674
59,133,2.699194
60,133,2.699959
61,133,2.701291
62,133,2.702341
63,133,2.695226
64,133,2.726991
65,133,2.716322
66,133,2.712899
67,133,2.713684
68,133,2.712489
69,133,2.715225
70,133,2.707729
71,133,2.708296
72,133,2.708810
73,133,2.708865
74,133,2.701572
75,133,2.705787
76,133,2.706154
77,133,2.705994
78,133,2.702341
79,133,2.702491
80,133,2.729559
81,133,2.717637
82,133,2.717635
83,133,2.713713
84,133,2.713600
85,133,2.713022
86,133,2.705102
87,133,2.708690
88,133,2.704522
89,133,2.703658
90,133,2.703230
91,133,2.702751
92,133,2.702220
93,133,2.701638
94,133,2.700447
95,133,2.703603
96,133,2.729689
97,133,2.718440
98,133,2.718699
99,133,2.722761
100,133,2.718673
101,133,2.714918
102,133,2.703408
103,133,2.707258
104,133,2.703353
105,133,2.703224
106,133,2.706914
107,133,2.702848
108,133,2.698310
109,133,2.701814
110,133,2.697576
111,133,2.700988
112,133,2.730493
113,133,2.723370
114,133,2.718117
115,133,2.716671
116,133,2.720940
117,133,2.705890
118,133,2.706196
119,133,2.714154
120,133,2.710499
121,133,2.714074
122,133,2.706457
123,133,2.714197
124,133,2.694913
125,133,2.694839
126,133,2.694709
127,133,2.698378
128,133,2.724837
129,133,2.710281
130,133,2.711087
131,133,2.696414
132,133,2.693243
133,133,2.693869
134,133,2.686733
135,133,2.691536
136,133,2.695847
137,133,2.696251
138,133,2.696600
139,133,2.693041
140,133,2.689428
141,133,2.693470
142,133,2.693600
143,133,2.689823
144,133,2.728373
145,133,2.720635
146,133,2.720548
147,133,2.712692
148,133,2.705218
149,133,2.704978
150,133,2.700835
151,133,2.704274
152,133,2.707725
153,133,2.707273
154,133,2.710623
155,133,2.706216
156,133,2.713611
157,133,2.701385
158,133,2.708372
159,133,2.703749
160,133,2.727669
161,133,2.724043
162,133,2.713109
163,133,2.709373
164,133,2.705586
165,133,2.709454
166,133,2.697861
167,133,2.698168
168,133,2.698023
169,133,2.701680
170,133,2.697581
171,133,2.701551
172,133,2.701204
173,133,2.696867
174,133,2.700261
175,133,2.696311
176,133,2.718866
177,133,2.706695
178,133,2.706031
179,133,2.698021
180,133,2.700945
181,133,2.692409
182,133,2.691524
183,133,2.690999
184,133,2.693861
185,133,2.696669
186,133,2.695982
187,133,2.698444
188,133,2.693372
189,133,2.692097
190,133,2.691177
191,133,2.693642
192,133,2.703756
193,133,2.694959
194,133,2.689546
195,133,2.691447
196,133,2.690168
197,133,2.688416
198,133,2.690455
199,133,2.685141
200,133,2.683203
201,133,2.688907
202,133,2.687256
203,133,2.688544
204,133,2.690602
205,133,2.684472
206,133,2.685979
207,133,2.691687
208,133,2.693055
209,133,2.686645
210,133,2.680582
211,133,2.674026
212,133,2.674958
213,133,2.675941
214,133,2.672992
215,133,2.666537
216,133,2.667282
217,133,2.672223
218,133,2.672803
219,133,2.673724
220,133,2.674131
221,133,2.669879
222,133,2.670519
223,133,2.670635
224,133,2.671091
225,133,2.671016
226,133,2.655867
227,133,2.659446
228,133,2.663360
229,133,2.659024
230,133,2.654579
231,133,2.645690
232,133,2.652557
233,133,2.655902
234,133,2.654828
235,133,2.657935
236,133,2.652761
237,133,2.655618
238,133,2.657889
239,133,2.656630
240,133,2.639362
241,133,2.637826
242,133,2.634463
243,133,2.636456
244,133,2.633974
245,133,2.631803
246,133,2.628995
247,133,2.626495
248,133,2.627195
249,133,2.632051
250,133,2.632385
251,133,2.629164
252,133,2.629109
253,133,2.629346
254,133,2.629376
255,133,2.615429
0,134,2.672717
1,134,2.669212
2,134,2.667564
3,134,2.673931
4,134,2.675823
5,134,2.666006
6,134,2.671918
7,134,2.677225
8,134,2.671294
9,134,2.670548
10,134,2.668200
11,134,2.672974
12,134,2.672296
13,134,2.665266
14,134,2.671080
15,134,2.669571
16,134,2.699216
17,134,2.697484
18,134,2.696087
19,134,2.696069
20,134,2.696387
21,134,2.694239
22,134,2.692429
23,134,2.692013
24,134,2.688828
25,134,2.695912
26,134,2.680221
27,134,2.690979
28,134,2.686670
29,134,2.697255
30,134,2.688923
31,134,2.691638
32,134,2.710111
33,134,2.701695
34,134,2.700730
35,134,2.699688
36,134,2.698146
37,134,2.704659
38,134,2.701045
39,134,2.701634
40,134,2.695951
41,134,2.698327
42,134,2.697233
43,134,2.702891
44,134,2.705049
45,134,2.700943
46,134,2.697192
47,134,2.703009
48,134,2.717976
49,134,2.710183
50,134,2.713468
51,134,2.711668
52,134,2.711385
53,134,2.712552
54,134,2.706373
55,134,2.707840
56,134,2.703054
57,134,2.706334
58,134,2.703359
59,134,2.700989
60,134,2.698310
61,134,2.702864
62,134,2.703929
63,134,2.701087
64,134,2.724741
65,134,2.719866
66,134,2.715100
67,134,2.717394
68,134,2.704643
69,134,2.709178
70,134,2.709808
71,134,2.709967
72,134,2.700861
73,134,2.707205
74,134,2.703345
75,134,2.703708
76,134,2.707873
77,134,2.707711
78,134,2.704069
79,134,2.708108
80,134,2.723618
81,134,2.719389
82,134,2.715535
83,134,2.715482
84,134,2.711526
85,134,2.710908
86,134,2.702987
87,134,2.702722
88,134,2.702405
89,134,2.705890
90,134,2.697334
91,134,2.700616
92,134,2.700084
93,134,2.699499
94,134,2.695010
95,134,2.701590
96,134,2.739122
97,134,2.724021
98,134,2.724281
99,134,2.712932
100,134,2.713091
101,134,2.716636
102,134,2.708979
103,134,2.708977
104,134,2.705071
105,134,2.704968
106,134,2.700926
107,134,2.704565
108,134,2.700012
109,134,2.703529
110,134,2.703144
111,134,2.698852
112,134,2.726403
113,134,2.721209
114,134,2.721739
115,134,2.722213
116,134,2.718787
117,134,2.707592
118,134,2.707901
119,134,2.708155
120,134,2.712211
121,134,2.702287
122,134,2.704303
123,134,2.694707
124,134,2.686981
125,134,2.700392
126,134,2.696409
127,134,2.688518
128,134,2.722658
129,134,2.715812
130,134,2.705059
131,134,2.709653
132,134,2.702631
133,134,2.695566
134,134,2.688431
135,134,2.697091
136,134,2.689853
137,134,2.694110
138,134,2.667490
139,134,2.675490
140,134,2.691145
141,134,2.687476
142,134,2.691458
143,134,2.695386
144,134,2.722377
145,134,2.718489
146,134,2.710695
147,134,2.710548
148,134,2.706939
149,134,2.698993
150,134,2.706343
151,134,2.705991
152,134,2.705589
153,134,2.716693
154,134,2.712336
155,134,2.708243
156,134,2.707626
157,134,2.703104
158,134,2.706236
159,134,2.701609
160,134,2.717881
161,134,2.714677
162,134,2.710991
163,134,2.703402
164,134,2.707321
165,134,2.703481
166,134,2.696159
167,134,2.703769
168,134,2.699770
169,134,2.703426
170,134,2.699326
171,134,2.699389
172,134,2.702884
173,134,2.694768
174,134,2.694308
175,134,2.694221
176,134,2.712922
177,134,2.704473
178,134,2.707648
179,134,2.695785
180,134,2.695004
181,134,2.690317
182,134,2.689854
183,134,2.692572
184,134,2.691567
185,134,2.702490
186,134,2.693672
187,134,2.696357
188,134,2.695133
189,134,2.694278
190,134,2.688816
191,134,2.687412
192,134,2.697933
193,134,2.688708
194,134,2.690983
195,134,2.682065
196,134,2.688073
197,134,2.689809
198,134,2.688404
199,134,2.686510
200,134,2.681127
201,134,2.686812
202,134,2.688580
203,134,2.686857
204,134,2.688493
205,134,2.678037
206,134,2.683805
207,134,2.681369
208,134,2.683145
209,134,2.680566
210,134,2.677914
211,134,2.675620
212,134,2.668966
213,134,2.666522
214,134,2.670671
215,134,2.667618
216,134,2.668775
217,134,2.677117
218,134,2.670404
219,134,2.674723
220,134,2.667838
221,134,2.668128
222,134,2.664474
223,134,2.664264
224,134,2.664255
225,134,2.660744
226,134,2.656686
227,134,2.652976
228,134,2.660271
229,134,2.660207
230,134,2.655728
231,134,2.655448
232,134,2.645936
233,134,2.656963
234,134,2.648146
235,134,2.658933
236,134,2.653720
237,134,2.652697
238,134,2.651074
239,134,2.653638
240,134,2.632475
241,134,2.630907
242,134,2.631342
243,134,2.629449
244,134,2.630771
245,134,2.632417
246,134,2.629558
247,134,2.634725
248,134,2.631519
249,134,2.636333
250,134,2.628905
251,134,2.629492
252,134,2.626031
253,134,2.621860
254,134,2.617988
255,134,2.607814
0,135,2.673267
1,135,2.672341
2,135,2.672064
3,135,2.680407
4,135,2.676553
5,135,2.678327
6,135,2.672726
7,135,2.674210
8,135,2.672175
9,135,2.669531
10,135,2.671076
11,135,2.668171
12,135,2.669458
13,135,2.671147
14,135,2.667851
15,135,2.672604
16,135,2.699901
17,135,2.696722
18,135,2.696830
19,135,2.701139
20,135,2.693332
21,135,2.695507
22,135,2.689426
23,135,2.694098
24,135,2.697438
25,135,2.689574
26,135,2.688878
27,135,2.688537
28,135,2.687665
29,135,2.696781
30,135,2.682254
31,135,2.689276
32,135,2.712234
33,135,2.705154
34,135,2.698433
35,135,2.704683
36,135,2.707442
37,135,2.705837
38,135,2.704594
39,135,2.702844
40,135,2.705311
41,135,2.700472
42,135,2.698500
43,135,2.696892
44,135,2.692859
45,135,2.693046
46,135,2.694661
47,135,2.700497
48,135,2.713975
49,135,2.711913
50,135,2.707916
51,135,2.714987
52,135,2.708943
53,135,2.714397
54,135,2.703951
55,135,2.711215
56,135,2.710993
57,135,2.704215
58,135,2.701663
59,135,2.696699
60,135,2.703667
61,135,2.704801
62,135,2.697744
63,135,2.698967
64,135,2.726896
65,135,2.719666
66,135,2.720519
67,135,2.721319
68,135,2.708149
69,135,2.714623
70,135,2.711535
71,135,2.707830
72,135,2.712212
73,135,2.708836
74,135,2.705409
75,135,2.707276
76,135,2.703805
77,135,2.704067
78,135,2.703843
79,135,2.705930
80,135,2.717598
81,135,2.721510
82,135,2.705665
83,135,2.721023
84,135,2.713214
85,135,2.713060
86,135,2.708561
87,135,2.704394
88,135,2.711782
89,135,2.703708
90,135,2.698990
91,135,2.698518
92,135,2.694141
93,135,2.693443
94,135,2.696657
95,135,2.695517
96,135,2.733011
97,135,2.725627
98,135,2.718241
99,135,2.718451
100,135,2.710905
101,135,2.714422
102,135,2.706780
103,135,2.710631
104,135,2.702872
105,135,2.698916
106,135,2.706468
107,135,2.694658
108,135,2.693945
109,135,2.705180
110,135,2.697090
111,135,2.704347
112,135,2.729942
113,135,2.722826
114,135,2.719517
115,135,2.719994
116,135,2.712710
117,135,2.709231
118,135,2.713394
119,135,2.709802
120,135,2.725413
121,135,2.705846
122,135,2.704012
123,135,2.702121
124,135,2.702102
125,135,2.705880
126,135,2.694191
127,135,2.697858
128,135,2.716559
129,135,2.709719
130,135,2.706672
131,135,2.703563
132,135,2.708115
133,135,2.704892
134,135,2.674653
135,135,2.683326
136,135,2.695346
137,135,2.688053
138,135,2.676844
139,135,2.680996
140,135,2.677382
141,135,2.681418
142,135,2.693108
143,135,2.697034
144,135,2.724022
145,135,2.716280
146,135,2.708483
147,135,2.712193
148,135,2.704743
149,135,2.696742
150,135,2.704145
151,135,2.699939
152,135,2.726505
153,135,2.722197
154,135,2.713877
155,135,2.706050
156,135,2.705430
157,135,2.700906
158,135,2.700031
159,135,2.703097
160,135,2.715684
161,135,2.720200
162,135,2.712662
163,135,2.708943
164,135,2.701293
165,135,2.701299
166,135,2.701695
167,135,2.701599
168,135,2.724570
169,135,2.712768
170,135,2.701391
171,135,2.704935
172,135,2.696870
173,135,2.700311
174,135,2.696336
175,135,2.691959
176,135,2.710648
177,135,2.706168
178,135,2.698220
179,135,2.697488
180,135,2.696541
181,135,2.692277
182,135,2.687524
183,135,2.694275
184,135,2.712531
185,135,2.704199
186,135,2.695147
187,135,2.690111
188,135,2.689308
189,135,2.691866
190,135,2.694368
191,135,2.689543
192,135,2.695783
193,135,2.693946
194,135,2.692788
195,135,2.691134
196,135,2.685566
197,135,2.680375
198,135,2.678538
199,135,2.684782
200,135,2.701683
201,135,2.695790
202,135,2.690272
203,135,2.691954
204,135,2.682011
205,135,2.683999
206,135,2.681625
207,135,2.682979
208,135,2.684303
209,135,2.681700
210,135,2.671765
211,135,2.672867
212,135,2.670488
213,135,2.671438
214,135,2.665052
215,135,2.665222
216,135,2.689032
217,135,2.686240
218,135,2.675207
219,135,2.676099
220,135,2.668745
221,135,2.669461
222,135,2.669631
223,135,2.666312
224,135,2.665506
225,135,2.661515
226,135,2.657887
227,135,2.653694
228,135,2.649862
229,135,2.653162
230,135,2.649116
231,135,2.648343
232,135,2.674896
233,135,2.665198
234,135,2.652965
235,135,2.651690
236,135,2.650767
237,135,2.645382
238,135,2.651904
239,135,2.646248
240,135,2.633232
241,135,2.634995
242,135,2.633249
243,135,2.630085
244,135,2.627505
245,135,2.625261
246,135,2.630057
247,135,2.623626
248,135,2.655040
249,135,2.644401
250,135,2.633062
251,135,2.625898
252,135,2.622391
253,135,2.618157
254,135,2.612548
255,135,2.611685
0,136,2.677605
1,136,2.684437
2,136,2.676501
3,136,2.675261
4,136,2.669515
5,136,2.671323
6,136,2.673472
7,136,2.671135
8,136,2.676848
9,136,2.674233
10,136,2.668114
11,136,2.665237
12,136,2.669938
13,136,2.675990
14,136,2.668865
15,136,2.669802
16,136,2.697122
17,136,2.701683
18,136,2.697959
19,136,2.698449
20,136,2.694514
21,136,2.698648
22,136,2.690659
23,136,2.691514
24,136,2.698725
25,136,2.687036
26,136,2.694062
27,136,2.689896
28,136,2.685186
29,136,2.688550
30,136,2.687522
31,136,2.690717
32,136,2.713254
33,136,2.716269
34,136,2.707196
35,136,2.710055
36,136,2.700829
37,136,2.703536
38,136,2.705721
39,136,2.704429
40,136,2.699254
41,136,2.701658
42,136,2.700140
43,136,2.698108
44,136,2.692601
45,136,2.698142
46,136,2.696356
47,136,2.694454
48,136,2.719497
49,136,2.721360
50,136,2.722718
51,136,2.716752
52,136,2.710282
53,136,2.715754
54,136,2.709913
55,136,2.707107
56,136,2.708538
57,136,2.705616
58,136,2.703080
59,136,2.700488
60,136,2.701249
61,136,2.702621
62,136,2.699851
63,136,2.696583
64,136,2.720674
65,136,2.725447
66,136,2.722017
67,136,2.715125
68,136,2.716030
69,136,2.716284
70,136,2.720781
71,136,2.709815
72,136,2.709911
73,136,2.714253
74,136,2.710919
75,136,2.706995
76,136,2.707320
77,136,2.703740
78,136,2.703962
79,136,2.699860
80,136,2.719235
81,136,2.723147
82,136,2.718851
83,136,2.714956
84,136,2.711009
85,136,2.710829
86,136,2.710169
87,136,2.702207
88,136,2.701898
89,136,2.701538
90,136,2.701038
91,136,2.696253
92,136,2.695727
93,136,2.695149
94,136,2.690533
95,136,2.693692
96,136,2.730756
97,136,2.731079
98,136,2.723645
99,136,2.718125
100,136,2.712506
101,136,2.712158
102,136,2.708363
103,136,2.704514
104,136,2.704461
105,136,2.704358
106,136,2.704203
107,136,2.700145
108,136,2.691665
109,136,2.702913
110,136,2.694816
111,136,2.698228
112,136,2.723783
113,136,2.724388
114,136,2.713366
115,136,2.717709
116,136,2.714281
117,136,2.703098
118,136,2.703411
119,136,2.715232
120,136,2.707728
121,136,2.707416
122,136,2.703655
123,136,2.703692
124,136,2.705599
125,136,2.707450
126,136,2.695761
127,136,2.699427
128,136,2.725808
129,136,2.722824
130,136,2.708219
131,136,2.708979
132,136,2.698109
133,136,2.706458
134,136,2.699327
135,136,2.681055
136,136,2.673811
137,136,2.678077
138,136,2.678427
139,136,2.682579
140,136,2.678965
141,136,2.694562
142,136,2.694689
143,136,2.698616
144,136,2.721749
145,136,2.721711
146,136,2.710058
147,136,2.713772
148,136,2.706290
149,136,2.702185
150,136,2.724998
151,136,2.716938
152,136,2.697269
153,136,2.719831
154,136,2.719312
155,136,2.703791
156,136,2.707021
157,136,2.706206
158,136,2.705469
159,136,2.700827
160,136,2.713879
161,136,2.714099
162,136,2.706589
163,136,2.706696
164,136,2.699047
165,136,2.703360
166,136,2.718710
167,136,2.726309
168,136,2.695330
169,136,2.718238
170,136,2.710726
171,136,2.694937
172,136,2.698418
173,136,2.694143
174,136,2.701825
175,136,2.693594
176,136,2.708427
177,136,2.708115
178,136,2.703571
179,136,2.691268
180,136,2.694323
181,136,2.697774
182,136,2.708242
183,136,2.711126
184,136,2.691289
185,136,2.713329
186,136,2.704491
187,136,2.692194
188,136,2.690696
189,136,2.685533
190,136,2.692320
191,136,2.687042
192,136,2.697118
193,136,2.696026
194,136,2.690573
195,136,2.680868
196,136,2.687291
197,136,2.685497
198,136,2.702905
199,136,2.701437
200,136,2.680191
201,136,2.701713
202,136,2.699171
203,136,2.681568
204,136,2.683616
205,136,2.685142
206,136,2.683201
207,136,2.676882
208,136,2.685902
209,136,2.679366
210,136,2.672814
211,136,2.674351
212,136,2.667649
213,136,2.669034
214,136,2.692997
215,136,2.693762
216,136,2.665369
217,136,2.683289
218,136,2.680399
219,136,2.669252
220,136,2.666189
221,136,2.666420
222,136,2.667029
223,136,2.667075
224,136,2.670556
225,136,2.662682
226,136,2.659034
227,136,2.654808
228,136,2.654808
229,136,2.650369
230,136,2.673271
231,136,2.672462
232,136,2.656610
233,136,2.669984
234,136,2.669283
235,136,2.646779
236,136,2.647755
237,136,2.650034
238,136,2.648822
239,136,2.643122
240,136,2.635854
241,136,2.631792
242,136,2.631938
243,136,2.634000
244,136,2.626101
245,136,2.627673
246,136,2.653606
247,136,2.656767
248,136,2.628407
249,136,2.648548
250,136,2.637150
251,136,2.626088
252,136,2.618680
253,136,2.622087
254,136,2.612561
255,136,2.611630
0,137,2.678023
1,137,2.673350
2,137,2.671845
3,137,2.671977
4,137,2.677825
5,137,2.679666
6,137,2.670304
7,137,2.675703
8,137,2.673755
9,137,2.667317
10,137,2.668945
11,137,2.669948
12,137,2.666971
13,137,2.668212
14,137,2.669822
15,137,2.674649
16,137,2.698139
17,137,2.695029
18,137,2.691327
19,137,2.687997
20,137,2.699495
21,137,2.699331
22,137,2.691838
23,137,2.692257
24,137,2.696105
25,137,2.687828
26,137,2.683783
27,137,2.686882
28,137,2.686509
29,137,2.685580
30,137,2.685033
31,137,2.688423
32,137,2.710809
33,137,2.705680
34,137,2.704788
35,137,2.703356
36,137,2.713868
37,137,2.700726
38,137,2.703382
39,137,2.702160
40,137,2.704657
41,137,2.695523
42,137,2.693568
43,137,2.695855
44,137,2.697617
45,137,2.695917
46,137,2.697957
47,137,2.696113
48,137,2.721174
49,137,2.718748
50,137,2.705155
51,137,2.706458
52,137,2.715860
53,137,2.713508
54,137,2.711220
55,137,2.708873
56,137,2.702160
57,137,2.707403
58,137,2.696722
59,137,2.698246
60,137,2.695602
61,137,2.696299
62,137,2.705102
63,137,2.698439
64,137,2.718236
65,137,2.723203
66,137,2.720219
67,137,2.712874
68,137,2.721342
69,137,2.718199
70,137,2.714547
71,137,2.707562
72,137,2.708104
73,137,2.704284
74,137,2.700870
75,137,2.701258
76,137,2.704987
77,137,2.705322
78,137,2.701692
79,137,2.697550
80,137,2.716934
81,137,2.724710
82,137,2.713167
83,137,2.708808
84,137,2.716419
85,137,2.712421
86,137,2.704519
87,137,2.703748
88,137,2.707291
89,137,2.691518
90,137,2.698811
91,137,2.697874
92,137,2.693394
93,137,2.696667
94,137,2.694108
95,137,2.695348
96,137,2.732288
97,137,2.728759
98,137,2.717474
99,137,2.713843
100,137,2.717895
101,137,2.718004
102,137,2.706033
103,137,2.702189
104,137,2.709851
105,137,2.698174
106,137,2.698019
107,137,2.693961
108,137,2.701409
109,137,2.696726
110,137,2.696335
111,137,2.695895
112,137,2.721422
113,137,2.718167
114,137,2.722570
115,137,2.715349
116,137,2.708079
117,137,2.704605
118,137,2.708773
119,137,2.709037
120,137,2.713094
121,137,2.705064
122,137,2.705159
123,137,2.705195
124,137,2.705176
125,137,2.712808
126,137,2.701117
127,137,2.697077
128,137,2.727281
129,137,2.720450
130,137,2.709714
131,137,2.710462
132,137,2.699608
133,137,2.700241
134,137,2.677711
135,137,2.678718
136,137,2.675327
137,137,2.683446
138,137,2.683796
139,137,2.680243
140,137,2.676632
141,137,2.680667
142,137,2.684649
143,137,2.673161
144,137,2.719410
145,137,2.711664
146,137,2.711567
147,137,2.711871
148,137,2.703963
149,137,2.707562
150,137,2.711111
151,137,2.702972
152,137,2.710260
153,137,2.725202
154,137,2.729007
155,137,2.701465
156,137,2.712268
157,137,2.707728
158,137,2.699283
159,137,2.706196
160,137,2.715465
161,137,2.711822
162,137,2.708128
163,137,2.708236
164,137,2.708297
165,137,2.701055
166,137,2.700999
167,137,2.700893
168,137,2.700735
169,137,2.720208
170,137,2.716085
171,137,2.700352
172,137,2.696126
173,137,2.692313
174,137,2.703294
175,137,2.695051
176,137,2.713725
177,137,2.705840
178,137,2.701292
179,137,2.696536
180,137,2.692334
181,137,2.687618
182,137,2.686700
183,137,2.690042
184,137,2.692869
185,137,2.703124
186,137,2.706291
187,137,2.693531
188,137,2.688419
189,137,2.691419
190,137,2.690047
191,137,2.692177
192,137,2.698845
193,137,2.693434
194,137,2.691816
195,137,2.686748
196,137,2.688862
197,137,2.686694
198,137,2.681430
199,137,2.679492
200,137,2.681808
201,137,2.699005
202,137,2.704578
203,137,2.686987
204,137,2.677001
205,137,2.682825
206,137,2.680408
207,137,2.678387
208,137,2.691238
209,137,2.684752
210,137,2.674259
211,137,2.671461
212,137,2.669059
213,137,2.669959
214,137,2.675106
215,137,2.668140
216,137,2.661091
217,137,2.688444
218,137,2.685061
219,137,2.662806
220,137,2.663098
221,137,2.667635
222,137,2.663891
223,137,2.668242
224,137,2.668159
225,137,2.659940
226,137,2.663489
227,137,2.655867
228,137,2.655353
229,137,2.655225
230,137,2.652565
231,137,2.654142
232,137,2.653178
233,137,2.663153
234,137,2.669629
235,137,2.653366
236,137,2.648536
237,137,2.650773
238,137,2.649531
239,137,2.643787
240,137,2.634561
241,137,2.634305
242,137,2.629309
243,137,2.630641
244,137,2.628484
245,137,2.630018
246,137,2.627002
247,137,2.630122
248,137,2.628676
249,137,2.641067
250,137,2.645021
251,137,2.622354
252,137,2.622603
253,137,2.616570
254,137,2.616353
255,137,2.611500
0,138,2.675053
1,138,2.677608
2,138,2.668436
3,138,2.675035
4,138,2.677097
5,138,2.680241
6,138,2.670925
7,138,2.676357
8,138,2.674453
9,138,2.671898
10,138,2.676914
11,138,2.670747
12,138,2.663944
13,138,2.672930
14,138,2.666868
15,138,2.671731
16,138,2.702951
17,138,2.703235
18,138,2.688492
19,138,2.692410
20,138,2.700567
21,138,2.692717
22,138,2.696814
23,138,2.689553
24,138,2.685726
25,138,2.685172
26,138,2.685008
27,138,2.684271
28,138,2.683444
29,138,2.686865
30,138,2.682012
31,138,2.685901
32,138,2.715541
33,138,2.707049
34,138,2.709560
35,138,2.700909
36,138,2.707118
37,138,2.702167
38,138,2.709225
39,138,2.699786
40,138,2.702304
41,138,2.692722
42,138,2.695099
43,138,2.696937
44,138,2.695324
45,138,2.701307
46,138,2.691843
47,138,2.693402
48,138,2.718483
49,138,2.716531
50,138,2.706342
51,138,2.708466
52,138,2.717406
53,138,2.719048
54,138,2.708604
55,138,2.706274
56,138,2.707738
57,138,2.704824
58,138,2.702582
59,138,2.703395
60,138,2.696913
61,138,2.701933
62,138,2.698725
63,138,2.699782
64,138,2.727948
65,138,2.720711
66,138,2.713889
67,138,2.710397
68,138,2.715026
69,138,2.715887
70,138,2.716077
71,138,2.705126
72,138,2.713387
73,138,2.709566
74,138,2.706248
75,138,2.706637
76,138,2.699268
77,138,2.699081
78,138,2.695462
79,138,2.691823
80,138,2.722291
81,138,2.718508
82,138,2.714674
83,138,2.714641
84,138,2.714057
85,138,2.717764
86,138,2.713714
87,138,2.701907
88,138,2.701125
89,138,2.704549
90,138,2.700281
91,138,2.699814
92,138,2.694957
93,138,2.694264
94,138,2.689776
95,138,2.692940
96,138,2.733681
97,138,2.726311
98,138,2.715088
99,138,2.715311
100,138,2.711629
101,138,2.711750
102,138,2.711342
103,138,2.707497
104,138,2.699748
105,138,2.703507
106,138,2.699474
107,138,2.699267
108,138,2.699009
109,138,2.702030
110,138,2.701640
111,138,2.701200
112,138,2.726687
113,138,2.727300
114,138,2.723991
115,138,2.716782
116,138,2.705663
117,138,2.704111
118,138,2.708288
119,138,2.712407
120,138,2.697202
121,138,2.702645
122,138,2.704667
123,138,2.706632
124,138,2.706614
125,138,2.702686
126,138,2.690995
127,138,2.700438
128,138,2.720982
129,138,2.721862
130,138,2.703421
131,138,2.704185
132,138,2.689467
133,138,2.693967
134,138,2.694555
135,138,2.699429
136,138,2.684481
137,138,2.684895
138,138,2.681399
139,138,2.685545
140,138,2.685787
141,138,2.685972
142,138,2.678391
143,138,2.682315
144,138,2.728562
145,138,2.716961
146,138,2.716861
147,138,2.713330
148,138,2.705421
149,138,2.709020
150,138,2.704794
151,138,2.708279
152,138,2.707860
153,138,2.707389
154,138,2.707242
155,138,2.706657
156,138,2.706020
157,138,2.701477
158,138,2.700580
159,138,2.703626
160,138,2.713083
161,138,2.709441
162,138,2.709601
163,138,2.709724
164,138,2.706399
165,138,2.706394
166,138,2.702485
167,138,2.698498
168,138,2.702661
169,138,2.702441
170,138,2.698317
171,138,2.701847
172,138,2.698016
173,138,2.693727
174,138,2.697092
175,138,2.692699
176,138,2.711847
177,138,2.711067
178,138,2.706507
179,138,2.698516
180,138,2.697702
181,138,2.696835
182,138,2.695723
183,138,2.695211
184,138,2.690318
185,138,2.693075
186,138,2.688546
187,138,2.687091
188,138,2.685816
189,138,2.696518
190,138,2.691277
191,138,2.690305
192,138,2.703904
193,138,2.690769
194,138,2.689609
195,138,2.687913
196,138,2.690009
197,138,2.688666
198,138,2.686401
199,138,2.681068
200,138,2.682899
201,138,2.684665
202,138,2.686843
203,138,2.684624
204,138,2.675110
205,138,2.679980
206,138,2.678020
207,138,2.679362
208,138,2.688337
209,138,2.678457
210,138,2.675725
211,138,2.668979
212,138,2.673785
213,138,2.667440
214,138,2.668234
215,138,2.669435
216,138,2.670065
217,138,2.667247
218,138,2.667018
219,138,2.667371
220,138,2.671981
221,138,2.670226
222,138,2.670800
223,138,2.670783
224,138,2.665388
225,138,2.660494
226,138,2.664512
227,138,2.656364
228,138,2.646689
229,138,2.652317
230,138,2.651548
231,138,2.647322
232,138,2.654026
233,138,2.656262
234,138,2.653066
235,138,2.654114
236,138,2.648735
237,138,2.653376
238,138,2.649652
239,138,2.646315
240,138,2.642836
241,138,2.632901
242,138,2.629787
243,138,2.634921
244,138,2.632728
245,138,2.633680
246,138,2.633079
247,138,2.624600
248,138,2.626949
249,138,2.625811
250,138,2.623925
251,138,2.620803
252,138,2.620961
253,138,2.616488
254,138,2.616218
255,138,2.611871
0,139,2.671498
1,139,2.677946
2,139,2.664961
3,139,2.667758
4,139,2.677562
5,139,2.675651
6,139,2.675336
7,139,2.688506
8,139,2.675089
9,139,2.668712
10,139,2.669905
11,139,2.671485
12,139,2.668563
13,139,2.666030
14,139,2.666712
15,139,2.672097
16,139,2.696146
17,139,2.696454
18,139,2.693304
19,139,2.693391
20,139,2.701582
21,139,2.697606
22,139,2.685823
23,139,2.706057
24,139,2.694057
25,139,2.690166
26,139,2.685684
27,139,2.681605
28,139,2.688501
29,139,2.688096
30,139,2.690964
31,139,2.687179
32,139,2.712980
33,139,2.700661
34,139,2.699331
35,139,2.706117
36,139,2.704632
37,139,2.699704
38,139,2.702453
39,139,2.716625
40,139,2.703271
41,139,2.701887
42,139,2.692245
43,139,2.694575
44,139,2.696797
45,139,2.698978
46,139,2.692904
47,139,2.694952
48,139,2.715718
49,139,2.713786
50,139,2.708300
51,139,2.709602
52,139,2.715175
53,139,2.712501
54,139,2.710248
55,139,2.715160
56,139,2.709225
57,139,2.702930
58,139,2.699950
59,139,2.693541
60,139,2.698152
61,139,2.699336
62,139,2.696829
63,139,2.701262
64,139,2.725385
65,139,2.710443
66,139,2.715194
67,139,2.712346
68,139,2.712643
69,139,2.721075
70,139,2.710189
71,139,2.718032
72,139,2.707148
73,139,2.703800
74,139,2.711474
75,139,2.700316
76,139,2.700665
77,139,2.704381
78,139,2.700764
79,139,2.697094
80,139,2.720343
81,139,2.708376
82,139,2.712258
83,139,2.712225
84,139,2.711649
85,139,2.707660
86,139,2.707429
87,139,2.722590
88,139,2.706383
89,139,2.698323
90,139,2.694064
91,139,2.697361
92,139,2.688635
93,139,2.695766
94,139,2.691286
95,139,2.694316
96,139,2.727868
97,139,2.723856
98,139,2.724141
99,139,2.712857
100,139,2.713029
101,139,2.717003
102,139,2.708868
103,139,2.720443
104,139,2.701135
105,139,2.697188
106,139,2.700895
107,139,2.700652
108,139,2.700393
109,139,2.699559
110,139,2.699170
111,139,2.702584
112,139,2.737662
113,139,2.728647
114,139,2.736912
115,139,2.710442
116,139,2.707023
117,139,2.711260
118,139,2.700029
119,139,2.704150
120,139,2.702435
121,139,2.704010
122,139,2.696402
123,139,2.704147
124,139,2.702202
125,139,2.702127
126,139,2.688510
127,139,2.696025
128,139,2.718466
129,139,2.711646
130,139,2.708616
131,139,2.709384
132,139,2.698534
133,139,2.699183
134,139,2.680508
135,139,2.685388
136,139,2.682008
137,139,2.682423
138,139,2.682779
139,139,2.683078
140,139,2.687168
141,139,2.683499
142,139,2.679773
143,139,2.683695
144,139,2.726087
145,139,2.718336
146,139,2.710528
147,139,2.710868
148,139,2.710664
149,139,2.698793
150,139,2.713887
151,139,2.698107
152,139,2.701539
153,139,2.704818
154,139,2.708636
155,139,2.708049
156,139,2.707409
157,139,2.702719
158,139,2.705815
159,139,2.699726
160,139,2.722192
161,139,2.718586
162,139,2.711030
163,139,2.707276
164,139,2.703965
165,139,2.703953
166,139,2.700033
167,139,2.699916
168,139,2.700239
169,139,2.700018
170,139,2.703538
171,139,2.703204
172,139,2.691750
173,139,2.695165
174,139,2.686865
175,139,2.694508
176,139,2.713167
177,139,2.704804
178,139,2.704093
179,139,2.703659
180,139,2.698979
181,139,2.694245
182,139,2.693797
183,139,2.696660
184,139,2.695400
185,139,2.694777
186,139,2.689758
187,139,2.692388
188,139,2.687744
189,139,2.686134
190,139,2.688581
191,139,2.687606
192,139,2.701495
193,139,2.696549
194,139,2.690720
195,139,2.689005
196,139,2.687719
197,139,2.685881
198,139,2.680617
199,139,2.686358
200,139,2.687769
201,139,2.686152
202,139,2.680126
203,139,2.682230
204,139,2.683773
205,139,2.678035
206,139,2.678942
207,139,2.680260
208,139,2.693559
209,139,2.687025
210,139,2.677061
211,139,2.674229
212,139,2.675079
213,139,2.675927
214,139,2.681048
215,139,2.674029
216,139,2.671280
217,139,2.667945
218,139,2.672038
219,139,2.672363
220,139,2.671177
221,139,2.665539
222,139,2.671875
223,139,2.666047
224,139,2.668339
225,139,2.661480
226,139,2.657772
227,139,2.657296
228,139,2.655304
229,139,2.654610
230,139,2.652399
231,139,2.655329
232,139,2.658667
233,139,2.656488
234,139,2.655707
235,139,2.650948
236,139,2.655158
237,139,2.652064
238,139,2.646369
239,139,2.656485
240,139,2.635091
241,139,2.639819
242,139,2.634052
243,139,2.627577
244,139,2.629198
245,139,2.630097
246,139,2.627529
247,139,2.628640
248,139,2.629004
249,139,2.627822
250,139,2.620452
251,139,2.616911
252,139,2.613167
253,139,2.612478
254,139,2.612154
255,139,2.607751
0,140,2.671727
1,140,2.670511
2,140,2.669123
3,140,2.675826
4,140,2.681814
5,140,2.680485
6,140,2.678456
7,140,2.691689
8,140,2.671808
9,140,2.673168
10,140,2.670538
11,140,2.668308
12,140,2.669267
13,140,2.670628
14,140,2.671335
15,140,2.675775
16,140,2.696988
17,140,2.693466
18,140,2.694205
19,140,2.694315
20,140,2.702023
21,140,2.698584
22,140,2.694527
23,140,2.710147
24,140,2.691260
25,140,2.687399
26,140,2.690640
27,140,2.678378
28,140,2.685797
29,140,2.688767
30,140,2.684451
31,140,2.687900
32,140,2.706513
33,140,2.709129
34,140,2.700609
35,140,2.703066
36,140,2.709799
37,140,2.704948
38,140,2.699954
39,140,2.717505
40,140,2.700805
41,140,2.702800
42,140,2.693663
43,140,2.699372
44,140,2.694397
45,140,2.696103
46,140,2.698238
47,140,2.692106
48,140,2.713374
49,140,2.714819
50,140,2.705504
51,140,2.715010
52,140,2.712402
53,140,2.714080
54,140,2.711351
55,140,2.724771
56,140,2.706500
57,140,2.704075
58,140,2.697739
59,140,2.702411
60,140,2.703666
61,140,2.700751
62,140,2.701883
63,140,2.699106
64,140,2.722749
65,140,2.716010
66,140,2.712749
67,140,2.713596
68,140,2.714389
69,140,2.718485
70,140,2.719171
71,140,2.723777
72,140,2.708439
73,140,2.712809
74,140,2.705568
75,140,2.705559
76,140,2.702056
77,140,2.710060
78,140,2.705953
79,140,2.698442
80,140,2.721724
81,140,2.721302
82,140,2.713626
83,140,2.713603
84,140,2.709655
85,140,2.705160
86,140,2.708824
87,140,2.720143
88,140,2.711636
89,140,2.707363
90,140,2.699250
91,140,2.702642
92,140,2.694424
93,140,2.697078
94,140,2.696448
95,140,2.695765
96,140,2.725356
97,140,2.721331
98,140,2.721617
99,140,2.717999
100,140,2.714360
101,140,2.714482
102,140,2.710699
103,140,2.725616
104,140,2.710158
105,140,2.702358
106,140,2.702211
107,140,2.701967
108,140,2.701707
109,140,2.700872
110,140,2.704336
111,140,2.696192
112,140,2.733156
113,140,2.737631
114,140,2.734341
115,140,2.715581
116,140,2.712174
117,140,2.708709
118,140,2.701332
119,140,2.713162
120,140,2.694111
121,140,2.699528
122,140,2.701552
123,140,2.701592
124,140,2.701574
125,140,2.697645
126,140,2.693660
127,140,2.697322
128,140,2.719732
129,140,2.712918
130,140,2.702183
131,140,2.706807
132,140,2.695959
133,140,2.700464
134,140,2.697203
135,140,2.686697
136,140,2.683318
137,140,2.683733
138,140,2.684090
139,140,2.684389
140,140,2.676924
141,140,2.677107
142,140,2.681085
143,140,2.685005
144,140,2.723542
145,140,2.719642
146,140,2.715684
147,140,2.708337
148,140,2.711985
149,140,2.703965
150,140,2.707499
151,140,2.707129
152,140,2.702763
153,140,2.702791
154,140,2.713813
155,140,2.713223
156,140,2.700888
157,140,2.704034
158,140,2.699422
159,140,2.691418
160,140,2.715866
161,140,2.716068
162,140,2.708512
163,140,2.716839
164,140,2.705317
165,140,2.701449
166,140,2.701382
167,140,2.701234
168,140,2.701560
169,140,2.701329
170,140,2.697192
171,140,2.705066
172,140,2.700743
173,140,2.696440
174,140,2.699790
175,140,2.695886
176,140,2.714415
177,140,2.713744
178,140,2.705817
179,140,2.697334
180,140,2.700356
181,140,2.695936
182,140,2.694987
183,140,2.697835
184,140,2.697276
185,140,2.692079
186,140,2.687044
187,140,2.690159
188,140,2.685012
189,140,2.695217
190,140,2.686314
191,140,2.688686
192,140,2.699206
193,140,2.701460
194,140,2.692094
195,140,2.690525
196,140,2.688730
197,140,2.683523
198,140,2.685456
199,140,2.687324
200,140,2.685778
201,140,2.683233
202,140,2.685395
203,140,2.686986
204,140,2.681308
205,140,2.675054
206,140,2.672080
207,140,2.673883
208,140,2.694368
209,140,2.688320
210,140,2.681687
211,140,2.679340
212,140,2.671955
213,140,2.673290
214,140,2.674031
215,140,2.679057
216,140,2.671926
217,140,2.669079
218,140,2.673333
219,140,2.673446
220,140,2.669796
221,140,2.666576
222,140,2.670444
223,140,2.667034
224,140,2.666854
225,140,2.662408
226,140,2.654296
227,140,2.658168
228,140,2.657548
229,140,2.657351
230,140,2.657042
231,140,2.659935
232,140,2.652615
233,140,2.649461
234,140,2.652506
235,140,2.652951
236,140,2.657665
237,140,2.656467
238,140,2.654581
239,140,2.649253
240,140,2.638146
241,140,2.632495
242,140,2.634397
243,140,2.635577
244,140,2.627527
245,140,2.626445
246,140,2.631542
247,140,2.630683
248,140,2.623706
249,140,2.620513
250,140,2.624831
251,140,2.620651
252,140,2.616855
253,140,2.612245
254,140,2.613792
255,140,2.609333
0,141,2.679592
1,141,2.678418
2,141,2.673785
3,141,2.679974
4,141,2.670588
5,141,2.680868
6,141,2.675021
7,141,2.680583
8,141,2.667288
9,141,2.673708
10,141,2.667256
11,141,2.665069
12,141,2.673762
13,141,2.666916
14,141,2.672045
15,141,2.676511
16,141,2.704513
17,141,2.698125
18,141,2.694515
19,141,2.702885
20,141,2.695204
21,141,2.695652
22,141,2.699321
23,141,2.691330
24,141,2.687619
25,141,2.687906
26,141,2.683982
27,141,2.683295
28,141,2.679185
29,141,2.686024
30,141,2.693294
31,141,2.689058
32,141,2.714887
33,141,2.714181
34,141,2.705172
35,141,2.704303
36,141,2.702842
37,141,2.710079
38,141,2.700745
39,141,2.707259
40,141,2.701631
41,141,2.700293
42,141,2.702227
43,141,2.701215
44,141,2.699144
45,141,2.693661
46,141,2.695308
47,141,2.693544
48,141,2.722030
49,141,2.720520
50,141,2.714190
51,141,2.712157
52,141,2.706209
53,141,2.707398
54,141,2.713206
55,141,2.706557
56,141,2.704208
57,141,2.701293
58,141,2.702679
59,141,2.703501
60,141,2.705020
61,141,2.702370
62,141,2.703010
63,141,2.700249
64,141,2.727746
65,141,2.725064
66,141,2.718273
67,141,2.718625
68,141,2.719432
69,141,2.716476
70,141,2.716655
71,141,2.713438
72,141,2.714020
73,141,2.706334
74,141,2.710753
75,141,2.706802
76,141,2.707164
77,141,2.707474
78,141,2.700071
79,141,2.699753
80,141,2.723013
81,141,2.726957
82,141,2.722629
83,141,2.714900
84,141,2.710973
85,141,2.710327
86,141,2.713959
87,141,2.709865
88,141,2.694160
89,141,2.697143
90,141,2.696659
91,141,2.700049
92,141,2.695682
93,141,2.698439
94,141,2.693833
95,141,2.697000
96,141,2.734257
97,141,2.730755
98,141,2.726729
99,141,2.723112
100,141,2.715590
101,141,2.715742
102,141,2.715813
103,141,2.715304
104,141,2.703713
105,141,2.699752
106,141,2.699604
107,141,2.695553
108,141,2.699098
109,141,2.698798
110,141,2.694028
111,141,2.705140
112,141,2.730504
113,141,2.723426
114,141,2.718214
115,141,2.716796
116,141,2.709548
117,141,2.702233
118,141,2.702565
119,141,2.698985
120,141,2.703053
121,141,2.702679
122,141,2.698925
123,141,2.706672
124,141,2.698949
125,141,2.702727
126,141,2.702593
127,141,2.690842
128,141,2.713222
129,141,2.717971
130,141,2.707251
131,141,2.700319
132,141,2.701032
133,141,2.693979
134,141,2.694573
135,141,2.691788
136,141,2.696116
137,141,2.692679
138,141,2.689183
139,141,2.685630
140,141,2.685874
141,141,2.682203
142,141,2.674620
143,141,2.682391
144,141,2.724779
145,141,2.720875
146,141,2.717442
147,141,2.709587
148,141,2.713187
149,141,2.705214
150,141,2.701041
151,141,2.704441
152,141,2.704006
153,141,2.707900
154,141,2.707361
155,141,2.702791
156,141,2.694430
157,141,2.701427
158,141,2.704886
159,141,2.700207
160,141,2.717129
161,141,2.717331
162,141,2.709801
163,141,2.710412
164,141,2.698891
165,141,2.698875
166,141,2.706494
167,141,2.699180
168,141,2.702852
169,141,2.698766
170,141,2.698418
171,141,2.702442
172,141,2.694337
173,141,2.697738
174,141,2.693791
175,141,2.697076
176,141,2.719573
177,141,2.711710
178,141,2.703126
179,141,2.702335
180,141,2.701490
181,141,2.701106
182,141,2.692250
183,141,2.695598
184,141,2.690670
185,141,2.689540
186,141,2.685015
187,141,2.691222
188,141,2.689910
189,141,2.692908
190,141,2.679923
191,141,2.685837
192,141,2.704059
193,141,2.706295
194,141,2.689721
195,141,2.695687
196,141,2.685812
197,141,2.688305
198,141,2.694070
199,141,2.688730
200,141,2.682807
201,141,2.685042
202,141,2.686243
203,141,2.680625
204,141,2.678272
205,141,2.675848
206,141,2.677727
207,141,2.674637
208,141,2.687916
209,141,2.681333
210,141,2.679051
211,141,2.676168
212,141,2.673732
213,141,2.677778
214,141,2.675167
215,141,2.675797
216,141,2.673020
217,141,2.665774
218,141,2.668604
219,141,2.666234
220,141,2.663088
221,141,2.663167
222,141,2.667540
223,141,2.667425
224,141,2.671603
225,141,2.670983
226,141,2.660911
227,141,2.666687
228,141,2.658325
229,141,2.658105
230,141,2.657222
231,141,2.655789
232,141,2.658496
233,141,2.655858
234,141,2.655022
235,141,2.655424
236,141,2.654330
237,141,2.652535
238,141,2.651168
239,141,2.648457
240,141,2.638496
241,141,2.636662
242,141,2.622537
243,141,2.628096
244,141,2.629640
245,141,2.630428
246,141,2.627778
247,141,2.627326
248,141,2.619827
249,141,2.624292
250,141,2.617003
251,141,2.616610
252,141,2.616615
253,141,2.610625
254,141,2.615353
255,141,2.599276
0,142,2.674374
1,142,2.673278
2,142,2.673972
3,142,2.672494
4,142,2.674705
5,142,2.685037
6,142,2.683078
7,142,2.684822
8,142,2.675427
9,142,2.669173
10,142,2.670485
11,142,2.673324
12,142,2.670488
13,142,2.667523
14,142,2.672694
15,142,2.677186
16,142,2.702749
17,142,2.697923
18,142,2.695284
19,142,2.695985
20,142,2.699884
21,142,2.692119
22,142,2.696351
23,142,2.696085
24,142,2.684702
25,142,2.692719
26,142,2.692143
27,142,2.684303
28,142,2.687395
29,142,2.683226
30,142,2.689993
31,142,2.689500
32,142,2.712152
33,142,2.707619
34,142,2.702476
35,142,2.697253
36,142,2.704038
37,142,2.706364
38,142,2.709687
39,142,2.704142
40,142,2.695196
41,142,2.693358
42,142,2.695825
43,142,2.698169
44,142,2.692776
45,142,2.702204
46,142,2.696675
47,142,2.698264
48,142,2.715719
49,142,2.717566
50,142,2.715615
51,142,2.709228
52,142,2.714857
53,142,2.712199
54,142,2.710323
55,142,2.708051
56,142,2.701347
57,142,2.702808
58,142,2.699839
59,142,2.705299
60,142,2.698349
61,142,2.703422
62,142,2.700731
63,142,2.701532
64,142,2.729541
65,142,2.722298
66,142,2.715522
67,142,2.712544
68,142,2.716853
69,142,2.721461
70,142,2.717787
71,142,2.714583
72,142,2.711439
73,142,2.707593
74,142,2.700367
75,142,2.704646
76,142,2.700640
77,142,2.704873
78,142,2.705132
79,142,2.700957
80,142,2.722302
81,142,2.724345
82,142,2.720000
83,142,2.712283
84,142,2.716071
85,142,2.708219
86,142,2.711358
87,142,2.711126
88,142,2.703073
89,142,2.702188
90,142,2.701788
91,142,2.699408
92,142,2.696867
93,142,2.699607
94,142,2.695130
95,142,2.698305
96,142,2.731603
97,142,2.728102
98,142,2.724009
99,142,2.720447
100,142,2.720631
101,142,2.720764
102,142,2.713139
103,142,2.712626
104,142,2.708740
105,142,2.704802
106,142,2.704631
107,142,2.700578
108,142,2.704179
109,142,2.699982
110,142,2.699050
111,142,2.698605
112,142,2.735486
113,142,2.728424
114,142,2.717436
115,142,2.717948
116,142,2.706843
117,142,2.701458
118,142,2.703719
119,142,2.704000
120,142,2.704218
121,142,2.700523
122,142,2.700079
123,142,2.703974
124,142,2.703957
125,142,2.703881
126,142,2.692188
127,142,2.693922
128,142,2.718195
129,142,2.707539
130,142,2.704526
131,142,2.705303
132,142,2.698326
133,142,2.695128
134,142,2.692419
135,142,2.689101
136,142,2.697282
137,142,2.690001
138,142,2.678799
139,142,2.682950
140,142,2.679337
141,142,2.683371
142,142,2.679640
143,142,2.679705
144,142,2.725944
145,142,2.718185
146,142,2.714763
147,142,2.718435
148,142,2.706659
149,142,2.706390
150,142,2.709851
151,142,2.713320
152,142,2.709031
153,142,2.705127
154,142,2.696869
155,142,2.703970
156,142,2.703311
157,142,2.698598
158,142,2.694511
159,142,2.697534
160,142,2.722217
161,142,2.722411
162,142,2.714846
163,142,2.711620
164,142,2.707805
165,142,2.707779
166,142,2.703849
167,142,2.700401
168,142,2.700177
169,142,2.699933
170,142,2.700169
171,142,2.699744
172,142,2.703185
173,142,2.698868
174,142,2.698883
175,142,2.694340
176,142,2.720676
177,142,2.708961
178,142,2.708221
179,142,2.699555
180,142,2.699225
181,142,2.698312
182,142,2.697344
183,142,2.696849
184,142,2.695547
185,142,2.694401
186,142,2.693727
187,142,2.696320
188,142,2.687556
189,142,2.693875
190,142,2.688578
191,142,2.687603
192,142,2.705303
193,142,2.703876
194,142,2.698327
195,142,2.696569
196,142,2.691425
197,142,2.685304
198,142,2.687727
199,142,2.685702
200,142,2.687995
201,142,2.681985
202,142,2.683159
203,142,2.681385
204,142,2.679009
205,142,2.680949
206,142,2.682283
207,142,2.675848
208,142,2.696285
209,142,2.694067
210,142,2.679677
211,142,2.681159
212,142,2.674318
213,142,2.678872
214,142,2.675705
215,142,2.676850
216,142,2.673514
217,142,2.670636
218,142,2.670264
219,142,2.667192
220,142,2.675037
221,142,2.671781
222,142,2.672283
223,142,2.668283
224,142,2.673535
225,142,2.671238
226,142,2.663613
227,142,2.659175
228,142,2.662895
229,142,2.662087
230,142,2.657877
231,142,2.660263
232,142,2.655225
233,142,2.654485
234,142,2.653047
235,142,2.650128
236,142,2.650929
237,142,2.652942
238,142,2.654212
239,142,2.653981
240,142,2.642631
241,142,2.638835
242,142,2.630437
243,142,2.635958
244,142,2.633609
245,142,2.625219
246,142,2.628269
247,142,2.629213
248,142,2.623579
249,142,2.620291
250,142,2.616806
251,142,2.616346
252,142,2.618224
253,142,2.612179
254,142,2.615039
255,142,2.612340
0,143,2.674379
1,143,2.677179
2,143,2.668842
3,143,2.675144
4,143,2.673575
5,143,2.677579
6,143,2.675657
7,143,2.681288
8,143,2.679647
9,143,2.673426
10,143,2.670917
11,143,2.676552
12,143,2.673772
13,143,2.671920
14,143,2.673279
15,143,2.673945
16,143,2.701460
17,143,2.698600
18,143,2.695060
19,143,2.691408
20,143,2.692946
21,143,2.700613
22,143,2.697174
23,143,2.693076
24,143,2.688878
25,143,2.685135
26,143,2.685357
27,143,2.685254
28,143,2.684511
29,143,2.687529
30,143,2.683301
31,143,2.693850
32,143,2.713214
33,143,2.704313
34,143,2.703579
35,143,2.698369
36,143,2.709031
37,143,2.707517
38,143,2.702625
39,143,2.705336
40,143,2.703581
41,143,2.698438
42,143,2.696539
43,143,2.691728
44,143,2.705085
45,143,2.691940
46,143,2.693603
47,143,2.695734
48,143,2.720786
49,143,2.715067
50,143,2.716455
51,143,2.710608
52,143,2.711870
53,143,2.710090
54,143,2.711216
55,143,2.712815
56,143,2.710501
57,143,2.707594
58,143,2.701586
59,143,2.702403
60,143,2.699842
61,143,2.704396
62,143,2.697869
63,143,2.699209
64,143,2.730552
65,143,2.731551
66,143,2.720401
67,143,2.717609
68,143,2.717897
69,143,2.722519
70,143,2.719382
71,143,2.711927
72,143,2.716378
73,143,2.709217
74,143,2.705317
75,143,2.705837
76,143,2.702359
77,143,2.702141
78,143,2.702412
79,143,2.702667
80,143,2.729249
81,143,2.721646
82,143,2.717843
83,143,2.717289
84,143,2.713371
85,143,2.709401
86,143,2.712536
87,143,2.708410
88,143,2.708124
89,143,2.700080
90,143,2.706757
91,143,2.698596
92,143,2.701941
93,143,2.697526
94,143,2.696222
95,143,2.695541
96,143,2.732651
97,143,2.733081
98,143,2.725122
99,143,2.717665
100,143,2.721747
101,143,2.718027
102,143,2.718109
103,143,2.714285
104,143,2.713695
105,143,2.709756
106,143,2.701913
107,143,2.701678
108,143,2.701425
109,143,2.701093
110,143,2.700147
111,143,2.699701
112,143,2.736541
113,143,2.733336
114,143,2.726207
115,143,2.719018
116,143,2.711777
117,143,2.704468
118,143,2.697100
119,143,2.705090
120,143,2.707235
121,143,2.701617
122,143,2.697307
123,143,2.697349
124,143,2.693481
125,143,2.689551
126,143,2.689417
127,143,2.693075
128,143,2.715390
129,143,2.716297
130,143,2.709433
131,143,2.706374
132,143,2.699386
133,143,2.700044
134,143,2.693510
135,143,2.694046
136,143,2.694523
137,143,2.691095
138,143,2.683747
139,143,2.680192
140,143,2.684288
141,143,2.680615
142,143,2.676883
143,143,2.680799
144,143,2.727035
145,143,2.719274
146,143,2.719717
147,143,2.707982
148,143,2.711617
149,143,2.707434
150,143,2.718659
151,143,2.706715
152,143,2.699033
153,143,2.702385
154,143,2.709536
155,143,2.701222
156,143,2.700422
157,143,2.707402
158,143,2.691768
159,143,2.698467
160,143,2.721409
161,143,2.715824
162,143,2.720393
163,143,2.708913
164,143,2.712793
165,143,2.705061
166,143,2.705511
167,143,2.701517
168,143,2.697472
169,143,2.704877
170,143,2.701263
171,143,2.700902
172,143,2.700489
173,143,2.696616
174,143,2.696086
175,143,2.695504
176,143,2.722381
177,143,2.713842
178,143,2.709235
179,143,2.705117
180,143,2.700402
181,143,2.703147
182,143,2.698854
183,143,2.690110
184,143,2.692868
185,143,2.692023
186,143,2.690804
187,143,2.689528
188,143,2.692589
189,143,2.694765
190,143,2.686139
191,143,2.684618
192,143,2.706696
193,143,2.697013
194,143,2.699150
195,143,2.697915
196,143,2.692222
197,143,2.687009
198,143,2.688493
199,143,2.690844
200,143,2.688733
201,143,2.682700
202,143,2.681000
203,143,2.678213
204,143,2.680213
205,143,2.685449
206,143,2.675749
207,143,2.676987
208,143,2.689711
209,143,2.690784
210,143,2.684625
211,143,2.681690
212,143,2.679228
213,143,2.679355
214,143,2.676716
215,143,2.677289
216,143,2.672555
217,143,2.671029
218,143,2.667328
219,143,2.671944
220,143,2.664348
221,143,2.668778
222,143,2.670622
223,143,2.665228
224,143,2.677590
225,143,2.671974
226,143,2.667607
227,143,2.665633
228,143,2.663550
229,143,2.658852
230,143,2.657492
231,143,2.658312
232,143,2.651889
233,143,2.656901
234,143,2.655420
235,143,2.656324
236,143,2.653438
237,143,2.652117
238,143,2.648730
239,143,2.648451
240,143,2.638991
241,143,2.639012
242,143,2.630562
243,143,2.632759
244,143,2.624556
245,143,2.625195
246,143,2.626275
247,143,2.627174
248,143,2.619551
249,143,2.623920
250,143,2.612679
251,143,2.612405
252,143,2.614185
253,143,2.609966
254,143,2.610645
255,143,2.613665
0,144,2.639636
1,144,2.639242
2,144,2.638053
3,144,2.640544
4,144,2.635161
5,144,2.637926
6,144,2.636072
7,144,2.635305
8,144,2.637566
9,144,2.642937
10,144,2.636608
11,144,2.638436
12,144,2.639538
13,144,2.640510
14,144,2.639125
15,144,2.639818
16,144,2.667360
17,144,2.664539
18,144,2.664876
19,144,2.668953
20,144,2.661935
21,144,2.662814
22,144,2.658840
23,144,2.663038
24,144,2.658860
25,144,2.659002
26,144,2.658482
27,144,2.654763
28,144,2.654598
29,144,2.661487
30,144,2.661140
31,144,2.660146
32,144,2.682183
33,144,2.682216
34,144,2.677101
35,144,2.676312
36,144,2.674889
37,144,2.673940
38,144,2.672918
39,144,2.667395
40,144,2.666203
41,144,2.668239
42,144,2.666900
43,144,2.665419
44,144,2.667777
45,144,2.669516
46,144,2.667883
47,144,2.665634
48,144,2.695099
49,144,2.688853
50,144,2.683089
51,144,2.688273
52,144,2.686235
53,144,2.680077
54,144,2.677903
55,144,2.678973
56,144,2.672824
57,144,2.674066
58,144,2.675492
59,144,2.676859
60,144,2.677621
61,144,2.678873
62,144,2.672046
63,144,2.669319
64,144,2.704516
65,144,2.697825
66,144,2.695116
67,144,2.695460
68,144,2.692445
69,144,2.688825
70,144,2.689694
71,144,2.686506
72,144,2.682712
73,144,2.683270
74,144,2.679462
75,144,2.679903
76,144,2.680291
77,144,2.683923
78,144,2.680402
79,144,2.676768
80,144,2.703346
81,144,2.699607
82,144,2.691968
83,144,2.699112
84,144,2.687499
85,144,2.687364
86,144,2.683341
87,144,2.682553
88,144,2.682277
89,144,2.678023
90,144,2.680915
91,144,2.680468
92,144,2.676009
93,144,2.679297
94,144,2.674253
95,144,2.677291
96,144,2.714438
97,144,2.703245
98,144,2.699761
99,144,2.699441
100,144,2.691933
101,144,2.684372
102,144,2.688328
103,144,2.684505
104,144,2.683911
105,144,2.676108
106,144,2.679822
107,144,2.675778
108,144,2.683185
109,144,2.682872
110,144,2.678627
111,144,2.681459
112,144,2.714404
113,144,2.707352
114,144,2.700227
115,144,2.693051
116,144,2.685806
117,144,2.688133
118,144,2.682702
119,144,2.688762
120,144,2.679356
121,144,2.683371
122,144,2.677122
123,144,2.679092
124,144,2.671370
125,144,2.671295
126,144,2.663453
127,144,2.663258
128,144,2.689390
129,144,2.690305
130,144,2.679604
131,144,2.676533
132,144,2.665709
133,144,2.658663
134,144,2.663704
135,144,2.660389
136,144,2.660875
137,144,2.661292
138,144,2.669362
139,144,2.661953
140,144,2.658339
141,144,2.662374
142,144,2.670199
143,144,2.658701
144,144,2.704935
145,144,2.701597
146,144,2.693772
147,144,2.689750
148,144,2.685628
149,144,2.677640
150,144,2.685011
151,144,2.680687
152,144,2.676955
153,144,2.684157
154,144,2.679629
155,144,2.679008
156,144,2.666775
157,144,2.662764
158,144,2.665671
159,144,2.668676
160,144,2.705115
161,144,2.701490
162,144,2.688705
163,144,2.683004
164,144,2.683030
165,144,2.681067
166,144,2.683469
167,144,2.679441
168,144,2.679236
169,144,2.679541
170,144,2.679232
171,144,2.678791
172,144,2.659101
173,144,2.663036
174,144,2.662391
175,144,2.661795
176,144,2.690601
177,144,2.687971
178,144,2.688982
179,144,2.682938
180,144,2.678208
181,144,2.677276
182,144,2.672789
183,144,2.671735
184,144,2.671181
185,144,2.673867
186,144,2.672392
187,144,2.677435
188,144,2.662599
189,144,2.665599
190,144,2.665757
191,144,2.658438
192,144,2.688217
193,144,2.684630
194,144,2.677333
195,144,2.675536
196,144,2.670381
197,144,2.664604
198,144,2.666468
199,144,2.668407
200,144,2.666273
201,144,2.664631
202,144,2.666215
203,144,2.667814
204,144,2.649980
205,144,2.655754
206,144,2.649334
207,144,2.654963
208,144,2.670960
209,144,2.668719
210,144,2.663909
211,144,2.659587
212,144,2.656544
213,144,2.661060
214,144,2.657835
215,144,2.655098
216,144,2.655555
217,144,2.660351
218,144,2.660480
219,144,2.662577
220,144,2.645893
221,144,2.638168
222,144,2.644410
223,144,2.641441
224,144,2.657097
225,144,2.649533
226,144,2.641277
227,144,2.648912
228,144,2.640435
229,144,2.639180
230,144,2.632969
231,144,2.637602
232,144,2.633078
233,144,2.639387
234,144,2.638464
235,144,2.636292
236,144,2.620985
237,144,2.621558
238,144,2.623917
239,144,2.617809
240,144,2.623724
241,144,2.621781
242,144,2.617721
243,144,2.615424
244,144,2.612958
245,144,2.615466
246,144,2.610722
247,144,2.607722
248,144,2.607741
249,144,2.606607
250,144,2.606832
251,144,2.602338
252,144,2.586726
253,144,2.584376
254,144,2.583722
255,144,2.582158
0,145,2.630290
1,145,2.635307
2,145,2.634161
3,145,2.640547
4,145,2.635204
5,145,2.638023
6,145,2.636207
7,145,2.634236
8,145,2.640431
9,145,2.639350
10,145,2.640759
11,145,2.638780
12,145,2.636061
13,145,2.640915
14,145,2.638533
15,145,2.635426
16,145,2.667871
17,145,2.665089
18,145,2.665452
19,145,2.665701
20,145,2.662572
21,145,2.662601
22,145,2.654817
23,145,2.656056
24,145,2.655751
25,145,2.655347
26,145,2.655425
27,145,2.658681
28,145,2.654874
29,145,2.666208
30,145,2.653759
31,145,2.657207
32,145,2.683113
33,145,2.681963
34,145,2.681930
35,145,2.676747
36,145,2.675905
37,145,2.670563
38,145,2.661858
39,145,2.668466
40,145,2.667298
41,145,2.665492
42,145,2.667465
43,145,2.669931
44,145,2.672233
45,145,2.666838
46,145,2.668517
47,145,2.666839
48,145,2.695767
49,145,2.690089
50,145,2.683784
51,145,2.685683
52,145,2.683103
53,145,2.681369
54,145,2.678652
55,145,2.676435
56,145,2.673596
57,145,2.679260
58,145,2.676289
59,145,2.677674
60,145,2.678438
61,145,2.679953
62,145,2.681152
63,145,2.677880
64,145,2.705935
65,145,2.702749
66,145,2.696006
67,145,2.692496
68,145,2.697202
69,145,2.690447
70,145,2.682909
71,145,2.687440
72,145,2.683645
73,145,2.688176
74,145,2.684830
75,145,2.684714
76,145,2.681262
77,145,2.681671
78,145,2.681384
79,145,2.677762
80,145,2.697232
81,145,2.692921
82,145,2.696835
83,145,2.692991
84,145,2.688503
85,145,2.680690
86,145,2.684382
87,145,2.675835
88,145,2.683263
89,145,2.679080
90,145,2.674760
91,145,2.677581
92,145,2.673225
93,145,2.672551
94,145,2.675783
95,145,2.670665
96,145,2.707628
97,145,2.700369
98,145,2.700683
99,145,2.696507
100,145,2.692898
101,145,2.693043
102,145,2.685430
103,145,2.685472
104,145,2.681009
105,145,2.684786
106,145,2.680772
107,145,2.676728
108,145,2.680280
109,145,2.679979
110,145,2.679595
111,145,2.678552
112,145,2.711454
113,145,2.708260
114,145,2.701140
115,145,2.699749
116,145,2.686728
117,145,2.679435
118,145,2.683638
119,145,2.681995
120,145,2.680297
121,145,2.680461
122,145,2.672271
123,145,2.676169
124,145,2.664596
125,145,2.660667
126,145,2.660531
127,145,2.660334
128,145,2.694138
129,145,2.687355
130,145,2.680505
131,145,2.677452
132,145,2.670470
133,145,2.667292
134,145,2.653086
135,145,2.657478
136,145,2.657965
137,145,2.662236
138,145,2.662600
139,145,2.662903
140,145,2.663140
141,145,2.667173
142,145,2.663438
143,145,2.663497
144,145,2.705876
145,145,2.702549
146,145,2.698575
147,145,2.690705
148,145,2.678876
149,145,2.686299
150,145,2.674330
151,145,2.673931
152,145,2.677918
153,145,2.685010
154,145,2.684439
155,145,2.687668
156,145,2.667584
157,145,2.675133
158,145,2.662778
159,145,2.669454
160,145,2.700348
161,145,2.695337
162,145,2.687763
163,145,2.687852
164,145,2.682089
165,145,2.674927
166,145,2.674813
167,145,2.676587
168,145,2.676382
169,145,2.682422
170,145,2.676322
171,145,2.675947
172,145,2.660592
173,145,2.663953
174,145,2.663408
175,145,2.663383
176,145,2.697270
177,145,2.688847
178,145,2.684795
179,145,2.679945
180,145,2.675200
181,145,2.674825
182,145,2.669969
183,145,2.668692
184,145,2.670063
185,145,2.674659
186,145,2.673990
187,145,2.672425
188,145,2.659499
189,145,2.668275
190,145,2.661010
191,145,2.663571
192,145,2.690848
193,145,2.683960
194,145,2.674513
195,145,2.672340
196,145,2.671032
197,145,2.669086
198,145,2.663797
199,145,2.665151
200,145,2.655863
201,145,2.669051
202,145,2.671186
203,145,2.668344
204,145,2.651062
205,145,2.652397
206,145,2.646530
207,145,2.651570
208,145,2.668115
209,145,2.665282
210,145,2.661026
211,145,2.658036
212,145,2.656850
213,145,2.653681
214,145,2.654865
215,145,2.655965
216,145,2.652540
217,145,2.660459
218,145,2.662616
219,145,2.661418
220,145,2.646050
221,145,2.644664
222,145,2.641772
223,145,2.638244
224,145,2.655805
225,145,2.649545
226,145,2.641854
227,145,2.641155
228,145,2.636151
229,145,2.641588
230,145,2.634741
231,145,2.636091
232,145,2.633465
233,145,2.638656
234,145,2.639604
235,145,2.636567
236,145,2.625065
237,145,2.617900
238,145,2.624077
239,145,2.621771
240,145,2.626369
241,145,2.620504
242,145,2.617691
243,145,2.611500
244,145,2.608993
245,145,2.609515
246,145,2.600873
247,145,2.605924
248,145,2.605838
249,145,2.606215
250,145,2.606387
251,145,2.609529
252,145,2.590007
253,145,2.585673
254,145,2.583033
255,145,2.581415
0,146,2.638416
1,146,2.633679
2,146,2.636466
3,146,2.635224
4,146,2.635813
5,146,2.638049
6,146,2.643977
7,146,2.638190
8,146,2.640583
9,146,2.630640
10,146,2.639817
11,146,2.630209
12,146,2.632517
13,146,2.637401
14,146,2.634450
15,146,2.639689
16,146,2.671162
17,146,2.663986
18,146,2.665964
19,146,2.666237
20,146,2.658693
21,146,2.663198
22,146,2.659289
23,146,2.659128
24,146,2.660286
25,146,2.659902
26,146,2.655567
27,146,2.659435
28,146,2.658762
29,146,2.663164
30,146,2.662291
31,146,2.657476
32,146,2.683983
33,146,2.682849
34,146,2.678997
35,146,2.677680
36,146,2.676282
37,146,2.675388
38,146,2.677686
39,146,2.673334
40,146,2.671612
41,146,2.670394
42,146,2.664672
43,146,2.666583
44,146,2.669477
45,146,2.663528
46,146,2.669646
47,146,2.663559
48,146,2.693076
49,146,2.690696
50,146,2.681121
51,146,2.678611
52,146,2.680466
53,146,2.689738
54,146,2.679896
55,146,2.677123
56,146,2.671011
57,146,2.676121
58,146,2.673729
59,146,2.666850
60,146,2.672046
61,146,2.676858
62,146,2.674221
63,146,2.674802
64,146,2.706727
65,146,2.700268
66,146,2.692963
67,146,2.686180
68,146,2.686635
69,146,2.691289
70,146,2.692036
71,146,2.684442
72,146,2.685201
73,146,2.681340
74,146,2.681859
75,146,2.682325
76,146,2.678377
77,146,2.682578
78,146,2.682288
79,146,2.674866
80,146,2.702014
81,146,2.693846
82,146,2.690073
83,146,2.686229
84,146,2.681741
85,146,2.685496
86,146,2.685309
87,146,2.681242
88,146,2.680379
89,146,2.683840
90,146,2.679601
91,146,2.674710
92,146,2.677964
93,146,2.673552
94,146,2.672939
95,146,2.667673
96,146,2.712379
97,146,2.705053
98,146,2.697732
99,146,2.697395
100,146,2.689898
101,146,2.686227
102,146,2.686320
103,146,2.686360
104,146,2.682485
105,146,2.681807
106,146,2.677793
107,146,2.677600
108,146,2.677354
109,146,2.677015
110,146,2.684331
111,146,2.675575
112,146,2.708426
113,146,2.705237
114,146,2.698122
115,146,2.690957
116,146,2.681802
117,146,2.680291
118,146,2.676785
119,146,2.677077
120,146,2.681160
121,146,2.677473
122,146,2.675655
123,146,2.673169
124,146,2.673154
125,146,2.663446
126,146,2.665236
127,146,2.668891
128,146,2.687249
129,146,2.688177
130,146,2.673622
131,146,2.670573
132,146,2.671313
133,146,2.668747
134,146,2.657801
135,146,2.662194
136,146,2.654977
137,146,2.659256
138,146,2.663466
139,146,2.659916
140,146,2.660157
141,146,2.660337
142,146,2.660452
143,146,2.660509
144,146,2.699033
145,146,2.703425
146,146,2.695593
147,146,2.687691
148,146,2.683606
149,146,2.675616
150,146,2.679057
151,146,2.679258
152,146,2.671000
153,146,2.678187
154,146,2.681466
155,146,2.676855
156,146,2.683868
157,146,2.683724
158,146,2.671198
159,146,2.670331
160,146,2.703165
161,146,2.692422
162,146,2.688692
163,146,2.681055
164,146,2.677216
165,146,2.677763
166,146,2.681516
167,146,2.673620
168,146,2.673996
169,146,2.673726
170,146,2.671406
171,146,2.671019
172,146,2.671169
173,146,2.668750
174,146,2.652675
175,146,2.656505
176,146,2.694367
177,146,2.691570
178,146,2.681740
179,146,2.678973
180,146,2.672698
181,146,2.679442
182,146,2.674571
183,146,2.666377
184,146,2.672718
185,146,2.672104
186,146,2.666994
187,146,2.671458
188,146,2.668462
189,146,2.667017
190,146,2.658392
191,146,2.664213
192,146,2.685692
193,146,2.676873
194,146,2.675111
195,146,2.669648
196,146,2.660041
197,146,2.666368
198,146,2.664337
199,146,2.658547
200,146,2.660222
201,146,2.666270
202,146,2.663955
203,146,2.657821
204,146,2.663056
205,146,2.657252
206,146,2.646930
207,146,2.652537
208,146,2.668472
209,146,2.670060
210,146,2.663269
211,146,2.658921
212,146,2.657118
213,146,2.654519
214,146,2.655688
215,146,2.652320
216,146,2.657171
217,146,2.656759
218,146,2.649855
219,146,2.649960
220,146,2.654429
221,146,2.651098
222,146,2.640460
223,146,2.638837
224,146,2.653837
225,146,2.650081
226,146,2.646219
227,146,2.640698
228,146,2.636593
229,146,2.635602
230,146,2.631264
231,146,2.626807
232,146,2.628245
233,146,2.631218
234,146,2.630209
235,146,2.632282
236,146,2.629076
237,146,2.633436
238,146,2.620365
239,146,2.620549
240,146,2.620581
241,146,2.619802
242,146,2.613735
243,146,2.611355
244,146,2.615077
245,146,2.607795
246,146,2.604850
247,146,2.601717
248,146,2.607345
249,146,2.605743
250,146,2.602010
251,146,2.601918
252,146,2.597216
253,146,2.598554
254,146,2.582320
255,146,2.585106
0,147,2.630419
1,147,2.633435
2,147,2.636267
3,147,2.635068
4,147,2.634349
5,147,2.636660
6,147,2.638807
7,147,2.638220
8,147,2.636812
9,147,2.634610
10,147,2.636115
11,147,2.630408
12,147,2.631632
13,147,2.632721
14,147,2.638603
15,147,2.643886
16,147,2.667681
17,147,2.664385
18,147,2.669296
19,147,2.661912
20,147,2.663042
21,147,2.656026
22,147,2.663698
23,147,2.663559
24,147,2.660075
25,147,2.656690
26,147,2.660080
27,147,2.660128
28,147,2.655621
29,147,2.654873
30,147,2.658491
31,147,2.658258
32,147,2.680342
33,147,2.683676
34,147,2.674767
35,147,2.674702
36,147,2.669465
37,147,2.668001
38,147,2.670908
39,147,2.669288
40,147,2.664875
41,147,2.663090
42,147,2.665676
43,147,2.667598
44,147,2.666074
45,147,2.664579
46,147,2.666275
47,147,2.660788
48,147,2.689317
49,147,2.691810
50,147,2.681666
51,147,2.683606
52,147,2.681038
53,147,2.675498
54,147,2.676645
55,147,2.670613
56,147,2.671635
57,147,2.673490
58,147,2.670526
59,147,2.671946
60,147,2.676569
61,147,2.674272
62,147,2.674913
63,147,2.672236
64,147,2.699948
65,147,2.693292
66,147,2.693693
67,147,2.694631
68,147,2.687977
69,147,2.680493
70,147,2.688959
71,147,2.685352
72,147,2.682140
73,147,2.682726
74,147,2.678809
75,147,2.683230
76,147,2.675339
77,147,2.675700
78,147,2.672209
79,147,2.683410
80,147,2.699011
81,147,2.699168
82,147,2.690931
83,147,2.683245
84,147,2.683198
85,147,2.682493
86,147,2.678489
87,147,2.682090
88,147,2.673504
89,147,2.677034
90,147,2.672723
91,147,2.679987
92,147,2.671170
93,147,2.674356
94,147,2.673740
95,147,2.676921
96,147,2.705493
97,147,2.698169
98,147,2.698496
99,147,2.698819
100,147,2.686855
101,147,2.679307
102,147,2.683278
103,147,2.687171
104,147,2.675600
105,147,2.682602
106,147,2.678619
107,147,2.678393
108,147,2.674293
109,147,2.677826
110,147,2.681290
111,147,2.680217
112,147,2.703392
113,147,2.698282
114,147,2.691173
115,147,2.687865
116,147,2.684494
117,147,2.681060
118,147,2.677564
119,147,2.677859
120,147,2.681945
121,147,2.682115
122,147,2.674517
123,147,2.670090
124,147,2.670076
125,147,2.670000
126,147,2.666009
127,147,2.661957
128,147,2.687985
129,147,2.685066
130,147,2.682086
131,147,2.667481
132,147,2.668224
133,147,2.665676
134,147,2.662427
135,147,2.659126
136,147,2.659616
137,147,2.663895
138,147,2.660407
139,147,2.660709
140,147,2.660949
141,147,2.664979
142,147,2.665094
143,147,2.665149
144,147,2.695964
145,147,2.688809
146,147,2.684826
147,147,2.688490
148,147,2.680552
149,147,2.680202
150,147,2.672147
151,147,2.676127
152,147,2.675659
153,147,2.682843
154,147,2.678293
155,147,2.681505
156,147,2.673722
157,147,2.668963
158,147,2.668148
159,147,2.671129
160,147,2.693076
161,147,2.685546
162,147,2.681816
163,147,2.678040
164,147,2.674804
165,147,2.670904
166,147,2.678482
167,147,2.674465
168,147,2.674855
169,147,2.674524
170,147,2.674189
171,147,2.676332
172,147,2.666164
173,147,2.673363
174,147,2.661848
175,147,2.657251
176,147,2.687394
177,147,2.683409
178,147,2.678603
179,147,2.673895
180,147,2.671659
181,147,2.674345
182,147,2.668133
183,147,2.668969
184,147,2.669748
185,147,2.678528
186,147,2.675327
187,147,2.674595
188,147,2.657507
189,147,2.659897
190,147,2.655122
191,147,2.661244
192,147,2.675275
193,147,2.673556
194,147,2.666596
195,147,2.662448
196,147,2.655348
197,147,2.662993
198,147,2.661542
199,147,2.662844
200,147,2.665099
201,147,2.670536
202,147,2.668801
203,147,2.662049
204,147,2.656306
205,147,2.657591
206,147,2.653630
207,147,2.652286
208,147,2.665498
209,147,2.660684
210,147,2.650624
211,147,2.657210
212,147,2.650206
213,147,2.655297
214,147,2.651985
215,147,2.651128
216,147,2.650785
217,147,2.657439
218,147,2.659530
219,147,2.654443
220,147,2.647336
221,147,2.642554
222,147,2.642937
223,147,2.638739
224,147,2.648551
225,147,2.641952
226,147,2.641265
227,147,2.637247
228,147,2.633117
229,147,2.637864
230,147,2.635426
231,147,2.629901
232,147,2.628474
233,147,2.631417
234,147,2.630377
235,147,2.632403
236,147,2.622203
237,147,2.620721
238,147,2.614579
239,147,2.624358
240,147,2.614720
241,147,2.619664
242,147,2.604475
243,147,2.607798
244,147,2.603243
245,147,2.607458
246,147,2.604466
247,147,2.603210
248,147,2.604918
249,147,2.605466
250,147,2.599710
251,147,2.607223
252,147,2.590684
253,147,2.586183
254,147,2.589150
255,147,2.580312
0,148,2.632361
1,148,2.635462
2,148,2.634524
3,148,2.631655
4,148,2.634177
5,148,2.640381
6,148,2.631009
7,148,2.633696
8,148,2.635565
9,148,2.637282
10,148,2.636196
11,148,2.634390
12,148,2.631794
13,148,2.640619
14,148,2.633902
15,148,2.635402
16,148,2.664133
17,148,2.664717
18,148,2.661328
19,148,2.662310
20,148,2.658690
21,148,2.658811
22,148,2.660338
23,148,2.664074
24,148,2.656147
25,148,2.660302
26,148,2.656026
27,148,2.656285
28,148,2.652417
29,148,2.651688
30,148,2.654719
31,148,2.654426
32,148,2.681079
33,148,2.684443
34,148,2.675548
35,148,2.678129
36,148,2.670294
37,148,2.676549
38,148,2.671166
39,148,2.666316
40,148,2.664631
41,148,2.667865
42,148,2.666016
43,148,2.668554
44,148,2.662708
45,148,2.661114
46,148,2.663425
47,148,2.661208
48,148,2.686498
49,148,2.688411
50,148,2.682732
51,148,2.680235
52,148,2.674425
53,148,2.679864
54,148,2.677766
55,148,2.675003
56,148,2.672781
57,148,2.674054
58,148,2.671698
59,148,2.672531
60,148,2.670325
61,148,2.674880
62,148,2.672277
63,148,2.672862
64,148,2.697333
65,148,2.693939
66,148,2.691096
67,148,2.687772
68,148,2.684805
69,148,2.688879
70,148,2.685801
71,148,2.682806
72,148,2.682850
73,148,2.679597
74,148,2.683485
75,148,2.680113
76,148,2.672834
77,148,2.676514
78,148,2.676822
79,148,2.673224
80,148,2.695960
81,148,2.688391
82,148,2.691708
83,148,2.687885
84,148,2.683998
85,148,2.683287
86,148,2.679258
87,148,2.686758
88,148,2.678793
89,148,2.681636
90,148,2.673552
91,148,2.665414
92,148,2.668044
93,148,2.667491
94,148,2.670736
95,148,2.669933
96,148,2.706150
97,148,2.702691
98,148,2.695387
99,148,2.695662
100,148,2.691438
101,148,2.687743
102,148,2.687847
103,148,2.680197
104,148,2.680184
105,148,2.679464
106,148,2.679333
107,148,2.671443
108,148,2.675005
109,148,2.678549
110,148,2.674309
111,148,2.673867
112,148,2.704042
113,148,2.698940
114,148,2.689921
115,148,2.684692
116,148,2.683252
117,148,2.685602
118,148,2.678257
119,148,2.682409
120,148,2.682648
121,148,2.682821
122,148,2.675226
123,148,2.675274
124,148,2.664990
125,148,2.674546
126,148,2.666702
127,148,2.668427
128,148,2.688637
129,148,2.681874
130,148,2.682747
131,148,2.668147
132,148,2.669536
133,148,2.666364
134,148,2.655423
135,148,2.655977
136,148,2.664182
137,148,2.664609
138,148,2.661120
139,148,2.657568
140,148,2.661660
141,148,2.661836
142,148,2.660024
143,148,2.662002
144,148,2.701156
145,148,2.693379
146,148,2.689393
147,148,2.689209
148,148,2.681217
149,148,2.680919
150,148,2.672861
151,148,2.676855
152,148,2.676386
153,148,2.679603
154,148,2.675161
155,148,2.682223
156,148,2.674306
157,148,2.681248
158,148,2.668699
159,148,2.675518
160,148,2.693825
161,148,2.692104
162,148,2.684511
163,148,2.678791
164,148,2.675566
165,148,2.671655
166,148,2.671543
167,148,2.671962
168,148,2.675585
169,148,2.675302
170,148,2.674892
171,148,2.671260
172,148,2.666952
173,148,2.666335
174,148,2.662528
175,148,2.665753
176,148,2.688662
177,148,2.684060
178,148,2.677477
179,148,2.675130
180,148,2.666499
181,148,2.669369
182,148,2.664880
183,148,2.661847
184,148,2.670931
185,148,2.669458
186,148,2.668166
187,148,2.671284
188,148,2.658316
189,148,2.657162
190,148,2.659473
191,148,2.662338
192,148,2.679598
193,148,2.672696
194,148,2.668967
195,148,2.669644
196,148,2.661541
197,148,2.664002
198,148,2.660001
199,148,2.659967
200,148,2.661596
201,148,2.663775
202,148,2.665265
203,148,2.666809
204,148,2.656583
205,148,2.654611
206,148,2.659649
207,148,2.653118
208,148,2.661840
209,148,2.667257
210,148,2.654631
211,148,2.653484
212,148,2.658644
213,148,2.659240
214,148,2.648821
215,148,2.648546
216,148,2.653347
217,148,2.653571
218,148,2.650485
219,148,2.655011
220,148,2.636820
221,148,2.643061
222,148,2.641498
223,148,2.639190
224,148,2.646173
225,148,2.645556
226,148,2.641624
227,148,2.639508
228,148,2.636626
229,148,2.635206
230,148,2.626937
231,148,2.627519
232,148,2.632486
233,148,2.635399
234,148,2.626746
235,148,2.627437
236,148,2.624136
237,148,2.623870
238,148,2.618351
239,148,2.618461
240,148,2.615169
241,148,2.614245
242,148,2.606136
243,148,2.609416
244,148,2.606743
245,148,2.603190
246,148,2.594754
247,148,2.599189
248,148,2.603427
249,148,2.602892
250,148,2.599006
251,148,2.606462
252,148,2.590576
253,148,2.583424
254,148,2.586278
255,148,2.585028
0,149,2.631900
1,149,2.631197
2,149,2.630306
3,149,2.633774
4,149,2.640227
5,149,2.634949
6,149,2.630843
7,149,2.633585
8,149,2.635492
9,149,2.629540
10,149,2.627292
11,149,2.637124
12,149,2.630735
13,149,2.636890
14,149,2.630203
15,149,2.639454
16,149,2.667184
17,149,2.658188
18,149,2.661620
19,149,2.654937
20,149,2.662900
21,149,2.663045
22,149,2.656019
23,149,2.659799
24,149,2.656619
25,149,2.656317
26,149,2.652701
27,149,2.656053
28,149,2.660075
29,149,2.656146
30,149,2.647636
31,149,2.658300
32,149,2.681066
33,149,2.676814
34,149,2.676269
35,149,2.675012
36,149,2.673671
37,149,2.677331
38,149,2.671961
39,149,2.666512
40,149,2.665465
41,149,2.663716
42,149,2.663038
43,149,2.664979
44,149,2.659142
45,149,2.661562
46,149,2.663750
47,149,2.666015
48,149,2.690707
49,149,2.681694
50,149,2.679269
51,149,2.673545
52,149,2.682548
53,149,2.680290
54,149,2.666656
55,149,2.671601
56,149,2.673253
57,149,2.666827
58,149,2.672196
59,149,2.676884
60,149,2.670848
61,149,2.671552
62,149,2.676671
63,149,2.677258
64,149,2.701749
65,149,2.687420
66,149,2.695528
67,149,2.688977
68,149,2.689255
69,149,2.690100
70,149,2.686564
71,149,2.679581
72,149,2.679623
73,149,2.676500
74,149,2.677048
75,149,2.669208
76,149,2.677435
77,149,2.677179
78,149,2.673647
79,149,2.677814
80,149,2.692794
81,149,2.689090
82,149,2.689197
83,149,2.684739
84,149,2.680862
85,149,2.688469
86,149,2.683835
87,149,2.675933
88,149,2.671774
89,149,2.666963
90,149,2.678152
91,149,2.669931
92,149,2.665589
93,149,2.664280
94,149,2.663669
95,149,2.663003
96,149,2.702956
97,149,2.687940
98,149,2.692134
99,149,2.692472
100,149,2.692695
101,149,2.688392
102,149,2.684644
103,149,2.684695
104,149,2.676980
105,149,2.676914
106,149,2.672259
107,149,2.675927
108,149,2.671836
109,149,2.679184
110,149,2.671105
111,149,2.674509
112,149,2.706550
113,149,2.703380
114,149,2.692440
115,149,2.692995
116,149,2.685789
117,149,2.684289
118,149,2.675021
119,149,2.683028
120,149,2.683267
121,149,2.681519
122,149,2.675851
123,149,2.675901
124,149,2.671380
125,149,2.667452
126,149,2.671165
127,149,2.670963
128,149,2.685355
129,149,2.686304
130,149,2.679489
131,149,2.664891
132,149,2.658594
133,149,2.663130
134,149,2.663749
135,149,2.656609
136,149,2.660953
137,149,2.665233
138,149,2.661745
139,149,2.662046
140,149,2.658436
141,149,2.658611
142,149,2.666429
143,149,2.662626
144,149,2.697941
145,149,2.694012
146,149,2.690028
147,149,2.685951
148,149,2.678000
149,149,2.681553
150,149,2.677920
151,149,2.669797
152,149,2.673076
153,149,2.687950
154,149,2.679652
155,149,2.679519
156,149,2.678807
157,149,2.681731
158,149,2.680896
159,149,2.687711
160,149,2.694532
161,149,2.686994
162,149,2.685180
163,149,2.683962
164,149,2.680104
165,149,2.680028
166,149,2.676052
167,149,2.668809
168,149,2.672379
169,149,2.679790
170,149,2.678152
171,149,2.677662
172,149,2.675268
173,149,2.675382
174,149,2.674683
175,149,2.672115
176,149,2.693242
177,149,2.680775
178,149,2.676103
179,149,2.675862
180,149,2.667033
181,149,2.670520
182,149,2.663686
183,149,2.660418
184,149,2.659870
185,149,2.670189
186,149,2.665403
187,149,2.671741
188,149,2.667091
189,149,2.669151
190,149,2.668221
191,149,2.666600
192,149,2.676129
193,149,2.675002
194,149,2.665473
195,149,2.666144
196,149,2.658015
197,149,2.660470
198,149,2.664151
199,149,2.660252
200,149,2.661857
201,149,2.664028
202,149,2.665493
203,149,2.665097
204,149,2.668966
205,149,2.666347
206,149,2.671996
207,149,2.662883
208,149,2.662586
209,149,2.663496
210,149,2.658574
211,149,2.653527
212,149,2.656746
213,149,2.654102
214,149,2.648116
215,149,2.649136
216,149,2.645565
217,149,2.654111
218,149,2.654860
219,149,2.654081
220,149,2.650768
221,149,2.651210
222,149,2.650895
223,149,2.642561
224,149,2.645866
225,149,2.642020
226,149,2.641917
227,149,2.644888
228,149,2.635868
229,149,2.635397
230,149,2.632206
231,149,2.629564
232,149,2.631485
233,149,2.632414
234,149,2.630600
235,149,2.631258
236,149,2.629849
237,149,2.627605
238,149,2.628486
239,149,2.628527
240,149,2.616852
241,149,2.615871
242,149,2.605793
243,149,2.603734
244,149,2.600979
245,149,2.608883
246,149,2.605755
247,149,2.598581
248,149,2.598914
249,149,2.602160
250,149,2.602264
251,149,2.596132
252,149,2.595550
253,149,2.593979
254,149,2.592914
255,149,2.595450
0,150,2.629781
1,150,2.625314
2,150,2.632924
3,150,2.633392
4,150,2.632184
5,150,2.634654
6,150,2.633104
7,150,2.632083
8,150,2.630207
9,150,2.633283
10,150,2.627218
11,150,2.637100
12,150,2.634598
13,150,2.631958
14,150,2.633035
15,150,2.639584
16,150,2.663490
17,150,2.664155
18,150,2.660845
19,150,2.658081
20,150,2.659337
21,150,2.659507
22,150,2.655713
23,150,2.656323
24,150,2.652314
25,150,2.652892
26,150,2.653164
27,150,2.652682
28,150,2.655957
29,150,2.652080
30,150,2.659754
31,150,2.658877
32,150,2.681673
33,150,2.672913
34,150,2.672433
35,150,2.679539
36,150,2.670507
37,150,2.672951
38,150,2.668843
39,150,2.667260
40,150,2.661746
41,150,2.668354
42,150,2.663215
43,150,2.661952
44,150,2.658051
45,150,2.654078
46,150,2.664623
47,150,2.662422
48,150,2.683905
49,150,2.673862
50,150,2.676354
51,150,2.677723
52,150,2.671319
53,150,2.669708
54,150,2.674722
55,150,2.676455
56,150,2.673638
57,150,2.675561
58,150,2.664902
59,150,2.670230
60,150,2.667431
61,150,2.676480
62,150,2.669422
63,150,2.674500
64,150,2.698374
65,150,2.687914
66,150,2.688316
67,150,2.689491
68,150,2.685915
69,150,2.682923
70,150,2.680028
71,150,2.683978
72,150,2.680808
73,150,2.680912
74,150,2.677621
75,150,2.681980
76,150,2.674167
77,150,2.678407
78,150,2.670387
79,150,2.674568
80,150,2.697899
81,150,2.689704
82,150,2.689825
83,150,2.685361
84,150,2.681486
85,150,2.677556
86,150,2.684474
87,150,2.680391
88,150,2.676287
89,150,2.679834
90,150,2.671030
91,150,2.674456
92,150,2.673873
93,150,2.672660
94,150,2.664352
95,150,2.667407
96,150,2.704107
97,150,2.692369
98,150,2.692713
99,150,2.689149
100,150,2.681718
101,150,2.685077
102,150,2.681357
103,150,2.681409
104,150,2.675627
105,150,2.677480
106,150,2.680544
107,150,2.676475
108,150,2.668529
109,150,2.675941
110,150,2.671671
111,150,2.675076
112,150,2.703194
113,150,2.700029
114,150,2.692948
115,150,2.689655
116,150,2.686307
117,150,2.679033
118,150,2.673622
119,150,2.677785
120,150,2.679952
121,150,2.678206
122,150,2.676393
123,150,2.664886
124,150,2.664874
125,150,2.667979
126,150,2.667839
127,150,2.667635
128,150,2.685842
129,150,2.682945
130,150,2.679982
131,150,2.681478
132,150,2.674537
133,150,2.667517
134,150,2.660433
135,150,2.664852
136,150,2.649933
137,150,2.661928
138,150,2.643028
139,150,2.643328
140,150,2.658981
141,150,2.663007
142,150,2.666971
143,150,2.667018
144,150,2.690788
145,150,2.683004
146,150,2.682845
147,150,2.678800
148,150,2.674700
149,150,2.674332
150,150,2.670781
151,150,2.674123
152,150,2.673637
153,150,2.680802
154,150,2.676229
155,150,2.683940
156,150,2.683074
157,150,2.678438
158,150,2.685305
159,150,2.684891
160,150,2.685485
161,150,2.679901
162,150,2.681930
163,150,2.680713
164,150,2.672995
165,150,2.680631
166,150,2.673427
167,150,2.677091
168,150,2.672996
169,150,2.680339
170,150,2.676779
171,150,2.680216
172,150,2.679646
173,150,2.672057
174,150,2.667489
175,150,2.671336
176,150,2.682183
177,150,2.679330
178,150,2.669513
179,150,2.668624
180,150,2.671983
181,150,2.669042
182,150,2.667971
183,150,2.665331
184,150,2.660280
185,150,2.671229
186,150,2.665791
187,150,2.668257
188,150,2.667458
189,150,2.665642
190,150,2.664709
191,150,2.668846
192,150,2.673220
193,150,2.671440
194,150,2.658685
195,150,2.660629
196,150,2.658901
197,150,2.656848
198,150,2.665008
199,150,2.660447
200,150,2.658827
201,150,2.671896
202,150,2.666283
203,150,2.663293
204,150,2.669079
205,150,2.661307
206,150,2.656106
207,150,2.657800
208,150,2.658762
209,150,2.656447
210,150,2.648922
211,150,2.654136
212,150,2.655414
213,150,2.654021
214,150,2.648659
215,150,2.652851
216,150,2.649912
217,150,2.650735
218,150,2.650029
219,150,2.650646
220,150,2.651165
221,150,2.647062
222,150,2.642676
223,150,2.639020
224,150,2.642286
225,150,2.642269
226,150,2.633490
227,150,2.632544
228,150,2.637943
229,150,2.631666
230,150,2.630357
231,150,2.632392
232,150,2.627641
233,150,2.629767
234,150,2.628602
235,150,2.631153
236,150,2.628491
237,150,2.622311
238,150,2.624393
239,150,2.622468
240,150,2.612680
241,150,2.610255
242,150,2.605879
243,150,2.603256
244,150,2.600455
245,150,2.598661
246,150,2.597410
247,150,2.596273
248,150,2.594584
249,150,2.599639
250,150,2.599449
251,150,2.599035
252,150,2.598392
253,150,2.591757
254,150,2.585948
255,150,2.584509
0,151,2.632997
1,151,2.629309
2,151,2.628550
3,151,2.635310
4,151,2.630329
5,151,2.636732
6,151,2.629633
7,151,2.627957
8,151,2.633826
9,151,2.635686
10,151,2.633541
11,151,2.628094
12,151,2.630683
13,151,2.635781
14,151,2.633037
15,151,2.637866
16,151,2.658664
17,151,2.656566
18,151,2.653284
19,151,2.665293
20,151,2.666306
21,151,2.662671
22,151,2.663690
23,151,2.660485
24,151,2.656499
25,151,2.660114
26,151,2.652067
27,151,2.653100
28,151,2.652541
29,151,2.651886
30,151,2.655655
31,151,2.651684
32,151,2.677704
33,151,2.673473
34,151,2.676201
35,151,2.675639
36,151,2.678838
37,151,2.673591
38,151,2.672116
39,151,2.671798
40,151,2.674002
41,151,2.668424
42,151,2.659571
43,151,2.658212
44,151,2.658827
45,151,2.658717
46,151,2.664314
47,151,2.659392
48,151,2.687952
49,151,2.686274
50,151,2.672731
51,151,2.678609
52,151,2.679918
53,151,2.673456
54,151,2.675645
55,151,2.672895
56,151,2.674586
57,151,2.672029
58,151,2.669731
59,151,2.666720
60,151,2.668432
61,151,2.672995
62,151,2.674296
63,151,2.675128
64,151,2.695565
65,151,2.692174
66,151,2.685526
67,151,2.689918
68,151,2.683144
69,151,2.683364
70,151,2.684341
71,151,2.684436
72,151,2.681413
73,151,2.682043
74,151,2.678107
75,151,2.674872
76,151,2.670812
77,151,2.675065
78,151,2.675473
79,151,2.671237
80,151,2.694580
81,151,2.694113
82,151,2.682662
83,151,2.686567
84,151,2.678183
85,151,2.681968
86,151,2.677963
87,151,2.684809
88,151,2.680715
89,151,2.684205
90,151,2.675460
91,151,2.667247
92,151,2.674470
93,151,2.669396
94,151,2.660969
95,151,2.664160
96,151,2.696908
97,151,2.692786
98,151,2.696995
99,151,2.693497
100,151,2.686027
101,151,2.677852
102,151,2.674116
103,151,2.678038
104,151,2.681888
105,151,2.677979
106,151,2.681008
107,151,2.676979
108,151,2.672843
109,151,2.672548
110,151,2.672152
111,151,2.667843
112,151,2.700428
113,151,2.700446
114,151,2.695296
115,151,2.690082
116,151,2.686739
117,151,2.677543
118,151,2.675996
119,151,2.680156
120,151,2.684257
121,151,2.672879
122,151,2.674924
123,151,2.669197
124,151,2.674965
125,151,2.672962
126,151,2.672132
127,151,2.668074
128,151,2.678535
129,151,2.683351
130,151,2.677233
131,151,2.670363
132,151,2.671117
133,151,2.671818
134,151,2.645483
135,151,2.646041
136,151,2.650396
137,151,2.658530
138,151,2.639637
139,151,2.639936
140,151,2.640177
141,151,2.648054
142,151,2.659721
143,151,2.660454
144,151,2.687405
145,151,2.687321
146,151,2.679462
147,151,2.679268
148,151,2.678964
149,151,2.674798
150,151,2.671181
151,151,2.670748
152,151,2.693377
153,151,2.688866
154,151,2.680551
155,151,2.676578
156,151,2.675847
157,151,2.678749
158,151,2.674041
159,151,2.681520
160,151,2.684097
161,151,2.684255
162,151,2.674741
163,151,2.673530
164,151,2.669661
165,151,2.673423
166,151,2.672035
167,151,2.677581
168,151,2.700443
169,151,2.689247
170,151,2.681099
171,151,2.680670
172,151,2.673047
173,151,2.674424
174,151,2.671893
175,151,2.669836
176,151,2.684522
177,151,2.676700
178,151,2.667982
179,151,2.665151
180,151,2.661001
181,151,2.663624
182,151,2.665126
183,151,2.665908
184,151,2.683720
185,151,2.675404
186,151,2.666091
187,151,2.669202
188,151,2.663883
189,151,2.664634
190,151,2.664961
191,151,2.663962
192,151,2.673795
193,151,2.668452
194,151,2.662734
195,151,2.665321
196,151,2.659065
197,151,2.657653
198,151,2.659362
199,151,2.657365
200,151,2.680113
201,151,2.676488
202,151,2.669701
203,151,2.667845
204,151,2.662063
205,151,2.659390
206,151,2.660606
207,151,2.657764
208,151,2.659369
209,151,2.655759
210,151,2.653335
211,151,2.650829
212,151,2.649490
213,151,2.644209
214,151,2.644605
215,151,2.643665
216,151,2.671532
217,151,2.657412
218,151,2.646547
219,151,2.647144
220,151,2.646957
221,151,2.642664
222,151,2.639089
223,151,2.638571
224,151,2.644417
225,151,2.641518
226,151,2.636792
227,151,2.632649
228,151,2.630316
229,151,2.626127
230,151,2.629306
231,151,2.628506
232,151,2.652620
233,151,2.645066
234,151,2.625360
235,151,2.629774
236,151,2.627542
237,151,2.625884
238,151,2.620222
239,151,2.622709
240,151,2.606331
241,151,2.607860
242,151,2.601513
243,151,2.598845
244,151,2.602190
245,151,2.594511
246,151,2.591243
247,151,2.599336
248,151,2.614931
249,151,2.611050
250,151,2.588993
251,151,2.592325
252,151,2.593497
253,151,2.590574
254,151,2.593180
255,151,2.587022
0,152,2.631415
1,152,2.630939
2,152,2.634121
3,152,2.630902
4,152,2.633674
5,152,2.632415
6,152,2.635567
7,152,2.637819
8,152,2.628349
9,152,2.639267
10,152,2.633307
11,152,2.631765
12,152,2.633214
13,152,2.634521
14,152,2.624132
15,152,2.637828
16,152,2.662525
17,152,2.663273
18,152,2.663897
19,152,2.664398
20,152,2.662597
21,152,2.658987
22,152,2.659118
23,152,2.651432
24,152,2.652910
25,152,2.656547
26,152,2.663934
27,152,2.655808
28,152,2.652120
29,152,2.656129
30,152,2.655398
31,152,2.647549
32,152,2.677456
33,152,2.680999
34,152,2.676713
35,152,2.675517
36,152,2.670383
37,152,2.678021
38,152,2.668854
39,152,2.667311
40,152,2.670786
41,152,2.665219
42,152,2.663428
43,152,2.658379
44,152,2.656947
45,152,2.659441
46,152,2.657342
47,152,2.655172
48,152,2.688723
49,152,2.690253
50,152,2.684677
51,152,2.682623
52,152,2.676232
53,152,2.678149
54,152,2.679696
55,152,2.669913
56,152,2.670957
57,152,2.676780
58,152,2.669982
59,152,2.667641
60,152,2.672279
61,152,2.673941
62,152,2.674593
63,152,2.668148
64,152,2.692031
65,152,2.693163
66,152,2.693775
67,152,2.683221
68,152,2.683498
69,152,2.680708
70,152,2.680859
71,152,2.681626
72,152,2.677947
73,152,2.682444
74,152,2.678505
75,152,2.675286
76,152,2.671901
77,152,2.671636
78,152,2.675912
79,152,2.671672
80,152,2.695067
81,152,2.699093
82,152,2.690822
83,152,2.687039
84,152,2.682497
85,152,2.682423
86,152,2.682301
87,152,2.681433
88,152,2.681149
89,152,2.676998
90,152,2.675873
91,152,2.667748
92,152,2.671126
93,152,2.670483
94,152,2.665332
95,152,2.656835
96,152,2.704945
97,152,2.704750
98,152,2.697402
99,152,2.693852
100,152,2.686438
101,152,2.682768
102,152,2.686069
103,152,2.678427
104,152,2.674577
105,152,2.670668
106,152,2.677531
107,152,2.669649
108,152,2.665564
109,152,2.672920
110,152,2.672545
111,152,2.664385
112,152,2.700755
113,152,2.700762
114,152,2.689851
115,152,2.686569
116,152,2.687084
117,152,2.679827
118,152,2.680202
119,152,2.680519
120,152,2.688476
121,152,2.669394
122,152,2.673367
123,152,2.673421
124,152,2.673410
125,152,2.673334
126,152,2.669340
127,152,2.668426
128,152,2.686552
129,152,2.695944
130,152,2.673733
131,152,2.670719
132,152,2.671476
133,152,2.664474
134,152,2.665110
135,152,2.642553
136,152,2.639204
137,152,2.647346
138,152,2.643858
139,152,2.640310
140,152,2.644402
141,152,2.663836
142,152,2.663945
143,152,2.656986
144,152,2.691639
145,152,2.687698
146,152,2.675992
147,152,2.675752
148,152,2.671638
149,152,2.671323
150,152,2.694692
151,152,2.694256
152,152,2.670544
153,152,2.693104
154,152,2.689211
155,152,2.673121
156,152,2.679938
157,152,2.675283
158,152,2.674423
159,152,2.677872
160,152,2.688364
161,152,2.680842
162,152,2.677777
163,152,2.677817
164,152,2.677790
165,152,2.675782
166,152,2.701347
167,152,2.693440
168,152,2.673863
169,152,2.691567
170,152,2.681559
171,152,2.673330
172,152,2.673519
173,152,2.672850
174,152,2.674842
175,152,2.668389
176,152,2.682918
177,152,2.678951
178,152,2.670215
179,152,2.669976
180,152,2.667071
181,152,2.667748
182,152,2.690441
183,152,2.685425
184,152,2.663442
185,152,2.685267
186,152,2.678816
187,152,2.665556
188,152,2.666677
189,152,2.670911
190,152,2.661948
191,152,2.667971
192,152,2.678107
193,152,2.670505
194,152,2.663519
195,152,2.666948
196,152,2.663670
197,152,2.661571
198,152,2.679349
199,152,2.676657
200,152,2.661535
201,152,2.680335
202,152,2.678054
203,152,2.660092
204,152,2.662005
205,152,2.667148
206,152,2.660503
207,152,2.660247
208,152,2.658625
209,152,2.654342
210,152,2.657683
211,152,2.648693
212,152,2.647345
213,152,2.647797
214,152,2.668120
215,152,2.669089
216,152,2.645408
217,152,2.661588
218,152,2.660335
219,152,2.643992
220,152,2.640598
221,152,2.642882
222,152,2.638578
223,152,2.633981
224,152,2.649414
225,152,2.637054
226,152,2.640705
227,152,2.631691
228,152,2.634366
229,152,2.629933
230,152,2.656199
231,152,2.651515
232,152,2.625584
233,152,2.647579
234,152,2.642466
235,152,2.627581
236,152,2.625976
237,152,2.624250
238,152,2.624298
239,152,2.624187
240,152,2.611604
241,152,2.602041
242,152,2.603320
243,152,2.598642
244,152,2.595708
245,152,2.595667
246,152,2.617391
247,152,2.614144
248,152,2.593038
249,152,2.608320
250,152,2.607175
251,152,2.587328
252,152,2.594215
253,152,2.591206
254,152,2.591764
255,152,2.588206
0,153,2.625126
1,153,2.634043
2,153,2.629570
3,153,2.624905
4,153,2.633540
5,153,2.635040
6,153,2.635612
7,153,2.633525
8,153,2.635655
9,153,2.633772
10,153,2.631734
11,153,2.626424
12,153,2.636845
13,153,2.634334
14,153,2.627831
15,153,2.628897
16,153,2.661375
17,153,2.667091
18,153,2.660038
19,153,2.656715
20,153,2.661690
21,153,2.658130
22,153,2.659242
23,153,2.655433
24,153,2.655368
25,153,2.655901
26,153,2.652615
27,153,2.652216
28,153,2.656270
29,153,2.647967
30,153,2.651888
31,153,2.651082
32,153,2.681702
33,153,2.676862
34,153,2.668763
35,153,2.672127
36,153,2.674714
37,153,2.673364
38,153,2.665527
39,153,2.671704
40,153,2.673948
41,153,2.665242
42,153,2.664024
43,153,2.658316
44,153,2.660925
45,153,2.663273
46,153,2.657330
47,153,2.659706
48,153,2.684897
49,153,2.687118
50,153,2.677029
51,153,2.670724
52,153,2.684697
53,153,2.678246
54,153,2.672414
55,153,2.677746
56,153,2.671772
57,153,2.668905
58,153,2.666972
59,153,2.671674
60,153,2.672460
61,153,2.670293
62,153,2.670946
63,153,2.664519
64,153,2.692259
65,153,2.693408
66,153,2.678612
67,153,2.683487
68,153,2.687616
69,153,2.688697
70,153,2.681141
71,153,2.681923
72,153,2.682788
73,153,2.675050
74,153,2.675654
75,153,2.679464
76,153,2.672240
77,153,2.672049
78,153,2.672409
79,153,2.668861
80,153,2.691574
81,153,2.691758
82,153,2.683501
83,153,2.683565
84,153,2.687426
85,153,2.682808
86,153,2.674990
87,153,2.678636
88,153,2.681548
89,153,2.677343
90,153,2.673135
91,153,2.672012
92,153,2.671446
93,153,2.670913
94,153,2.665627
95,153,2.661117
96,153,2.705278
97,153,2.701850
98,153,2.689948
99,153,2.686467
100,153,2.694422
101,153,2.686944
102,153,2.682503
103,153,2.678733
104,153,2.682594
105,153,2.678680
106,153,2.674715
107,153,2.673788
108,153,2.673555
109,153,2.673203
110,153,2.672849
111,153,2.676249
112,153,2.702931
113,153,2.695221
114,153,2.690085
115,153,2.686819
116,153,2.683487
117,153,2.678161
118,153,2.678547
119,153,2.680793
120,153,2.681043
121,153,2.673525
122,153,2.677500
123,153,2.677556
124,153,2.679472
125,153,2.677469
126,153,2.669622
127,153,2.671340
128,153,2.695210
129,153,2.688484
130,153,2.677833
131,153,2.674823
132,153,2.667892
133,153,2.664745
134,153,2.638414
135,153,2.638986
136,153,2.643334
137,153,2.647624
138,153,2.640290
139,153,2.640594
140,153,2.644685
141,153,2.648710
142,153,2.644961
143,153,2.649576
144,153,2.691931
145,153,2.687986
146,153,2.683992
147,153,2.683750
148,153,2.671930
149,153,2.672263
150,153,2.675733
151,153,2.667495
152,153,2.670844
153,153,2.685577
154,153,2.689522
155,153,2.677137
156,153,2.672535
157,153,2.675412
158,153,2.671404
159,153,2.682030
160,153,2.684874
161,153,2.685022
162,153,2.678135
163,153,2.674310
164,153,2.678123
165,153,2.671034
166,153,2.678592
167,153,2.670637
168,153,2.674927
169,153,2.689945
170,153,2.689556
171,153,2.678161
172,153,2.673798
173,153,2.669379
174,153,2.667402
175,153,2.668640
176,153,2.683851
177,153,2.679186
178,153,2.678317
179,153,2.670192
180,153,2.665345
181,153,2.670553
182,153,2.663652
183,153,2.667021
184,153,2.665527
185,153,2.677701
186,153,2.682807
187,153,2.661818
188,153,2.657158
189,153,2.663298
190,153,2.662033
191,153,2.658403
192,153,2.676236
193,153,2.672465
194,153,2.667400
195,153,2.665021
196,153,2.659811
197,153,2.662239
198,153,2.659602
199,153,2.661878
200,153,2.663386
201,153,2.676589
202,153,2.683718
203,153,2.660651
204,153,2.659386
205,153,2.663125
206,153,2.657155
207,153,2.661962
208,153,2.657157
209,153,2.659859
210,153,2.649702
211,153,2.654214
212,153,2.647015
213,153,2.650071
214,153,2.644618
215,153,2.640986
216,153,2.645682
217,153,2.661842
218,153,2.657131
219,153,2.644184
220,153,2.642695
221,153,2.638457
222,153,2.641661
223,153,2.634061
224,153,2.644888
225,153,2.637068
226,153,2.632011
227,153,2.631644
228,153,2.638127
229,153,2.633665
230,153,2.627998
231,153,2.630218
232,153,2.625344
233,153,2.647305
234,153,2.640961
235,153,2.626011
236,153,2.621715
237,153,2.623803
238,153,2.621884
239,153,2.626153
240,153,2.607695
241,153,2.605249
242,153,2.602630
243,153,2.595978
244,153,2.597227
245,153,2.599003
246,153,2.591738
247,153,2.595829
248,153,2.592004
249,153,2.611239
250,153,2.620414
251,153,2.591935
252,153,2.583296
253,153,2.589819
254,153,2.590306
255,153,2.588444
0,154,2.635783
1,154,2.631601
2,154,2.621440
3,154,2.626496
4,154,2.637915
5,154,2.642124
6,154,2.636962
7,154,2.635480
8,154,2.637685
9,154,2.632022
10,154,2.632086
11,154,2.637637
12,154,2.631482
13,154,2.632887
14,154,2.630299
15,154,2.628700
16,154,2.665079
17,154,2.665913
18,154,2.658915
19,154,2.655645
20,154,2.664807
21,154,2.662002
22,154,2.658353
23,154,2.658444
24,154,2.663176
25,154,2.648336
26,154,2.655788
27,154,2.655431
28,154,2.648077
29,154,2.655921
30,154,2.651395
31,154,2.650627
32,154,2.681317
33,154,2.684910
34,154,2.668439
35,154,2.671144
36,154,2.675126
37,154,2.673790
38,154,2.676225
39,154,2.672179
40,154,2.670583
41,154,2.665055
42,154,2.664006
43,154,2.662713
44,154,2.660794
45,154,2.655649
46,154,2.657925
47,154,2.651919
48,154,2.685072
49,154,2.683222
50,154,2.681545
51,154,2.682954
52,154,2.676989
53,154,2.675097
54,154,2.668587
55,154,2.670775
56,154,2.671829
57,154,2.665112
58,154,2.674762
59,154,2.671761
60,154,2.677104
61,154,2.678111
62,154,2.671762
63,154,2.668504
64,154,2.696951
65,154,2.693562
66,154,2.687179
67,154,2.687513
68,154,2.688494
69,154,2.685036
70,154,2.689743
71,154,2.678276
72,154,2.686864
73,154,2.679124
74,154,2.676005
75,154,2.679698
76,154,2.676340
77,154,2.676860
78,154,2.672668
79,154,2.669190
80,154,2.695695
81,154,2.692039
82,154,2.684496
83,154,2.687705
84,154,2.687722
85,154,2.686954
86,154,2.686826
87,154,2.678953
88,154,2.678003
89,154,2.673809
90,154,2.673464
91,154,2.672245
92,154,2.667923
93,154,2.663434
94,154,2.662841
95,154,2.665171
96,154,2.701575
97,154,2.702095
98,154,2.690176
99,154,2.682788
100,154,2.690801
101,154,2.687144
102,154,2.686572
103,154,2.682793
104,154,2.678958
105,154,2.678911
106,154,2.674930
107,154,2.674024
108,154,2.673750
109,154,2.669607
110,154,2.673063
111,154,2.672611
112,154,2.701150
113,154,2.697282
114,154,2.694091
115,154,2.694684
116,154,2.683651
117,154,2.676403
118,154,2.676794
119,154,2.679045
120,154,2.673523
121,154,2.677566
122,154,2.677690
123,154,2.675821
124,154,2.675812
125,154,2.669957
126,154,2.660181
127,154,2.669603
128,154,2.695357
129,154,2.688639
130,154,2.670298
131,154,2.667292
132,154,2.664217
133,154,2.657220
134,154,2.646303
135,154,2.654581
136,154,2.647381
137,154,2.647819
138,154,2.648190
139,154,2.640788
140,154,2.648730
141,154,2.645048
142,154,2.641298
143,154,2.645929
144,154,2.692132
145,154,2.692036
146,154,2.676455
147,154,2.676247
148,154,2.675924
149,154,2.672480
150,154,2.668159
151,154,2.671560
152,154,2.667092
153,154,2.674224
154,154,2.670345
155,154,2.677353
156,154,2.672589
157,154,2.675619
158,154,2.675477
159,154,2.678198
160,154,2.688963
161,154,2.678307
162,154,2.674538
163,154,2.670712
164,154,2.678379
165,154,2.678987
166,154,2.667270
167,154,2.672785
168,154,2.671302
169,154,2.674819
170,154,2.672417
171,154,2.674607
172,154,2.670132
173,154,2.668344
174,154,2.665648
175,154,2.668798
176,154,2.684167
177,154,2.683181
178,154,2.671454
179,154,2.666464
180,154,2.665452
181,154,2.663172
182,154,2.663738
183,154,2.669034
184,154,2.665592
185,154,2.672682
186,154,2.665513
187,154,2.658700
188,154,2.661029
189,154,2.660156
190,154,2.658171
191,154,2.657160
192,154,2.674270
193,154,2.673117
194,154,2.667333
195,154,2.669494
196,154,2.659710
197,154,2.662131
198,154,2.667169
199,154,2.657880
200,154,2.660078
201,154,2.662918
202,154,2.659179
203,154,2.660428
204,154,2.659848
205,154,2.663576
206,154,2.664580
207,154,2.657925
208,154,2.662605
209,154,2.660222
210,154,2.653255
211,154,2.649963
212,154,2.651164
213,154,2.651573
214,154,2.642219
215,154,2.641209
216,154,2.642033
217,154,2.641248
218,154,2.645715
219,154,2.642379
220,154,2.641211
221,154,2.643430
222,154,2.639766
223,154,2.633325
224,154,2.645842
225,154,2.647606
226,154,2.639623
227,154,2.636550
228,154,2.633068
229,154,2.628552
230,154,2.627762
231,154,2.626081
232,154,2.627729
233,154,2.622659
234,154,2.629006
235,154,2.620952
236,154,2.625731
237,154,2.621970
238,154,2.623831
239,154,2.621679
240,154,2.612792
241,154,2.606926
242,154,2.604223
243,154,2.601339
244,154,2.598267
245,154,2.598856
246,154,2.598708
247,154,2.589215
248,154,2.592995
249,154,2.596554
250,154,2.596034
251,154,2.595318
252,154,2.591500
253,154,2.592122
254,154,2.588631
255,154,2.582942
0,155,2.629268
1,155,2.621329
2,155,2.617838
3,155,2.630310
4,155,2.633298
5,155,2.636101
6,155,2.631019
7,155,2.645028
8,155,2.633260
9,155,2.631491
10,155,2.630333
11,155,2.628248
12,155,2.633718
13,155,2.632536
14,155,2.626129
15,155,2.634995
16,155,2.659892
17,155,2.656931
18,155,2.654899
19,155,2.655511
20,155,2.659854
21,155,2.657117
22,155,2.654473
23,155,2.666147
24,155,2.658447
25,155,2.646785
26,155,2.659733
27,155,2.655545
28,155,2.651255
29,155,2.650719
30,155,2.647740
31,155,2.650844
32,155,2.680823
33,155,2.672182
34,155,2.672584
35,155,2.671452
36,155,2.677939
37,155,2.674150
38,155,2.672747
39,155,2.682819
40,155,2.662708
41,155,2.665490
42,155,2.659896
43,155,2.662650
44,155,2.657431
45,155,2.667006
46,155,2.657961
47,155,2.664017
48,155,2.688772
49,155,2.679498
50,155,2.677577
51,155,2.675139
52,155,2.684909
53,155,2.678875
54,155,2.673087
55,155,2.674222
56,155,2.675642
57,155,2.669647
58,155,2.670577
59,155,2.676324
60,155,2.665558
61,155,2.667289
62,155,2.667946
63,155,2.673114
64,155,2.693158
65,155,2.686637
66,155,2.690895
67,155,2.684462
68,155,2.688591
69,155,2.685857
70,155,2.682152
71,155,2.686818
72,155,2.679289
73,155,2.676124
74,155,2.680003
75,155,2.678641
76,155,2.668789
77,155,2.669326
78,155,2.668981
79,155,2.673223
80,155,2.696604
81,155,2.688408
82,155,2.680844
83,155,2.684058
84,155,2.684078
85,155,2.684042
86,155,2.683186
87,155,2.694587
88,155,2.682766
89,155,2.677889
90,155,2.673626
91,155,2.669370
92,155,2.668061
93,155,2.667533
94,155,2.670678
95,155,2.669269
96,155,2.701630
97,155,2.702166
98,155,2.690993
99,155,2.690632
100,155,2.687042
101,155,2.687285
102,155,2.687427
103,155,2.694476
104,155,2.682937
105,155,2.671329
106,155,2.675080
107,155,2.674127
108,155,2.677756
109,155,2.669708
110,155,2.665478
111,155,2.676585
112,155,2.708907
113,155,2.705791
114,155,2.705708
115,155,2.679338
116,155,2.677942
117,155,2.680332
118,155,2.673022
119,155,2.673355
120,155,2.669762
121,155,2.673808
122,155,2.670081
123,155,2.677846
124,155,2.673984
125,155,2.673908
126,155,2.662206
127,155,2.661995
128,155,2.687704
129,155,2.684848
130,155,2.674213
131,155,2.667358
132,155,2.662375
133,155,2.657307
134,155,2.642539
135,155,2.639261
136,155,2.643621
137,155,2.644068
138,155,2.648291
139,155,2.644741
140,155,2.644977
141,155,2.645146
142,155,2.646008
143,155,2.646041
144,155,2.692241
145,155,2.688288
146,155,2.680419
147,155,2.676308
148,155,2.672179
149,155,2.672532
150,155,2.672134
151,155,2.667730
152,155,2.667208
153,155,2.667264
154,155,2.674325
155,155,2.669624
156,155,2.672707
157,155,2.672463
158,155,2.675421
159,155,2.674269
160,155,2.692994
161,155,2.686177
162,155,2.678565
163,155,2.674729
164,155,2.667716
165,155,2.671464
166,155,2.669339
167,155,2.675633
168,155,2.667583
169,155,2.674940
170,155,2.671334
171,155,2.667011
172,155,2.668410
173,155,2.668441
174,155,2.665864
175,155,2.665744
176,155,2.684233
177,155,2.677449
178,155,2.679209
179,155,2.666493
180,155,2.666198
181,155,2.665112
182,155,2.660610
183,155,2.663247
184,155,2.662440
185,155,2.664945
186,155,2.658488
187,155,2.666349
188,155,2.663609
189,155,2.659747
190,155,2.658796
191,155,2.657050
192,155,2.674865
193,155,2.676829
194,155,2.667900
195,155,2.665467
196,155,2.660243
197,155,2.669188
198,155,2.659961
199,155,2.657635
200,155,2.663190
201,155,2.659515
202,155,2.658884
203,155,2.660305
204,155,2.657582
205,155,2.655519
206,155,2.656646
207,155,2.657525
208,155,2.666767
209,155,2.656027
210,155,2.656641
211,155,2.646353
212,155,2.644919
213,155,2.647180
214,155,2.648169
215,155,2.646390
216,155,2.640648
217,155,2.645192
218,155,2.641934
219,155,2.644694
220,155,2.637363
221,155,2.637633
222,155,2.636136
223,155,2.632318
224,155,2.651506
225,155,2.647464
226,155,2.635761
227,155,2.637239
228,155,2.632817
229,155,2.632123
230,155,2.629418
231,155,2.626511
232,155,2.623471
233,155,2.620292
234,155,2.623453
235,155,2.628797
236,155,2.623224
237,155,2.621349
238,155,2.621812
239,155,2.615731
240,155,2.612525
241,155,2.608026
242,155,2.607202
243,155,2.598872
244,155,2.599563
245,155,2.598132
246,155,2.597593
247,155,2.591896
248,155,2.597706
249,155,2.589600
250,155,2.588968
251,155,2.593878
252,155,2.590836
253,155,2.587445
254,155,2.588733
255,155,2.579058
0,156,2.631154
1,156,2.628816
2,156,2.620725
3,156,2.627847
4,156,2.627070
5,156,2.633812
6,156,2.634117
7,156,2.644318
8,156,2.631231
9,156,2.630329
10,156,2.628471
11,156,2.634162
12,156,2.629388
13,156,2.627043
14,156,2.632258
15,156,2.629628
16,156,2.659581
17,156,2.656652
18,156,2.649740
19,156,2.658113
20,156,2.658656
21,156,2.660072
22,156,2.657260
23,156,2.672836
24,156,2.657477
25,156,2.658317
26,156,2.654278
27,156,2.654738
28,156,2.655172
29,156,2.650804
30,156,2.646336
31,156,2.654078
32,156,2.684842
33,156,2.676219
34,156,2.671358
35,156,2.667839
36,156,2.674342
37,156,2.673053
38,156,2.672420
39,156,2.686992
40,156,2.670027
41,156,2.672245
42,156,2.664129
43,156,2.662323
44,156,2.660440
45,156,2.667440
46,156,2.653835
47,156,2.659420
48,156,2.689255
49,156,2.683125
50,156,2.669953
51,156,2.671815
52,156,2.677021
53,156,2.679041
54,156,2.676791
55,156,2.685636
56,156,2.676241
57,156,2.665680
58,156,2.667348
59,156,2.668532
60,156,2.670062
61,156,2.670795
62,156,2.667887
63,156,2.669222
64,156,2.693123
65,156,2.690472
66,156,2.687024
67,156,2.688318
68,156,2.680886
69,156,2.678173
70,156,2.686025
71,156,2.694559
72,156,2.683177
73,156,2.683880
74,156,2.680052
75,156,2.672925
76,156,2.673546
77,156,2.677107
78,156,2.673653
79,156,2.677162
80,156,2.696703
81,156,2.692356
82,156,2.684804
83,156,2.684915
84,156,2.684191
85,156,2.684155
86,156,2.683304
87,156,2.694679
88,156,2.682907
89,156,2.674106
90,156,2.669915
91,156,2.681080
92,156,2.672057
93,156,2.671538
94,156,2.666987
95,156,2.665567
96,156,2.701686
97,156,2.694435
98,156,2.691054
99,156,2.686764
100,156,2.687088
101,156,2.687297
102,156,2.687474
103,156,2.698347
104,156,2.682966
105,156,2.675225
106,156,2.671256
107,156,2.674912
108,156,2.666204
109,156,2.669713
110,156,2.669356
111,156,2.672759
112,156,2.708863
113,156,2.713473
114,156,2.709513
115,156,2.690855
116,156,2.683697
117,156,2.674533
118,156,2.673014
119,156,2.673345
120,156,2.665903
121,156,2.666102
122,156,2.672009
123,156,2.681702
124,156,2.673989
125,156,2.670061
126,156,2.658357
127,156,2.663923
128,156,2.687661
129,156,2.684812
130,156,2.674195
131,156,2.667344
132,156,2.660424
133,156,2.665005
134,156,2.650239
135,156,2.654679
136,156,2.643628
137,156,2.644067
138,156,2.648297
139,156,2.644747
140,156,2.637279
141,156,2.641298
142,156,2.646028
143,156,2.642206
144,156,2.696108
145,156,2.688298
146,156,2.680435
147,156,2.676323
148,156,2.672968
149,156,2.672562
150,156,2.675927
151,156,2.675460
152,156,2.670971
153,156,2.667301
154,156,2.674222
155,156,2.669652
156,156,2.668717
157,156,2.672501
158,156,2.667560
159,156,2.674295
160,156,2.689225
161,156,2.684342
162,156,2.678643
163,156,2.678649
164,156,2.673568
165,156,2.669599
166,156,2.675206
167,156,2.675686
168,156,2.673465
169,156,2.667259
170,156,2.671452
171,156,2.672803
172,156,2.671091
173,156,2.664589
174,156,2.663923
175,156,2.669583
176,156,2.684203
177,156,2.678152
178,156,2.671456
179,156,2.669305
180,156,2.666132
181,156,2.665028
182,156,2.668229
183,156,2.666994
184,156,2.662330
185,156,2.662889
186,156,2.658357
187,156,2.654635
188,156,2.661525
189,156,2.661491
190,156,2.662463
191,156,2.660695
192,156,2.674648
193,156,2.672736
194,156,2.667251
195,156,2.662089
196,156,2.663815
197,156,2.658069
198,156,2.661568
199,156,2.659969
200,156,2.662831
201,156,2.657220
202,156,2.662568
203,156,2.652187
204,156,2.654043
205,156,2.655245
206,156,2.652322
207,156,2.650073
208,156,2.659844
209,156,2.663195
210,156,2.660683
211,156,2.652789
212,156,2.650088
213,156,2.647297
214,156,2.650617
215,156,2.653405
216,156,2.652246
217,156,2.640558
218,156,2.640342
219,156,2.640795
220,156,2.641147
221,156,2.639730
222,156,2.635996
223,156,2.636006
224,156,2.646502
225,156,2.641626
226,156,2.641269
227,156,2.636940
228,156,2.627572
229,156,2.629880
230,156,2.632852
231,156,2.628764
232,156,2.623734
233,156,2.624344
234,156,2.620150
235,156,2.623047
236,156,2.621256
237,156,2.619309
238,156,2.621054
239,156,2.614929
240,156,2.614065
241,156,2.601778
242,156,2.608574
243,156,2.605552
244,156,2.596880
245,156,2.593427
246,156,2.597476
247,156,2.596602
248,156,2.596364
249,156,2.597827
250,156,2.589468
251,156,2.592334
252,156,2.587244
253,156,2.591527
254,156,2.580130
255,156,2.579776
0,157,2.633825
1,157,2.633744
2,157,2.633455
3,157,2.632965
4,157,2.628425
5,157,2.632910
6,157,2.635665
7,157,2.630536
8,157,2.626047
9,157,2.632133
10,157,2.631676
11,157,2.633554
12,157,2.631426
13,157,2.633000
14,157,2.626722
15,157,2.633030
16,157,2.665762
17,157,2.659039
18,157,2.663743
19,157,2.661670
20,157,2.662243
21,157,2.658841
22,157,2.663803
23,157,2.661119
24,157,2.653492
25,157,2.653459
26,157,2.657170
27,157,2.654701
28,157,2.650475
29,157,2.653853
30,157,2.654075
31,157,2.649531
32,157,2.684183
33,157,2.675596
34,157,2.675341
35,157,2.674260
36,157,2.673850
37,157,2.673254
38,157,2.675749
39,157,2.675063
40,157,2.658734
41,157,2.664818
42,157,2.666970
43,157,2.662648
44,157,2.660776
45,157,2.658828
46,157,2.661918
47,157,2.663660
48,157,2.692299
49,157,2.687404
50,157,2.685064
51,157,2.682654
52,157,2.673638
53,157,2.682636
54,157,2.681146
55,157,2.674587
56,157,2.667961
57,157,2.666220
58,157,2.663304
59,157,2.676488
60,157,2.666046
61,157,2.666780
62,157,2.664632
63,157,2.672937
64,157,2.705052
65,157,2.694210
66,157,2.691517
67,157,2.688223
68,157,2.685401
69,157,2.685803
70,157,2.686706
71,157,2.679086
72,157,2.676171
73,157,2.679981
74,157,2.676915
75,157,2.672893
76,157,2.677383
77,157,2.677086
78,157,2.677575
79,157,2.677152
80,157,2.700558
81,157,2.696978
82,157,2.692520
83,157,2.692645
84,157,2.680354
85,157,2.684185
86,157,2.684104
87,157,2.687007
88,157,2.675245
89,157,2.674925
90,157,2.669961
91,157,2.677197
92,157,2.669039
93,157,2.671483
94,157,2.663198
95,157,2.670132
96,157,2.709253
97,157,2.702103
98,157,2.694799
99,157,2.690564
100,157,2.686989
101,157,2.691101
102,157,2.683549
103,157,2.682869
104,157,2.675194
105,157,2.679011
106,157,2.675041
107,157,2.678734
108,157,2.673820
109,157,2.673537
110,157,2.675064
111,157,2.668837
112,157,2.712588
113,157,2.699855
114,157,2.693968
115,157,2.690727
116,157,2.687427
117,157,2.676342
118,157,2.678681
119,157,2.669384
120,157,2.665804
121,157,2.677564
122,157,2.669988
123,157,2.673903
124,157,2.673896
125,157,2.669967
126,157,2.673674
127,157,2.661901
128,157,2.685593
129,157,2.680827
130,157,2.677916
131,157,2.671085
132,157,2.664168
133,157,2.657193
134,157,2.650136
135,157,2.650725
136,157,2.655095
137,157,2.651682
138,157,2.655912
139,157,2.640802
140,157,2.641039
141,157,2.645056
142,157,2.645952
143,157,2.645980
144,157,2.692172
145,157,2.688210
146,157,2.684169
147,157,2.676241
148,157,2.672841
149,157,2.672495
150,157,2.668152
151,157,2.675388
152,157,2.667043
153,157,2.670968
154,157,2.670305
155,157,2.665580
156,157,2.664790
157,157,2.672265
158,157,2.667495
159,157,2.674022
160,157,2.693820
161,157,2.682410
162,157,2.680545
163,157,2.675550
164,157,2.675488
165,157,2.671488
166,157,2.664378
167,157,2.671789
168,157,2.671481
169,157,2.675668
170,157,2.671384
171,157,2.670792
172,157,2.667159
173,157,2.670270
174,157,2.666509
175,157,2.667544
176,157,2.686002
177,157,2.680130
178,157,2.679016
179,157,2.669162
180,157,2.669820
181,157,2.669467
182,157,2.668043
183,157,2.671410
184,157,2.671753
185,157,2.669207
186,157,2.660054
187,157,2.666706
188,157,2.655489
189,157,2.660049
190,157,2.658324
191,157,2.656935
192,157,2.678183
193,157,2.673163
194,157,2.663047
195,157,2.665585
196,157,2.663762
197,157,2.661527
198,157,2.658064
199,157,2.657129
200,157,2.663140
201,157,2.657519
202,157,2.654376
203,157,2.656296
204,157,2.649097
205,157,2.652774
206,157,2.644814
207,157,2.650793
208,157,2.661918
209,157,2.665255
210,157,2.659352
211,157,2.652869
212,157,2.650151
213,157,2.645833
214,157,2.646769
215,157,2.649538
216,157,2.647571
217,157,2.643563
218,157,2.640243
219,157,2.639821
220,157,2.639336
221,157,2.639538
222,157,2.638709
223,157,2.634818
224,157,2.649278
225,157,2.645159
226,157,2.639898
227,157,2.639368
228,157,2.636787
229,157,2.628309
230,157,2.631221
231,157,2.632074
232,157,2.628936
233,157,2.624434
234,157,2.627859
235,157,2.626181
236,157,2.620497
237,157,2.617153
238,157,2.614969
239,157,2.620323
240,157,2.611172
241,157,2.605039
242,157,2.602115
243,157,2.602856
244,157,2.599549
245,157,2.599894
246,157,2.594466
247,157,2.592420
248,157,2.595048
249,157,2.592547
250,157,2.591736
251,157,2.592571
252,157,2.591209
253,157,2.581878
254,157,2.583833
255,157,2.577799
0,158,2.626962
1,158,2.626983
2,158,2.626793
3,158,2.626397
4,158,2.635077
5,158,2.630398
6,158,2.629386
7,158,2.632882
8,158,2.627657
9,158,2.631346
10,158,2.633458
11,158,2.627704
12,158,2.629499
13,158,2.632386
14,158,2.629998
15,158,2.631319
16,158,2.660279
17,158,2.657469
18,158,2.651771
19,158,2.660231
20,158,2.660858
21,158,2.661362
22,158,2.662738
23,158,2.659922
24,158,2.652343
25,158,2.653275
26,158,2.645452
27,158,2.652933
28,158,2.653389
29,158,2.653785
30,158,2.649378
31,158,2.648726
32,158,2.679566
33,158,2.675631
34,158,2.670823
35,158,2.670483
36,158,2.673183
37,158,2.672718
38,158,2.671392
39,158,2.674467
40,158,2.665250
41,158,2.668880
42,158,2.671044
43,158,2.665424
44,158,2.661043
45,158,2.662959
46,158,2.660946
47,158,2.660127
48,158,2.688775
49,158,2.686528
50,158,2.685431
51,158,2.675323
52,158,2.680557
53,158,2.679193
54,158,2.676571
55,158,2.674261
56,158,2.672262
57,158,2.669428
58,158,2.667635
59,158,2.668512
60,158,2.669634
61,158,2.671143
62,158,2.671818
63,158,2.673472
64,158,2.697128
65,158,2.690916
66,158,2.687469
67,158,2.684177
68,158,2.685225
69,158,2.689290
70,158,2.686548
71,158,2.686631
72,158,2.672176
73,158,2.679836
74,158,2.676788
75,158,2.680466
76,158,2.677268
77,158,2.673898
78,158,2.677471
79,158,2.673976
80,158,2.696662
81,158,2.689190
82,158,2.684754
83,158,2.681012
84,158,2.688776
85,158,2.687968
86,158,2.680172
87,158,2.686942
88,158,2.678997
89,158,2.682587
90,158,2.673689
91,158,2.677155
92,158,2.676614
93,158,2.675292
94,158,2.666894
95,158,2.677812
96,158,2.707188
97,158,2.698028
98,158,2.690813
99,158,2.695012
100,158,2.690693
101,158,2.690915
102,158,2.679550
103,158,2.687367
104,158,2.678881
105,158,2.678845
106,158,2.674899
107,158,2.682420
108,158,2.677534
109,158,2.669493
110,158,2.669122
111,158,2.668667
112,158,2.704626
113,158,2.705400
114,158,2.694543
115,158,2.694352
116,158,2.675637
117,158,2.676126
118,158,2.670763
119,158,2.676888
120,158,2.669453
121,158,2.677364
122,158,2.673646
123,158,2.669858
124,158,2.667925
125,158,2.673629
126,158,2.658071
127,158,2.665560
128,158,2.683425
129,158,2.680595
130,158,2.673847
131,158,2.674711
132,158,2.656254
133,158,2.660841
134,158,2.653797
135,158,2.654387
136,158,2.654896
137,158,2.651492
138,158,2.636457
139,158,2.644468
140,158,2.644700
141,158,2.649536
142,158,2.645778
143,158,2.641949
144,158,2.695843
145,158,2.691874
146,158,2.683989
147,158,2.679861
148,158,2.676531
149,158,2.672254
150,158,2.671837
151,158,2.675115
152,158,2.671534
153,158,2.670810
154,158,2.666149
155,158,2.665413
156,158,2.661412
157,158,2.672107
158,158,2.663287
159,158,2.669998
160,158,2.689874
161,158,2.686140
162,158,2.682355
163,158,2.679300
164,158,2.675366
165,158,2.671384
166,158,2.671955
167,158,2.671702
168,158,2.671324
169,158,2.671743
170,158,2.671216
171,158,2.669582
172,158,2.666979
173,158,2.670205
174,158,2.662463
175,158,2.665563
176,158,2.688490
177,158,2.679904
178,158,2.675706
179,158,2.670844
180,158,2.671481
181,158,2.673055
182,158,2.669682
183,158,2.667270
184,158,2.665663
185,158,2.670822
186,158,2.663273
187,158,2.662516
188,158,2.660909
189,158,2.661609
190,158,2.662573
191,158,2.660391
192,158,2.678548
193,158,2.672338
194,158,2.667231
195,158,2.665124
196,158,2.663290
197,158,2.661815
198,158,2.662862
199,158,2.663157
200,158,2.658739
201,158,2.652587
202,158,2.654573
203,158,2.651284
204,158,2.653102
205,158,2.656767
206,158,2.657027
207,158,2.650883
208,158,2.673553
209,158,2.665788
210,158,2.655523
211,158,2.656729
212,158,2.652478
213,158,2.649635
214,158,2.646700
215,158,2.645943
216,158,2.644725
217,158,2.646441
218,158,2.637301
219,158,2.642660
220,158,2.639092
221,158,2.642212
222,158,2.638408
223,158,2.637527
224,158,2.651775
225,158,2.647604
226,158,2.641387
227,158,2.637838
228,158,2.638224
229,158,2.631604
230,158,2.630631
231,158,2.632199
232,158,2.630924
233,158,2.624809
234,158,2.621970
235,158,2.620221
236,158,2.622170
237,158,2.620106
238,158,2.616469
239,158,2.612111
240,158,2.618268
241,158,2.615479
242,158,2.608652
243,158,2.600031
244,158,2.600481
245,158,2.600728
246,158,2.600765
247,158,2.594948
248,158,2.594498
249,158,2.594830
250,158,2.588122
251,158,2.586945
252,158,2.587317
253,158,2.583634
254,158,2.575820
255,158,2.577350
0,159,2.623817
1,159,2.627795
2,159,2.623852
3,159,2.632890
4,159,2.637068
5,159,2.628623
6,159,2.627696
7,159,2.634290
8,159,2.630580
9,159,2.629083
10,159,2.631271
11,159,2.625591
12,159,2.628751
13,159,2.630433
14,159,2.631965
15,159,2.633351
16,159,2.662394
17,159,2.653080
18,159,2.654022
19,159,2.654834
20,159,2.664279
21,159,2.660959
22,159,2.657519
23,159,2.662477
24,159,2.655901
25,159,2.652088
26,159,2.652017
27,159,2.655690
28,159,2.648561
29,159,2.652806
30,159,2.656146
31,159,2.652478
32,159,2.682571
33,159,2.677894
34,159,2.678508
35,159,2.669774
36,159,2.672508
37,159,2.675831
38,159,2.675312
39,159,2.673916
40,159,2.673058
41,159,2.667626
42,159,2.668683
43,159,2.657882
44,159,2.659901
45,159,2.662630
46,159,2.661165
47,159,2.666793
48,159,2.688248
49,159,2.686797
50,159,2.684487
51,159,2.678696
52,159,2.677018
53,159,2.678749
54,159,2.680772
55,159,2.674236
56,159,2.675709
57,159,2.665961
58,159,2.663407
59,159,2.668140
60,159,2.669744
61,159,2.663092
62,159,2.672264
63,159,2.669299
64,159,2.696808
65,159,2.690619
66,159,2.694876
67,159,2.692161
68,159,2.688800
69,159,2.682101
70,159,2.682436
71,159,2.687165
72,159,2.683492
73,159,2.676535
74,159,2.672707
75,159,2.677182
76,159,2.669347
77,159,2.673696
78,159,2.673414
79,159,2.673785
80,159,2.704172
81,159,2.700566
82,159,2.693082
83,159,2.684689
84,159,2.688614
85,159,2.683945
86,159,2.683867
87,159,2.679888
88,159,2.682695
89,159,2.678590
90,159,2.677388
91,159,2.673157
92,159,2.676481
93,159,2.663588
94,159,2.670611
95,159,2.669845
96,159,2.704921
97,159,2.697791
98,159,2.694356
99,159,2.690928
100,159,2.698097
101,159,2.690667
102,159,2.686982
103,159,2.683255
104,159,2.686321
105,159,2.678590
106,159,2.674632
107,159,2.678335
108,159,2.678081
109,159,2.673116
110,159,2.672703
111,159,2.676102
112,159,2.713914
113,159,2.708917
114,159,2.701921
115,159,2.694012
116,159,2.690724
117,159,2.675807
118,159,2.672376
119,159,2.676579
120,159,2.673006
121,159,2.673213
122,159,2.669498
123,159,2.669563
124,159,2.669558
125,159,2.661776
126,159,2.657776
127,159,2.661411
128,159,2.690786
129,159,2.680260
130,159,2.677365
131,159,2.670544
132,159,2.667501
133,159,2.656680
134,159,2.653492
135,159,2.657937
136,159,2.654604
137,159,2.655052
138,159,2.643871
139,159,2.640323
140,159,2.640556
141,159,2.641558
142,159,2.637796
143,159,2.641669
144,159,2.707117
145,159,2.695438
146,159,2.687521
147,159,2.680413
148,159,2.680054
149,159,2.675840
150,159,2.675330
151,159,2.670990
152,159,2.671163
153,159,2.666568
154,159,2.669738
155,159,2.668841
156,159,2.668864
157,159,2.667814
158,159,2.666874
159,159,2.665667
160,159,2.693503
161,159,2.689787
162,159,2.682136
163,159,2.679090
164,159,2.675142
165,159,2.675001
166,159,2.679429
167,159,2.675311
168,159,2.669954
169,159,2.671490
170,159,2.669020
171,159,2.667391
172,159,2.668623
173,159,2.663013
174,159,2.666020
175,159,2.669103
176,159,2.692031
177,159,2.687280
178,159,2.675376
179,159,2.678202
180,159,2.669993
181,159,2.668835
182,159,2.668171
183,159,2.666880
184,159,2.667981
185,159,2.668481
186,159,2.663639
187,159,2.662074
188,159,2.660917
189,159,2.659212
190,159,2.665952
191,159,2.654109
192,159,2.679969
193,159,2.668754
194,159,2.674396
195,159,2.664928
196,159,2.670417
197,159,2.661230
198,159,2.663050
199,159,2.660604
200,159,2.658379
201,159,2.658503
202,159,2.657745
203,159,2.655229
204,159,2.650446
205,159,2.649649
206,159,2.647427
207,159,2.648163
208,159,2.672095
209,159,2.669606
210,159,2.662490
211,159,2.655140
212,159,2.652371
213,159,2.652615
214,159,2.648822
215,159,2.649608
216,159,2.645634
217,159,2.646205
218,159,2.641995
219,159,2.641485
220,159,2.643652
221,159,2.638005
222,159,2.632393
223,159,2.636133
224,159,2.651315
225,159,2.649946
226,159,2.641749
227,159,2.636434
228,159,2.636512
229,159,2.633685
230,159,2.636504
231,159,2.631480
232,159,2.628946
233,159,2.622744
234,159,2.628813
235,159,2.623171
236,159,2.623724
237,159,2.617730
238,159,2.619276
239,159,2.615334
240,159,2.615606
241,159,2.608876
242,159,2.609664
243,159,2.606406
244,159,2.595500
245,159,2.601426
246,159,2.603285
247,159,2.597218
248,159,2.589067
249,159,2.590194
250,159,2.587224
251,159,2.587854
252,159,2.585346
253,159,2.579452
254,159,2.575352
255,159,2.572885
0,160,2.579056
1,160,2.575430
2,160,2.580987
3,160,2.584594
4,160,2.587998
5,160,2.575793
6,160,2.578807
7,160,2.583124
8,160,2.589588
9,160,2.584318
10,160,2.590437
11,160,2.586177
12,160,2.584232
13,160,2.582132
14,160,2.579880
15,160,2.585186
16,160,2.615496
17,160,2.612782
18,160,2.613785
19,160,2.611899
20,160,2.620320
21,160,2.601644
22,160,2.602109
23,160,2.607299
24,160,2.608332
25,160,2.600715
26,160,2.612249
27,160,2.609159
28,160,2.612749
29,160,2.604676
30,160,2.609707
31,160,2.605263
32,160,2.631543
33,160,2.631522
34,160,2.626770
35,160,2.630444
36,160,2.626214
37,160,2.628876
38,160,2.619891
39,160,2.616134
40,160,2.618520
41,160,2.620824
42,160,2.619789
43,160,2.615016
44,160,2.617624
45,160,2.615723
46,160,2.617599
47,160,2.616865
48,160,2.637840
49,160,2.636104
50,160,2.634608
51,160,2.636087
52,160,2.630224
53,160,2.624649
54,160,2.626309
55,160,2.623630
56,160,2.629396
57,160,2.623093
58,160,2.624053
59,160,2.622237
60,160,2.623055
61,160,2.621070
62,160,2.625601
63,160,2.618511
64,160,2.650961
65,160,2.651439
66,160,2.641347
67,160,2.637838
68,160,2.642998
69,160,2.627798
70,160,2.632801
71,160,2.625175
72,160,2.633059
73,160,2.629971
74,160,2.626141
75,160,2.626779
76,160,2.627468
77,160,2.627158
78,160,2.627696
79,160,2.623405
80,160,2.654614
81,160,2.646341
82,160,2.642725
83,160,2.638176
84,160,2.634410
85,160,2.630566
86,160,2.625815
87,160,2.625698
88,160,2.628497
89,160,2.624347
90,160,2.627889
91,160,2.622742
92,160,2.622304
93,160,2.625555
94,160,2.627991
95,160,2.615675
96,160,2.655235
97,160,2.643422
98,160,2.643933
99,160,2.640443
100,160,2.636100
101,160,2.636336
102,160,2.636545
103,160,2.628967
104,160,2.628157
105,160,2.628133
106,160,2.628051
107,160,2.627877
108,160,2.627621
109,160,2.618781
110,160,2.614543
111,160,2.621797
112,160,2.649893
113,160,2.646831
114,160,2.651402
115,160,2.631932
116,160,2.628651
117,160,2.629150
118,160,2.621872
119,160,2.622227
120,160,2.622510
121,160,2.618872
122,160,2.619011
123,160,2.615226
124,160,2.611369
125,160,2.599735
126,160,2.603439
127,160,2.607072
128,160,2.647955
129,160,2.645145
130,160,2.626856
131,160,2.631597
132,160,2.617000
133,160,2.602329
134,160,2.602997
135,160,2.597822
136,160,2.600269
137,160,2.596864
138,160,2.608799
139,160,2.601398
140,160,2.601630
141,160,2.606506
142,160,2.602741
143,160,2.596978
144,160,2.648936
145,160,2.648810
146,160,2.644755
147,160,2.641520
148,160,2.637306
149,160,2.633010
150,160,2.624871
151,160,2.624276
152,160,2.628424
153,160,2.627676
154,160,2.626845
155,160,2.626087
156,160,2.614397
157,160,2.605805
158,160,2.608516
159,160,2.611995
160,160,2.648899
161,160,2.639390
162,160,2.636422
163,160,2.632542
164,160,2.628604
165,160,2.633120
166,160,2.625204
167,160,2.624876
168,160,2.629156
169,160,2.628752
170,160,2.625172
171,160,2.626568
172,160,2.612371
173,160,2.608692
174,160,2.603974
175,160,2.611724
176,160,2.637675
177,160,2.637588
178,160,2.630635
179,160,2.624637
180,160,2.621379
181,160,2.622128
182,160,2.617609
183,160,2.616298
184,160,2.615469
185,160,2.616772
186,160,2.620732
187,160,2.619969
188,160,2.596792
189,160,2.601667
190,160,2.599507
191,160,2.598459
192,160,2.623093
193,160,2.619971
194,160,2.612926
195,160,2.610329
196,160,2.614690
197,160,2.609978
198,160,2.612256
199,160,2.610105
200,160,2.611395
201,160,2.613436
202,160,2.610996
203,160,2.608188
204,160,2.588204
205,160,2.591829
206,160,2.588763
207,160,2.589658
208,160,2.614209
209,160,2.606340
210,160,2.603732
211,160,2.601035
212,160,2.597512
213,160,2.597629
214,160,2.593860
215,160,2.590753
216,160,2.587549
217,160,2.590265
218,160,2.590691
219,160,2.591013
220,160,2.571055
221,160,2.577994
222,160,2.574114
223,160,2.572990
224,160,2.595827
225,160,2.585795
226,160,2.581421
227,160,2.580747
228,160,2.576092
229,160,2.574011
230,160,2.574841
231,160,2.571679
232,160,2.573273
233,160,2.570476
234,160,2.572622
235,160,2.572686
236,160,2.559106
237,160,2.553587
238,160,2.558905
239,160,2.554417
240,160,2.551170
241,160,2.544351
242,160,2.541194
243,160,2.537840
244,160,2.534283
245,160,2.532635
246,160,2.528609
247,160,2.528211
248,160,2.531435
249,160,2.522854
250,160,2.523614
251,160,2.522190
252,160,2.508942
253,160,2.506977
254,160,2.498650
255,160,2.499894
0,161,2.571800
1,161,2.573900
2,161,2.581674
3,161,2.577676
4,161,2.581177
5,161,2.584477
6,161,2.577572
7,161,2.584303
8,161,2.583146
9,161,2.589517
10,161,2.584158
11,161,2.587699
12,161,2.581976
13,161,2.583800
14,161,2.585471
15,161,2.585239
16,161,2.613553
17,161,2.614755
18,161,2.615820
19,161,2.610156
20,161,2.610928
21,161,2.615426
22,161,2.605417
23,161,2.601938
24,161,2.602193
25,161,2.607032
26,161,2.607987
27,161,2.604025
28,161,2.603808
29,161,2.612052
30,161,2.607751
31,161,2.604186
32,161,2.627450
33,161,2.626683
34,161,2.629674
35,161,2.629453
36,161,2.629218
37,161,2.620356
38,161,2.619788
39,161,2.618439
40,161,2.621496
41,161,2.624641
42,161,2.623023
43,161,2.614204
44,161,2.620115
45,161,2.615214
46,161,2.617652
47,161,2.615609
48,161,2.637936
49,161,2.631877
50,161,2.633450
51,161,2.631554
52,161,2.629941
53,161,2.627859
54,161,2.625268
55,161,2.623829
56,161,2.621088
57,161,2.619105
58,161,2.620436
59,161,2.621335
60,161,2.623320
61,161,2.624077
62,161,2.621213
63,161,2.630364
64,161,2.642745
65,161,2.644053
66,161,2.640860
67,161,2.638181
68,161,2.634826
69,161,2.631182
70,161,2.628500
71,161,2.624723
72,161,2.625738
73,161,2.629536
74,161,2.626543
75,161,2.634063
76,161,2.627064
77,161,2.622896
78,161,2.615745
79,161,2.619152
80,161,2.650378
81,161,2.642097
82,161,2.642349
83,161,2.638643
84,161,2.634039
85,161,2.630205
86,161,2.625448
87,161,2.625315
88,161,2.625141
89,161,2.631701
90,161,2.631399
91,161,2.626243
92,161,2.618108
93,161,2.625221
94,161,2.619820
95,161,2.623044
96,161,2.647102
97,161,2.646737
98,161,2.639559
99,161,2.640004
100,161,2.632605
101,161,2.635880
102,161,2.628355
103,161,2.632350
104,161,2.632408
105,161,2.627667
106,161,2.631428
107,161,2.623582
108,161,2.623338
109,161,2.625984
110,161,2.621773
111,161,2.621316
112,161,2.649336
113,161,2.650136
114,161,2.643169
115,161,2.636115
116,161,2.624252
117,161,2.620914
118,161,2.617494
119,161,2.617854
120,161,2.618146
121,161,2.618361
122,161,2.618505
123,161,2.618574
124,161,2.607013
125,161,2.603084
126,161,2.606788
127,161,2.606565
128,161,2.639692
129,161,2.636893
130,161,2.622456
131,161,2.623365
132,161,2.616478
133,161,2.609516
134,161,2.602492
135,161,2.599235
136,161,2.599766
137,161,2.600215
138,161,2.608296
139,161,2.604752
140,161,2.602011
141,161,2.606021
142,161,2.598403
143,161,2.606121
144,161,2.644590
145,161,2.644456
146,161,2.640411
147,161,2.637141
148,161,2.629059
149,161,2.624828
150,161,2.620446
151,161,2.620816
152,161,2.623987
153,161,2.627073
154,161,2.626370
155,161,2.622471
156,161,2.613933
157,161,2.609003
158,161,2.607840
159,161,2.611532
160,161,2.650421
161,161,2.638961
162,161,2.632162
163,161,2.632121
164,161,2.624319
165,161,2.623061
166,161,2.620912
167,161,2.617573
168,161,2.621077
169,161,2.626361
170,161,2.632519
171,161,2.624166
172,161,2.608876
173,161,2.608204
174,161,2.607319
175,161,2.611221
176,161,2.641004
177,161,2.633215
178,161,2.628166
179,161,2.624098
180,161,2.618890
181,161,2.614688
182,161,2.609319
183,161,2.616539
184,161,2.614860
185,161,2.621942
186,161,2.620097
187,161,2.615480
188,161,2.595045
189,161,2.601001
190,161,2.599656
191,161,2.601613
192,161,2.623209
193,161,2.621164
194,161,2.607904
195,161,2.614255
196,161,2.603818
197,161,2.610013
198,161,2.604083
199,161,2.609272
200,161,2.607526
201,161,2.608168
202,161,2.610107
203,161,2.611391
204,161,2.589192
205,161,2.590264
206,161,2.587999
207,161,2.591429
208,161,2.612520
209,161,2.608057
210,161,2.604726
211,161,2.599211
212,161,2.592535
213,161,2.588853
214,161,2.585823
215,161,2.589541
216,161,2.589338
217,161,2.597550
218,161,2.593226
219,161,2.589650
220,161,2.573539
221,161,2.576504
222,161,2.572576
223,161,2.568532
224,161,2.594171
225,161,2.590909
226,161,2.578772
227,161,2.578889
228,161,2.568395
229,161,2.573179
230,161,2.567002
231,161,2.564802
232,161,2.565281
233,161,2.573317
234,161,2.574102
235,161,2.572165
236,161,2.558508
237,161,2.554817
238,161,2.552347
239,161,2.553553
240,161,2.546872
241,161,2.541337
242,161,2.538086
243,161,2.536561
244,161,2.532904
245,161,2.529199
246,161,2.521212
247,161,2.524555
248,161,2.521884
249,161,2.524749
250,161,2.523420
251,161,2.521867
252,161,2.504632
253,161,2.506380
254,161,2.500132
255,161,2.493188
0,162,2.572105
1,162,2.578194
2,162,2.574516
3,162,2.582179
4,162,2.578073
5,162,2.585322
6,162,2.586238
7,162,2.585353
8,162,2.580430
9,162,2.579179
10,162,2.586876
11,162,2.581393
12,162,2.583452
13,162,2.585350
14,162,2.585410
15,162,2.590820
16,162,2.615348
17,162,2.612762
18,162,2.618897
19,162,2.604450
20,162,2.609134
21,162,2.609835
22,162,2.611455
23,162,2.604177
24,162,2.608337
25,162,2.610360
26,162,2.602705
27,162,2.602643
28,162,2.603367
29,162,2.603067
30,162,2.602662
31,162,2.602983
32,162,2.630180
33,162,2.633305
34,162,2.625541
35,162,2.624603
36,162,2.623573
37,162,2.627010
38,162,2.618925
39,162,2.622128
40,162,2.620707
41,162,2.615349
42,162,2.622925
43,162,2.613533
44,162,2.612343
45,162,2.614333
46,162,2.609384
47,162,2.615599
48,162,2.632755
49,162,2.642624
50,162,2.633491
51,162,2.634999
52,162,2.629178
53,162,2.631373
54,162,2.629219
55,162,2.626564
56,162,2.621220
57,162,2.622269
58,162,2.623608
59,162,2.613798
60,162,2.618817
61,162,2.615722
62,162,2.617264
63,162,2.622035
64,162,2.650408
65,162,2.647307
66,162,2.636165
67,162,2.633751
68,162,2.634032
69,162,2.639163
70,162,2.635457
71,162,2.632724
72,162,2.625032
73,162,2.625996
74,162,2.626019
75,162,2.626687
76,162,2.618847
77,162,2.623240
78,162,2.619097
79,162,2.623363
80,162,2.649886
81,162,2.646320
82,162,2.634159
83,162,2.630466
84,162,2.633561
85,162,2.629740
86,162,2.624974
87,162,2.628706
88,162,2.624689
89,162,2.623535
90,162,2.627030
91,162,2.622816
92,162,2.621418
93,162,2.624780
94,162,2.619367
95,162,2.622468
96,162,2.650313
97,162,2.647074
98,162,2.638927
99,162,2.643241
100,162,2.635913
101,162,2.631419
102,162,2.627792
103,162,2.631769
104,162,2.627990
105,162,2.627084
106,162,2.623159
107,162,2.622997
108,162,2.618898
109,162,2.618630
110,162,2.613477
111,162,2.620734
112,162,2.648669
113,162,2.649478
114,162,2.634815
115,162,2.635474
116,162,2.619754
117,162,2.620266
118,162,2.616860
119,162,2.613378
120,162,2.617521
121,162,2.617743
122,162,2.614035
123,162,2.614108
124,162,2.614106
125,162,2.602472
126,162,2.602321
127,162,2.609803
128,162,2.639024
129,162,2.632383
130,162,2.625669
131,162,2.611156
132,162,2.611993
133,162,2.612753
134,162,2.601867
135,162,2.602475
136,162,2.606851
137,162,2.607308
138,162,2.607690
139,162,2.600286
140,162,2.601422
141,162,2.601577
142,162,2.597808
143,162,2.601670
144,162,2.647838
145,162,2.643848
146,162,2.640667
147,162,2.632709
148,162,2.628477
149,162,2.624161
150,162,2.623711
151,162,2.620139
152,162,2.619438
153,162,2.626495
154,162,2.617934
155,162,2.618052
156,162,2.617040
157,162,2.615941
158,162,2.604298
159,162,2.606893
160,162,2.646031
161,162,2.638437
162,162,2.631646
163,162,2.627753
164,162,2.618880
165,162,2.620639
166,162,2.624216
167,162,2.624736
168,162,2.620520
169,162,2.623861
170,162,2.624246
171,162,2.615876
172,162,2.619853
173,162,2.621091
174,162,2.619132
175,162,2.614461
176,162,2.633534
177,162,2.630659
178,162,2.624530
179,162,2.627302
180,162,2.611379
181,162,2.621723
182,162,2.613343
183,162,2.615568
184,162,2.615006
185,162,2.620918
186,162,2.618290
187,162,2.612473
188,162,2.605850
189,162,2.607566
190,162,2.600798
191,162,2.601275
192,162,2.624316
193,162,2.616908
194,162,2.614753
195,162,2.609540
196,162,2.603788
197,162,2.612963
198,162,2.610872
199,162,2.607265
200,162,2.606037
201,162,2.602264
202,162,2.605551
203,162,2.598811
204,162,2.596109
205,162,2.595839
206,162,2.583058
207,162,2.591596
208,162,2.612248
209,162,2.609000
210,162,2.601614
211,162,2.596938
212,162,2.591415
213,162,2.592314
214,162,2.593367
215,162,2.584420
216,162,2.585007
217,162,2.588481
218,162,2.587953
219,162,2.583442
220,162,2.583564
221,162,2.575870
222,162,2.567077
223,162,2.566835
224,162,2.588690
225,162,2.581363
226,162,2.578801
227,162,2.578038
228,162,2.572142
229,162,2.567232
230,162,2.569889
231,162,2.564465
232,162,2.564875
233,162,2.567061
234,162,2.563900
235,162,2.569593
236,162,2.563564
237,162,2.565072
238,162,2.553364
239,162,2.554484
240,162,2.551566
241,162,2.544606
242,162,2.534840
243,162,2.531289
244,162,2.531382
245,162,2.523553
246,162,2.525226
247,162,2.514970
248,162,2.519886
249,162,2.524555
250,162,2.511510
251,162,2.513677
252,162,2.517495
253,162,2.513321
254,162,2.497293
255,162,2.490160
0,163,2.580937
1,163,2.583306
2,163,2.575879
3,163,2.578837
4,163,2.574832
5,163,2.579960
6,163,2.579360
7,163,2.586272
8,163,2.581437
9,163,2.587978
10,163,2.580366
11,163,2.582669
12,163,2.581871
13,163,2.583841
14,163,2.586950
15,163,2.580872
16,163,2.605467
17,163,2.606800
18,163,2.605311
19,163,2.606336
20,163,2.603374
21,163,2.612925
22,163,2.609679
23,163,2.610160
24,163,2.611526
25,163,2.604037
26,163,2.605023
27,163,2.605940
28,163,2.605794
29,163,2.601686
30,163,2.602186
31,163,2.609406
32,163,2.628083
33,163,2.624340
34,163,2.624409
35,163,2.623509
36,163,2.615545
37,163,2.618293
38,163,2.625499
39,163,2.621213
40,163,2.619825
41,163,2.618990
42,163,2.613563
43,163,2.612508
44,163,2.611618
45,163,2.613636
46,163,2.612273
47,163,2.610265
48,163,2.640386
49,163,2.630506
50,163,2.628742
51,163,2.627269
52,163,2.621007
53,163,2.622818
54,163,2.624105
55,163,2.626595
56,163,2.623877
57,163,2.617616
58,163,2.619467
59,163,2.620735
60,163,2.621574
61,163,2.615829
62,163,2.624231
63,163,2.622170
64,163,2.649695
65,163,2.638892
66,163,2.640179
67,163,2.633064
68,163,2.630362
69,163,2.623085
70,163,2.634787
71,163,2.628223
72,163,2.628232
73,163,2.625364
74,163,2.625240
75,163,2.626069
76,163,2.625931
77,163,2.618781
78,163,2.622339
79,163,2.626619
80,163,2.645432
81,163,2.638026
82,163,2.637418
83,163,2.637617
84,163,2.630014
85,163,2.621460
86,163,2.632993
87,163,2.624281
88,163,2.624090
89,163,2.619110
90,163,2.630324
91,163,2.622266
92,163,2.624709
93,163,2.624124
94,163,2.619718
95,163,2.621912
96,163,2.645705
97,163,2.646337
98,163,2.642120
99,163,2.634807
100,163,2.627496
101,163,2.626892
102,163,2.634792
103,163,2.631096
104,163,2.627317
105,163,2.622543
106,163,2.622464
107,163,2.626153
108,163,2.618248
109,163,2.617931
110,163,2.624340
111,163,2.620041
112,163,2.640169
113,163,2.633297
114,163,2.634053
115,163,2.619310
116,163,2.622839
117,163,2.623367
118,163,2.623819
119,163,2.620342
120,163,2.620642
121,163,2.620863
122,163,2.613308
123,163,2.609530
124,163,2.613382
125,163,2.609453
126,163,2.601596
127,163,2.609076
128,163,2.638243
129,163,2.635465
130,163,2.628752
131,163,2.618113
132,163,2.615102
133,163,2.604307
134,163,2.604993
135,163,2.601740
136,163,2.606127
137,163,2.606585
138,163,2.603114
139,163,2.599567
140,163,2.600723
141,163,2.600875
142,163,2.600955
143,163,2.600959
144,163,2.643269
145,163,2.635420
146,163,2.624568
147,163,2.631961
148,163,2.620078
149,163,2.619612
150,163,2.619062
151,163,2.623311
152,163,2.618754
153,163,2.621816
154,163,2.628798
155,163,2.617211
156,163,2.608473
157,163,2.607545
158,163,2.607271
159,163,2.609844
160,163,2.637703
161,163,2.627152
162,163,2.629096
163,163,2.621335
164,163,2.618248
165,163,2.619995
166,163,2.623556
167,163,2.618370
168,163,2.619852
169,163,2.620220
170,163,2.619715
171,163,2.619927
172,163,2.615440
173,163,2.614602
174,163,2.618424
175,163,2.617589
176,163,2.625104
177,163,2.626064
178,163,2.623787
179,163,2.618835
180,163,2.606764
181,163,2.612980
182,163,2.608705
183,163,2.614757
184,163,2.618049
185,163,2.616228
186,163,2.619378
187,163,2.614419
188,163,2.601130
189,163,2.601776
190,163,2.605677
191,163,2.596514
192,163,2.616561
193,163,2.612110
194,163,2.606961
195,163,2.604250
196,163,2.606650
197,163,2.604633
198,163,2.611765
199,163,2.607626
200,163,2.605845
201,163,2.610248
202,163,2.612150
203,163,2.605674
204,163,2.591988
205,163,2.590815
206,163,2.587876
207,163,2.587408
208,163,2.598760
209,163,2.598100
210,163,2.596626
211,163,2.591914
212,163,2.590064
213,163,2.592084
214,163,2.583216
215,163,2.583051
216,163,2.585521
217,163,2.594689
218,163,2.586420
219,163,2.586627
220,163,2.570366
221,163,2.572254
222,163,2.571184
223,163,2.567962
224,163,2.586809
225,163,2.580489
226,163,2.576790
227,163,2.568262
228,163,2.567305
229,163,2.572725
230,163,2.568600
231,163,2.561412
232,163,2.566273
233,163,2.568387
234,163,2.570344
235,163,2.568821
236,163,2.553080
237,163,2.554505
238,163,2.550396
239,163,2.555280
240,163,2.544566
241,163,2.539437
242,163,2.532439
243,163,2.528791
244,163,2.527788
245,163,2.519851
246,163,2.513678
247,163,2.516790
248,163,2.515806
249,163,2.518423
250,163,2.516927
251,163,2.511101
252,163,2.503220
253,163,2.498024
254,163,2.499189
255,163,2.493798
0,164,2.580968
1,164,2.579627
2,164,2.580015
3,164,2.580180
4,164,2.576274
5,164,2.577668
6,164,2.581013
7,164,2.584161
8,164,2.583266
9,164,2.582185
10,164,2.586233
11,164,2.588614
12,164,2.583120
13,164,2.581314
14,164,2.580663
15,164,2.578509
16,164,2.610879
17,164,2.609645
18,164,2.607019
19,164,2.608107
20,164,2.609059
21,164,2.607127
22,164,2.603938
23,164,2.604475
24,164,2.602056
25,164,2.602325
26,164,2.598624
27,164,2.604361
28,164,2.604262
29,164,2.604053
30,164,2.604611
31,164,2.600316
32,164,2.627569
33,164,2.623050
34,164,2.622285
35,164,2.619229
36,164,2.618253
37,164,2.624890
38,164,2.616730
39,164,2.619316
40,164,2.614774
41,164,2.618055
42,164,2.612658
43,164,2.607789
44,164,2.606063
45,164,2.613422
46,164,2.611519
47,164,2.610080
48,164,2.631122
49,164,2.634217
50,164,2.631977
51,164,2.621957
52,164,2.631589
53,164,2.626147
54,164,2.624032
55,164,2.625255
56,164,2.623839
57,164,2.621058
58,164,2.614725
59,164,2.616532
60,164,2.613876
61,164,2.622357
62,164,2.616561
63,164,2.613342
64,164,2.645016
65,164,2.638692
66,164,2.631671
67,164,2.636767
68,164,2.629582
69,164,2.633649
70,164,2.627194
71,164,2.631314
72,164,2.624511
73,164,2.620766
74,164,2.621537
75,164,2.621485
76,164,2.616346
77,164,2.618062
78,164,2.622522
79,164,2.618205
80,164,2.649479
81,164,2.641178
82,164,2.637623
83,164,2.629219
84,164,2.629334
85,164,2.624625
86,164,2.620758
87,164,2.627449
88,164,2.627271
89,164,2.630910
90,164,2.625798
91,164,2.621527
92,164,2.620181
93,164,2.619606
94,164,2.619062
95,164,2.621243
96,164,2.644947
97,164,2.641631
98,164,2.633556
99,164,2.630185
100,164,2.634374
101,164,2.638553
102,164,2.630152
103,164,2.626437
104,164,2.626525
105,164,2.626529
106,164,2.621674
107,164,2.621524
108,164,2.617436
109,164,2.621029
110,164,2.615825
111,164,2.619225
112,164,2.643127
113,164,2.636265
114,164,2.625471
115,164,2.622306
116,164,2.619064
117,164,2.622501
118,164,2.622958
119,164,2.615633
120,164,2.615938
121,164,2.616167
122,164,2.616319
123,164,2.616396
124,164,2.612543
125,164,2.608615
126,164,2.608463
127,164,2.604382
128,164,2.637349
129,164,2.630728
130,164,2.620179
131,164,2.609544
132,164,2.614243
133,164,2.607305
134,164,2.596436
135,164,2.600901
136,164,2.601436
137,164,2.605746
138,164,2.602275
139,164,2.607383
140,164,2.603758
141,164,2.607764
142,164,2.603987
143,164,2.607841
144,164,2.642440
145,164,2.634584
146,164,2.631425
147,164,2.631157
148,164,2.626905
149,164,2.618717
150,164,2.611486
151,164,2.618553
152,164,2.621682
153,164,2.617160
154,164,2.613367
155,164,2.616253
156,164,2.603822
157,164,2.602694
158,164,2.610127
159,164,2.609047
160,164,2.633113
161,164,2.630277
162,164,2.624504
163,164,2.622508
164,164,2.613680
165,164,2.615383
166,164,2.608293
167,164,2.615678
168,164,2.615216
169,164,2.617516
170,164,2.622775
171,164,2.619138
172,164,2.612709
173,164,2.616618
174,164,2.613749
175,164,2.615735
176,164,2.635824
177,164,2.626118
178,164,2.622930
179,164,2.618637
180,164,2.613591
181,164,2.612986
182,164,2.611657
183,164,2.607033
184,164,2.609417
185,164,2.620035
186,164,2.614242
187,164,2.609606
188,164,2.600692
189,164,2.602711
190,164,2.601325
191,164,2.603194
192,164,2.613186
193,164,2.615807
194,164,2.603518
195,164,2.607909
196,164,2.605966
197,164,2.607365
198,164,2.605227
199,164,2.603513
200,164,2.607973
201,164,2.609943
202,164,2.603544
203,164,2.604429
204,164,2.593964
205,164,2.589798
206,164,2.589401
207,164,2.589257
208,164,2.606008
209,164,2.598838
210,164,2.594201
211,164,2.591651
212,164,2.596441
213,164,2.588778
214,164,2.585648
215,164,2.587274
216,164,2.592711
217,164,2.591181
218,164,2.588633
219,164,2.588793
220,164,2.573430
221,164,2.571444
222,164,2.575091
223,164,2.574765
224,164,2.588666
225,164,2.582289
226,164,2.580442
227,164,2.577632
228,164,2.568908
229,164,2.569436
230,164,2.568105
231,164,2.560849
232,164,2.563693
233,164,2.561880
234,164,2.561835
235,164,2.564066
236,164,2.546317
237,164,2.551511
238,164,2.554600
239,164,2.550160
240,164,2.545132
241,164,2.541834
242,164,2.528931
243,164,2.529033
244,164,2.528918
245,164,2.522801
246,164,2.518419
247,164,2.513711
248,164,2.516462
249,164,2.511251
250,164,2.513481
251,164,2.509419
252,164,2.507180
253,164,2.500792
254,164,2.494098
255,164,2.488508
0,165,2.576993
1,165,2.568091
2,165,2.576298
3,165,2.572719
4,165,2.580478
5,165,2.581998
6,165,2.581588
7,165,2.584831
8,165,2.580175
9,165,2.583035
10,165,2.583338
11,165,2.585802
12,165,2.580389
13,165,2.587733
14,165,2.578104
15,165,2.583729
16,165,2.608464
17,165,2.607316
18,165,2.608609
19,165,2.602056
20,165,2.608067
21,165,2.608920
22,165,2.605789
23,165,2.607443
24,165,2.600181
25,165,2.604356
26,165,2.605541
27,165,2.609457
28,165,2.602624
29,165,2.603371
30,165,2.599225
31,165,2.602680
32,165,2.626135
33,165,2.617805
34,165,2.620933
35,165,2.617035
36,165,2.620861
37,165,2.616711
38,165,2.611716
39,165,2.614335
40,165,2.617543
41,165,2.608410
42,165,2.612296
43,165,2.614534
44,165,2.613439
45,165,2.607791
46,165,2.602629
47,165,2.616974
48,165,2.634189
49,165,2.624875
50,165,2.622658
51,165,2.625608
52,165,2.627082
53,165,2.625081
54,165,2.626394
55,165,2.621258
56,165,2.614711
57,165,2.623896
58,165,2.614251
59,165,2.619403
60,165,2.616408
61,165,2.622292
62,165,2.623005
63,165,2.616249
64,165,2.640844
65,165,2.637771
66,165,2.631665
67,165,2.624311
68,165,2.628685
69,165,2.633666
70,165,2.630170
71,165,2.623458
72,165,2.619799
73,165,2.623757
74,165,2.616840
75,165,2.616785
76,165,2.625148
77,165,2.617227
78,165,2.617754
79,165,2.625086
80,165,2.644819
81,165,2.632656
82,165,2.632970
83,165,2.628412
84,165,2.628539
85,165,2.623821
86,165,2.627672
87,165,2.623739
88,165,2.618776
89,165,2.618574
90,165,2.625009
91,165,2.624602
92,165,2.616492
93,165,2.626531
94,165,2.618175
95,165,2.621419
96,165,2.640107
97,165,2.633056
98,165,2.637389
99,165,2.629224
100,165,2.633491
101,165,2.629917
102,165,2.629215
103,165,2.629388
104,165,2.621771
105,165,2.621780
106,165,2.624602
107,165,2.620597
108,165,2.616554
109,165,2.620099
110,165,2.618736
111,165,2.618301
112,165,2.645951
113,165,2.635247
114,165,2.636036
115,165,2.632879
116,165,2.629645
117,165,2.621507
118,165,2.614274
119,165,2.618513
120,165,2.611117
121,165,2.615202
122,165,2.615360
123,165,2.615439
124,165,2.611588
125,165,2.611511
126,165,2.611359
127,165,2.611128
128,165,2.632481
129,165,2.629724
130,165,2.623028
131,165,2.616269
132,165,2.609413
133,165,2.602478
134,165,2.603183
135,165,2.607649
136,165,2.600479
137,165,2.600938
138,165,2.605178
139,165,2.606454
140,165,2.606680
141,165,2.606830
142,165,2.606903
143,165,2.606899
144,165,2.641493
145,165,2.629783
146,165,2.626653
147,165,2.622470
148,165,2.622129
149,165,2.621643
150,165,2.618184
151,165,2.613790
152,165,2.609208
153,165,2.616099
154,165,2.620015
155,165,2.611492
156,165,2.618136
157,165,2.614098
158,165,2.613073
159,165,2.617541
160,165,2.637067
161,165,2.629426
162,165,2.623647
163,165,2.614881
164,165,2.614747
165,165,2.614507
166,165,2.611277
167,165,2.610942
168,165,2.615259
169,165,2.620474
170,165,2.618012
171,165,2.622085
172,165,2.625272
173,165,2.625331
174,165,2.628220
175,165,2.624433
176,165,2.631015
177,165,2.626885
178,165,2.621955
179,165,2.619587
180,165,2.610669
181,165,2.611989
182,165,2.610638
183,165,2.609863
184,165,2.605142
185,165,2.617059
186,165,2.617946
187,165,2.612381
188,165,2.611166
189,165,2.617938
190,165,2.607912
191,165,2.606419
192,165,2.615884
193,165,2.618059
194,165,2.609031
195,165,2.606236
196,165,2.612460
197,165,2.602692
198,165,2.607823
199,165,2.601708
200,165,2.603745
201,165,2.608053
202,165,2.604137
203,165,2.599530
204,165,2.603140
205,165,2.605087
206,165,2.602732
207,165,2.599605
208,165,2.604763
209,165,2.597337
210,165,2.593864
211,165,2.594876
212,165,2.591155
213,165,2.595809
214,165,2.587031
215,165,2.583760
216,165,2.585287
217,165,2.591418
218,165,2.587809
219,165,2.586995
220,165,2.578334
221,165,2.586848
222,165,2.584663
223,165,2.584283
224,165,2.586554
225,165,2.578193
226,165,2.571628
227,165,2.571471
228,165,2.571339
229,165,2.564335
230,165,2.567486
231,165,2.560160
232,165,2.558460
233,165,2.562950
234,165,2.564754
235,165,2.560612
236,165,2.558683
237,165,2.563792
238,165,2.561013
239,165,2.564164
240,165,2.537850
241,165,2.534453
242,165,2.530852
243,165,2.527199
244,165,2.521196
245,165,2.520745
246,165,2.518143
247,165,2.513313
248,165,2.508232
249,165,2.510596
250,165,2.508838
251,165,2.506528
252,165,2.511848
253,165,2.507234
254,165,2.508088
255,165,2.500368
0,166,2.581603
1,166,2.576695
2,166,2.580136
3,166,2.580521
4,166,2.576828
5,166,2.576772
6,166,2.578168
7,166,2.581508
8,166,2.584651
9,166,2.583750
10,166,2.580310
11,166,2.579005
12,166,2.581380
13,166,2.584971
14,166,2.575419
15,166,2.581118
16,166,2.605925
17,166,2.604864
18,166,2.606225
19,166,2.603590
20,166,2.601976
21,166,2.602890
22,166,2.603670
23,166,2.609251
24,166,2.598191
25,166,2.606273
26,166,2.595967
27,166,2.603787
28,166,2.603786
29,166,2.596890
30,166,2.601438
31,166,2.604937
32,166,2.624595
33,166,2.620160
34,166,2.624138
35,166,2.615629
36,166,2.614730
37,166,2.618335
38,166,2.614306
39,166,2.613813
40,166,2.620213
41,166,2.611779
42,166,2.606427
43,166,2.604843
44,166,2.608567
45,166,2.610653
46,166,2.605529
47,166,2.611290
48,166,2.632925
49,166,2.624029
50,166,2.622344
51,166,2.623914
52,166,2.622031
53,166,2.624364
54,166,2.626142
55,166,2.627390
56,166,2.614495
57,166,2.619442
58,166,2.609289
59,166,2.623716
60,166,2.620092
61,166,2.617032
62,166,2.614229
63,166,2.619968
64,166,2.635949
65,166,2.633811
66,166,2.634239
67,166,2.627148
68,166,2.632223
69,166,2.624965
70,166,2.625322
71,166,2.618629
72,166,2.618822
73,166,2.623553
74,166,2.615878
75,166,2.620618
76,166,2.616494
77,166,2.621075
78,166,2.616817
79,166,2.613536
80,166,2.643894
81,166,2.628823
82,166,2.628199
83,166,2.624591
84,166,2.623772
85,166,2.616156
86,166,2.619050
87,166,2.622842
88,166,2.617869
89,166,2.625383
90,166,2.621221
91,166,2.619853
92,166,2.623225
93,166,2.617925
94,166,2.621137
95,166,2.616557
96,166,2.642850
97,166,2.635818
98,166,2.628700
99,166,2.631995
100,166,2.628573
101,166,2.632771
102,166,2.628193
103,166,2.632197
104,166,2.628448
105,166,2.628466
106,166,2.619721
107,166,2.615730
108,166,2.623212
109,166,2.622903
110,166,2.618727
111,166,2.613403
112,166,2.640947
113,166,2.634122
114,166,2.634907
115,166,2.631773
116,166,2.632400
117,166,2.616549
118,166,2.620872
119,166,2.617418
120,166,2.621586
121,166,2.621826
122,166,2.618132
123,166,2.610509
124,166,2.606658
125,166,2.614289
126,166,2.610282
127,166,2.610049
128,166,2.627491
129,166,2.624747
130,166,2.633479
131,166,2.619003
132,166,2.616020
133,166,2.609103
134,166,2.602092
135,166,2.602719
136,166,2.599403
137,166,2.599869
138,166,2.596396
139,166,2.593848
140,166,2.605630
141,166,2.601925
142,166,2.601993
143,166,2.601984
144,166,2.632719
145,166,2.629680
146,166,2.625615
147,166,2.621430
148,166,2.617158
149,166,2.616654
150,166,2.613306
151,166,2.620350
152,166,2.611896
153,166,2.622764
154,166,2.615140
155,166,2.617998
156,166,2.613062
157,166,2.609227
158,166,2.607981
159,166,2.610498
160,166,2.632245
161,166,2.624611
162,166,2.622671
163,166,2.613936
164,166,2.609914
165,166,2.614481
166,166,2.610288
167,166,2.609940
168,166,2.606557
169,166,2.613783
170,166,2.614093
171,166,2.617206
172,166,2.619411
173,166,2.616587
174,166,2.622339
175,166,2.617599
176,166,2.630895
177,166,2.625809
178,166,2.617962
179,166,2.608860
180,166,2.612432
181,166,2.610871
182,166,2.606316
183,166,2.610647
184,166,2.611701
185,166,2.617815
186,166,2.614844
187,166,2.615628
188,166,2.608032
189,166,2.604786
190,166,2.611473
191,166,2.609022
192,166,2.607851
193,166,2.605213
194,166,2.607273
195,166,2.607784
196,166,2.602921
197,166,2.609048
198,166,2.606862
199,166,2.605114
200,166,2.597921
201,166,2.611412
202,166,2.606884
203,166,2.599979
204,166,2.599086
205,166,2.592950
206,166,2.591831
207,166,2.588400
208,166,2.592827
209,166,2.592081
210,166,2.588560
211,166,2.589535
212,166,2.584799
213,166,2.585560
214,166,2.590074
215,166,2.582062
216,166,2.582496
217,166,2.589617
218,166,2.584988
219,166,2.576404
220,166,2.584057
221,166,2.580035
222,166,2.578708
223,166,2.576347
224,166,2.580471
225,166,2.575903
226,166,2.570211
227,166,2.568045
228,166,2.564969
229,166,2.567529
230,166,2.564814
231,166,2.565121
232,166,2.559495
233,166,2.565815
234,166,2.565613
235,166,2.563316
236,166,2.559354
237,166,2.548964
238,166,2.549947
239,166,2.552981
240,166,2.526570
241,166,2.526926
242,166,2.527073
243,166,2.521360
244,166,2.519098
245,166,2.520458
246,166,2.513854
247,166,2.512753
248,166,2.501763
249,166,2.513625
250,166,2.513406
251,166,2.511167
252,166,2.510557
253,166,2.501935
254,166,2.499907
255,166,2.490064
0,167,2.573483
1,167,2.574506
2,167,2.573309
3,167,2.589214
4,167,2.581774
5,167,2.585672
6,167,2.574604
7,167,2.578043
8,167,2.577428
9,167,2.584325
10,167,2.580997
11,167,2.579779
12,167,2.582237
13,167,2.580670
14,167,2.580309
15,167,2.584157
16,167,2.607111
17,167,2.606140
18,167,2.607570
19,167,2.612707
20,167,2.607322
21,167,2.604445
22,167,2.605286
23,167,2.607088
24,167,2.607644
25,167,2.604223
26,167,2.605543
27,167,2.605709
28,167,2.598053
29,167,2.598925
30,167,2.602579
31,167,2.604120
32,167,2.626801
33,167,2.618555
34,167,2.618734
35,167,2.621824
36,167,2.617888
37,167,2.616912
38,167,2.611989
39,167,2.611543
40,167,2.615075
41,167,2.614391
42,167,2.612924
43,167,2.608157
44,167,2.606502
45,167,2.609219
46,167,2.608331
47,167,2.606980
48,167,2.635790
49,167,2.626525
50,167,2.625288
51,167,2.627380
52,167,2.621177
53,167,2.626925
54,167,2.628265
55,167,2.623210
56,167,2.624393
57,167,2.618203
58,167,2.616327
59,167,2.613807
60,167,2.614684
61,167,2.616787
62,167,2.610138
63,167,2.614640
64,167,2.643444
65,167,2.636243
66,167,2.629247
67,167,2.634418
68,167,2.631106
69,167,2.631555
70,167,2.624954
71,167,2.625237
72,167,2.618501
73,167,2.622473
74,167,2.622501
75,167,2.619411
76,167,2.615424
77,167,2.616172
78,167,2.619611
79,167,2.620201
80,167,2.635142
81,167,2.639349
82,167,2.627159
83,167,2.631273
84,167,2.626590
85,167,2.626695
86,167,2.621874
87,167,2.621824
88,167,2.621685
89,167,2.624321
90,167,2.624068
91,167,2.618834
92,167,2.622217
93,167,2.617906
94,167,2.616271
95,167,2.611701
96,167,2.641736
97,167,2.630749
98,167,2.627502
99,167,2.630869
100,167,2.627383
101,167,2.631598
102,167,2.624168
103,167,2.627201
104,167,2.623441
105,167,2.623474
106,167,2.626260
107,167,2.618415
108,167,2.622086
109,167,2.621789
110,167,2.617553
111,167,2.619941
112,167,2.635835
113,167,2.632858
114,167,2.629815
115,167,2.630543
116,167,2.627325
117,167,2.620186
118,167,2.623501
119,167,2.631612
120,167,2.620372
121,167,2.616765
122,167,2.613076
123,167,2.617013
124,167,2.609312
125,167,2.613090
126,167,2.612934
127,167,2.612699
128,167,2.630081
129,167,2.623496
130,167,2.620689
131,167,2.617776
132,167,2.614798
133,167,2.611738
134,167,2.593183
135,167,2.593811
136,167,2.602055
137,167,2.606374
138,167,2.588519
139,167,2.592677
140,167,2.592898
141,167,2.585337
142,167,2.604666
143,167,2.596946
144,167,2.631527
145,167,2.632374
146,167,2.624405
147,167,2.620203
148,167,2.612140
149,167,2.611632
150,167,2.612053
151,167,2.607519
152,167,2.633855
153,167,2.626322
154,167,2.617688
155,167,2.616672
156,167,2.611904
157,167,2.607884
158,167,2.610468
159,167,2.617046
160,167,2.633100
161,167,2.627379
162,167,2.620643
163,167,2.612849
164,167,2.612664
165,167,2.609534
166,167,2.605390
167,167,2.605951
168,167,2.630481
169,167,2.622281
170,167,2.614890
171,167,2.612205
172,167,2.616343
173,167,2.615425
174,167,2.617327
175,167,2.618348
176,167,2.625866
177,167,2.620757
178,167,2.616767
179,167,2.613420
180,167,2.607105
181,167,2.605776
182,167,2.605071
183,167,2.606199
184,167,2.629694
185,167,2.624869
186,167,2.611617
187,167,2.614322
188,167,2.605370
189,167,2.611152
190,167,2.609724
191,167,2.608619
192,167,2.611813
193,167,2.614404
194,167,2.602967
195,167,2.603938
196,167,2.600499
197,167,2.596464
198,167,2.601518
199,167,2.603059
200,167,2.620471
201,167,2.616974
202,167,2.611093
203,167,2.608354
204,167,2.598436
205,167,2.599326
206,167,2.590168
207,167,2.588899
208,167,2.601713
209,167,2.596352
210,167,2.584861
211,167,2.585029
212,167,2.585868
213,167,2.581924
214,167,2.582543
215,167,2.584107
216,167,2.606620
217,167,2.598268
218,167,2.586857
219,167,2.586892
220,167,2.583885
221,167,2.581737
222,167,2.576487
223,167,2.575996
224,167,2.575378
225,167,2.572478
226,167,2.567715
227,167,2.561614
228,167,2.560398
229,167,2.559037
230,167,2.556232
231,167,2.554540
232,167,2.575808
233,167,2.576250
234,167,2.560556
235,167,2.563955
236,167,2.559885
237,167,2.553258
238,167,2.552223
239,167,2.549357
240,167,2.534405
241,167,2.526953
242,167,2.521367
243,167,2.521144
244,167,2.512989
245,167,2.516157
246,167,2.505548
247,167,2.508172
248,167,2.527873
249,167,2.520335
250,167,2.501806
251,167,2.505205
252,167,2.500597
253,167,2.501455
254,167,2.499513
255,167,2.493861
0,168,2.576758
1,168,2.577906
2,168,2.584564
3,168,2.585174
4,168,2.585552
5,168,2.585706
6,168,2.577936
7,168,2.583184
8,168,2.578811
9,168,2.577053
10,168,2.581545
11,168,2.580415
12,168,2.575253
13,168,2.581474
14,168,2.585066
15,168,2.579360
16,168,2.608168
17,168,2.607289
18,168,2.604936
19,168,2.606288
20,168,2.604839
21,168,2.605878
22,168,2.602929
23,168,2.604807
24,168,2.601567
25,168,2.602055
26,168,2.599592
27,168,2.595957
28,168,2.599910
29,168,2.600846
30,168,2.600696
31,168,2.601337
32,168,2.627916
33,168,2.624547
34,168,2.620927
35,168,2.624058
36,168,2.616321
37,168,2.619236
38,168,2.611245
39,168,2.613952
40,168,2.613421
41,168,2.615928
42,168,2.611612
43,168,2.606888
44,168,2.605263
45,168,2.604167
46,168,2.606211
47,168,2.608750
48,168,2.630850
49,168,2.637032
50,168,2.631020
51,168,2.625438
52,168,2.620227
53,168,2.622153
54,168,2.623972
55,168,2.625246
56,168,2.620138
57,168,2.617402
58,168,2.618843
59,168,2.608246
60,168,2.614329
61,168,2.615141
62,168,2.616219
63,168,2.618176
64,168,2.638023
65,168,2.634977
66,168,2.636393
67,168,2.637029
68,168,2.629866
69,168,2.627213
70,168,2.623734
71,168,2.628853
72,168,2.621152
73,168,2.621269
74,168,2.618268
75,168,2.614368
76,168,2.615223
77,168,2.614876
78,168,2.615571
79,168,2.619037
80,168,2.638742
81,168,2.638193
82,168,2.633701
83,168,2.633938
84,168,2.622586
85,168,2.625551
86,168,2.625584
87,168,2.616828
88,168,2.616703
89,168,2.623180
90,168,2.619084
91,168,2.621543
92,168,2.617232
93,168,2.624391
94,168,2.618986
95,168,2.618278
96,168,2.641405
97,168,2.644927
98,168,2.637735
99,168,2.634420
100,168,2.629987
101,168,2.626499
102,168,2.630589
103,168,2.625907
104,168,2.626027
105,168,2.626059
106,168,2.626021
107,168,2.617150
108,168,2.620791
109,168,2.620492
110,168,2.620176
111,168,2.618646
112,168,2.638284
113,168,2.639187
114,168,2.628448
115,168,2.629185
116,168,2.625987
117,168,2.618854
118,168,2.618298
119,168,2.626414
120,168,2.626743
121,168,2.619285
122,168,2.619453
123,168,2.611833
124,168,2.611839
125,168,2.611763
126,168,2.615460
127,168,2.615223
128,168,2.636397
129,168,2.633678
130,168,2.623165
131,168,2.620275
132,168,2.613449
133,168,2.621951
134,168,2.611106
135,168,2.592473
136,168,2.593022
137,168,2.589636
138,168,2.587218
139,168,2.595228
140,168,2.595450
141,168,2.603298
142,168,2.595654
143,168,2.607192
144,168,2.630209
145,168,2.631051
146,168,2.626971
147,168,2.615061
148,168,2.610769
149,168,2.615136
150,168,2.637749
151,168,2.633211
152,168,2.613173
153,168,2.621056
154,168,2.624124
155,168,2.603836
156,168,2.615319
157,168,2.614116
158,168,2.605339
159,168,2.608860
160,168,2.629977
161,168,2.626168
162,168,2.619456
163,168,2.615488
164,168,2.611435
165,168,2.608313
166,168,2.631125
167,168,2.629768
168,168,2.608045
169,168,2.627811
170,168,2.623267
171,168,2.615791
172,168,2.611073
173,168,2.617990
174,168,2.614116
175,168,2.621709
176,168,2.620712
177,168,2.620433
178,168,2.613285
179,168,2.616927
180,168,2.607685
181,168,2.608981
182,168,2.622964
183,168,2.633721
184,168,2.610028
185,168,2.623467
186,168,2.628172
187,168,2.609036
188,168,2.615488
189,168,2.608356
190,168,2.612102
191,168,2.606710
192,168,2.613220
193,168,2.606645
194,168,2.604811
195,168,2.601440
196,168,2.600339
197,168,2.606434
198,168,2.629243
199,168,2.625534
200,168,2.602831
201,168,2.622062
202,168,2.609772
203,168,2.603140
204,168,2.596045
205,168,2.596893
206,168,2.594458
207,168,2.591218
208,168,2.599140
209,168,2.595657
210,168,2.588964
211,168,2.585228
212,168,2.582175
213,168,2.589734
214,168,2.604709
215,168,2.597474
216,168,2.581513
217,168,2.593305
218,168,2.592463
219,168,2.580889
220,168,2.583594
221,168,2.581392
222,168,2.577997
223,168,2.578343
224,168,2.579591
225,168,2.569918
226,168,2.572797
227,168,2.562760
228,168,2.565329
229,168,2.560046
230,168,2.580266
231,168,2.582352
232,168,2.549604
233,168,2.573063
234,168,2.566918
235,168,2.556747
236,168,2.556419
237,168,2.557406
238,168,2.552424
239,168,2.543657
240,168,2.534383
241,168,2.517194
242,168,2.521104
243,168,2.516916
244,168,2.520203
245,168,2.515545
246,168,2.535602
247,168,2.533453
248,168,2.510645
249,168,2.521981
250,168,2.515892
251,168,2.497949
252,168,2.495111
253,168,2.499659
254,168,2.487875
255,168,2.493605
0,169,2.565564
1,169,2.578393
2,169,2.574460
3,169,2.577124
4,169,2.589175
5,169,2.585586
6,169,2.574071
7,169,2.579448
8,169,2.582880
9,169,2.578406
10,169,2.573737
11,169,2.581965
12,169,2.579688
13,169,2.578288
14,169,2.578130
15,169,2.584061
16,169,2.605240
17,169,2.606996
18,169,2.598319
19,169,2.599741
20,169,2.608721
21,169,2.611039
22,169,2.600447
23,169,2.606255
24,169,2.603075
25,169,2.599766
26,169,2.597375
27,169,2.601499
28,169,2.601651
29,169,2.602652
30,169,2.594844
31,169,2.595546
32,169,2.622171
33,169,2.626440
34,169,2.614304
35,169,2.618477
36,169,2.622351
37,169,2.621452
38,169,2.613510
39,169,2.620106
40,169,2.615769
41,169,2.602899
42,169,2.606028
43,169,2.608374
44,169,2.608413
45,169,2.602864
46,169,2.601688
47,169,2.603662
48,169,2.629239
49,169,2.631035
50,169,2.618867
51,169,2.620492
52,169,2.626392
53,169,2.627849
54,169,2.626837
55,169,2.620427
56,169,2.618230
57,169,2.615929
58,169,2.614119
59,169,2.615486
60,169,2.616381
61,169,2.613711
62,169,2.611940
63,169,2.608751
64,169,2.636627
65,169,2.638143
66,169,2.627317
67,169,2.624102
68,169,2.633104
69,169,2.629719
70,169,2.626240
71,169,2.619616
72,169,2.627529
73,169,2.620767
74,169,2.616955
75,169,2.613052
76,169,2.617640
77,169,2.613573
78,169,2.618140
79,169,2.613894
80,169,2.637467
81,169,2.633057
82,169,2.625732
83,169,2.621103
84,169,2.632882
85,169,2.631985
86,169,2.620473
87,169,2.623264
88,169,2.623152
89,169,2.618058
90,169,2.617826
91,169,2.621320
92,169,2.623676
93,169,2.623141
94,169,2.621572
95,169,2.617021
96,169,2.639938
97,169,2.635749
98,169,2.632525
99,169,2.632982
100,169,2.632394
101,169,2.632775
102,169,2.629217
103,169,2.636040
104,169,2.628470
105,169,2.624664
106,169,2.624625
107,169,2.623433
108,169,2.619408
109,169,2.619121
110,169,2.622600
111,169,2.618294
112,169,2.640601
113,169,2.629958
114,169,2.630789
115,169,2.631538
116,169,2.616802
117,169,2.625089
118,169,2.620661
119,169,2.621079
120,169,2.613714
121,169,2.617820
122,169,2.614138
123,169,2.618081
124,169,2.618088
125,169,2.618014
126,169,2.606298
127,169,2.613764
128,169,2.642582
129,169,2.636022
130,169,2.621674
131,169,2.622642
132,169,2.619674
133,169,2.616635
134,169,2.594234
135,169,2.591014
136,169,2.591573
137,169,2.592039
138,169,2.593499
139,169,2.593801
140,169,2.594024
141,169,2.586456
142,169,2.590365
143,169,2.586486
144,169,2.637535
145,169,2.629637
146,169,2.629356
147,169,2.621281
148,169,2.617054
149,169,2.613738
150,169,2.609268
151,169,2.612416
152,169,2.615475
153,169,2.623516
154,169,2.626412
155,169,2.613808
156,169,2.606030
157,169,2.608867
158,169,2.611418
159,169,2.614940
160,169,2.632503
161,169,2.628680
162,169,2.621981
163,169,2.614146
164,169,2.614973
165,169,2.606964
166,169,2.614350
167,169,2.607222
168,169,2.610524
169,169,2.626334
170,169,2.629589
171,169,2.606707
172,169,2.609674
173,169,2.613751
174,169,2.612702
175,169,2.616445
176,169,2.628913
177,169,2.622857
178,169,2.617610
179,169,2.609443
180,169,2.611988
181,169,2.615209
182,169,2.606776
183,169,2.607174
184,169,2.612051
185,169,2.627713
186,169,2.628561
187,169,2.608118
188,169,2.610064
189,169,2.610630
190,169,2.614946
191,169,2.608947
192,169,2.611148
193,169,2.609860
194,169,2.606995
195,169,2.601188
196,169,2.599646
197,169,2.605195
198,169,2.608242
199,169,2.600099
200,169,2.603398
201,169,2.620675
202,169,2.618883
203,169,2.597448
204,169,2.592599
205,169,2.596017
206,169,2.591836
207,169,2.593131
208,169,2.597439
209,169,2.594677
210,169,2.591029
211,169,2.588054
212,169,2.583114
213,169,2.579917
214,169,2.583443
215,169,2.581942
216,169,2.583258
217,169,2.598855
218,169,2.597949
219,169,2.578618
220,169,2.573549
221,169,2.576021
222,169,2.579418
223,169,2.579648
224,169,2.576982
225,169,2.574935
226,169,2.573897
227,169,2.563775
228,169,2.566275
229,169,2.560921
230,169,2.561784
231,169,2.556088
232,169,2.559863
233,169,2.573588
234,169,2.571211
235,169,2.555578
236,169,2.552807
237,169,2.553701
238,169,2.550828
239,169,2.547436
240,169,2.534205
241,169,2.526542
242,169,2.516828
243,169,2.512525
244,169,2.509130
245,169,2.513928
246,169,2.512703
247,169,2.499659
248,169,2.509461
249,169,2.520620
250,169,2.522088
251,169,2.500137
252,169,2.499065
253,169,2.491327
254,169,2.488813
255,169,2.488591
0,170,2.568528
1,170,2.577634
2,170,2.574925
3,170,2.575819
4,170,2.589895
5,170,2.577604
6,170,2.581609
7,170,2.585397
8,170,2.582946
9,170,2.578570
10,170,2.573997
11,170,2.576936
12,170,2.573498
13,170,2.576033
14,170,2.577324
15,170,2.577066
16,170,2.602176
17,170,2.600155
18,170,2.599276
19,170,2.600768
20,170,2.609818
21,170,2.608367
22,170,2.605544
23,170,2.606437
24,170,2.608311
25,170,2.601208
26,170,2.595036
27,170,2.603068
28,170,2.591714
29,170,2.600487
30,170,2.596581
31,170,2.597346
32,170,2.620164
33,170,2.620639
34,170,2.612399
35,170,2.611761
36,170,2.619543
37,170,2.610978
38,170,2.619518
39,170,2.610740
40,170,2.614156
41,170,2.605173
42,170,2.604495
43,170,2.610725
44,170,2.605961
45,170,2.604295
46,170,2.608025
47,170,2.602322
48,170,2.631789
49,170,2.633612
50,170,2.624339
51,170,2.622135
52,170,2.629082
53,170,2.619494
54,170,2.624736
55,170,2.618803
56,170,2.621045
57,170,2.614920
58,170,2.612543
59,170,2.613525
60,170,2.615834
61,170,2.612810
62,170,2.613917
63,170,2.611073
64,170,2.635808
65,170,2.632787
66,170,2.629383
67,170,2.631065
68,170,2.635480
69,170,2.631852
70,170,2.625567
71,170,2.622012
72,170,2.623050
73,170,2.619328
74,170,2.619366
75,170,2.620350
76,170,2.616211
77,170,2.617033
78,170,2.616725
79,170,2.621122
80,170,2.639914
81,170,2.635497
82,170,2.620423
83,170,2.623547
84,170,2.635343
85,170,2.630583
86,170,2.622936
87,170,2.619073
88,170,2.617912
89,170,2.617727
90,170,2.624142
91,170,2.619942
92,170,2.618431
93,170,2.617907
94,170,2.617294
95,170,2.619484
96,170,2.649896
97,170,2.637994
98,170,2.634790
99,170,2.623791
100,170,2.630813
101,170,2.631212
102,170,2.631523
103,170,2.631746
104,170,2.626942
105,170,2.623135
106,170,2.619257
107,170,2.625758
108,170,2.617851
109,170,2.613710
110,170,2.621039
111,170,2.620624
112,170,2.638931
113,170,2.643711
114,170,2.633010
115,170,2.626062
116,170,2.619042
117,170,2.623485
118,170,2.624000
119,170,2.627175
120,170,2.615963
121,170,2.620073
122,170,2.616398
123,170,2.612637
124,170,2.620351
125,170,2.616423
126,170,2.604707
127,170,2.608318
128,170,2.633219
129,170,2.634379
130,170,2.612325
131,170,2.605612
132,170,2.606516
133,170,2.603466
134,170,2.604198
135,170,2.604832
136,170,2.589981
137,170,2.595404
138,170,2.591940
139,170,2.599946
140,170,2.596314
141,170,2.588743
142,170,2.592648
143,170,2.584911
144,170,2.635977
145,170,2.631944
146,170,2.631660
147,170,2.623583
148,170,2.615418
149,170,2.615962
150,170,2.615326
151,170,2.610875
152,170,2.615019
153,170,2.614131
154,170,2.613153
155,170,2.612084
156,170,2.612215
157,170,2.610980
158,170,2.605800
159,170,2.609323
160,170,2.631045
161,170,2.624433
162,170,2.616669
163,170,2.616524
164,170,2.613509
165,170,2.613188
166,170,2.613920
167,170,2.603808
168,170,2.606227
169,170,2.605571
170,170,2.606883
171,170,2.612902
172,170,2.611995
173,170,2.608202
174,170,2.615008
175,170,2.614901
176,170,2.626259
177,170,2.617442
178,170,2.613220
179,170,2.607856
180,170,2.609500
181,170,2.607819
182,170,2.612869
183,170,2.608190
184,170,2.602704
185,170,2.613259
186,170,2.607260
187,170,2.612220
188,170,2.609008
189,170,2.606578
190,170,2.605519
191,170,2.607796
192,170,2.613239
193,170,2.607618
194,170,2.599962
195,170,2.606193
196,170,2.601147
197,170,2.603356
198,170,2.604924
199,170,2.602524
200,170,2.603417
201,170,2.600800
202,170,2.602554
203,170,2.599714
204,170,2.599554
205,170,2.593307
206,170,2.593959
207,170,2.591366
208,170,2.595626
209,170,2.592826
210,170,2.591926
211,170,2.588910
212,170,2.583021
213,170,2.585561
214,170,2.587102
215,170,2.585556
216,170,2.581031
217,170,2.585020
218,170,2.577201
219,170,2.579007
220,170,2.579645
221,170,2.573479
222,170,2.576818
223,170,2.575045
224,170,2.578097
225,170,2.572116
226,170,2.567159
227,170,2.568509
228,170,2.563233
229,170,2.561659
230,170,2.562427
231,170,2.558580
232,170,2.553139
233,170,2.554704
234,170,2.556095
235,170,2.551908
236,170,2.556750
237,170,2.553696
238,170,2.548773
239,170,2.549131
240,170,2.528090
241,170,2.524283
242,170,2.525106
243,170,2.520690
244,170,2.512145
245,170,2.512972
246,170,2.507762
247,170,2.509993
248,170,2.505903
249,170,2.501736
250,170,2.497272
251,170,2.501426
252,170,2.491961
253,170,2.498038
254,170,2.488358
255,170,2.474467
0,171,2.558807
1,171,2.565146
2,171,2.570271
3,171,2.567437
4,171,2.579768
5,171,2.586003
6,171,2.582410
7,171,2.596737
8,171,2.577301
9,171,2.570878
10,171,2.585666
11,171,2.577142
12,171,2.573817
13,171,2.580293
14,171,2.575033
15,171,2.574873
16,171,2.595121
17,171,2.597031
18,171,2.600099
19,171,2.597810
20,171,2.603076
21,171,2.609417
22,171,2.602807
23,171,2.619175
24,171,2.609569
25,171,2.606378
26,171,2.604131
27,171,2.596808
28,171,2.597067
29,171,2.602053
30,171,2.598199
31,171,2.602879
32,171,2.621892
33,171,2.613825
34,171,2.606525
35,171,2.613636
36,171,2.613766
37,171,2.620653
38,171,2.612813
39,171,2.623337
40,171,2.616285
41,171,2.607337
42,171,2.602851
43,171,2.609115
44,171,2.600540
45,171,2.602758
46,171,2.605513
47,171,2.603691
48,171,2.630381
49,171,2.621240
50,171,2.622993
51,171,2.621347
52,171,2.622926
53,171,2.624927
54,171,2.623525
55,171,2.629180
56,171,2.619317
57,171,2.616622
58,171,2.619166
59,171,2.616314
60,171,2.613775
61,171,2.614989
62,171,2.605235
63,171,2.610119
64,171,2.641875
65,171,2.630844
66,171,2.624942
67,171,2.629454
68,171,2.633607
69,171,2.631292
70,171,2.616272
71,171,2.632817
72,171,2.621480
73,171,2.617755
74,171,2.622528
75,171,2.618635
76,171,2.610796
77,171,2.619345
78,171,2.618911
79,171,2.611885
80,171,2.638375
81,171,2.635025
82,171,2.630449
83,171,2.626938
84,171,2.626112
85,171,2.630131
86,171,2.621412
87,171,2.632975
88,171,2.620243
89,171,2.616218
90,171,2.611059
91,171,2.618430
92,171,2.616904
93,171,2.616390
94,171,2.619641
95,171,2.617837
96,171,2.640452
97,171,2.637356
98,171,2.629211
99,171,2.629790
100,171,2.634132
101,171,2.633363
102,171,2.629838
103,171,2.641636
104,171,2.629115
105,171,2.625325
106,171,2.625300
107,171,2.621333
108,171,2.623904
109,171,2.615922
110,171,2.615557
111,171,2.618956
112,171,2.640957
113,171,2.641915
114,171,2.642784
115,171,2.620449
116,171,2.621133
117,171,2.625596
118,171,2.618413
119,171,2.617722
120,171,2.614221
121,171,2.622189
122,171,2.618518
123,171,2.618614
124,171,2.614772
125,171,2.614697
126,171,2.602979
127,171,2.602734
128,171,2.627570
129,171,2.632597
130,171,2.618267
131,171,2.615412
132,171,2.608616
133,171,2.609437
134,171,2.590907
135,171,2.591544
136,171,2.592105
137,171,2.597563
138,171,2.594098
139,171,2.592474
140,171,2.594614
141,171,2.583188
142,171,2.587088
143,171,2.587050
144,171,2.638138
145,171,2.634073
146,171,2.626067
147,171,2.621825
148,171,2.618700
149,171,2.614295
150,171,2.613655
151,171,2.616777
152,171,2.609369
153,171,2.612312
154,171,2.611312
155,171,2.607672
156,171,2.606505
157,171,2.612951
158,171,2.612715
159,171,2.611271
160,171,2.629441
161,171,2.630559
162,171,2.618927
163,171,2.618766
164,171,2.615761
165,171,2.607718
166,171,2.610389
167,171,2.604111
168,171,2.612317
169,171,2.607789
170,171,2.608243
171,171,2.607403
172,171,2.611410
173,171,2.606539
174,171,2.606701
175,171,2.613222
176,171,2.626509
177,171,2.619362
178,171,2.609596
179,171,2.613838
180,171,2.613282
181,171,2.616482
182,171,2.601487
183,171,2.610290
184,171,2.607436
185,171,2.613403
186,171,2.610369
187,171,2.608092
188,171,2.607186
189,171,2.609644
190,171,2.609004
191,171,2.602074
192,171,2.615794
193,171,2.606289
194,171,2.599965
195,171,2.603745
196,171,2.607413
197,171,2.598039
198,171,2.598504
199,171,2.606292
200,171,2.605683
201,171,2.606879
202,171,2.599828
203,171,2.596945
204,171,2.598478
205,171,2.595362
206,171,2.592844
207,171,2.589486
208,171,2.594548
209,171,2.591709
210,171,2.586031
211,171,2.590681
212,171,2.586662
213,171,2.585305
214,171,2.582935
215,171,2.579416
216,171,2.577592
217,171,2.581530
218,171,2.576637
219,171,2.580316
220,171,2.571252
221,171,2.574660
222,171,2.572966
223,171,2.576090
224,171,2.579079
225,171,2.573015
226,171,2.571844
227,171,2.559621
228,171,2.567758
229,171,2.564184
230,171,2.559075
231,171,2.555149
232,171,2.557310
233,171,2.554937
234,171,2.552387
235,171,2.548086
236,171,2.552834
237,171,2.549683
238,171,2.540781
239,171,2.541035
240,171,2.530691
241,171,2.528678
242,171,2.522452
243,171,2.515990
244,171,2.513068
245,171,2.517618
246,171,2.510348
247,171,2.506416
248,171,2.504317
249,171,2.503159
250,171,2.502400
251,171,2.495046
252,171,2.491655
253,171,2.491777
254,171,2.481915
255,171,2.481797
0,172,2.557560
1,172,2.566986
2,172,2.570471
3,172,2.566591
4,172,2.571340
5,172,2.575847
6,172,2.578096
7,172,2.593655
8,172,2.578174
9,172,2.576754
10,172,2.577918
11,172,2.573343
12,172,2.576281
13,172,2.576701
14,172,2.579233
15,172,2.573883
16,172,2.600594
17,172,2.594873
18,172,2.599445
19,172,2.598568
20,172,2.603905
21,172,2.601389
22,172,2.603790
23,172,2.616370
24,172,2.602991
25,172,2.603713
26,172,2.596599
27,172,2.594275
28,172,2.590736
29,172,2.599644
30,172,2.599693
31,172,2.596732
32,172,2.615793
33,172,2.607774
34,172,2.608238
35,172,2.611540
36,172,2.611726
37,172,2.610947
38,172,2.614719
39,172,2.629133
40,172,2.609531
41,172,2.604472
42,172,2.607738
43,172,2.607393
44,172,2.606568
45,172,2.604964
46,172,2.607760
47,172,2.602728
48,172,2.623951
49,172,2.622552
50,172,2.620478
51,172,2.623782
52,172,2.625386
53,172,2.627419
54,172,2.621637
55,172,2.638389
56,172,2.621914
57,172,2.615826
58,172,2.613063
59,172,2.610636
60,172,2.608781
61,172,2.613872
62,172,2.611156
63,172,2.611848
64,172,2.636990
65,172,2.626288
66,172,2.630600
67,172,2.624646
68,172,2.625229
69,172,2.621862
70,172,2.630799
71,172,2.638819
72,172,2.623627
73,172,2.624641
74,172,2.620838
75,172,2.616941
76,172,2.617894
77,172,2.617529
78,172,2.618317
79,172,2.614070
80,172,2.640552
81,172,2.629434
82,172,2.632632
83,172,2.632992
84,172,2.624449
85,172,2.628460
86,172,2.627456
87,172,2.631328
88,172,2.614730
89,172,2.622278
90,172,2.618225
91,172,2.616779
92,172,2.616368
93,172,2.618588
94,172,2.621849
95,172,2.616175
96,172,2.638571
97,172,2.635495
98,172,2.631195
99,172,2.627941
100,172,2.636155
101,172,2.623878
102,172,2.631914
103,172,2.643679
104,172,2.627293
105,172,2.627371
106,172,2.623508
107,172,2.623408
108,172,2.618218
109,172,2.621793
110,172,2.621425
111,172,2.613304
112,172,2.642858
113,172,2.647681
114,172,2.652416
115,172,2.626240
116,172,2.623094
117,172,2.627565
118,172,2.620391
119,172,2.623532
120,172,2.616190
121,172,2.612609
122,172,2.620499
123,172,2.616745
124,172,2.612904
125,172,2.616683
126,172,2.601111
127,172,2.604716
128,172,2.629486
129,172,2.622967
130,172,2.620214
131,172,2.609659
132,172,2.606721
133,172,2.611400
134,172,2.604433
135,172,2.601230
136,172,2.586390
137,172,2.595729
138,172,2.596116
139,172,2.592563
140,172,2.585072
141,172,2.592905
142,172,2.585241
143,172,2.589049
144,172,2.636303
145,172,2.628398
146,172,2.624243
147,172,2.619998
148,172,2.620664
149,172,2.612388
150,172,2.611727
151,172,2.610976
152,172,2.607428
153,172,2.610511
154,172,2.609503
155,172,2.611474
156,172,2.612209
157,172,2.610925
158,172,2.606839
159,172,2.609220
160,172,2.627709
161,172,2.624987
162,172,2.617193
163,172,2.616214
164,172,2.610169
165,172,2.607081
166,172,2.614424
167,172,2.610053
168,172,2.610563
169,172,2.606014
170,172,2.602488
171,172,2.605618
172,172,2.609630
173,172,2.608589
174,172,2.612416
175,172,2.611403
176,172,2.624693
177,172,2.618623
178,172,2.617138
179,172,2.613076
180,172,2.607565
181,172,2.603058
182,172,2.606159
183,172,2.610324
184,172,2.609393
185,172,2.602582
186,172,2.602662
187,172,2.607226
188,172,2.609761
189,172,2.607247
190,172,2.602313
191,172,2.604552
192,172,2.613297
193,172,2.611963
194,172,2.606190
195,172,2.604157
196,172,2.601468
197,172,2.601154
198,172,2.605160
199,172,2.598853
200,172,2.599037
201,172,2.608540
202,172,2.599962
203,172,2.598963
204,172,2.596611
205,172,2.596204
206,172,2.593651
207,172,2.594097
208,172,2.599042
209,172,2.587674
210,172,2.591575
211,172,2.592330
212,172,2.584403
213,172,2.579966
214,172,2.583313
215,172,2.581672
216,172,2.578945
217,172,2.586685
218,172,2.581724
219,172,2.579570
220,172,2.576212
221,172,2.579562
222,172,2.573939
223,172,2.569295
224,172,2.576073
225,172,2.573777
226,172,2.568685
227,172,2.569857
228,172,2.560583
229,172,2.561348
230,172,2.559431
231,172,2.561203
232,172,2.555553
233,172,2.553093
234,172,2.554678
235,172,2.551815
236,172,2.548761
237,172,2.545754
238,172,2.543450
239,172,2.541676
240,172,2.528232
241,172,2.524045
242,172,2.523479
243,172,2.516845
244,172,2.509961
245,172,2.506672
246,172,2.510602
247,172,2.509889
248,172,2.507649
249,172,2.505111
250,172,2.499864
251,172,2.490854
252,172,2.483437
253,172,2.486601
254,172,2.479643
255,172,2.474931
0,173,2.559983
1,173,2.561844
2,173,2.567283
3,173,2.572459
4,173,2.571635
5,173,2.582781
6,173,2.575613
7,173,2.585436
8,173,2.573917
9,173,2.566035
10,173,2.569503
11,173,2.577096
12,173,2.580129
13,173,2.575266
14,173,2.579433
15,173,2.574169
16,173,2.595701
17,173,2.606902
18,173,2.608803
19,173,2.605565
20,173,2.600743
21,173,2.606003
22,173,2.604638
23,173,2.605725
24,173,2.595114
25,173,2.597065
26,173,2.605422
27,173,2.599319
28,173,2.595836
29,173,2.592230
30,173,2.593357
31,173,2.597194
32,173,2.621130
33,173,2.617011
34,173,2.621388
35,173,2.613176
36,173,2.613418
37,173,2.616535
38,173,2.612653
39,173,2.611696
40,173,2.607554
41,173,2.606385
42,173,2.601992
43,173,2.608323
44,173,2.603689
45,173,2.606632
46,173,2.606042
47,173,2.601050
48,173,2.633860
49,173,2.632499
50,173,2.626598
51,173,2.628874
52,173,2.627182
53,173,2.622098
54,173,2.620200
55,173,2.625416
56,173,2.615611
57,173,2.613404
58,173,2.615603
59,173,2.613202
60,173,2.610697
61,173,2.611559
62,173,2.613812
63,173,2.614872
64,173,2.638612
65,173,2.635635
66,173,2.633659
67,173,2.630487
68,173,2.630796
69,173,2.620843
70,173,2.625104
71,173,2.629039
72,173,2.618822
73,173,2.622815
74,173,2.619008
75,173,2.619903
76,173,2.619778
77,173,2.615707
78,173,2.620369
79,173,2.619967
80,173,2.639762
81,173,2.635339
82,173,2.628099
83,173,2.631199
84,173,2.627591
85,173,2.630523
86,173,2.630646
87,173,2.621835
88,173,2.617927
89,173,2.616637
90,173,2.616448
91,173,2.614987
92,173,2.614587
93,173,2.616790
94,173,2.612356
95,173,2.619389
96,173,2.644389
97,173,2.645048
98,173,2.636887
99,173,2.633652
100,173,2.630326
101,173,2.629597
102,173,2.626092
103,173,2.630203
104,173,2.621494
105,173,2.625426
106,173,2.621571
107,173,2.625338
108,173,2.616280
109,173,2.616015
110,173,2.615659
111,173,2.615205
112,173,2.645800
113,173,2.637890
114,173,2.631079
115,173,2.628046
116,173,2.624909
117,173,2.617831
118,173,2.622233
119,173,2.617645
120,173,2.625715
121,173,2.618291
122,173,2.618480
123,173,2.618583
124,173,2.614744
125,173,2.614671
126,173,2.610655
127,173,2.598847
128,173,2.623548
129,173,2.620896
130,173,2.614309
131,173,2.615319
132,173,2.604681
133,173,2.601673
134,173,2.602413
135,173,2.606929
136,173,2.603639
137,173,2.605302
138,173,2.605694
139,173,2.586729
140,173,2.590792
141,173,2.587065
142,173,2.587101
143,173,2.584378
144,173,2.642033
145,173,2.630241
146,173,2.626068
147,173,2.617952
148,173,2.618629
149,173,2.610333
150,173,2.617478
151,173,2.609015
152,173,2.613195
153,173,2.616109
154,173,2.603520
155,173,2.611276
156,173,2.613912
157,173,2.608749
158,173,2.600813
159,173,2.607277
160,173,2.632771
161,173,2.623124
162,173,2.619168
163,173,2.616275
164,173,2.612139
165,173,2.603283
166,173,2.608684
167,173,2.613144
168,173,2.602886
169,173,2.605237
170,173,2.606357
171,173,2.612377
172,173,2.605781
173,173,2.605851
174,173,2.602769
175,173,2.608433
176,173,2.628513
177,173,2.620518
178,173,2.615154
179,173,2.610822
180,173,2.606393
181,173,2.608755
182,173,2.606075
183,173,2.605221
184,173,2.605074
185,173,2.600538
186,173,2.603253
187,173,2.608600
188,173,2.601896
189,173,2.608172
190,173,2.603592
191,173,2.605803
192,173,2.614171
193,173,2.608477
194,173,2.603480
195,173,2.601954
196,173,2.603647
197,173,2.601371
198,173,2.602306
199,173,2.601740
200,173,2.599126
201,173,2.602821
202,173,2.596127
203,173,2.594654
204,173,2.589651
205,173,2.598002
206,173,2.591560
207,173,2.586178
208,173,2.598790
209,173,2.593150
210,173,2.585150
211,173,2.585020
212,173,2.584739
213,173,2.581365
214,173,2.584651
215,173,2.584888
216,173,2.584023
217,173,2.580152
218,173,2.580901
219,173,2.580618
220,173,2.575260
221,173,2.580478
222,173,2.570923
223,173,2.573921
224,173,2.581342
225,173,2.570546
226,173,2.569880
227,173,2.564538
228,173,2.568674
229,173,2.561635
230,173,2.559639
231,173,2.563720
232,173,2.557496
233,173,2.554948
234,173,2.550638
235,173,2.551533
236,173,2.542861
237,173,2.548387
238,173,2.544791
239,173,2.543030
240,173,2.535102
241,173,2.526944
242,173,2.520448
243,173,2.523318
244,173,2.514377
245,173,2.512017
246,173,2.510199
247,173,2.508099
248,173,2.501854
249,173,2.500636
250,173,2.497562
251,173,2.489690
252,173,2.485291
253,173,2.488838
254,173,2.476604
255,173,2.473618
0,174,2.553532
1,174,2.557752
2,174,2.559471
3,174,2.559700
4,174,2.568602
5,174,2.575342
6,174,2.568289
7,174,2.579065
8,174,2.571555
9,174,2.577133
10,174,2.584557
11,174,2.572512
12,174,2.573440
13,174,2.567494
14,174,2.570243
15,174,2.570452
16,174,2.595922
17,174,2.598104
18,174,2.601502
19,174,2.599467
20,174,2.599978
21,174,2.606624
22,174,2.600248
23,174,2.606503
24,174,2.599810
25,174,2.597988
26,174,2.590995
27,174,2.587723
28,174,2.593100
29,174,2.593402
30,174,2.594599
31,174,2.598488
32,174,2.622489
33,174,2.618418
34,174,2.615150
35,174,2.610837
36,174,2.614989
37,174,2.614295
38,174,2.614321
39,174,2.613403
40,174,2.609312
41,174,2.604327
42,174,2.607688
43,174,2.606348
44,174,2.605612
45,174,2.600893
46,174,2.603098
47,174,2.605853
48,174,2.630985
49,174,2.623069
50,174,2.629333
51,174,2.623360
52,174,2.629409
53,174,2.623259
54,174,2.621393
55,174,2.623268
56,174,2.617970
57,174,2.619645
58,174,2.613506
59,174,2.614544
60,174,2.612064
61,174,2.614452
62,174,2.615245
63,174,2.616326
64,174,2.636569
65,174,2.634393
66,174,2.627485
67,174,2.628183
68,174,2.629912
69,174,2.630151
70,174,2.626721
71,174,2.632034
72,174,2.616856
73,174,2.624493
74,174,2.617983
75,174,2.617949
76,174,2.613966
77,174,2.614887
78,174,2.618293
79,174,2.619047
80,174,2.641679
81,174,2.637247
82,174,2.633878
83,174,2.625349
84,174,2.625668
85,174,2.628587
86,174,2.621022
87,174,2.623755
88,174,2.616009
89,174,2.618557
90,174,2.614526
91,174,2.620754
92,174,2.616513
93,174,2.619888
94,174,2.618128
95,174,2.613613
96,174,2.642215
97,174,2.643020
98,174,2.632062
99,174,2.627654
100,174,2.628201
101,174,2.628657
102,174,2.623973
103,174,2.628101
104,174,2.624433
105,174,2.623327
106,174,2.623331
107,174,2.623245
108,174,2.618008
109,174,2.613888
110,174,2.617383
111,174,2.616966
112,174,2.643562
113,174,2.643359
114,174,2.636562
115,174,2.633541
116,174,2.618869
117,174,2.623359
118,174,2.616211
119,174,2.624383
120,174,2.619684
121,174,2.627676
122,174,2.620167
123,174,2.616418
124,174,2.612582
125,174,2.620214
126,174,2.604640
127,174,2.600534
128,174,2.625166
129,174,2.622530
130,174,2.619794
131,174,2.616976
132,174,2.606359
133,174,2.607193
134,174,2.600245
135,174,2.604762
136,174,2.602693
137,174,2.607028
138,174,2.588155
139,174,2.592304
140,174,2.588662
141,174,2.592635
142,174,2.584960
143,174,2.589965
144,174,2.639905
145,174,2.635833
146,174,2.627805
147,174,2.623538
148,174,2.624241
149,174,2.615941
150,174,2.619107
151,174,2.615681
152,174,2.614812
153,174,2.609997
154,174,2.613998
155,174,2.608998
156,174,2.611610
157,174,2.603771
158,174,2.606439
159,174,2.608781
160,174,2.636556
161,174,2.632673
162,174,2.626030
163,174,2.614262
164,174,2.612036
165,174,2.614750
166,174,2.614356
167,174,2.614973
168,174,2.608548
169,174,2.607054
170,174,2.602374
171,174,2.606473
172,174,2.601610
173,174,2.607640
174,174,2.604534
175,174,2.604422
176,174,2.631183
177,174,2.625870
178,174,2.621884
179,174,2.614471
180,174,2.615821
181,174,2.607440
182,174,2.609369
183,174,2.608840
184,174,2.604030
185,174,2.601824
186,174,2.608370
187,174,2.603663
188,174,2.601166
189,174,2.607416
190,174,2.602001
191,174,2.603515
192,174,2.613312
193,174,2.615293
194,174,2.606133
195,174,2.602908
196,174,2.596861
197,174,2.598987
198,174,2.600430
199,174,2.601752
200,174,2.596667
201,174,2.595837
202,174,2.592953
203,174,2.590643
204,174,2.595228
205,174,2.594642
206,174,2.585495
207,174,2.588542
208,174,2.597262
209,174,2.595421
210,174,2.590435
211,174,2.582543
212,174,2.589909
213,174,2.586489
214,174,2.585860
215,174,2.589900
216,174,2.581263
217,174,2.581193
218,174,2.579944
219,174,2.579605
220,174,2.574172
221,174,2.577402
222,174,2.571620
223,174,2.572627
224,174,2.579963
225,174,2.580657
226,174,2.570267
227,174,2.572557
228,174,2.569464
229,174,2.565625
230,174,2.559694
231,174,2.554036
232,174,2.549651
233,174,2.545447
234,174,2.546437
235,174,2.549436
236,174,2.547380
237,174,2.543887
238,174,2.542249
239,174,2.540209
240,174,2.534091
241,174,2.527729
242,174,2.519162
243,174,2.515475
244,174,2.512010
245,174,2.514178
246,174,2.510289
247,174,2.503825
248,174,2.493509
249,174,2.495765
250,174,2.496384
251,174,2.486400
252,174,2.478561
253,174,2.479423
254,174,2.474708
255,174,2.470568
0,175,2.551718
1,175,2.550068
2,175,2.559691
3,175,2.559567
4,175,2.567352
5,175,2.572277
6,175,2.573101
7,175,2.571708
8,175,2.568161
9,175,2.574730
10,175,2.572479
11,175,2.572095
12,175,2.571508
13,175,2.568471
14,175,2.566260
15,175,2.572770
16,175,2.599845
17,175,2.602110
18,175,2.600353
19,175,2.599803
20,175,2.601539
21,175,2.599397
22,175,2.600798
23,175,2.602050
24,175,2.600514
25,175,2.593747
26,175,2.599548
27,175,2.596337
28,175,2.594084
29,175,2.594442
30,175,2.594676
31,175,2.599651
32,175,2.618885
33,175,2.615844
34,175,2.611709
35,175,2.612224
36,175,2.615554
37,175,2.619637
38,175,2.615865
39,175,2.614988
40,175,2.610949
41,175,2.606001
42,175,2.605558
43,175,2.604253
44,175,2.603562
45,175,2.602055
46,175,2.601125
47,175,2.607774
48,175,2.625230
49,175,2.623946
50,175,2.622540
51,175,2.620446
52,175,2.623815
53,175,2.625396
54,175,2.619710
55,175,2.621617
56,175,2.615224
57,175,2.616927
58,175,2.611959
59,175,2.613447
60,175,2.614415
61,175,2.611856
62,175,2.609192
63,175,2.611062
64,175,2.639034
65,175,2.636081
66,175,2.629176
67,175,2.626875
68,175,2.631347
69,175,2.620309
70,175,2.625743
71,175,2.629682
72,175,2.622222
73,175,2.627389
74,175,2.623593
75,175,2.619700
76,175,2.624422
77,175,2.620357
78,175,2.620049
79,175,2.616972
80,175,2.639595
81,175,2.636244
82,175,2.631726
83,175,2.628301
84,175,2.627450
85,175,2.627696
86,175,2.622807
87,175,2.621673
88,175,2.625501
89,175,2.621557
90,175,2.612455
91,175,2.616024
92,175,2.618290
93,175,2.613970
94,175,2.612191
95,175,2.615392
96,175,2.647593
97,175,2.640714
98,175,2.637595
99,175,2.629309
100,175,2.629860
101,175,2.630249
102,175,2.629406
103,175,2.629699
104,175,2.629900
105,175,2.621074
106,175,2.621093
107,175,2.621022
108,175,2.617006
109,175,2.615514
110,175,2.615168
111,175,2.618575
112,175,2.645040
113,175,2.644804
114,175,2.634184
115,175,2.631176
116,175,2.628074
117,175,2.628733
118,175,2.617741
119,175,2.622069
120,175,2.617352
121,175,2.613791
122,175,2.617845
123,175,2.606396
124,175,2.610267
125,175,2.606341
126,175,2.602324
127,175,2.598215
128,175,2.626627
129,175,2.620153
130,175,2.617437
131,175,2.618478
132,175,2.607867
133,175,2.604868
134,175,2.601775
135,175,2.602442
136,175,2.604267
137,175,2.604748
138,175,2.582021
139,175,2.586172
140,175,2.590231
141,175,2.586494
142,175,2.590371
143,175,2.579989
144,175,2.641477
145,175,2.641225
146,175,2.629326
147,175,2.622426
148,175,2.618050
149,175,2.621288
150,175,2.616728
151,175,2.621016
152,175,2.608566
153,175,2.611434
154,175,2.607736
155,175,2.610619
156,175,2.605515
157,175,2.613107
158,175,2.607813
159,175,2.598569
160,175,2.638263
161,175,2.630513
162,175,2.627736
163,175,2.621731
164,175,2.620694
165,175,2.616433
166,175,2.617137
167,175,2.608946
168,175,2.606353
169,175,2.604868
170,175,2.605213
171,175,2.608126
172,175,2.608283
173,175,2.607158
174,175,2.599421
175,175,2.607966
176,175,2.632803
177,175,2.623611
178,175,2.615508
179,175,2.618864
180,175,2.615465
181,175,2.607084
182,175,2.615939
183,175,2.606179
184,175,2.605202
185,175,2.606431
186,175,2.604090
187,175,2.597041
188,175,2.603370
189,175,2.601164
190,175,2.599593
191,175,2.597912
192,175,2.615384
193,175,2.608976
194,175,2.606978
195,175,2.604866
196,175,2.601285
197,175,2.604736
198,175,2.604968
199,175,2.602399
200,175,2.596506
201,175,2.599486
202,175,2.590780
203,175,2.596143
204,175,2.595651
205,175,2.593104
206,175,2.589686
207,175,2.586129
208,175,2.602515
209,175,2.598693
210,175,2.587017
211,175,2.583789
212,175,2.585316
213,175,2.585702
214,175,2.586936
215,175,2.583220
216,175,2.580294
217,175,2.582097
218,175,2.578850
219,175,2.575422
220,175,2.574870
221,175,2.573022
222,175,2.568323
223,175,2.569963
224,175,2.580365
225,175,2.577769
226,175,2.572433
227,175,2.566941
228,175,2.563749
229,175,2.565608
230,175,2.558123
231,175,2.559606
232,175,2.553580
233,175,2.546958
234,175,2.543999
235,175,2.542355
236,175,2.542816
237,175,2.539373
238,175,2.539367
239,175,2.539139
240,175,2.530983
241,175,2.530239
242,175,2.522846
243,175,2.519527
244,175,2.516047
245,175,2.512293
246,175,2.515623
247,175,2.506792
248,175,2.498251
249,175,2.494633
250,175,2.485379
251,175,2.479635
252,175,2.484549
253,175,2.473391
254,175,2.468394
255,175,2.466846
0,176,2.621904
1,176,2.622704
2,176,2.623475
3,176,2.625258
4,176,2.634476
5,176,2.630032
6,176,2.629716
7,176,2.630423
8,176,2.632750
9,176,2.636797
10,176,2.640624
11,176,2.640864
12,176,2.640379
13,176,2.643545
14,176,2.636545
15,176,2.646995
16,176,2.675311
17,176,2.671462
18,176,2.669787
19,176,2.667945
20,176,2.671153
21,176,2.668956
22,176,2.666700
23,176,2.671875
24,176,2.673052
25,176,2.663725
26,176,2.668444
27,176,2.666458
28,176,2.667029
29,176,2.668550
30,176,2.664987
31,176,2.666179
32,176,2.697024
33,176,2.685169
34,176,2.688789
35,176,2.693220
36,176,2.685038
37,176,2.685328
38,176,2.680764
39,176,2.684630
40,176,2.675987
41,176,2.679588
42,176,2.679195
43,176,2.681779
44,176,2.686153
45,176,2.680826
46,176,2.683793
47,176,2.678926
48,176,2.704117
49,176,2.695167
50,176,2.697653
51,176,2.695585
52,176,2.693998
53,176,2.692294
54,176,2.689948
55,176,2.693054
56,176,2.691027
57,176,2.688416
58,176,2.686187
59,176,2.695407
60,176,2.696390
61,176,2.698882
62,176,2.696244
63,176,2.697353
64,176,2.721120
65,176,2.711660
66,176,2.704776
67,176,2.705496
68,176,2.701969
69,176,2.695985
70,176,2.696425
71,176,2.692913
72,176,2.690494
73,176,2.698132
74,176,2.694347
75,176,2.699367
76,176,2.695392
77,176,2.699026
78,176,2.696062
79,176,2.695528
80,176,2.715513
81,176,2.711080
82,176,2.706552
83,176,2.706998
84,176,2.702282
85,176,2.698693
86,176,2.689937
87,176,2.693863
88,176,2.688786
89,176,2.684847
90,176,2.691138
91,176,2.690868
92,176,2.689263
93,176,2.688807
94,176,2.694714
95,176,2.694072
96,176,2.723414
97,176,2.711453
98,176,2.708356
99,176,2.707764
100,176,2.704482
101,176,2.697255
102,176,2.696384
103,176,2.692826
104,176,2.696882
105,176,2.703436
106,176,2.703456
107,176,2.695678
108,176,2.695514
109,176,2.697840
110,176,2.693639
111,176,2.700936
112,176,2.719545
113,176,2.712884
114,176,2.704850
115,176,2.694149
116,176,2.691072
117,176,2.695594
118,176,2.692317
119,176,2.688948
120,176,2.684212
121,176,2.692215
122,176,2.692421
123,176,2.688682
124,176,2.688702
125,176,2.680924
126,176,2.676906
127,176,2.676647
128,176,2.701133
129,176,2.694675
130,176,2.684271
131,176,2.685319
132,176,2.674714
133,176,2.667881
134,176,2.664791
135,176,2.665460
136,176,2.667328
137,176,2.663956
138,176,2.672050
139,176,2.672345
140,176,2.668699
141,176,2.672662
142,176,2.670101
143,176,2.673880
144,176,2.716096
145,176,2.708153
146,176,2.700104
147,176,2.700937
148,176,2.696557
149,176,2.688232
150,176,2.691372
151,176,2.687980
152,176,2.690934
153,176,2.689941
154,176,2.693971
155,176,2.696643
156,176,2.679954
157,176,2.679846
158,176,2.674524
159,176,2.678073
160,176,2.718798
161,176,2.709106
162,176,2.702491
163,176,2.694542
164,176,2.695444
165,176,2.696944
166,176,2.693806
167,176,2.691270
168,176,2.691797
169,176,2.693068
170,176,2.691495
171,176,2.698237
172,176,2.667579
173,176,2.676061
174,176,2.674109
175,176,2.673986
176,176,2.707227
177,176,2.703320
178,176,2.697857
179,176,2.685803
180,176,2.685207
181,176,2.685231
182,176,2.678657
183,176,2.685822
184,176,2.677856
185,176,2.682550
186,176,2.689066
187,176,2.690420
188,176,2.670197
189,176,2.672559
190,176,2.674811
191,176,2.675752
192,176,2.693707
193,176,2.691791
194,176,2.682054
195,176,2.674853
196,176,2.675101
197,176,2.678516
198,176,2.676030
199,176,2.677917
200,176,2.675203
201,176,2.676938
202,176,2.674672
203,176,2.677371
204,176,2.658744
205,176,2.656162
206,176,2.664252
207,176,2.658716
208,176,2.680842
209,176,2.680818
210,176,2.671010
211,176,2.669664
212,176,2.664135
213,176,2.664473
214,176,2.663713
215,176,2.658933
216,176,2.658874
217,176,2.657627
218,176,2.661150
219,176,2.665348
220,176,2.647396
221,176,2.645463
222,176,2.648402
223,176,2.651195
224,176,2.676939
225,176,2.670398
226,176,2.659207
227,176,2.656108
228,176,2.658051
229,176,2.656443
230,176,2.650308
231,176,2.646311
232,176,2.647487
233,176,2.646549
234,176,2.648895
235,176,2.649456
236,176,2.628793
237,176,2.625040
238,176,2.619142
239,176,2.626528
240,176,2.627220
241,176,2.614798
242,176,2.607770
243,176,2.606344
244,176,2.596943
245,176,2.597936
246,176,2.595622
247,176,2.591081
248,176,2.579936
249,176,2.582400
250,176,2.580143
251,176,2.579267
252,176,2.559425
253,176,2.550761
254,176,2.550842
255,176,2.540307
0,177,2.611980
1,177,2.614543
2,177,2.624514
3,177,2.620950
4,177,2.625145
5,177,2.626529
6,177,2.623801
7,177,2.634325
8,177,2.629779
9,177,2.630136
10,177,2.635914
11,177,2.639635
12,177,2.638031
13,177,2.643000
14,177,2.646069
15,177,2.645093
16,177,2.672435
17,177,2.665961
18,177,2.673569
19,177,2.667957
20,177,2.673736
21,177,2.672998
22,177,2.666868
23,177,2.668351
24,177,2.665744
25,177,2.668062
26,177,2.661287
27,177,2.665933
28,177,2.667719
29,177,2.664367
30,177,2.661958
31,177,2.666033
32,177,2.696769
33,177,2.689021
34,177,2.693680
35,177,2.685678
36,177,2.678480
37,177,2.682682
38,177,2.678161
39,177,2.682083
40,177,2.681186
41,177,2.684839
42,177,2.679870
43,177,2.679411
44,177,2.682668
45,177,2.681227
46,177,2.676533
47,177,2.679414
48,177,2.696929
49,177,2.700770
50,177,2.698831
51,177,2.693548
52,177,2.688144
53,177,2.690328
54,177,2.688006
55,177,2.689977
56,177,2.687980
57,177,2.685389
58,177,2.695944
59,177,2.697486
60,177,2.695067
61,177,2.692127
62,177,2.693364
63,177,2.699553
64,177,2.715994
65,177,2.716571
66,177,2.705853
67,177,2.700095
68,177,2.700734
69,177,2.693567
70,177,2.697590
71,177,2.695309
72,177,2.695569
73,177,2.691877
74,177,2.697016
75,177,2.696985
76,177,2.692826
77,177,2.693846
78,177,2.689690
79,177,2.696995
80,177,2.717001
81,177,2.708705
82,177,2.705409
83,177,2.700778
84,177,2.701095
85,177,2.696289
86,177,2.695239
87,177,2.691499
88,177,2.690259
89,177,2.690187
90,177,2.684902
91,177,2.688498
92,177,2.690726
93,177,2.686430
94,177,2.689746
95,177,2.693611
96,177,2.716943
97,177,2.704973
98,177,2.713456
99,177,2.702581
100,177,2.698033
101,177,2.698531
102,177,2.693793
103,177,2.694106
104,177,2.698179
105,177,2.698307
106,177,2.697046
107,177,2.696989
108,177,2.700692
109,177,2.695294
110,177,2.691105
111,177,2.694520
112,177,2.712976
113,177,2.710185
114,177,2.702149
115,177,2.703020
116,177,2.692250
117,177,2.681383
118,177,2.689674
119,177,2.694026
120,177,2.686718
121,177,2.681862
122,177,2.682072
123,177,2.689896
124,177,2.678360
125,177,2.678289
126,177,2.678122
127,177,2.681712
128,177,2.694563
129,177,2.699682
130,177,2.677738
131,177,2.678793
132,177,2.675915
133,177,2.665233
134,177,2.662147
135,177,2.675704
136,177,2.664721
137,177,2.665209
138,177,2.665596
139,177,2.669747
140,177,2.673801
141,177,2.666201
142,177,2.671372
143,177,2.671290
144,177,2.709643
145,177,2.709371
146,177,2.697451
147,177,2.702151
148,177,2.697751
149,177,2.689404
150,177,2.686116
151,177,2.689141
152,177,2.688219
153,177,2.694908
154,177,2.687388
155,177,2.693886
156,177,2.678467
157,177,2.677068
158,177,2.675570
159,177,2.682976
160,177,2.710559
161,177,2.711757
162,177,2.698104
163,177,2.697843
164,177,2.692980
165,177,2.692534
166,177,2.689408
167,177,2.684925
168,177,2.683536
169,177,2.694278
170,177,2.692699
171,177,2.689096
172,177,2.668925
173,177,2.680557
174,177,2.673508
175,177,2.671463
176,177,2.700824
177,177,2.696658
178,177,2.688539
179,177,2.686786
180,177,2.682637
181,177,2.681940
182,177,2.676052
183,177,2.679005
184,177,2.676075
185,177,2.691071
186,177,2.690273
187,177,2.690898
188,177,2.676003
189,177,2.673253
190,177,2.671626
191,177,2.672315
192,177,2.689745
193,177,2.688493
194,177,2.682576
195,177,2.675193
196,177,2.678691
197,177,2.674362
198,177,2.672533
199,177,2.670539
200,177,2.673563
201,177,2.676458
202,177,2.678012
203,177,2.678738
204,177,2.660064
205,177,2.660515
206,177,2.657778
207,177,2.654805
208,177,2.680743
209,177,2.672955
210,177,2.668867
211,177,2.661696
212,177,2.661172
213,177,2.658558
214,177,2.656782
215,177,2.657712
216,177,2.659526
217,177,2.669765
218,177,2.665524
219,177,2.667718
220,177,2.642749
221,177,2.645762
222,177,2.647396
223,177,2.657802
224,177,2.668032
225,177,2.666552
226,177,2.659692
227,177,2.654012
228,177,2.652500
229,177,2.648379
230,177,2.644083
231,177,2.645750
232,177,2.639127
233,177,2.647387
234,177,2.648046
235,177,2.646765
236,177,2.629632
237,177,2.623841
238,177,2.621722
239,177,2.626406
240,177,2.615965
241,177,2.611068
242,177,2.602062
243,177,2.602188
244,177,2.590112
245,177,2.593717
246,177,2.579264
247,177,2.584130
248,177,2.576602
249,177,2.591750
250,177,2.576295
251,177,2.575892
252,177,2.557300
253,177,2.547486
254,177,2.543919
255,177,2.541856
0,178,2.612376
1,178,2.615153
2,178,2.614697
3,178,2.616822
4,178,2.622518
5,178,2.633880
6,178,2.629960
7,178,2.627110
8,178,2.629792
9,178,2.628960
10,178,2.636912
11,178,2.636935
12,178,2.638476
13,178,2.640599
14,178,2.637749
15,178,2.640722
16,178,2.670475
17,178,2.666890
18,178,2.671860
19,178,2.670219
20,178,2.662114
21,178,2.667811
22,178,2.670833
23,178,2.672329
24,178,2.665993
25,178,2.663309
26,178,2.661690
27,178,2.662547
28,178,2.664414
29,178,2.668828
30,178,2.666493
31,178,2.666772
32,178,2.693699
33,178,2.693709
34,178,2.690729
35,178,2.690481
36,178,2.683345
37,178,2.678999
38,178,2.683131
39,178,2.678548
40,178,2.686254
41,178,2.678402
42,178,2.681177
43,178,2.680768
44,178,2.679475
45,178,2.682666
46,178,2.678017
47,178,2.680260
48,178,2.702341
49,178,2.693472
50,178,2.695413
51,178,2.694021
52,178,2.692506
53,178,2.691529
54,178,2.689796
55,178,2.691800
56,178,2.685983
57,178,2.691118
58,178,2.685093
59,178,2.690516
60,178,2.697056
61,178,2.694134
62,178,2.687691
63,178,2.688847
64,178,2.713014
65,178,2.707490
66,178,2.704142
67,178,2.704901
68,178,2.697851
69,178,2.702258
70,178,2.696251
71,178,2.696347
72,178,2.692767
73,178,2.690338
74,178,2.694268
75,178,2.694246
76,178,2.695384
77,178,2.691318
78,178,2.687153
79,178,2.688009
80,178,2.714355
81,178,2.706064
82,178,2.702804
83,178,2.702028
84,178,2.694729
85,178,2.697615
86,178,2.690131
87,178,2.696679
88,178,2.685156
89,178,2.687659
90,178,2.691362
91,178,2.685966
92,178,2.689481
93,178,2.687743
94,178,2.683364
95,178,2.689134
96,178,2.714158
97,178,2.709883
98,178,2.710683
99,178,2.707535
100,178,2.699122
101,178,2.699639
102,178,2.700063
103,178,2.699071
104,178,2.695456
105,178,2.695600
106,178,2.690469
107,178,2.694280
108,178,2.694144
109,178,2.696432
110,178,2.688403
111,178,2.695613
112,178,2.710091
113,178,2.711187
114,178,2.703132
115,178,2.696311
116,178,2.685554
117,178,2.686258
118,178,2.686864
119,178,2.679666
120,178,2.683930
121,178,2.682899
122,178,2.683117
123,178,2.683238
124,178,2.683262
125,178,2.679337
126,178,2.683023
127,178,2.682758
128,178,2.695532
129,178,2.685256
130,178,2.678723
131,178,2.675952
132,178,2.673080
133,178,2.677815
134,178,2.667040
135,178,2.661369
136,178,2.669661
137,178,2.670149
138,178,2.670540
139,178,2.670834
140,178,2.671031
141,178,2.671131
142,178,2.672476
143,178,2.672385
144,178,2.710745
145,178,2.706566
146,178,2.694628
147,178,2.691636
148,178,2.691069
149,178,2.686554
150,178,2.690983
151,178,2.690133
152,178,2.685334
153,178,2.693328
154,178,2.688339
155,178,2.683253
156,178,2.683252
157,178,2.681824
158,178,2.672592
159,178,2.680001
160,178,2.704081
161,178,2.705296
162,178,2.695478
163,178,2.694575
164,178,2.690351
165,178,2.691183
166,178,2.688699
167,178,2.687414
168,178,2.682817
169,178,2.687119
170,178,2.682335
171,178,2.682593
172,178,2.681472
173,178,2.685389
174,178,2.672518
175,178,2.676241
176,178,2.707091
177,178,2.692020
178,178,2.693535
179,178,2.689170
180,178,2.683435
181,178,2.686573
182,178,2.676123
183,178,2.675863
184,178,2.674839
185,178,2.681820
186,178,2.681263
187,178,2.685716
188,178,2.682354
189,178,2.682735
190,178,2.673865
191,178,2.678560
192,178,2.688254
193,178,2.682421
194,178,2.684175
195,178,2.678693
196,178,2.673190
197,178,2.668824
198,178,2.677818
199,178,2.673868
200,178,2.672996
201,178,2.673921
202,178,2.667006
203,178,2.669079
204,178,2.667693
205,178,2.668093
206,178,2.661465
207,178,2.657748
208,178,2.676999
209,178,2.670020
210,178,2.662020
211,178,2.669273
212,178,2.665773
213,178,2.665021
214,178,2.657414
215,178,2.654421
216,178,2.662810
217,178,2.670197
218,178,2.657059
219,178,2.660306
220,178,2.660299
221,178,2.653614
222,178,2.649382
223,178,2.648158
224,178,2.667956
225,178,2.662549
226,178,2.651736
227,178,2.649828
228,178,2.646284
229,178,2.645928
230,178,2.647699
231,178,2.643093
232,178,2.634150
233,178,2.648392
234,178,2.637593
235,178,2.637900
236,178,2.636174
237,178,2.628296
238,178,2.629265
239,178,2.618958
240,178,2.610328
241,178,2.605299
242,178,2.601720
243,178,2.597508
244,178,2.589352
245,178,2.586962
246,178,2.584270
247,178,2.582699
248,178,2.580694
249,178,2.573110
250,178,2.574341
251,178,2.565207
252,178,2.558380
253,178,2.560786
254,178,2.541985
255,178,2.531908
0,179,2.611123
1,179,2.612675
2,179,2.611452
3,179,2.613782
4,179,2.620500
5,179,2.622211
6,179,2.627504
7,179,2.629356
8,179,2.630240
9,179,2.627028
10,179,2.633145
11,179,2.639660
12,179,2.635725
13,179,2.637148
14,179,2.636603
15,179,2.642258
16,179,2.666032
17,179,2.664870
18,179,2.668886
19,179,2.662185
20,179,2.664311
21,179,2.667668
22,179,2.665577
23,179,2.668508
24,179,2.664797
25,179,2.671182
26,179,2.664570
27,179,2.666719
28,179,2.663651
29,179,2.669290
30,179,2.665927
31,179,2.667368
32,179,2.693289
33,179,2.690550
34,179,2.690494
35,179,2.691293
36,179,2.679423
37,179,2.683774
38,179,2.684113
39,179,2.687279
40,179,2.683483
41,179,2.678713
42,179,2.678499
43,179,2.678141
44,179,2.676884
45,179,2.680123
46,179,2.679373
47,179,2.681649
48,179,2.699920
49,179,2.694945
50,179,2.693062
51,179,2.691708
52,179,2.690232
53,179,2.684204
54,179,2.690212
55,179,2.688395
56,179,2.686462
57,179,2.692872
58,179,2.694583
59,179,2.692329
60,179,2.689963
61,179,2.690909
62,179,2.688343
63,179,2.694636
64,179,2.711122
65,179,2.700532
66,179,2.701396
67,179,2.694118
68,179,2.692209
69,179,2.696636
70,179,2.700960
71,179,2.697477
72,179,2.695172
73,179,2.695344
74,179,2.691344
75,179,2.696472
76,179,2.700218
77,179,2.692306
78,179,2.693295
79,179,2.692895
80,179,2.707809
81,179,2.708515
82,179,2.700119
83,179,2.700638
84,179,2.688198
85,179,2.687216
86,179,2.691308
87,179,2.693987
88,179,2.686333
89,179,2.688818
90,179,2.692535
91,179,2.683266
92,179,2.686794
93,179,2.692740
94,179,2.696079
95,179,2.694119
96,179,2.707348
97,179,2.704412
98,179,2.703885
99,179,2.700758
100,179,2.688479
101,179,2.696723
102,179,2.697166
103,179,2.700011
104,179,2.700266
105,179,2.692722
106,179,2.695280
107,179,2.699090
108,179,2.698954
109,179,2.694870
110,179,2.693173
111,179,2.696605
112,179,2.707032
113,179,2.704292
114,179,2.692366
115,179,2.689428
116,179,2.686391
117,179,2.690970
118,179,2.687733
119,179,2.692104
120,179,2.692523
121,179,2.691469
122,179,2.680133
123,179,2.684112
124,179,2.680287
125,179,2.680215
126,179,2.680046
127,179,2.683631
128,179,2.700179
129,179,2.686067
130,179,2.683405
131,179,2.676806
132,179,2.673940
133,179,2.670973
134,179,2.667907
135,179,2.669990
136,179,2.666724
137,179,2.674917
138,179,2.675306
139,179,2.675602
140,179,2.668089
141,179,2.672037
142,179,2.669556
143,179,2.669456
144,179,2.696229
145,179,2.695940
146,179,2.693073
147,179,2.688742
148,179,2.688170
149,179,2.691356
150,179,2.684117
151,179,2.687097
152,179,2.686127
153,179,2.690278
154,179,2.689116
155,179,2.687856
156,179,2.672450
157,179,2.674846
158,179,2.678505
159,179,2.676851
160,179,2.705139
161,179,2.696740
162,179,2.694610
163,179,2.689870
164,179,2.691406
165,179,2.688400
166,179,2.682043
167,179,2.684622
168,179,2.681930
169,179,2.682390
170,179,2.683361
171,179,2.685554
172,179,2.676089
173,179,2.674847
174,179,2.667113
175,179,2.669530
176,179,2.700127
177,179,2.692094
178,179,2.684584
179,179,2.678277
180,179,2.677646
181,179,2.679466
182,179,2.675140
183,179,2.676142
184,179,2.673817
185,179,2.678461
186,179,2.677217
187,179,2.679717
188,179,2.673109
189,179,2.668169
190,179,2.678060
191,179,2.676279
192,179,2.684013
193,179,2.678783
194,179,2.672798
195,179,2.674998
196,179,2.668790
197,179,2.674017
198,179,2.671412
199,179,2.671921
200,179,2.671007
201,179,2.677665
202,179,2.674557
203,179,2.672078
204,179,2.661011
205,179,2.661360
206,179,2.662398
207,179,2.654773
208,179,2.673967
209,179,2.670797
210,179,2.662736
211,179,2.654515
212,179,2.662525
213,179,2.657853
214,179,2.656862
215,179,2.664468
216,179,2.659298
217,179,2.666627
218,179,2.661116
219,179,2.663116
220,179,2.650725
221,179,2.652357
222,179,2.649283
223,179,2.650526
224,179,2.661941
225,179,2.658926
226,179,2.647469
227,179,2.647874
228,179,2.645679
229,179,2.641771
230,179,2.639183
231,179,2.640567
232,179,2.640859
233,179,2.637878
234,179,2.640213
235,179,2.634754
236,179,2.619278
237,179,2.628090
238,179,2.619841
239,179,2.624814
240,179,2.604354
241,179,2.598632
242,179,2.593152
243,179,2.589005
244,179,2.586756
245,179,2.585660
246,179,2.580372
247,179,2.579063
248,179,2.573567
249,179,2.572329
250,179,2.569914
251,179,2.565197
252,179,2.549061
253,179,2.539618
254,179,2.537454
255,179,2.534472
0,180,2.605813
1,180,2.608980
2,180,2.610418
3,180,2.615262
4,180,2.617452
5,180,2.625673
6,180,2.625569
7,180,2.626884
8,180,2.631795
9,180,2.629335
10,180,2.629862
11,180,2.634009
12,180,2.630675
13,180,2.630488
14,180,2.637795
15,180,2.642709
16,180,2.663653
17,180,2.668055
18,180,2.662949
19,180,2.669221
20,180,2.663903
21,180,2.662091
22,180,2.661501
23,180,2.663181
24,180,2.666022
25,180,2.658353
26,180,2.660799
27,180,2.665670
28,180,2.663884
29,180,2.660743
30,180,2.662449
31,180,2.665431
32,180,2.693767
33,180,2.690058
34,180,2.683391
35,180,2.687121
36,180,2.687847
37,180,2.688408
38,180,2.684044
39,180,2.684313
40,180,2.679711
41,180,2.679699
42,180,2.679538
43,180,2.678438
44,180,2.678012
45,180,2.677447
46,180,2.676015
47,180,2.679052
48,180,2.701220
49,180,2.691768
50,180,2.694434
51,180,2.689267
52,180,2.691681
53,180,2.693386
54,180,2.684017
55,180,2.693794
56,180,2.688040
57,180,2.693217
58,180,2.691104
59,180,2.692731
60,180,2.687827
61,180,2.684938
62,180,2.686250
63,180,2.687454
64,180,2.703961
65,180,2.704950
66,180,2.703277
67,180,2.692500
68,180,2.692854
69,180,2.697296
70,180,2.691381
71,180,2.691768
72,180,2.693980
73,180,2.692237
74,180,2.693635
75,180,2.689768
76,180,2.693507
77,180,2.690762
78,180,2.686600
79,180,2.689897
80,180,2.709999
81,180,2.705559
82,180,2.701019
83,180,2.693868
84,180,2.696840
85,180,2.693353
86,180,2.692278
87,180,2.692456
88,180,2.687333
89,180,2.689815
90,180,2.689710
91,180,2.688099
92,180,2.691641
93,180,2.689858
94,180,2.689356
95,180,2.688758
96,180,2.708066
97,180,2.712859
98,180,2.704614
99,180,2.697658
100,180,2.696923
101,180,2.699408
102,180,2.694092
103,180,2.696920
104,180,2.697229
105,180,2.697392
106,180,2.699914
107,180,2.696034
108,180,2.688206
109,180,2.691842
110,180,2.690122
111,180,2.693566
112,180,2.699940
113,180,2.701072
114,180,2.694412
115,180,2.690072
116,180,2.687061
117,180,2.691641
118,180,2.684572
119,180,2.688952
120,180,2.689386
121,180,2.689714
122,180,2.684677
123,180,2.684808
124,180,2.680985
125,180,2.684767
126,180,2.688450
127,180,2.688178
128,180,2.693085
129,180,2.686698
130,180,2.687908
131,180,2.665905
132,180,2.670752
133,180,2.667805
134,180,2.666178
135,180,2.666865
136,180,2.667462
137,180,2.671802
138,180,2.668343
139,180,2.664778
140,180,2.668822
141,180,2.670322
142,180,2.666459
143,180,2.658645
144,180,2.700797
145,180,2.700490
146,180,2.697639
147,180,2.689436
148,180,2.688843
149,180,2.688154
150,180,2.681065
151,180,2.680184
152,180,2.686739
153,180,2.687047
154,180,2.682006
155,180,2.688424
156,180,2.676878
157,180,2.675393
158,180,2.671352
159,180,2.673519
160,180,2.705473
161,180,2.697641
162,180,2.687789
163,180,2.692697
164,180,2.688435
165,180,2.681497
166,180,2.673177
167,180,2.677680
168,180,2.685936
169,180,2.685037
170,180,2.681539
171,180,2.680448
172,180,2.667122
173,180,2.667764
174,180,2.675431
175,180,2.673365
176,180,2.698756
177,180,2.690997
178,180,2.684791
179,180,2.681003
180,180,2.674593
181,180,2.679637
182,180,2.667836
183,180,2.666892
184,180,2.677399
185,180,2.676239
186,180,2.677498
187,180,2.683826
188,180,2.673182
189,180,2.681230
190,180,2.674358
191,180,2.676399
192,180,2.684102
193,180,2.683982
194,180,2.674109
195,180,2.676282
196,180,2.670642
197,180,2.666198
198,180,2.667405
199,180,2.665322
200,180,2.673996
201,180,2.674829
202,180,2.671674
203,180,2.673012
204,180,2.665747
205,180,2.664117
206,180,2.654635
207,180,2.659361
208,180,2.674644
209,180,2.666655
210,180,2.663307
211,180,2.660802
212,180,2.661983
213,180,2.665948
214,180,2.661034
215,180,2.657868
216,180,2.665266
217,180,2.665613
218,180,2.665017
219,180,2.663082
220,180,2.651313
221,180,2.644462
222,180,2.641939
223,180,2.648245
224,180,2.656875
225,180,2.656500
226,180,2.649294
227,180,2.643332
228,180,2.649156
229,180,2.644732
230,180,2.636589
231,180,2.637002
232,180,2.639912
233,180,2.638495
234,180,2.633153
235,180,2.637047
236,180,2.622917
237,180,2.624391
238,180,2.619848
239,180,2.620717
240,180,2.605513
241,180,2.599923
242,180,2.596167
243,180,2.590202
244,180,2.583070
245,180,2.584157
246,180,2.573369
247,180,2.572753
248,180,2.576645
249,180,2.564770
250,180,2.559355
251,180,2.561677
252,180,2.540870
253,180,2.535839
254,180,2.538785
255,180,2.530072
0,181,2.597789
1,181,2.599738
2,181,2.612932
3,181,2.611779
4,181,2.620455
5,181,2.624781
6,181,2.622700
7,181,2.622793
8,181,2.626077
9,181,2.630868
10,181,2.626318
11,181,2.632515
12,181,2.632700
13,181,2.631287
14,181,2.632781
15,181,2.636135
16,181,2.660201
17,181,2.657907
18,181,2.660638
19,181,2.664712
20,181,2.663190
21,181,2.661600
22,181,2.663557
23,181,2.666726
24,181,2.660620
25,181,2.663371
26,181,2.663304
27,181,2.665663
28,181,2.666608
29,181,2.664738
30,181,2.661526
31,181,2.667005
32,181,2.693007
33,181,2.682737
34,181,2.690518
35,181,2.687629
36,181,2.692275
37,181,2.688094
38,181,2.688583
39,181,2.691860
40,181,2.680500
41,181,2.679236
42,181,2.682151
43,181,2.678070
44,181,2.677696
45,181,2.680268
46,181,2.675783
47,181,2.678867
48,181,2.700378
49,181,2.687805
50,181,2.690512
51,181,2.693091
52,181,2.687218
53,181,2.689566
54,181,2.685398
55,181,2.691356
56,181,2.681242
57,181,2.683130
58,181,2.688754
59,181,2.686557
60,181,2.688100
61,181,2.689079
62,181,2.690416
63,181,2.689113
64,181,2.705644
65,181,2.695098
66,181,2.696003
67,181,2.689096
68,181,2.697495
69,181,2.691399
70,181,2.688051
71,181,2.696157
72,181,2.684896
73,181,2.690289
74,181,2.694240
75,181,2.694235
76,181,2.695481
77,181,2.695279
78,181,2.691123
79,181,2.688227
80,181,2.714697
81,181,2.698686
82,181,2.695504
83,181,2.694709
84,181,2.697665
85,181,2.690345
86,181,2.689253
87,181,2.689448
88,181,2.688160
89,181,2.692018
90,181,2.686679
91,181,2.690346
92,181,2.692514
93,181,2.692136
94,181,2.690161
95,181,2.693426
96,181,2.712453
97,181,2.701860
98,181,2.701308
99,181,2.694374
100,181,2.695049
101,181,2.698057
102,181,2.698540
103,181,2.698982
104,181,2.693976
105,181,2.694156
106,181,2.690388
107,181,2.692794
108,181,2.692687
109,181,2.696293
110,181,2.688755
111,181,2.690269
112,181,2.700349
113,181,2.709224
114,181,2.698730
115,181,2.694383
116,181,2.691386
117,181,2.684421
118,181,2.688924
119,181,2.689470
120,181,2.686060
121,181,2.690253
122,181,2.689037
123,181,2.689173
124,181,2.685353
125,181,2.685283
126,181,2.688964
127,181,2.684836
128,181,2.689660
129,181,2.687144
130,181,2.684520
131,181,2.666379
132,181,2.667395
133,181,2.668306
134,181,2.666720
135,181,2.667421
136,181,2.668018
137,181,2.668511
138,181,2.665049
139,181,2.669186
140,181,2.665519
141,181,2.670904
142,181,2.670886
143,181,2.666912
144,181,2.701373
145,181,2.693357
146,181,2.694393
147,181,2.693798
148,181,2.681625
149,181,2.690057
150,181,2.681544
151,181,2.680639
152,181,2.684924
153,181,2.683631
154,181,2.682415
155,181,2.686387
156,181,2.684973
157,181,2.683458
158,181,2.683275
159,181,2.689263
160,181,2.708139
161,181,2.696438
162,181,2.689850
163,181,2.691428
164,181,2.686604
165,181,2.682211
166,181,2.682970
167,181,2.674533
168,181,2.682801
169,181,2.687658
170,181,2.682244
171,181,2.686906
172,181,2.681295
173,181,2.677508
174,181,2.679951
175,181,2.679817
176,181,2.694991
177,181,2.689430
178,181,2.683211
179,181,2.676887
180,181,2.674873
181,181,2.674120
182,181,2.677114
183,181,2.670933
184,181,2.667934
185,181,2.678310
186,181,2.678944
187,181,2.684356
188,181,2.686712
189,181,2.688953
190,181,2.687227
191,181,2.689236
192,181,2.687274
193,181,2.678060
194,181,2.677784
195,181,2.668374
196,181,2.677501
197,181,2.671091
198,181,2.668404
199,181,2.669438
200,181,2.667213
201,181,2.675706
202,181,2.669221
203,181,2.671655
204,181,2.668985
205,181,2.669227
206,181,2.673173
207,181,2.669261
208,181,2.673816
209,181,2.663837
210,181,2.665254
211,181,2.665574
212,181,2.660906
213,181,2.663770
214,181,2.667534
215,181,2.657959
216,181,2.662238
217,181,2.661713
218,181,2.659860
219,181,2.660961
220,181,2.660662
221,181,2.656299
222,181,2.656904
223,181,2.654065
224,181,2.653800
225,181,2.646688
226,181,2.642737
227,181,2.644808
228,181,2.642399
229,181,2.642066
230,181,2.640674
231,181,2.632135
232,181,2.632743
233,181,2.641003
234,181,2.627663
235,181,2.636801
236,181,2.634533
237,181,2.635831
238,181,2.631109
239,181,2.627612
240,181,2.604830
241,181,2.603131
242,181,2.587323
243,181,2.586504
244,181,2.583884
245,181,2.572701
246,181,2.576690
247,181,2.569186
248,181,2.562489
249,181,2.563463
250,181,2.558653
251,181,2.556278
252,181,2.550245
253,181,2.547976
254,181,2.534318
255,181,2.534595
0,182,2.599573
1,182,2.601894
2,182,2.608990
3,182,2.610444
4,182,2.615383
5,182,2.620041
6,182,2.622018
7,182,2.625852
8,182,2.614234
9,182,2.626915
10,182,2.622050
11,182,2.632770
12,182,2.633121
13,182,2.627359
14,182,2.637372
15,182,2.637023
16,182,2.657416
17,182,2.652766
18,182,2.661619
19,182,2.662332
20,182,2.658599
21,182,2.660842
22,182,2.661540
23,182,2.664853
24,182,2.658858
25,182,2.661744
26,182,2.657895
27,182,2.664235
28,182,2.661423
29,182,2.659674
30,182,2.661575
31,182,2.665996
32,182,2.689312
33,182,2.681889
34,182,2.683101
35,182,2.683109
36,182,2.687851
37,182,2.688570
38,182,2.692029
39,182,2.687252
40,182,2.679806
41,182,2.679037
42,182,2.671307
43,182,2.682692
44,182,2.677716
45,182,2.681127
46,182,2.676691
47,182,2.679086
48,182,2.697513
49,182,2.688836
50,182,2.687733
51,182,2.693554
52,182,2.688361
53,182,2.690747
54,182,2.685304
55,182,2.683018
56,182,2.685057
57,182,2.686976
58,182,2.681071
59,182,2.691810
60,182,2.689529
61,182,2.690527
62,182,2.684185
63,182,2.685437
64,182,2.705843
65,182,2.695318
66,182,2.701455
67,182,2.694570
68,182,2.691430
69,182,2.692038
70,182,2.688687
71,182,2.694021
72,182,2.690483
73,182,2.686841
74,182,2.686948
75,182,2.692189
76,182,2.692096
77,182,2.695754
78,182,2.692995
79,182,2.696454
80,182,2.703665
81,182,2.704469
82,182,2.692218
83,182,2.695276
84,182,2.691940
85,182,2.687156
86,182,2.691318
87,182,2.690113
88,182,2.684952
89,182,2.684973
90,182,2.683466
91,182,2.694853
92,182,2.693145
93,182,2.692780
94,182,2.687016
95,182,2.694058
96,182,2.705093
97,182,2.702231
98,182,2.699270
99,182,2.698608
100,182,2.695452
101,182,2.694591
102,182,2.695169
103,182,2.691707
104,182,2.690535
105,182,2.698438
106,182,2.694686
107,182,2.693218
108,182,2.689248
109,182,2.692896
110,182,2.683406
111,182,2.690712
112,182,2.700586
113,182,2.694069
114,182,2.695152
115,182,2.690784
116,182,2.687803
117,182,2.684729
118,182,2.685389
119,182,2.682093
120,182,2.682545
121,182,2.690604
122,182,2.689355
123,182,2.681790
124,182,2.677973
125,182,2.677905
126,182,2.681583
127,182,2.689011
128,182,2.686043
129,182,2.683545
130,182,2.677089
131,182,2.682073
132,182,2.679259
133,182,2.676323
134,182,2.670926
135,182,2.667787
136,182,2.664532
137,182,2.665025
138,182,2.653855
139,182,2.654144
140,182,2.665883
141,182,2.671298
142,182,2.667419
143,182,2.671141
144,182,2.690158
145,182,2.689829
146,182,2.687030
147,182,2.682654
148,182,2.685774
149,182,2.682663
150,182,2.681832
151,182,2.684755
152,182,2.681347
153,182,2.687926
154,182,2.686485
155,182,2.686614
156,182,2.681317
157,182,2.681242
158,182,2.679595
159,182,2.677844
160,182,2.697135
161,182,2.691160
162,182,2.686551
163,182,2.682330
164,182,2.683302
165,182,2.682741
166,182,2.683515
167,182,2.682761
168,182,2.683337
169,182,2.683810
170,182,2.680839
171,182,2.678988
172,182,2.681583
173,182,2.679715
174,182,2.677743
175,182,2.672335
176,182,2.685571
177,182,2.683292
178,182,2.677581
179,182,2.673168
180,182,2.672502
181,182,2.678037
182,182,2.677159
183,182,2.668467
184,182,2.671223
185,182,2.678697
186,182,2.683178
187,182,2.681766
188,182,2.682167
189,182,2.686305
190,182,2.675455
191,182,2.685139
192,182,2.679291
193,182,2.673323
194,182,2.667231
195,182,2.673206
196,182,2.666883
197,182,2.662898
198,182,2.671727
199,182,2.668865
200,182,2.665867
201,182,2.671200
202,182,2.671800
203,182,2.676110
204,182,2.668716
205,182,2.673589
206,182,2.665921
207,182,2.661951
208,182,2.665528
209,182,2.662198
210,182,2.661625
211,182,2.653178
212,182,2.664863
213,182,2.656097
214,182,2.658709
215,182,2.658412
216,182,2.656829
217,182,2.662245
218,182,2.659567
219,182,2.651647
220,182,2.658928
221,182,2.651905
222,182,2.647229
223,182,2.649497
224,182,2.653539
225,182,2.649673
226,182,2.642209
227,182,2.636416
228,182,2.639657
229,182,2.635304
230,182,2.637662
231,182,2.632797
232,182,2.633256
233,182,2.635545
234,182,2.629307
235,182,2.636780
236,182,2.626649
237,182,2.625896
238,182,2.626255
239,182,2.619172
240,182,2.596145
241,182,2.590388
242,182,2.582028
243,182,2.577167
244,182,2.574317
245,182,2.578487
246,182,2.568547
247,182,2.566564
248,182,2.560032
249,182,2.556419
250,182,2.557096
251,182,2.551285
252,182,2.546115
253,182,2.537457
254,182,2.528631
255,182,2.525542
0,183,2.597498
1,183,2.597467
2,183,2.595584
3,183,2.606447
4,183,2.614013
5,183,2.612636
6,183,2.610964
7,183,2.617419
8,183,2.622842
9,183,2.620293
10,183,2.629602
11,183,2.626504
12,183,2.631331
13,183,2.631572
14,183,2.635441
15,183,2.629295
16,183,2.654385
17,183,2.651548
18,183,2.658361
19,183,2.663568
20,183,2.663850
21,183,2.662365
22,183,2.658320
23,183,2.662759
24,183,2.662125
25,183,2.663754
26,183,2.658845
27,183,2.658743
28,183,2.661143
29,183,2.662109
30,183,2.664129
31,183,2.660935
32,183,2.684330
33,183,2.681949
34,183,2.678309
35,183,2.687151
36,183,2.683238
37,183,2.695611
38,183,2.687177
39,183,2.686719
40,183,2.683213
41,183,2.679549
42,183,2.678716
43,183,2.686328
44,183,2.678379
45,183,2.681841
46,183,2.676683
47,183,2.679885
48,183,2.698359
49,183,2.692873
50,183,2.687982
51,183,2.690665
52,183,2.681659
53,183,2.689863
54,183,2.689633
55,183,2.684123
56,183,2.682343
57,183,2.692001
58,183,2.686129
59,183,2.683991
60,183,2.681248
61,183,2.690456
62,183,2.680287
63,183,2.690656
64,183,2.699529
65,183,2.692880
66,183,2.689974
67,183,2.698518
68,183,2.687690
69,183,2.689713
70,183,2.690234
71,183,2.694502
72,183,2.687106
73,183,2.695017
74,183,2.692680
75,183,2.688829
76,183,2.692580
77,183,2.693798
78,183,2.689643
79,183,2.696944
80,183,2.705574
81,183,2.693411
82,183,2.696557
83,183,2.697190
84,183,2.688579
85,183,2.687571
86,183,2.684061
87,183,2.690559
88,183,2.690709
89,183,2.689300
90,183,2.693093
91,183,2.691467
92,183,2.689735
93,183,2.685530
94,183,2.681666
95,183,2.690749
96,183,2.706736
97,183,2.698555
98,183,2.687913
99,183,2.702647
100,183,2.695661
101,183,2.694783
102,183,2.691533
103,183,2.695796
104,183,2.690751
105,183,2.694820
106,183,2.698791
107,183,2.689588
108,183,2.689495
109,183,2.689304
110,183,2.685163
111,183,2.687034
112,183,2.700605
113,183,2.694129
114,183,2.695230
115,183,2.690855
116,183,2.687889
117,183,2.684829
118,183,2.685503
119,183,2.693785
120,183,2.694253
121,183,2.686902
122,183,2.691008
123,183,2.685770
124,183,2.685809
125,183,2.681889
126,183,2.685566
127,183,2.689137
128,183,2.689934
129,183,2.679751
130,183,2.681019
131,183,2.682176
132,183,2.675500
133,183,2.677977
134,183,2.659538
135,183,2.656390
136,183,2.660851
137,183,2.661351
138,183,2.654031
139,183,2.650463
140,183,2.654491
141,183,2.652234
142,183,2.667610
143,183,2.659762
144,183,2.690353
145,183,2.683769
146,183,2.683323
147,183,2.678926
148,183,2.678284
149,183,2.678925
150,183,2.681923
151,183,2.677115
152,183,2.700690
153,183,2.691831
154,183,2.690357
155,183,2.678937
156,183,2.673610
157,183,2.681248
158,183,2.675716
159,183,2.679293
160,183,2.695551
161,183,2.683799
162,183,2.679209
163,183,2.676895
164,183,2.677884
165,183,2.682623
166,183,2.678092
167,183,2.680565
168,183,2.698939
169,183,2.695556
170,183,2.682911
171,183,2.683180
172,183,2.675639
173,183,2.678108
174,183,2.674217
175,183,2.674074
176,183,2.689726
177,183,2.683598
178,183,2.683143
179,183,2.677295
180,183,2.672777
181,183,2.664298
182,183,2.665839
183,183,2.668702
184,183,2.690719
185,183,2.689507
186,183,2.672771
187,183,2.681466
188,183,2.676061
189,183,2.678245
190,183,2.676457
191,183,2.676476
192,183,2.682153
193,183,2.668949
194,183,2.670526
195,183,2.666198
196,183,2.666261
197,183,2.663621
198,183,2.660849
199,183,2.667573
200,183,2.691498
201,183,2.678682
202,183,2.672304
203,183,2.676562
204,183,2.667188
205,183,2.673075
206,183,2.671102
207,183,2.669897
208,183,2.669560
209,183,2.661355
210,183,2.657838
211,183,2.653176
212,183,2.656044
213,183,2.656807
214,183,2.654653
215,183,2.653150
216,183,2.666865
217,183,2.666185
218,183,2.657867
219,183,2.655601
220,183,2.654435
221,183,2.644068
222,183,2.646416
223,183,2.643337
224,183,2.649195
225,183,2.641356
226,183,2.643368
227,183,2.633214
228,183,2.630891
229,183,2.637225
230,183,2.630544
231,183,2.631102
232,183,2.652771
233,183,2.646667
234,183,2.633087
235,183,2.636539
236,183,2.618484
237,183,2.624865
238,183,2.617903
239,183,2.621991
240,183,2.594805
241,183,2.584680
242,183,2.576500
243,183,2.569942
244,183,2.569864
245,183,2.574164
246,183,2.557813
247,183,2.557501
248,183,2.578010
249,183,2.564127
250,183,2.552958
251,183,2.539444
252,183,2.535551
253,183,2.528772
254,183,2.528996
255,183,2.515481
0,184,2.596407
1,184,2.602780
2,184,2.602658
3,184,2.610852
4,184,2.606153
5,184,2.612698
6,184,2.612007
7,184,2.617905
8,184,2.618166
9,184,2.617919
10,184,2.622954
11,184,2.622398
12,184,2.621180
13,184,2.629288
14,184,2.631846
15,184,2.633601
16,184,2.656414
17,184,2.660005
18,184,2.659254
19,184,2.663778
20,184,2.661158
21,184,2.665191
22,184,2.667471
23,184,2.661896
24,184,2.663802
25,184,2.651517
26,184,2.664624
27,184,2.658204
28,184,2.663269
29,184,2.657879
30,184,2.662623
31,184,2.664561
32,184,2.682998
33,184,2.684580
34,184,2.689826
35,184,2.689969
36,184,2.687176
37,184,2.691912
38,184,2.686383
39,184,2.686957
40,184,2.687367
41,184,2.690561
42,184,2.690678
43,184,2.686788
44,184,2.685765
45,184,2.681599
46,184,2.688846
47,184,2.684391
48,184,2.696912
49,184,2.699907
50,184,2.695060
51,184,2.701638
52,184,2.684309
53,184,2.686794
54,184,2.685299
55,184,2.691383
56,184,2.685784
57,184,2.693034
58,184,2.690509
59,184,2.684569
60,184,2.688144
61,184,2.683896
62,184,2.689165
63,184,2.686614
64,184,2.699362
65,184,2.704292
66,184,2.697553
67,184,2.695988
68,184,2.689033
69,184,2.693529
70,184,2.690211
71,184,2.694492
72,184,2.692405
73,184,2.688773
74,184,2.696594
75,184,2.688899
76,184,2.694113
77,184,2.690067
78,184,2.693623
79,184,2.681665
80,184,2.705747
81,184,2.705145
82,184,2.696734
83,184,2.693553
84,184,2.688794
85,184,2.685487
86,184,2.688216
87,184,2.690841
88,184,2.687156
89,184,2.685726
90,184,2.693404
91,184,2.687917
92,184,2.695352
93,184,2.689644
94,184,2.685353
95,184,2.687142
96,184,2.702690
97,184,2.706236
98,184,2.699472
99,184,2.702632
100,184,2.691817
101,184,2.692461
102,184,2.691549
103,184,2.691980
104,184,2.690767
105,184,2.694854
106,184,2.695002
107,184,2.689618
108,184,2.689541
109,184,2.693218
110,184,2.689035
111,184,2.683230
112,184,2.696567
113,184,2.695892
114,184,2.687399
115,184,2.690708
116,184,2.689699
117,184,2.688580
118,184,2.683497
119,184,2.689864
120,184,2.698047
121,184,2.686857
122,184,2.694822
123,184,2.689548
124,184,2.685737
125,184,2.685671
126,184,2.685494
127,184,2.685208
128,184,2.697474
129,184,2.687312
130,184,2.684745
131,184,2.678206
132,184,2.675407
133,184,2.681783
134,184,2.674907
135,184,2.656361
136,184,2.660823
137,184,2.653616
138,184,2.654006
139,184,2.658139
140,184,2.650606
141,184,2.667645
142,184,2.663747
143,184,2.667445
144,184,2.698005
145,184,2.687653
146,184,2.679413
147,184,2.678848
148,184,2.678183
149,184,2.682827
150,184,2.704927
151,184,2.703946
152,184,2.681301
153,184,2.691678
154,184,2.691721
155,184,2.682614
156,184,2.681109
157,184,2.681050
158,184,2.679338
159,184,2.678756
160,184,2.697643
161,184,2.683539
162,184,2.681303
163,184,2.684335
164,184,2.674104
165,184,2.676917
166,184,2.699316
167,184,2.700001
168,184,2.679822
169,184,2.691864
170,184,2.696095
171,184,2.675407
172,184,2.675565
173,184,2.674135
174,184,2.676015
175,184,2.677788
176,184,2.683758
177,184,2.681470
178,184,2.679076
179,184,2.670793
180,184,2.668640
181,184,2.671702
182,184,2.693918
183,184,2.692905
184,184,2.669128
185,184,2.689083
186,184,2.687734
187,184,2.678564
188,184,2.676982
189,184,2.677677
190,184,2.675859
191,184,2.673920
192,184,2.677637
193,184,2.673524
194,184,2.667358
195,184,2.661063
196,184,2.666197
197,184,2.663493
198,184,2.696054
199,184,2.695498
200,184,2.665436
201,184,2.689172
202,184,2.685794
203,184,2.670709
204,184,2.671753
205,184,2.671803
206,184,2.671696
207,184,2.667577
208,184,2.665728
209,184,2.661310
210,184,2.660575
211,184,2.655814
212,184,2.655808
213,184,2.658422
214,184,2.676262
215,184,2.675817
216,184,2.648996
217,184,2.668207
218,184,2.662994
219,184,2.651006
220,184,2.648432
221,184,2.639302
222,184,2.645946
223,184,2.640795
224,184,2.642247
225,184,2.636651
226,184,2.634291
227,184,2.633997
228,184,2.631229
229,184,2.631955
230,184,2.651875
231,184,2.646689
232,184,2.627620
233,184,2.644598
234,184,2.638527
235,184,2.618676
236,184,2.621349
237,184,2.616262
238,184,2.620665
239,184,2.618387
240,184,2.591371
241,184,2.582904
242,184,2.576111
243,184,2.573181
244,184,2.559665
245,184,2.561498
246,184,2.584469
247,184,2.575389
248,184,2.551050
249,184,2.557406
250,184,2.554285
251,184,2.536609
252,184,2.526191
253,184,2.532949
254,184,2.525342
255,184,2.522832
0,185,2.578027
1,185,2.593928
2,185,2.588619
3,185,2.598657
4,185,2.608033
5,185,2.610956
6,185,2.608200
7,185,2.612760
8,185,2.622436
9,185,2.613190
10,185,2.614564
11,185,2.619530
12,185,2.624718
13,185,2.629147
14,185,2.623663
15,185,2.626085
16,185,2.649054
17,185,2.650433
18,185,2.648338
19,185,2.656890
20,185,2.667407
21,185,2.666272
22,185,2.664827
23,185,2.660839
24,185,2.665248
25,185,2.660814
26,185,2.662474
27,185,2.661464
28,185,2.661324
29,185,2.656062
30,185,2.658292
31,185,2.662962
32,185,2.678783
33,185,2.687004
34,185,2.676949
35,185,2.682117
36,185,2.689896
37,185,2.687027
38,185,2.686398
39,185,2.682208
40,185,2.686562
41,185,2.683046
42,185,2.682323
43,185,2.678516
44,185,2.682260
45,185,2.680565
46,185,2.687059
47,185,2.678826
48,185,2.697419
49,185,2.696608
50,185,2.687239
51,185,2.690030
52,185,2.696539
53,185,2.695212
54,185,2.686049
55,185,2.684465
56,185,2.686019
57,185,2.680352
58,185,2.689975
59,185,2.687918
60,185,2.681889
61,185,2.683447
62,185,2.677183
63,185,2.683819
64,185,2.700445
65,185,2.697694
66,185,2.690978
67,185,2.691856
68,185,2.692624
69,185,2.685577
70,185,2.691453
71,185,2.688046
72,185,2.692238
73,185,2.684764
74,185,2.681037
75,185,2.690250
76,185,2.694022
77,185,2.686130
78,185,2.691188
79,185,2.686945
80,185,2.701861
81,185,2.701261
82,185,2.690637
83,185,2.689818
84,185,2.692746
85,185,2.689391
86,185,2.684411
87,185,2.688564
88,185,2.687258
89,185,2.681952
90,185,2.689646
91,185,2.680282
92,185,2.687779
93,185,2.689704
94,185,2.685426
95,185,2.687187
96,185,2.706322
97,185,2.701982
98,185,2.695414
99,185,2.683147
100,185,2.695472
101,185,2.688433
102,185,2.691358
103,185,2.687956
104,185,2.699867
105,185,2.690860
106,185,2.683291
107,185,2.691035
108,185,2.693232
109,185,2.689182
110,185,2.685052
111,185,2.686923
112,185,2.700024
113,185,2.697465
114,185,2.688992
115,185,2.691964
116,185,2.687433
117,185,2.684416
118,185,2.681273
119,185,2.693440
120,185,2.690075
121,185,2.686599
122,185,2.686870
123,185,2.694731
124,185,2.689310
125,185,2.689244
126,185,2.681360
127,185,2.681071
128,185,2.697094
129,185,2.690807
130,185,2.676703
131,185,2.677879
132,185,2.676729
133,185,2.673822
134,185,2.655404
135,185,2.656125
136,185,2.656734
137,185,2.657240
138,185,2.661479
139,185,2.646347
140,185,2.648120
141,185,2.655880
142,185,2.651973
143,185,2.651804
144,185,2.697741
145,185,2.695117
146,185,2.679235
147,185,2.678559
148,185,2.679468
149,185,2.678680
150,185,2.677792
151,185,2.678221
152,185,2.680966
153,185,2.699021
154,185,2.699071
155,185,2.674523
156,185,2.672986
157,185,2.676789
158,185,2.674741
159,185,2.678314
160,185,2.693753
161,185,2.689303
162,185,2.687048
163,185,2.680387
164,185,2.675991
165,185,2.680748
166,185,2.683860
167,185,2.676855
168,185,2.677285
169,185,2.691640
170,185,2.692015
171,185,2.675347
172,185,2.681295
173,185,2.675578
174,185,2.677598
175,185,2.669730
176,185,2.684872
177,185,2.684494
178,185,2.674793
179,185,2.678055
180,185,2.669648
181,185,2.675037
182,185,2.668338
183,185,2.669232
184,185,2.668086
185,185,2.693795
186,185,2.690921
187,185,2.672093
188,185,2.672410
189,185,2.670681
190,185,2.672683
191,185,2.674563
192,185,2.672465
193,185,2.664897
194,185,2.662546
195,185,2.669698
196,185,2.661306
197,185,2.666264
198,185,2.663380
199,185,2.658431
200,185,2.673390
201,185,2.693223
202,185,2.689793
203,185,2.670802
204,185,2.668996
205,185,2.667035
206,185,2.667777
207,185,2.663596
208,185,2.665029
209,185,2.658588
210,185,2.658796
211,185,2.651612
212,185,2.654304
213,185,2.652958
214,185,2.652586
215,185,2.654741
216,185,2.650918
217,185,2.667414
218,185,2.666657
219,185,2.646833
220,185,2.643561
221,185,2.644516
222,185,2.639459
223,185,2.639490
224,185,2.641306
225,185,2.635181
226,185,2.634989
227,185,2.632599
228,185,2.629324
229,185,2.632202
230,185,2.626930
231,185,2.623477
232,185,2.628943
233,185,2.646101
234,185,2.645637
235,185,2.621383
236,185,2.620387
237,185,2.615061
238,185,2.613179
239,185,2.609067
240,185,2.587614
241,185,2.584844
242,185,2.571888
243,185,2.562939
244,185,2.562345
245,185,2.554583
246,185,2.550313
247,185,2.546443
248,185,2.539415
249,185,2.562599
250,185,2.549705
251,185,2.531696
252,185,2.530398
253,185,2.523440
254,185,2.517243
255,185,2.508744
0,186,2.587891
1,186,2.587018
2,186,2.582379
3,186,2.582343
4,186,2.603480
5,186,2.602779
6,186,2.610266
7,186,2.612737
8,186,2.609484
9,186,2.613582
10,186,2.618998
11,186,2.620822
12,186,2.621817
13,186,2.617166
14,186,2.623454
15,186,2.627538
16,186,2.654808
17,186,2.654558
18,186,2.646390
19,186,2.653600
20,186,2.664257
21,186,2.660911
22,186,2.661939
23,186,2.661963
24,186,2.664106
25,186,2.658319
26,186,2.656240
27,186,2.659223
28,186,2.661977
29,186,2.657876
30,186,2.656380
31,186,2.661146
32,186,2.682385
33,186,2.674977
34,186,2.679274
35,186,2.680698
36,186,2.689640
37,186,2.684318
38,186,2.689081
39,186,2.685964
40,186,2.681707
41,186,2.682135
42,186,2.690105
43,186,2.685463
44,186,2.683966
45,186,2.683788
46,186,2.687312
47,186,2.679130
48,186,2.696999
49,186,2.700111
50,186,2.687673
51,186,2.690507
52,186,2.697060
53,186,2.698962
54,186,2.693713
55,186,2.688335
56,186,2.686682
57,186,2.684904
58,186,2.683002
59,186,2.684830
60,186,2.682684
61,186,2.688125
62,186,2.681889
63,186,2.683242
64,186,2.711449
65,186,2.701014
66,186,2.694318
67,186,2.689011
68,186,2.693653
69,186,2.690479
70,186,2.687194
71,186,2.687654
72,186,2.691857
73,186,2.689766
74,186,2.689906
75,186,2.689939
76,186,2.689865
77,186,2.691216
78,186,2.690935
79,186,2.686696
80,186,2.705632
81,186,2.702712
82,186,2.690439
83,186,2.689620
84,186,2.697959
85,186,2.689229
86,186,2.688161
87,186,2.692334
88,186,2.687128
89,186,2.687249
90,186,2.689542
91,186,2.685589
92,186,2.683805
93,186,2.685764
94,186,2.685368
95,186,2.687023
96,186,2.702035
97,186,2.703146
98,186,2.687290
99,186,2.692035
100,186,2.691208
101,186,2.695751
102,186,2.690953
103,186,2.687572
104,186,2.695650
105,186,2.690476
106,186,2.686778
107,186,2.690686
108,186,2.688986
109,186,2.684971
110,186,2.688560
111,186,2.690331
112,186,2.707115
113,186,2.700727
114,186,2.694202
115,186,2.691433
116,186,2.675331
117,186,2.683888
118,186,2.696171
119,186,2.692940
120,186,2.678035
121,186,2.689985
122,186,2.682556
123,186,2.690424
124,186,2.688814
125,186,2.684897
126,186,2.673158
127,186,2.680571
128,186,2.696499
129,186,2.686381
130,186,2.672297
131,186,2.673500
132,186,2.668532
133,186,2.665647
134,186,2.666498
135,186,2.667232
136,186,2.652439
137,186,2.656796
138,186,2.657179
139,186,2.649748
140,186,2.655414
141,186,2.655460
142,186,2.651541
143,186,2.643655
144,186,2.693463
145,186,2.694659
146,186,2.686462
147,186,2.678163
148,186,2.675129
149,186,2.678170
150,186,2.677256
151,186,2.677697
152,186,2.676562
153,186,2.683029
154,186,2.679234
155,186,2.673919
156,186,2.670129
157,186,2.672309
158,186,2.671852
159,186,2.677654
160,186,2.697360
161,186,2.690955
162,186,2.684811
163,186,2.680161
164,186,2.677331
165,186,2.680399
166,186,2.679273
167,186,2.680318
168,186,2.677060
169,186,2.679830
170,186,2.680011
171,186,2.678348
172,186,2.678870
173,186,2.678926
174,186,2.676947
175,186,2.673307
176,186,2.688141
177,186,2.681971
178,186,2.675692
179,186,2.673537
180,186,2.676672
181,186,2.670063
182,186,2.674900
183,186,2.664599
184,186,2.671137
185,186,2.666000
186,186,2.668452
187,186,2.674638
188,186,2.672998
189,186,2.671633
190,186,2.671678
191,186,2.669672
192,186,2.675245
193,186,2.672986
194,186,2.670596
195,186,2.666148
196,186,2.663493
197,186,2.666481
198,186,2.669330
199,186,2.672039
200,186,2.664973
201,186,2.667392
202,186,2.673516
203,186,2.674584
204,186,2.674648
205,186,2.666848
206,186,2.662741
207,186,2.662321
208,186,2.662741
209,186,2.660084
210,186,2.653399
211,186,2.652313
212,186,2.650659
213,186,2.652284
214,186,2.654521
215,186,2.645000
216,186,2.651939
217,186,2.645895
218,186,2.641563
219,186,2.647633
220,186,2.644825
221,186,2.637933
222,186,2.632268
223,186,2.634212
224,186,2.642042
225,186,2.635788
226,186,2.631575
227,186,2.634204
228,186,2.621780
229,186,2.620620
230,186,2.624826
231,186,2.620862
232,186,2.624590
233,186,2.626124
234,186,2.623260
235,186,2.616454
236,186,2.619120
237,186,2.613275
238,186,2.609577
239,186,2.605595
240,186,2.587129
241,186,2.574792
242,186,2.563467
243,186,2.563679
244,186,2.558003
245,186,2.552872
246,186,2.544483
247,186,2.540492
248,186,2.536844
249,186,2.534886
250,186,2.534926
251,186,2.533926
252,186,2.520767
253,186,2.518810
254,186,2.514639
255,186,2.492171
0,187,2.582047
1,187,2.585265
2,187,2.588655
3,187,2.587225
4,187,2.598659
5,187,2.588855
6,187,2.602072
7,187,2.614701
8,187,2.605537
9,187,2.608280
10,187,2.617752
11,187,2.609813
12,187,2.617110
13,187,2.618039
14,187,2.619110
15,187,2.619511
16,187,2.648512
17,187,2.643001
18,187,2.652164
19,187,2.651603
20,187,2.653145
21,187,2.665383
22,187,2.668050
23,187,2.670547
24,187,2.662765
25,187,2.657117
26,187,2.658910
27,187,2.656749
28,187,2.655789
29,187,2.655609
30,187,2.661949
31,187,2.660368
32,187,2.676617
33,187,2.673144
34,187,2.673678
35,187,2.679066
36,187,2.684264
37,187,2.686693
38,187,2.687705
39,187,2.692392
40,187,2.689200
41,187,2.684876
42,187,2.689083
43,187,2.683916
44,187,2.687802
45,187,2.686818
46,187,2.686569
47,187,2.682316
48,187,2.697180
49,187,2.688783
50,187,2.683352
51,187,2.690108
52,187,2.692874
53,187,2.693992
54,187,2.692636
55,187,2.702706
56,187,2.685678
57,187,2.683934
58,187,2.689770
59,187,2.687221
60,187,2.681272
61,187,2.688285
62,187,2.674392
63,187,2.683497
64,187,2.704043
65,187,2.697504
66,187,2.694703
67,187,2.691788
68,187,2.696465
69,187,2.693690
70,187,2.686568
71,187,2.707855
72,187,2.688959
73,187,2.685364
74,187,2.685513
75,187,2.685554
76,187,2.690908
77,187,2.690739
78,187,2.686610
79,187,2.686416
80,187,2.702903
81,187,2.694590
82,187,2.686170
83,187,2.694649
84,187,2.689978
85,187,2.692786
86,187,2.685536
87,187,2.707401
88,187,2.686811
89,187,2.686950
90,187,2.685365
91,187,2.689156
92,187,2.687323
93,187,2.690896
94,187,2.688871
95,187,2.692240
96,187,2.709086
97,187,2.690961
98,187,2.686489
99,187,2.687569
100,187,2.694429
101,187,2.691290
102,187,2.686474
103,187,2.702379
104,187,2.695066
105,187,2.689870
106,187,2.686191
107,187,2.682413
108,187,2.684538
109,187,2.684391
110,187,2.687944
111,187,2.691429
112,187,2.706275
113,187,2.707617
114,187,2.712692
115,187,2.682972
116,187,2.686108
117,187,2.679272
118,187,2.680023
119,187,2.680667
120,187,2.681184
121,187,2.681585
122,187,2.689575
123,187,2.685894
124,187,2.684243
125,187,2.688032
126,187,2.672440
127,187,2.675995
128,187,2.684122
129,187,2.689438
130,187,2.675371
131,187,2.668879
132,187,2.671687
133,187,2.664969
134,187,2.654264
135,187,2.651148
136,187,2.647914
137,187,2.656130
138,187,2.648809
139,187,2.649078
140,187,2.650928
141,187,2.650966
142,187,2.647035
143,187,2.646842
144,187,2.702155
145,187,2.690202
146,187,2.685759
147,187,2.685143
148,187,2.682255
149,187,2.677436
150,187,2.680349
151,187,2.676949
152,187,2.679639
153,187,2.678371
154,187,2.674585
155,187,2.676942
156,187,2.680870
157,187,2.667309
158,187,2.678709
159,187,2.676768
160,187,2.696577
161,187,2.690513
162,187,2.684059
163,187,2.679720
164,187,2.676803
165,187,2.679952
166,187,2.676918
167,187,2.676011
168,187,2.682223
169,187,2.676930
170,187,2.675701
171,187,2.675978
172,187,2.675898
173,187,2.674342
174,187,2.670429
175,187,2.670259
176,187,2.695358
177,187,2.686928
178,187,2.678709
179,187,2.670378
180,187,2.668056
181,187,2.667209
182,187,2.668174
183,187,2.669024
184,187,2.667831
185,187,2.668798
186,187,2.671224
187,187,2.672999
188,187,2.677090
189,187,2.669500
190,187,2.673344
191,187,2.673209
192,187,2.680651
193,187,2.674479
194,187,2.673954
195,187,2.669802
196,187,2.667081
197,187,2.672676
198,187,2.661994
199,187,2.672360
200,187,2.667169
201,187,2.675315
202,187,2.671751
203,187,2.671528
204,187,2.665728
205,187,2.665547
206,187,2.664248
207,187,2.657984
208,187,2.665035
209,187,2.660352
210,187,2.655490
211,187,2.655415
212,187,2.650214
213,187,2.650257
214,187,2.648524
215,187,2.647832
216,187,2.649578
217,187,2.649185
218,187,2.640867
219,187,2.641089
220,187,2.638140
221,187,2.638807
222,187,2.636877
223,187,2.630999
224,187,2.640245
225,187,2.632281
226,187,2.624043
227,187,2.626571
228,187,2.625521
229,187,2.629827
230,187,2.627938
231,187,2.622141
232,187,2.625725
233,187,2.622925
234,187,2.614404
235,187,2.616994
236,187,2.603811
237,187,2.609872
238,187,2.603721
239,187,2.601228
240,187,2.584671
241,187,2.570171
242,187,2.562207
243,187,2.562396
244,187,2.560135
245,187,2.552957
246,187,2.544279
247,187,2.537858
248,187,2.532153
249,187,2.537460
250,187,2.529541
251,187,2.524244
252,187,2.520486
253,187,2.514227
254,187,2.499951
255,187,2.492533
0,188,2.574181
1,188,2.579361
2,188,2.582447
3,188,2.581879
4,188,2.584178
5,188,2.591672
6,188,2.591954
7,188,2.617994
8,188,2.599689
9,188,2.612011
10,188,2.610126
11,188,2.608505
12,188,2.609875
13,188,2.617071
14,188,2.619942
15,188,2.615050
16,188,2.648115
17,188,2.648179
18,188,2.644380
19,188,2.643971
20,188,2.656622
21,188,2.650332
22,188,2.666318
23,188,2.675025
24,188,2.659699
25,188,2.658027
26,188,2.652228
27,188,2.657888
28,188,2.657070
29,188,2.662373
30,188,2.659582
31,188,2.658129
32,188,2.674477
33,188,2.682647
34,188,2.672903
35,188,2.681069
36,188,2.682524
37,188,2.689952
38,188,2.682263
39,188,2.694757
40,188,2.683957
41,188,2.688396
42,188,2.682461
43,188,2.682743
44,188,2.686716
45,188,2.686678
46,188,2.681775
47,188,2.685307
48,188,2.696394
49,188,2.688071
50,188,2.689617
51,188,2.684860
52,188,2.695375
53,188,2.685795
54,188,2.688354
55,188,2.706192
56,188,2.693076
57,188,2.699094
58,188,2.693427
59,188,2.691487
60,188,2.693275
61,188,2.691088
62,188,2.681075
63,188,2.682499
64,188,2.703069
65,188,2.696552
66,188,2.697624
67,188,2.696305
68,188,2.697151
69,188,2.701737
70,188,2.686946
71,188,2.710910
72,188,2.692025
73,188,2.688441
74,188,2.690199
75,188,2.690254
76,188,2.686346
77,188,2.686183
78,188,2.687738
79,188,2.683494
80,188,2.702259
81,188,2.697799
82,188,2.691010
83,188,2.694173
84,188,2.689379
85,188,2.693827
86,188,2.688825
87,188,2.706887
88,188,2.680192
89,188,2.686413
90,188,2.686488
91,188,2.688628
92,188,2.682951
93,188,2.694260
94,188,2.684447
95,188,2.695534
96,188,2.704146
97,188,2.701666
98,188,2.689471
99,188,2.690582
100,188,2.689716
101,188,2.694306
102,188,2.695037
103,188,2.713105
104,188,2.690402
105,188,2.685183
106,188,2.685376
107,188,2.693176
108,188,2.683714
109,188,2.689330
110,188,2.683299
111,188,2.686798
112,188,2.707151
113,188,2.721980
114,188,2.715520
115,188,2.689692
116,188,2.692801
117,188,2.682142
118,188,2.686761
119,188,2.683567
120,188,2.676398
121,188,2.684513
122,188,2.684810
123,188,2.684987
124,188,2.681190
125,188,2.679378
126,188,2.675343
127,188,2.675042
128,188,2.686920
129,188,2.684554
130,188,2.678213
131,188,2.677366
132,188,2.666907
133,188,2.671753
134,188,2.661066
135,188,2.661804
136,188,2.650874
137,188,2.655235
138,188,2.651763
139,188,2.652031
140,188,2.650067
141,188,2.650095
142,188,2.646153
143,188,2.642098
144,188,2.693563
145,188,2.685441
146,188,2.688774
147,188,2.684185
148,188,2.677467
149,188,2.676471
150,188,2.687062
151,188,2.687529
152,188,2.678631
153,188,2.682908
154,188,2.677409
155,188,2.675881
156,188,2.672115
157,188,2.677777
158,188,2.673775
159,188,2.667603
160,188,2.695933
161,188,2.689849
162,188,2.687194
163,188,2.682816
164,188,2.676158
165,188,2.682876
166,188,2.679972
167,188,2.680685
168,188,2.675780
169,188,2.676080
170,188,2.676455
171,188,2.677003
172,188,2.679093
173,188,2.675020
174,188,2.665603
175,188,2.667351
176,188,2.695957
177,188,2.687850
178,188,2.681490
179,188,2.673144
180,188,2.672390
181,188,2.665743
182,188,2.668917
183,188,2.677452
184,188,2.668531
185,188,2.668620
186,188,2.670999
187,188,2.671329
188,188,2.667684
189,188,2.673862
190,188,2.669968
191,188,2.671725
192,188,2.682984
193,188,2.674848
194,188,2.670431
195,188,2.675510
196,188,2.663113
197,188,2.667914
198,188,2.668719
199,188,2.669379
200,188,2.667965
201,188,2.664474
202,188,2.670461
203,188,2.667572
204,188,2.667490
205,188,2.665318
206,188,2.664590
207,188,2.660158
208,188,2.659404
209,188,2.654620
210,188,2.654616
211,188,2.649494
212,188,2.648034
213,188,2.648305
214,188,2.651235
215,188,2.649212
216,188,2.646978
217,188,2.642601
218,188,2.639377
219,188,2.638151
220,188,2.631205
221,188,2.637064
222,188,2.629669
223,188,2.627525
224,188,2.640493
225,188,2.628506
226,188,2.629463
227,188,2.622514
228,188,2.617423
229,188,2.617720
230,188,2.617598
231,188,2.619338
232,188,2.620779
233,188,2.619849
234,188,2.612941
235,188,2.621102
236,188,2.609655
237,188,2.607802
238,188,2.601198
239,188,2.600635
240,188,2.572229
241,188,2.568887
242,188,2.558887
243,188,2.560601
244,188,2.552473
245,188,2.546752
246,188,2.541644
247,188,2.533066
248,188,2.542370
249,188,2.533986
250,188,2.525582
251,188,2.512316
252,188,2.519706
253,188,2.503659
254,188,2.494493
255,188,2.482833
0,189,2.571531
1,189,2.580856
2,189,2.580332
3,189,2.583948
4,189,2.582616
5,189,2.590360
6,189,2.590900
7,189,2.597907
8,189,2.599052
9,189,2.600081
10,189,2.604434
11,189,2.602477
12,189,2.608451
13,189,2.609753
14,189,2.615048
15,189,2.615797
16,189,2.647428
17,189,2.647660
18,189,2.649506
19,189,2.651475
20,189,2.652757
21,189,2.654277
22,189,2.662734
23,189,2.665445
24,189,2.648672
25,189,2.654832
26,189,2.658458
27,189,2.654928
28,189,2.658108
29,189,2.661052
30,189,2.660830
31,189,2.659510
32,189,2.675958
33,189,2.676508
34,189,2.678443
35,189,2.682848
36,189,2.684416
37,189,2.680357
38,189,2.685401
39,189,2.685348
40,189,2.678501
41,189,2.686889
42,189,2.685822
43,189,2.677510
44,189,2.685424
45,189,2.681618
46,189,2.677654
47,189,2.688946
48,189,2.697679
49,189,2.697137
50,189,2.692596
51,189,2.691763
52,189,2.686935
53,189,2.693526
54,189,2.692275
55,189,2.694742
56,189,2.685517
57,189,2.691573
58,189,2.689794
59,189,2.691740
60,189,2.693561
61,189,2.695258
62,189,2.689126
63,189,2.690579
64,189,2.715028
65,189,2.708537
66,189,2.701927
67,189,2.699054
68,189,2.699918
69,189,2.696814
70,189,2.689743
71,189,2.699600
72,189,2.684932
73,189,2.692922
74,189,2.689242
75,189,2.693157
76,189,2.693109
77,189,2.694603
78,189,2.690710
79,189,2.686469
80,189,2.705235
81,189,2.706297
82,189,2.701885
83,189,2.704902
84,189,2.697934
85,189,2.696888
86,189,2.691959
87,189,2.700078
88,189,2.687136
89,189,2.685667
90,189,2.685757
91,189,2.691738
92,189,2.687742
93,189,2.693490
94,189,2.687567
95,189,2.690894
96,189,2.706876
97,189,2.704431
98,189,2.699922
99,189,2.693205
100,189,2.694225
101,189,2.697088
102,189,2.693993
103,189,2.692773
104,189,2.689355
105,189,2.682026
106,189,2.684324
107,189,2.684440
108,189,2.680575
109,189,2.678655
110,189,2.686124
111,189,2.693423
112,189,2.707672
113,189,2.701427
114,189,2.698843
115,189,2.692303
116,189,2.695270
117,189,2.678981
118,189,2.681702
119,189,2.678522
120,189,2.679079
121,189,2.683357
122,189,2.683661
123,189,2.683843
124,189,2.683904
125,189,2.685897
126,189,2.685713
127,189,2.673849
128,189,2.681771
129,189,2.675576
130,189,2.673109
131,189,2.676175
132,189,2.677299
133,189,2.674447
134,189,2.667617
135,189,2.676075
136,189,2.669008
137,189,2.665660
138,189,2.662191
139,189,2.656537
140,189,2.648971
141,189,2.648988
142,189,2.648887
143,189,2.644802
144,189,2.700206
145,189,2.695852
146,189,2.687605
147,189,2.684765
148,189,2.687851
149,189,2.679119
150,189,2.683749
151,189,2.686311
152,189,2.685089
153,189,2.685530
154,189,2.679992
155,189,2.687904
156,189,2.682095
157,189,2.676445
158,189,2.672453
159,189,2.673941
160,189,2.696985
161,189,2.692743
162,189,2.686320
163,189,2.687492
164,189,2.680946
165,189,2.678036
166,189,2.679090
167,189,2.683501
168,189,2.678326
169,189,2.679052
170,189,2.675363
171,189,2.681405
172,189,2.666388
173,189,2.676068
174,189,2.669924
175,189,2.671907
176,189,2.698576
177,189,2.688531
178,189,2.685702
179,189,2.685301
180,189,2.672972
181,189,2.674012
182,189,2.674935
183,189,2.668034
184,189,2.670151
185,189,2.672893
186,189,2.669467
187,189,2.671696
188,189,2.677654
189,189,2.671926
190,189,2.673777
191,189,2.675498
192,189,2.686719
193,189,2.678543
194,189,2.670231
195,189,2.665635
196,189,2.666679
197,189,2.667580
198,189,2.668337
199,189,2.668947
200,189,2.669406
201,189,2.665860
202,189,2.667938
203,189,2.669856
204,189,2.665833
205,189,2.665496
206,189,2.657285
207,189,2.656605
208,189,2.666179
209,189,2.657469
210,189,2.650500
211,189,2.651047
212,189,2.645620
213,189,2.647001
214,189,2.644795
215,189,2.646498
216,189,2.644134
217,189,2.642916
218,189,2.640141
219,189,2.640739
220,189,2.635571
221,189,2.633604
222,189,2.629903
223,189,2.631488
224,189,2.638543
225,189,2.632159
226,189,2.627007
227,189,2.618174
228,189,2.616741
229,189,2.618600
230,189,2.620443
231,189,2.618158
232,189,2.613412
233,189,2.618305
234,189,2.611158
235,189,2.613386
236,189,2.603607
237,189,2.603315
238,189,2.594705
239,189,2.588131
240,189,2.572790
241,189,2.569365
242,189,2.557013
243,189,2.548974
244,189,2.543394
245,189,2.540308
246,189,2.542537
247,189,2.529732
248,189,2.529127
249,189,2.524263
250,189,2.521258
251,189,2.513408
252,189,2.508906
253,189,2.490448
254,189,2.486692
255,189,0.000000
0,190,2.568556
1,190,2.572538
2,190,2.570203
3,190,2.580097
4,190,2.584615
5,190,2.587010
6,190,2.591497
7,190,2.598932
8,190,2.590446
9,190,2.597733
10,190,2.603982
11,190,2.604374
12,190,2.604559
13,190,2.608209
14,190,2.615392
15,190,2.610781
16,190,2.640421
17,190,2.639143
18,190,2.639315
19,190,2.641098
20,190,2.646827
21,190,2.655754
22,190,2.649478
23,190,2.657878
24,190,2.650586
25,190,2.651378
26,190,2.655163
27,190,2.653354
28,190,2.655045
29,190,2.658132
30,190,2.655760
31,190,2.656797
32,190,2.673348
33,190,2.679467
34,190,2.676045
35,190,2.680543
36,190,2.678375
37,190,2.682095
38,190,2.683395
39,190,2.683423
40,190,2.680531
41,190,2.677460
42,190,2.672598
43,190,2.684594
44,190,2.683919
45,190,2.684054
46,190,2.680174
47,190,2.678371
48,190,2.693444
49,190,2.689101
50,190,2.683814
51,190,2.686906
52,190,2.689853
53,190,2.696512
54,190,2.691474
55,190,2.697857
56,190,2.687063
57,190,2.685471
58,190,2.687601
59,190,2.685748
60,190,2.687620
61,190,2.681661
62,190,2.683283
63,190,2.688634
64,190,2.705421
65,190,2.698972
66,190,2.692857
67,190,2.691660
68,190,2.696398
69,190,2.701020
70,190,2.693969
71,190,2.702214
72,190,2.683376
73,190,2.691715
74,190,2.688045
75,190,2.693653
76,190,2.689764
77,190,2.693470
78,190,2.685735
79,190,2.689202
80,190,2.709677
81,190,2.701371
82,190,2.696965
83,190,2.693994
84,190,2.696906
85,190,2.692104
86,190,2.690925
87,190,2.691378
88,190,2.686181
89,190,2.686410
90,190,2.688638
91,190,2.690747
92,190,2.690649
93,190,2.688633
94,190,2.696015
95,190,2.693805
96,190,2.703448
97,190,2.706755
98,190,2.692662
99,190,2.691882
100,190,2.692933
101,190,2.695773
102,190,2.696455
103,190,2.691460
104,190,2.680358
105,190,2.684612
106,190,2.683028
107,190,2.687018
108,190,2.690876
109,190,2.685073
110,190,2.684852
111,190,2.688314
112,190,2.706013
113,190,2.707572
114,190,2.697349
115,190,2.694683
116,190,2.684186
117,190,2.675585
118,190,2.676396
119,190,2.677092
120,190,2.685359
121,190,2.689655
122,190,2.689968
123,190,2.690160
124,190,2.686372
125,190,2.684464
126,190,2.665015
127,190,2.664704
128,190,2.684078
129,190,2.670204
130,190,2.671609
131,190,2.674755
132,190,2.672034
133,190,2.665350
134,190,2.666229
135,190,2.674700
136,190,2.671476
137,190,2.671988
138,190,2.649250
139,190,2.647498
140,190,2.647629
141,190,2.647637
142,190,2.639814
143,190,2.639552
144,190,2.694985
145,190,2.694458
146,190,2.690041
147,190,2.683369
148,190,2.678724
149,190,2.681519
150,190,2.678465
151,190,2.680992
152,190,2.683592
153,190,2.679961
154,190,2.678475
155,190,2.682549
156,190,2.672845
157,190,2.676679
158,190,2.670548
159,190,2.677992
160,190,2.699675
161,190,2.697234
162,190,2.689062
163,190,2.686301
164,190,2.679832
165,190,2.678728
166,190,2.681491
167,190,2.684324
168,190,2.678969
169,190,2.677722
170,190,2.674258
171,190,2.681988
172,190,2.678283
173,190,2.678520
174,190,2.672360
175,190,2.668305
176,190,2.693240
177,190,2.690889
178,190,2.684184
179,190,2.679657
180,190,2.680792
181,190,2.672398
182,190,2.675228
183,190,2.681305
184,190,2.678095
185,190,2.674763
186,190,2.673234
187,190,2.671581
188,190,2.673653
189,190,2.673905
190,190,2.671234
191,190,2.672898
192,190,2.674428
193,190,2.675823
194,190,2.673226
195,190,2.666638
196,190,2.659906
197,190,2.666515
198,190,2.665271
199,190,2.665804
200,190,2.669798
201,190,2.664244
202,190,2.664310
203,190,2.666141
204,190,2.663953
205,190,2.659671
206,190,2.656252
207,190,2.655502
208,190,2.662279
209,190,2.660934
210,190,2.650002
211,190,2.648509
212,190,2.648039
213,190,2.644252
214,190,2.641961
215,190,2.639683
216,190,2.641038
217,190,2.635859
218,190,2.638721
219,190,2.643066
220,190,2.631966
221,190,2.633727
222,190,2.627742
223,190,2.623618
224,190,2.632460
225,190,2.633420
226,190,2.618714
227,190,2.619320
228,190,2.615594
229,190,2.613646
230,190,2.615275
231,190,2.606884
232,190,2.613662
233,190,2.602733
234,190,2.605065
235,190,2.595361
236,190,2.597104
237,190,2.590500
238,190,2.591707
239,190,2.590587
240,190,2.576999
241,190,2.563615
242,190,2.549121
243,190,2.546533
244,190,2.546469
245,190,2.539202
246,190,2.537337
247,190,2.529905
248,190,2.519375
249,190,2.521883
250,190,2.510740
251,190,2.510258
252,190,2.491863
253,190,2.492233
254,190,0.000000
255,190,0.000000
0,191,2.562067
1,191,2.565646
2,191,2.557930
3,191,2.567054
4,191,2.576804
5,191,2.585083
6,191,2.587353
7,191,2.585965
8,191,2.591356
9,191,2.590497
10,191,2.597663
11,191,2.596131
12,191,2.598679
13,191,2.608082
14,191,2.600070
15,191,2.607182
16,191,2.629440
17,191,2.635896
18,191,2.634521
19,191,2.636511
20,191,2.640207
21,191,2.651478
22,191,2.647005
23,191,2.653889
24,191,2.652834
25,191,2.649339
26,191,2.647752
27,191,2.653774
28,191,2.651724
29,191,2.649664
30,191,2.652701
31,191,2.649983
32,191,2.666641
33,191,2.676743
34,191,2.669555
35,191,2.670295
36,191,2.675952
37,191,2.681408
38,191,2.673453
39,191,2.677418
40,191,2.678483
41,191,2.673856
42,191,2.670710
43,191,2.678949
44,191,2.670639
45,191,2.678568
46,191,2.673116
47,191,2.673017
48,191,2.692023
49,191,2.687759
50,191,2.687196
51,191,2.690338
52,191,2.689480
53,191,2.698373
54,191,2.689524
55,191,2.691398
56,191,2.690001
57,191,2.680764
58,191,2.679731
59,191,2.677913
60,191,2.679819
61,191,2.685450
62,191,2.683249
63,191,2.677071
64,191,2.701592
65,191,2.702874
66,191,2.700182
67,191,2.689665
68,191,2.690588
69,191,2.695652
70,191,2.692469
71,191,2.696874
72,191,2.699029
73,191,2.691652
74,191,2.692178
75,191,2.692261
76,191,2.688378
77,191,2.692088
78,191,2.689960
79,191,2.685729
80,191,2.712209
81,191,2.700232
82,191,2.701261
83,191,2.692722
84,191,2.691903
85,191,2.690829
86,191,2.691424
87,191,2.690206
88,191,2.684933
89,191,2.685200
90,191,2.687432
91,191,2.687473
92,191,2.685579
93,191,2.687426
94,191,2.690928
95,191,2.684830
96,191,2.701657
97,191,2.697462
98,191,2.690924
99,191,2.690307
100,191,2.691244
101,191,2.686500
102,191,2.691060
103,191,2.691752
104,191,2.690374
105,191,2.683093
106,191,2.673773
107,191,2.689344
108,191,2.681655
109,191,2.679679
110,191,2.690986
111,191,2.686804
112,191,2.708181
113,191,2.701922
114,191,2.695558
115,191,2.689084
116,191,2.688257
117,191,2.681551
118,191,2.674686
119,191,2.686956
120,191,2.683686
121,191,2.676434
122,191,2.680613
123,191,2.676958
124,191,2.677027
125,191,2.673116
126,191,2.671030
127,191,2.666861
128,191,2.678420
129,191,2.668426
130,191,2.675622
131,191,2.673061
132,191,2.666514
133,191,2.663690
134,191,2.664587
135,191,2.669208
136,191,2.673698
137,191,2.662649
138,191,2.651471
139,191,2.642058
140,191,2.649887
141,191,2.646030
142,191,2.642049
143,191,2.637948
144,191,2.693361
145,191,2.696749
146,191,2.688367
147,191,2.685696
148,191,2.680899
149,191,2.675956
150,191,2.680631
151,191,2.675418
152,191,2.676002
153,191,2.674368
154,191,2.672848
155,191,2.672802
156,191,2.671044
157,191,2.670715
158,191,2.672567
159,191,2.671951
160,191,2.694460
161,191,2.690121
162,191,2.689541
163,191,2.690746
164,191,2.687856
165,191,2.679314
166,191,2.681931
167,191,2.677013
168,191,2.679563
169,191,2.681777
170,191,2.678449
171,191,2.676798
172,191,2.672827
173,191,2.680563
174,191,2.671006
175,191,2.670476
176,191,2.697120
177,191,2.694752
178,191,2.682408
179,191,2.677866
180,191,2.678986
181,191,2.672280
182,191,2.674610
183,191,2.677275
184,191,2.666515
185,191,2.672791
186,191,2.667382
187,191,2.663191
188,191,2.670991
189,191,2.669030
190,191,2.663084
191,191,2.664710
192,191,2.679686
193,191,2.675260
194,191,2.672621
195,191,2.665987
196,191,2.666915
197,191,2.659990
198,191,2.663635
199,191,2.658309
200,191,2.658608
201,191,2.657741
202,191,2.659673
203,191,2.659318
204,191,2.657067
205,191,2.658497
206,191,2.653972
207,191,2.653121
208,191,2.663645
209,191,2.652790
210,191,2.647336
211,191,2.647652
212,191,2.641310
213,191,2.643178
214,191,2.639054
215,191,2.636465
216,191,2.637682
217,191,2.632392
218,191,2.631088
219,191,2.627787
220,191,2.628088
221,191,2.629722
222,191,2.623613
223,191,2.623168
224,191,2.631869
225,191,2.623056
226,191,2.616015
227,191,2.614385
228,191,2.608572
229,191,2.612234
230,191,2.611605
231,191,2.604965
232,191,2.602026
233,191,2.602321
234,191,2.593026
235,191,2.594542
236,191,2.588481
237,191,2.587372
238,191,2.586367
239,191,2.582500
240,191,2.567310
241,191,2.556764
242,191,2.550451
243,191,2.541854
244,191,2.535653
245,191,2.531962
246,191,2.530466
247,191,2.523899
248,191,2.516927
249,191,2.503995
250,191,2.501751
251,191,2.496973
252,191,2.484056
253,191,0.000000
254,191,0.000000
255,191,0.000000
